resource,key,service,id_field,name_field,id_prefix,arn_field,arn_type,arn_separator,global_resource,has_arn,strategy,arn_quality,asset_class,parent_params
access-analyzer-finding,accessanalyzer.access_analyzer_finding,accessanalyzer,id,resourceType,,,,/,false,true,parent,derived,child,analyzerArn
account.alternate_contact,account.alternate_contact,account,Name,,,,,/,false,true,parent,derived,child,AlternateContactType
amp.scraper,amp.scraper,amp,scraperId,,,,,/,false,true,parent,derived,child,scraperId
amp.workspace,amp.workspace,amp,workspaceId,,,,,/,false,true,parent,derived,child,workspaceId
amplify.artifact,amplify.artifact,amplify,artifactId,,,,,/,false,true,parent,derived,child,"appId,branchName,jobId"
amplifyuibuilder.codegen_job,amplifyuibuilder.codegen_job,amplifyuibuilder,id,,,,,/,false,true,parent,derived,child,"appId,environmentName,id"
amplifyuibuilder.component,amplifyuibuilder.component,amplifyuibuilder,AppId,,,,,/,false,true,parent,derived,child,"appId,environmentName"
amplifyuibuilder.form,amplifyuibuilder.form,amplifyuibuilder,AppId,,,,,/,false,true,parent,derived,child,"appId,environmentName"
amplifyuibuilder.theme,amplifyuibuilder.theme,amplifyuibuilder,AppId,,,,,/,false,true,parent,derived,child,"appId,environmentName"
apigateway.authorizer,apigateway.authorizer,apigateway,RestApiId,,,,,/,false,true,parent,derived,child,restApiId
apigateway.method,apigateway.method,apigateway,RestApiId,,,,,/,false,true,parent,derived,child,"httpMethod,resourceId,restApiId"
apigateway.request_validator,apigateway.request_validator,apigateway,RestApiId,,,,,/,false,true,parent,derived,child,restApiId
rest-resource,apigateway.resource,apigateway,id,path,,,,/,false,true,parent,derived,child,restApiId
apigatewayv2.integration,apigatewayv2.integration,apigatewayv2,ApiId,,,,,/,false,true,parent,derived,child,ApiId
apigatewayv2.route,apigatewayv2.route,apigatewayv2,ApiId,,,,,/,false,true,parent,derived,child,ApiId
appconfig.deployment,appconfig.deployment,appconfig,ApplicationId,,,,,/,false,true,parent,derived,child,"ApplicationId,EnvironmentId"
appconfig.environment,appconfig.environment,appconfig,ApplicationId,,,,,/,false,true,parent,derived,child,ApplicationId
appconfig.hosted_configuration_version,appconfig.hosted_configuration_version,appconfig,ApplicationId,,,,,/,false,true,parent,derived,child,"ApplicationId,ConfigurationProfileId"
application-insights.component,application-insights.component,application-insights,ComponentName,,,,,/,false,true,parent,derived,child,"ComponentName,ResourceGroupName"
application-insights.problem,application-insights.problem,application-insights,Id,,,,,/,false,true,parent,derived,child,ProblemId
application-insights.workload,application-insights.workload,application-insights,WorkloadId,,,,,/,false,true,parent,derived,child,"ComponentName,ResourceGroupName,WorkloadId"
apprunner.operation,apprunner.operation,apprunner,Id,,,,,/,false,true,parent,derived,child,ServiceArn
auditmanager.assessment_control_insights_by_control_domain,auditmanager.assessment_control_insights_by_control_domain,auditmanager,id,,,,,/,false,true,parent,derived,child,"assessmentId,controlDomainId"
auditmanager.assessment_framework_share_request,auditmanager.assessment_framework_share_request,auditmanager,id,,,,,/,false,true,parent,derived,child,requestType
auditmanager.control_domain_insights_by_assessment,auditmanager.control_domain_insights_by_assessment,auditmanager,id,,,,,/,false,true,parent,derived,child,assessmentId
auditmanager.control_insights_by_control_domain,auditmanager.control_insights_by_control_domain,auditmanager,id,,,,,/,false,true,parent,derived,child,controlDomainId
auditmanager.evidence,auditmanager.evidence,auditmanager,id,,,,,/,false,true,parent,derived,child,"assessmentId,controlSetId,evidenceFolderId,evidenceId"
auditmanager.evidence_by_evidence_folder,auditmanager.evidence_by_evidence_folder,auditmanager,id,,,,,/,false,true,parent,derived,child,"assessmentId,controlSetId,evidenceFolderId"
auditmanager.evidence_folder,auditmanager.evidence_folder,auditmanager,id,,,,,/,false,true,parent,derived,child,"assessmentId,controlSetId,evidenceFolderId"
auditmanager.evidence_folders_by_assessment,auditmanager.evidence_folders_by_assessment,auditmanager,id,,,,,/,false,true,parent,derived,child,assessmentId
auditmanager.evidence_folders_by_assessment_control,auditmanager.evidence_folders_by_assessment_control,auditmanager,id,,,,,/,false,true,parent,derived,child,"assessmentId,controlId,controlSetId"
backup.backup_selection,backup.backup_selection,backup,Id,,,,,/,false,true,parent,derived,child,BackupPlanId
backup.restore_testing_selection,backup.restore_testing_selection,backup,RestoreTestingPlanName,,,,,/,false,true,parent,derived,child,RestoreTestingPlanName
backup-gateway.virtual_machine,backup-gateway.virtual_machine,backup-gateway,Name,,,,,/,false,true,parent,derived,child,ResourceArn
bcm-data-exports.execution,bcm-data-exports.execution,bcm-data-exports,ExecutionId,,,,,/,false,true,parent,derived,child,"ExecutionId,ExportArn"
bcm-data-exports.table,bcm-data-exports.table,bcm-data-exports,TableName,,,,,/,false,true,parent,derived,child,TableName
chime.account,chime.account,chime,AccountId,,,,,/,false,true,parent,derived,child,AccountId
chime.bot,chime.bot,chime,BotId,,,,,/,false,true,parent,derived,child,"AccountId,BotId"
chime.phone_number,chime.phone_number,chime,PhoneNumberId,,,,,/,false,true,parent,derived,child,PhoneNumberId
chime.phone_number_order,chime.phone_number_order,chime,PhoneNumberOrderId,,,,,/,false,true,parent,derived,child,PhoneNumberOrderId
chime.room,chime.room,chime,RoomId,,,,,/,false,true,parent,derived,child,"AccountId,RoomId"
chime.user,chime.user,chime,UserId,,,,,/,false,true,parent,derived,child,"AccountId,UserId"
chime-sdk-identity.app_instance_user_endpoint,chime-sdk-identity.app_instance_user_endpoint,chime-sdk-identity,Name,,,,,/,false,true,parent,derived,child,"AppInstanceUserArn,EndpointId"
chime-sdk-media-pipelines.speaker_search_task,chime-sdk-media-pipelines.speaker_search_task,chime-sdk-media-pipelines,SpeakerSearchTaskId,,,,,/,false,true,parent,derived,child,"Identifier,SpeakerSearchTaskId"
chime-sdk-media-pipelines.voice_tone_analysis_task,chime-sdk-media-pipelines.voice_tone_analysis_task,chime-sdk-media-pipelines,VoiceToneAnalysisTaskId,,,,,/,false,true,parent,derived,child,"Identifier,VoiceToneAnalysisTaskId"
chime-sdk-meetings.attendee,chime-sdk-meetings.attendee,chime-sdk-meetings,AttendeeId,,,,,/,false,true,parent,derived,child,"AttendeeId,MeetingId"
chime-sdk-messaging.channel_membership_for_app_instance_user,chime-sdk-messaging.channel_membership_for_app_instance_user,chime-sdk-messaging,Name,,,,,/,false,true,parent,derived,child,"AppInstanceUserArn,ChannelArn,ChimeBearer"
chime-sdk-messaging.channel_moderated_by_app_instance_user,chime-sdk-messaging.channel_moderated_by_app_instance_user,chime-sdk-messaging,Name,,,,,/,false,true,parent,derived,child,"AppInstanceUserArn,ChannelArn,ChimeBearer"
chime-sdk-messaging.sub_channel,chime-sdk-messaging.sub_channel,chime-sdk-messaging,SubChannelId,,,,,/,false,true,parent,derived,child,"ChannelArn,ChimeBearer"
chime-sdk-voice.phone_number,chime-sdk-voice.phone_number,chime-sdk-voice,PhoneNumberId,,,,,/,false,true,parent,derived,child,PhoneNumberId
chime-sdk-voice.phone_number_order,chime-sdk-voice.phone_number_order,chime-sdk-voice,PhoneNumberOrderId,,,,,/,false,true,parent,derived,child,PhoneNumberOrderId
chime-sdk-voice.proxy_session,chime-sdk-voice.proxy_session,chime-sdk-voice,ProxySessionId,,,,,/,false,true,parent,derived,child,"ProxySessionId,VoiceConnectorId"
chime-sdk-voice.sip_rule,chime-sdk-voice.sip_rule,chime-sdk-voice,SipRuleId,,,,,/,false,true,parent,derived,child,SipRuleId
chime-sdk-voice.speaker_search_task,chime-sdk-voice.speaker_search_task,chime-sdk-voice,SpeakerSearchTaskId,,,,,/,false,true,parent,derived,child,"SpeakerSearchTaskId,VoiceConnectorId"
chime-sdk-voice.voice_tone_analysis_task,chime-sdk-voice.voice_tone_analysis_task,chime-sdk-voice,VoiceToneAnalysisTaskId,,,,,/,false,true,parent,derived,child,"IsCaller,VoiceConnectorId,VoiceToneAnalysisTaskId"
cleanrooms.collaboration_privacy_budget,cleanrooms.collaboration_privacy_budget,cleanrooms,id,,,,,/,false,true,parent,derived,child,"collaborationIdentifier,privacyBudgetType"
cleanrooms.privacy_budget,cleanrooms.privacy_budget,cleanrooms,id,,,,,/,false,true,parent,derived,child,"membershipIdentifier,privacyBudgetType"
cleanrooms.protected_query,cleanrooms.protected_query,cleanrooms,id,,,,,/,false,true,parent,derived,child,"membershipIdentifier,protectedQueryIdentifier"
cleanrooms.schema,cleanrooms.schema,cleanrooms,name,,,,,/,false,true,parent,derived,child,"collaborationIdentifier,name"
cleanrooms.schema_analysis_rule,cleanrooms.schema_analysis_rule,cleanrooms,name,,,,,/,false,true,parent,derived,child,"collaborationIdentifier,name"
cloudcontrol.resource,cloudcontrol.resource,cloudcontrol,Identifier,,,,,/,false,true,parent,derived,child,"Identifier,TypeName"
cloudcontrol.resource_request_status,cloudcontrol.resource_request_status,cloudcontrol,Identifier,,,,,/,false,true,parent,derived,child,RequestToken
clouddirectory.facet,clouddirectory.facet,clouddirectory,Name,,,,,/,false,true,parent,derived,child,"Name,SchemaArn"
clouddirectory.schema_as_json,clouddirectory.schema_as_json,clouddirectory,Name,,,,,/,false,true,parent,derived,child,SchemaArn
cloudfront.cache_policy_config,cloudfront.cache_policy_config,cloudfront,Name,,,,,/,false,true,parent,derived,child,Id
cloudfront.field_level_encryption,cloudfront.field_level_encryption,cloudfront,Id,,,,,/,false,true,parent,derived,child,Id
cloudfront.origin_access_control,cloudfront.origin_access_control,cloudfront,Id,,,,,/,false,true,parent,derived,child,Id
cloudfront.origin_request_policy_config,cloudfront.origin_request_policy_config,cloudfront,Name,,,,,/,false,true,parent,derived,child,Id
codecatalyst.dev_environment,codecatalyst.dev_environment,codecatalyst,id,,,,,/,false,true,parent,derived,child,"id,projectName,spaceName"
codecatalyst.dev_environment_session,codecatalyst.dev_environment_session,codecatalyst,id,,,,,/,false,true,parent,derived,child,"devEnvironmentId,projectName,spaceName"
codecatalyst.event_log,codecatalyst.event_log,codecatalyst,id,,,,,/,false,true,parent,derived,child,"endTime,spaceName,startTime"
codecatalyst.project,codecatalyst.project,codecatalyst,name,,,,,/,false,true,parent,derived,child,"name,spaceName"
codecatalyst.source_repository,codecatalyst.source_repository,codecatalyst,name,,,,,/,false,true,parent,derived,child,"name,projectName,spaceName"
codecatalyst.source_repository_branch,codecatalyst.source_repository_branch,codecatalyst,name,,,,,/,false,true,parent,derived,child,"projectName,sourceRepositoryName,spaceName"
codecatalyst.space,codecatalyst.space,codecatalyst,name,,,,,/,false,true,parent,derived,child,name
codecatalyst.workflow,codecatalyst.workflow,codecatalyst,id,,,,,/,false,true,parent,derived,child,"id,projectName,spaceName"
codecatalyst.workflow_run,codecatalyst.workflow_run,codecatalyst,id,,,,,/,false,true,parent,derived,child,"id,projectName,spaceName"
codecommit.approval_rule_template,codecommit.approval_rule_template,codecommit,approvalRuleTemplateId,,,,,/,false,true,parent,derived,child,approvalRuleTemplateName
codecommit.comment,codecommit.comment,codecommit,commentId,,,,,/,false,true,parent,derived,child,commentId
codecommit.commit,codecommit.commit,codecommit,commitId,,,,,/,false,true,parent,derived,child,"commitId,repositoryName"
codecommit.pull_request,codecommit.pull_request,codecommit,pullRequestId,,,,,/,false,true,parent,derived,child,pullRequestId
codecommit.repository_trigger,codecommit.repository_trigger,codecommit,name,,,,,/,false,true,parent,derived,child,repositoryName
codedeploy.deployment,codedeploy.deployment,codedeploy,deploymentId,,,,,/,false,true,parent,derived,child,deploymentId
codeguru-reviewer.repository_association,codeguru-reviewer.repository_association,codeguru-reviewer,Name,,,,,/,false,true,parent,derived,child,AssociationArn
codeguru-security.finding,codeguru-security.finding,codeguru-security,id,,,,,/,false,true,parent,derived,child,scanName
codeguru-security.scan,codeguru-security.scan,codeguru-security,scanName,,,,,/,false,true,parent,derived,child,scanName
codepipeline.action_execution,codepipeline.action_execution,codepipeline,actionExecutionId,,,,,/,false,true,parent,derived,child,pipelineName
codepipeline.action_type,codepipeline.action_type,codepipeline,id,,,,,/,false,true,parent,derived,child,"provider,version"
codepipeline.job_detail,codepipeline.job_detail,codepipeline,id,,,,,/,false,true,parent,derived,child,jobId
codepipeline.pipeline_execution,codepipeline.pipeline_execution,codepipeline,pipelineExecutionId,,,,,/,false,true,parent,derived,child,"pipelineExecutionId,pipelineName"
codepipeline.third_party_job_detail,codepipeline.third_party_job_detail,codepipeline,id,,,,,/,false,true,parent,derived,child,"clientToken,jobId"
codestar-connections.host,codestar-connections.host,codestar-connections,Name,,,,,/,false,true,parent,derived,child,HostArn
cognito-identity.identity,cognito-identity.identity,cognito-identity,IdentityId,,,,,/,false,true,parent,derived,child,IdentityPoolId
cognito-idp.group,cognito-idp.group,cognito-idp,GroupName,,,,,/,false,true,parent,derived,child,"GroupName,UserPoolId"
cognito-idp.resource_server,cognito-idp.resource_server,cognito-idp,Identifier,,,,,/,false,true,parent,derived,child,"Identifier,UserPoolId"
cognito-idp.user,cognito-idp.user,cognito-idp,Username,,,,,/,false,true,parent,derived,child,AccessToken
cognito-sync.dataset,cognito-sync.dataset,cognito-sync,DatasetName,,,,,/,false,true,parent,derived,child,"DatasetName,IdentityId,IdentityPoolId"
compute-optimizer.effective_recommendation_preference,compute-optimizer.effective_recommendation_preference,compute-optimizer,name,,,,,/,false,true,parent,derived,child,resourceArn
connect.approved_origin,connect.approved_origin,connect,InstanceId,,,,,/,false,true,parent,derived,child,InstanceId
connect.security_key,connect.security_key,connect,InstanceId,,,,,/,false,true,parent,derived,child,InstanceId
connectcases.field_option,connectcases.field_option,connectcases,name,,,,,/,false,true,parent,derived,child,"domainId,fieldId"
connectparticipant.transcript,connectparticipant.transcript,connectparticipant,Id,,,,,/,false,true,parent,derived,child,ConnectionToken
customer-profiles.domain,customer-profiles.domain,customer-profiles,DomainName,,,,,/,false,true,parent,derived,child,DomainName
customer-profiles.match,customer-profiles.match,customer-profiles,MatchId,,,,,/,false,true,parent,derived,child,DomainName
customer-profiles.workflow,customer-profiles.workflow,customer-profiles,WorkflowId,,,,,/,false,true,parent,derived,child,"DomainName,WorkflowId"
databrew.job_run,databrew.job_run,databrew,Name,,,,,/,false,true,parent,derived,child,"Name,RunId"
databrew.recipe_version,databrew.recipe_version,databrew,Name,,,,,/,false,true,parent,derived,child,Name
datapipeline.object,datapipeline.object,datapipeline,id,,,,,/,false,true,parent,derived,child,"objectIds,pipelineId"
datapipeline.pipeline_definition,datapipeline.pipeline_definition,datapipeline,id,,,,,/,false,true,parent,derived,child,pipelineId
datazone.asset,datazone.asset,datazone,id,,,,,/,false,true,parent,derived,child,"domainIdentifier,identifier"
datazone.asset_type,datazone.asset_type,datazone,name,,,,,/,false,true,parent,derived,child,"domainIdentifier,identifier"
datazone.data_source,datazone.data_source,datazone,DomainId,,,,,/,false,true,parent,derived,child,"domainIdentifier,projectIdentifier"
datazone.data_source_run,datazone.data_source_run,datazone,id,,,,,/,false,true,parent,derived,child,"domainIdentifier,identifier"
datazone.environment,datazone.environment,datazone,DomainId,,,,,/,false,true,parent,derived,child,"domainIdentifier,projectIdentifier"
datazone.environment_blueprint,datazone.environment_blueprint,datazone,id,,,,,/,false,true,parent,derived,child,"domainIdentifier,identifier"
datazone.environment_blueprint_configuration,datazone.environment_blueprint_configuration,datazone,DomainId,,,,,/,false,true,parent,derived,child,domainIdentifier
datazone.environment_profile,datazone.environment_profile,datazone,DomainId,,,,,/,false,true,parent,derived,child,domainIdentifier
datazone.form_type,datazone.form_type,datazone,DomainIdentifier,,,,,/,false,true,parent,derived,child,"domainIdentifier,formTypeIdentifier"
datazone.glossary,datazone.glossary,datazone,id,,,,,/,false,true,parent,derived,child,"domainIdentifier,identifier"
datazone.glossary_term,datazone.glossary_term,datazone,id,,,,,/,false,true,parent,derived,child,"domainIdentifier,identifier"
datazone.group_profile,datazone.group_profile,datazone,DomainId,,,,,/,false,true,parent,derived,child,"domainIdentifier,groupIdentifier"
datazone.listing,datazone.listing,datazone,id,,,,,/,false,true,parent,derived,child,"domainIdentifier,identifier"
datazone.project,datazone.project,datazone,DomainId,,,,,/,false,true,parent,derived,child,domainIdentifier
datazone.project_membership,datazone.project_membership,datazone,DomainIdentifier,,,,,/,false,true,parent,derived,child,"domainIdentifier,projectIdentifier"
datazone.subscription,datazone.subscription,datazone,id,,,,,/,false,true,parent,derived,child,"domainIdentifier,identifier"
datazone.subscription_grant,datazone.subscription_grant,datazone,id,,,,,/,false,true,parent,derived,child,"domainIdentifier,identifier"
datazone.subscription_request_detail,datazone.subscription_request_detail,datazone,id,,,,,/,false,true,parent,derived,child,"domainIdentifier,identifier"
datazone.subscription_target,datazone.subscription_target,datazone,DomainId,,,,,/,false,true,parent,derived,child,"domainIdentifier,environmentIdentifier"
datazone.user_profile,datazone.user_profile,datazone,DomainId,,,,,/,false,true,parent,derived,child,"domainIdentifier,userIdentifier"
dax.parameter,dax.parameter,dax,ParameterName,,,,,/,false,true,parent,derived,child,ParameterGroupName
devicefarm.vpce_configuration,devicefarm.vpce_configuration,devicefarm,vpceConfigurationName,,,,,/,false,true,parent,derived,child,arn
ds.certificate,ds.certificate,ds,CertificateId,,,,,/,false,true,parent,derived,child,"CertificateId,DirectoryId"
ds.domain_controller,ds.domain_controller,ds,DomainControllerId,,,,,/,false,true,parent,derived,child,DirectoryId
ds.region,ds.region,ds,RegionName,,,,,/,false,true,parent,derived,child,DirectoryId
ds.schema_extension,ds.schema_extension,ds,SchemaExtensionId,,,,,/,false,true,parent,derived,child,DirectoryId
ds.setting,ds.setting,ds,Name,,,,,/,false,true,parent,derived,child,DirectoryId
ds.shared_directory,ds.shared_directory,ds,SharedDirectoryId,,,,,/,false,true,parent,derived,child,OwnerDirectoryId
emr.step,emr.step,emr,Id,,,,,/,false,true,parent,derived,child,ClusterId
emr-serverless.job_run,emr-serverless.job_run,emr-serverless,jobRunId,,,,,/,false,true,parent,derived,child,"applicationId,jobRunId"
es.vpc_endpoint,es.vpc_endpoint,es,VpcEndpointId,,,,,/,false,true,parent,derived,child,VpcEndpointIds
finspace.kx_environment,finspace.kx_environment,finspace,name,,,,,/,false,true,parent,derived,child,environmentId
finspace-data.permission_group,finspace-data.permission_group,finspace-data,permissionGroupId,,,,,/,false,true,parent,derived,child,permissionGroupId
finspace-data.permission_groups_by_user,finspace-data.permission_groups_by_user,finspace-data,name,,,,,/,false,true,parent,derived,child,userId
finspace-data.user,finspace-data.user,finspace-data,userId,,,,,/,false,true,parent,derived,child,userId
fms.discovered_resource,fms.discovered_resource,fms,Name,,,,,/,false,true,parent,derived,child,MemberAccountIds
gamelift.game_server,gamelift.game_server,gamelift,GameServerId,,,,,/,false,true,parent,derived,child,"GameServerGroupName,GameServerId"
gamelift.instance,gamelift.instance,gamelift,InstanceId,,,,,/,false,true,parent,derived,child,FleetId
glue.column_statistics_task_run,glue.column_statistics_task_run,glue,ColumnStatisticsTaskRunId,,,,,/,false,true,parent,derived,child,ColumnStatisticsTaskRunId
glue.table,glue.table,glue,Id,,,,,/,false,true,parent,derived,child,DatabaseName
grafana.workspace_authentication,grafana.workspace_authentication,grafana,name,,,,,/,false,true,parent,derived,child,workspaceId
greengrass.connectivity_info,greengrass.connectivity_info,greengrass,Id,,,,,/,false,true,parent,derived,child,ThingName
greengrassv2.component,greengrassv2.component,greengrassv2,componentName,,,,,/,false,true,parent,derived,child,arn
greengrassv2.connectivity_info,greengrassv2.connectivity_info,greengrassv2,id,,,,,/,false,true,parent,derived,child,thingName
groundstation.contact,groundstation.contact,groundstation,contactId,,,,,/,false,true,parent,derived,child,contactId
groundstation.ephemeri,groundstation.ephemeri,groundstation,name,,,,,/,false,true,parent,derived,child,ephemerisId
groundstation.ephemeride,groundstation.ephemeride,groundstation,name,,,,,/,false,true,parent,derived,child,"endTime,satelliteId,startTime"
guardduty.detector,guardduty.detector,guardduty,Id,,,,,/,false,true,parent,derived,child,DetectorId
guardduty.organization_configuration,guardduty.organization_configuration,guardduty,Name,,,,,/,false,true,parent,derived,child,DetectorId
iam.group_policy,iam.group_policy,iam,PolicyName,,,,,/,false,true,parent,derived,child,GroupName
iam.user_policy,iam.user_policy,iam,PolicyName,,,,,/,false,true,parent,derived,child,UserName
identitystore.group,identitystore.group,identitystore,GroupId,,,,,/,false,true,parent,derived,child,IdentityStoreId
identitystore.user,identitystore.user,identitystore,UserId,,,,,/,false,true,parent,derived,child,IdentityStoreId
imagebuilder.lifecycle_execution,imagebuilder.lifecycle_execution,imagebuilder,lifecycleExecutionId,,,,,/,false,true,parent,derived,child,lifecycleExecutionId
imagebuilder.workflow_execution,imagebuilder.workflow_execution,imagebuilder,workflowExecutionId,,,,,/,false,true,parent,derived,child,workflowExecutionId
imagebuilder.workflow_step_execution,imagebuilder.workflow_step_execution,imagebuilder,name,,,,,/,false,true,parent,derived,child,stepExecutionId
iot.audit_mitigation_actions_task,iot.audit_mitigation_actions_task,iot,id,,,,,/,false,true,parent,derived,child,taskId
iot.index,iot.index,iot,indexName,,,,,/,false,true,parent,derived,child,indexName
iot.policy_version,iot.policy_version,iot,policyVersionId,,,,,/,false,true,parent,derived,child,"policyName,policyVersionId"
iotsitewise.action,iotsitewise.action,iotsitewise,actionId,,,,,/,false,true,parent,derived,child,actionId
iotsitewise.asset_composite_model,iotsitewise.asset_composite_model,iotsitewise,assetCompositeModelId,,,,,/,false,true,parent,derived,child,"assetCompositeModelId,assetId"
iotsitewise.asset_model_composite_model,iotsitewise.asset_model_composite_model,iotsitewise,assetModelCompositeModelId,,,,,/,false,true,parent,derived,child,"assetModelCompositeModelId,assetModelId"
iotsitewise.asset_model_property,iotsitewise.asset_model_property,iotsitewise,id,,,,,/,false,true,parent,derived,child,assetModelId
iotsitewise.asset_property,iotsitewise.asset_property,iotsitewise,id,,,,,/,false,true,parent,derived,child,"assetId,propertyId"
iotthingsgraph.flow_template,iotthingsgraph.flow_template,iotthingsgraph,Id,,,,,/,false,true,parent,derived,child,id
iottwinmaker.component,iottwinmaker.component,iottwinmaker,componentName,,,,,/,false,true,parent,derived,child,"entityId,workspaceId"
iottwinmaker.metadata_transfer_job,iottwinmaker.metadata_transfer_job,iottwinmaker,metadataTransferJobId,,,,,/,false,true,parent,derived,child,metadataTransferJobId
iottwinmaker.property,iottwinmaker.property,iottwinmaker,propertyName,,,,,/,false,true,parent,derived,child,"entityId,workspaceId"
iotwireless.multicast_groups_by_fuota_task,iotwireless.multicast_groups_by_fuota_task,iotwireless,Id,,,,,/,false,true,parent,derived,child,Id
ivs.stream,ivs.stream,ivs,streamId,,,,,/,false,true,parent,derived,child,channelArn
ivs-realtime.participant,ivs-realtime.participant,ivs-realtime,participantId,,,,,/,false,true,parent,derived,child,"participantId,sessionId,stageArn"
ivs-realtime.participant_event,ivs-realtime.participant_event,ivs-realtime,name,,,,,/,false,true,parent,derived,child,"participantId,sessionId,stageArn"
kendra.access_control_configuration,kendra.access_control_configuration,kendra,Id,,,,,/,false,true,parent,derived,child,IndexId
kendra.experience,kendra.experience,kendra,Id,,,,,/,false,true,parent,derived,child,IndexId
kendra.featured_results_set,kendra.featured_results_set,kendra,FeaturedResultsSetId,,,,,/,false,true,parent,derived,child,"FeaturedResultsSetId,IndexId"
kendra.query,kendra.query,kendra,QueryId,,,,,/,false,true,parent,derived,child,IndexId
kendra.query_suggestion,kendra.query_suggestion,kendra,Id,,,,,/,false,true,parent,derived,child,"IndexId,QueryText"
kendra.query_suggestions_block_list,kendra.query_suggestions_block_list,kendra,Id,,,,,/,false,true,parent,derived,child,IndexId
kendra.thesauri,kendra.thesauri,kendra,Id,,,,,/,false,true,parent,derived,child,IndexId
kinesisanalyticsv2.application_version,kinesisanalyticsv2.application_version,kinesisanalyticsv2,ApplicationVersionId,,,,,/,false,true,parent,derived,child,"ApplicationName,ApplicationVersionId"
kms.grant,kms.grant,kms,GrantId,,,,,/,false,true,parent,derived,child,KeyId
launch-wizard.deployment_event,launch-wizard.deployment_event,launch-wizard,name,,,,,/,false,true,parent,derived,child,deploymentId
launch-wizard.workload,launch-wizard.workload,launch-wizard,workloadName,,,,,/,false,true,parent,derived,child,workloadName
lex-models.import,lex-models.import,lex-models,importId,,,,,/,false,true,parent,derived,child,importId
lex-runtime.session,lex-runtime.session,lex-runtime,sessionId,,,,,/,false,true,parent,derived,child,"botAlias,botName,userId"
lexv2-models.test_set_generation,lexv2-models.test_set_generation,lexv2-models,testSetGenerationId,,,,,/,false,true,parent,derived,child,testSetGenerationId
license-manager.license_conversion_task,license-manager.license_conversion_task,license-manager,LicenseConversionTaskId,,,,,/,false,true,parent,derived,child,LicenseConversionTaskId
location.geofence,location.geofence,location,GeofenceId,,,,,/,false,true,parent,derived,child,"CollectionName,GeofenceId"
location.place,location.place,location,Name,,,,,/,false,true,parent,derived,child,"IndexName,PlaceId"
location.tracker_consumer,location.tracker_consumer,location,TrackerName,,,,,/,false,true,parent,derived,child,TrackerName
logs.account_policy,logs.account_policy,logs,AccountId,,,,,/,false,true,parent,derived,child,policyType
logs.subscription_filter,logs.subscription_filter,logs,FilterName,,,,,/,false,true,parent,derived,child,logGroupName
lookoutequipment.label,lookoutequipment.label,lookoutequipment,LabelId,,,,,/,false,true,parent,derived,child,"LabelGroupName,LabelId"
m2.application_version,m2.application_version,m2,name,,,,,/,false,true,parent,derived,child,"applicationId,applicationVersion"
m2.data_set,m2.data_set,m2,dataSetName,,,,,/,false,true,parent,derived,child,applicationId
m2.data_set_detail,m2.data_set_detail,m2,name,,,,,/,false,true,parent,derived,child,"applicationId,dataSetName"
m2.deployment,m2.deployment,m2,ApplicationId,,,,,/,false,true,parent,derived,child,applicationId
macie2.classification_job,macie2.classification_job,macie2,name,,,,,/,false,true,parent,derived,child,jobId
macie2.classification_scope,macie2.classification_scope,macie2,id,,,,,/,false,true,parent,derived,child,id
macie2.finding,macie2.finding,macie2,id,,,,,/,false,true,parent,derived,child,findingIds
macie2.sensitivity_inspection_template,macie2.sensitivity_inspection_template,macie2,sensitivityInspectionTemplateId,,,,,/,false,true,parent,derived,child,id
managedblockchain.proposal,managedblockchain.proposal,managedblockchain,ProposalId,,,,,/,false,true,parent,derived,child,"NetworkId,ProposalId"
managedblockchain-query.asset_contract,managedblockchain-query.asset_contract,managedblockchain-query,name,,,,,/,false,true,parent,derived,child,contractIdentifier
managedblockchain-query.transaction,managedblockchain-query.transaction,managedblockchain-query,transactionId,,,,,/,false,true,parent,derived,child,"network,transactionHash"
marketplace-agreement.agreement,marketplace-agreement.agreement,marketplace-agreement,agreementId,,,,,/,false,true,parent,derived,child,agreementId
medialive.input_device_transfer,medialive.input_device_transfer,medialive,Id,,,,,/,false,true,parent,derived,child,TransferType
medialive.multiplexprogram,medialive.multiplexprogram,medialive,ProgramName,,,,,/,false,true,parent,derived,child,MultiplexId
mediapackagev2.channel_policy,mediapackagev2.channel_policy,mediapackagev2,ChannelGroupName,,,,,/,false,true,parent,derived,child,"ChannelGroupName,ChannelName"
mediapackagev2.origin_endpoint_policy,mediapackagev2.origin_endpoint_policy,mediapackagev2,ChannelGroupName,,,,,/,false,true,parent,derived,child,"ChannelGroupName,ChannelName,OriginEndpointName"
mediatailor.channel_policy,mediatailor.channel_policy,mediatailor,ChannelName,,,,,/,false,true,parent,derived,child,ChannelName
mediatailor.program,mediatailor.program,mediatailor,ProgramName,,,,,/,false,true,parent,derived,child,"ChannelName,ProgramName"
memorydb.parameter,memorydb.parameter,memorydb,Name,,,,,/,false,true,parent,derived,child,ParameterGroupName
mgh.created_artifact,mgh.created_artifact,mgh,Name,,,,,/,false,true,parent,derived,child,"MigrationTaskName,ProgressUpdateStream"
mgh.migration_task,mgh.migration_task,mgh,MigrationTaskName,,,,,/,false,true,parent,derived,child,"MigrationTaskName,ProgressUpdateStream"
mgn.launch_configuration,mgn.launch_configuration,mgn,name,,,,,/,false,true,parent,derived,child,sourceServerID
mgn.replication_configuration,mgn.replication_configuration,mgn,name,,,,,/,false,true,parent,derived,child,sourceServerID
migrationhuborchestrator.template_step,migrationhuborchestrator.template_step,migrationhuborchestrator,id,,,,,/,false,true,parent,derived,child,"id,stepGroupId,templateId"
migrationhuborchestrator.template_step_group,migrationhuborchestrator.template_step_group,migrationhuborchestrator,id,,,,,/,false,true,parent,derived,child,"id,templateId"
migrationhuborchestrator.workflow_step,migrationhuborchestrator.workflow_step,migrationhuborchestrator,name,,,,,/,false,true,parent,derived,child,"id,stepGroupId,workflowId"
migrationhuborchestrator.workflow_step_group,migrationhuborchestrator.workflow_step_group,migrationhuborchestrator,id,,,,,/,false,true,parent,derived,child,"id,workflowId"
migrationhubstrategy.application_component_detail,migrationhubstrategy.application_component_detail,migrationhubstrategy,id,,,,,/,false,true,parent,derived,child,applicationComponentId
migrationhubstrategy.assessment,migrationhubstrategy.assessment,migrationhubstrategy,id,,,,,/,false,true,parent,derived,child,id
migrationhubstrategy.import_file_task,migrationhubstrategy.import_file_task,migrationhubstrategy,id,,,,,/,false,true,parent,derived,child,id
migrationhubstrategy.recommendation_report_detail,migrationhubstrategy.recommendation_report_detail,migrationhubstrategy,id,,,,,/,false,true,parent,derived,child,id
migrationhubstrategy.server_detail,migrationhubstrategy.server_detail,migrationhubstrategy,id,,,,,/,false,true,parent,derived,child,serverId
mturk.assignment,mturk.assignment,mturk,AssignmentId,,,,,/,false,true,parent,derived,child,AssignmentId
mturk.hit,mturk.hit,mturk,HITId,,,,,/,false,true,parent,derived,child,HITId
mturk.qualification_type,mturk.qualification_type,mturk,QualificationTypeId,,,,,/,false,true,parent,derived,child,QualificationTypeId
neptune-graph.query,neptune-graph.query,neptune-graph,id,,,,,/,false,true,parent,derived,child,"graphIdentifier,queryId"
networkmanager.core_network_change_set,networkmanager.core_network_change_set,networkmanager,Identifier,,,,,/,false,true,parent,derived,child,"CoreNetworkId,PolicyVersionId"
networkmanager.customer_gateway_association,networkmanager.customer_gateway_association,networkmanager,GlobalNetworkId,,,,,/,false,true,parent,derived,child,GlobalNetworkId
networkmanager.link_association,networkmanager.link_association,networkmanager,GlobalNetworkId,,,,,/,false,true,parent,derived,child,GlobalNetworkId
networkmanager.transit_gateway_registration,networkmanager.transit_gateway_registration,networkmanager,GlobalNetworkId,,,,,/,false,true,parent,derived,child,GlobalNetworkId
omics.annotation_import_job,omics.annotation_import_job,omics,id,,,,,/,false,true,parent,derived,child,jobId
omics.multipart_read_set_upload,omics.multipart_read_set_upload,omics,name,,,,,/,false,true,parent,derived,child,sequenceStoreId
omics.read_set_activation_job,omics.read_set_activation_job,omics,id,,,,,/,false,true,parent,derived,child,"id,sequenceStoreId"
omics.read_set_export_job,omics.read_set_export_job,omics,id,,,,,/,false,true,parent,derived,child,"id,sequenceStoreId"
omics.read_set_import_job,omics.read_set_import_job,omics,id,,,,,/,false,true,parent,derived,child,"id,sequenceStoreId"
omics.reference_import_job,omics.reference_import_job,omics,id,,,,,/,false,true,parent,derived,child,"id,referenceStoreId"
omics.run_task,omics.run_task,omics,name,,,,,/,false,true,parent,derived,child,"id,taskId"
omics.share,omics.share,omics,shareId,,,,,/,false,true,parent,derived,child,shareId
omics.variant_import_job,omics.variant_import_job,omics,id,,,,,/,false,true,parent,derived,child,jobId
opensearch.domain,opensearch.domain,opensearch,DomainId,,,,,/,false,true,parent,derived,child,DomainName
outposts.asset,outposts.asset,outposts,AssetId,,,,,/,false,true,parent,derived,child,OutpostIdentifier
outposts.connection,outposts.connection,outposts,ConnectionId,,,,,/,false,true,parent,derived,child,ConnectionId
outposts.order,outposts.order,outposts,OrderId,,,,,/,false,true,parent,derived,child,OrderId
panorama.application_instance_dependency,panorama.application_instance_dependency,panorama,Name,,,,,/,false,true,parent,derived,child,ApplicationInstanceId
panorama.application_instance_detail,panorama.application_instance_detail,panorama,Name,,,,,/,false,true,parent,derived,child,ApplicationInstanceId
panorama.device,panorama.device,panorama,DeviceId,,,,,/,false,true,parent,derived,child,DeviceId
panorama.node,panorama.node,panorama,NodeId,,,,,/,false,true,parent,derived,child,NodeId
pi.resource_metric,pi.resource_metric,pi,Identifier,,,,,/,false,true,parent,derived,child,"EndTime,Identifier,MetricQueries,ServiceType,StartTime"
pinpoint.adm_channel,pinpoint.adm_channel,pinpoint,Id,,,,,/,false,true,parent,derived,child,ApplicationId
pinpoint.apns_channel,pinpoint.apns_channel,pinpoint,Id,,,,,/,false,true,parent,derived,child,ApplicationId
pinpoint.apns_sandbox_channel,pinpoint.apns_sandbox_channel,pinpoint,Id,,,,,/,false,true,parent,derived,child,ApplicationId
pinpoint.apns_voip_channel,pinpoint.apns_voip_channel,pinpoint,Id,,,,,/,false,true,parent,derived,child,ApplicationId
pinpoint.apns_voip_sandbox_channel,pinpoint.apns_voip_sandbox_channel,pinpoint,Id,,,,,/,false,true,parent,derived,child,ApplicationId
pinpoint.application_settings,pinpoint.application_settings,pinpoint,Id,,,,,/,false,true,parent,derived,child,ApplicationId
pinpoint.baidu_channel,pinpoint.baidu_channel,pinpoint,Id,,,,,/,false,true,parent,derived,child,ApplicationId
pinpoint.email_channel,pinpoint.email_channel,pinpoint,Id,,,,,/,false,true,parent,derived,child,ApplicationId
pinpoint.endpoint,pinpoint.endpoint,pinpoint,Id,,,,,/,false,true,parent,derived,child,"ApplicationId,EndpointId"
pinpoint.event_stream,pinpoint.event_stream,pinpoint,Id,,,,,/,false,true,parent,derived,child,ApplicationId
pinpoint.export_job,pinpoint.export_job,pinpoint,Id,,,,,/,false,true,parent,derived,child,"ApplicationId,JobId"
pinpoint.gcm_channel,pinpoint.gcm_channel,pinpoint,Id,,,,,/,false,true,parent,derived,child,ApplicationId
pinpoint.import_job,pinpoint.import_job,pinpoint,Id,,,,,/,false,true,parent,derived,child,"ApplicationId,JobId"
pinpoint.journey,pinpoint.journey,pinpoint,Id,,,,,/,false,true,parent,derived,child,"ApplicationId,JourneyId"
pinpoint.recommender_configuration,pinpoint.recommender_configuration,pinpoint,Id,,,,,/,false,true,parent,derived,child,RecommenderId
pinpoint.sms_channel,pinpoint.sms_channel,pinpoint,Id,,,,,/,false,true,parent,derived,child,ApplicationId
pinpoint.voice_channel,pinpoint.voice_channel,pinpoint,Id,,,,,/,false,true,parent,derived,child,ApplicationId
pinpoint-email.configuration_set,pinpoint-email.configuration_set,pinpoint-email,ConfigurationSetName,,,,,/,false,true,parent,derived,child,ConfigurationSetName
pinpoint-email.configuration_set_event_destination,pinpoint-email.configuration_set_event_destination,pinpoint-email,Name,,,,,/,false,true,parent,derived,child,ConfigurationSetName
pinpoint-sms-voice.configuration_set_event_destination,pinpoint-sms-voice.configuration_set_event_destination,pinpoint-sms-voice,Name,,,,,/,false,true,parent,derived,child,ConfigurationSetName
proton.component_provisioned_resource,proton.component_provisioned_resource,proton,name,,,,,/,false,true,parent,derived,child,componentName
proton.environment_provisioned_resource,proton.environment_provisioned_resource,proton,name,,,,,/,false,true,parent,derived,child,environmentName
proton.service_instance_provisioned_resource,proton.service_instance_provisioned_resource,proton,name,,,,,/,false,true,parent,derived,child,"serviceInstanceName,serviceName"
proton.service_pipeline_provisioned_resource,proton.service_pipeline_provisioned_resource,proton,name,,,,,/,false,true,parent,derived,child,serviceName
qbusiness.chat_controls_configuration,qbusiness.chat_controls_configuration,qbusiness,name,,,,,/,false,true,parent,derived,child,applicationId
qbusiness.conversation,qbusiness.conversation,qbusiness,conversationId,,,,,/,false,true,parent,derived,child,"applicationId,userId"
qbusiness.message,qbusiness.message,qbusiness,messageId,,,,,/,false,true,parent,derived,child,"applicationId,conversationId,userId"
qbusiness.user,qbusiness.user,qbusiness,userId,,,,,/,false,true,parent,derived,child,"applicationId,userId"
qconnect.import_job,qconnect.import_job,qconnect,importJobId,,,,,/,false,true,parent,derived,child,"importJobId,knowledgeBaseId"
redshift-data.statement,redshift-data.statement,redshift-data,Id,,,,,/,false,true,parent,derived,child,Id
redshift-data.table,redshift-data.table,redshift-data,tableName,,,,,/,false,true,parent,derived,child,Database
redshift-serverless.recovery_point,redshift-serverless.recovery_point,redshift-serverless,recoveryPointId,,,,,/,false,true,parent,derived,child,recoveryPointId
redshift-serverless.scheduled_action,redshift-serverless.scheduled_action,redshift-serverless,scheduledActionName,,,,,/,false,true,parent,derived,child,scheduledActionName
rekognition.celebrity_info,rekognition.celebrity_info,rekognition,Name,,,,,/,false,true,parent,derived,child,Id
rekognition.face,rekognition.face,rekognition,FaceId,,,,,/,false,true,parent,derived,child,CollectionId
rekognition.user,rekognition.user,rekognition,UserId,,,,,/,false,true,parent,derived,child,CollectionId
repostspace.space,repostspace.space,repostspace,spaceId,,,,,/,false,true,parent,derived,child,spaceId
resiliencehub.app_version_app_component,resiliencehub.app_version_app_component,resiliencehub,id,,,,,/,false,true,parent,derived,child,"appArn,appVersion,id"
route53domains.domain_detail,route53domains.domain_detail,route53domains,Name,,,,,/,false,true,parent,derived,child,DomainName
route53resolver.firewall_config,route53resolver.firewall_config,route53resolver,Id,,,,,/,false,true,parent,derived,child,ResourceId
route53resolver.firewall_rule,route53resolver.firewall_rule,route53resolver,Name,,,,,/,false,true,parent,derived,child,FirewallRuleGroupId
route53resolver.resolver_query_log_config_association,route53resolver.resolver_query_log_config_association,route53resolver,Id,,,,,/,false,true,parent,derived,child,ResolverQueryLogConfigAssociationId
s3.bucket_acl,s3.bucket_acl,s3,ID,,,,,/,false,true,parent,derived,child,Bucket
s3.bucket_intelligent_tiering_configuration,s3.bucket_intelligent_tiering_configuration,s3,Id,,,,,/,false,true,parent,derived,child,Bucket
s3.bucket_metrics_configuration,s3.bucket_metrics_configuration,s3,Id,,,,,/,false,true,parent,derived,child,Bucket
s3.bucket_policy,s3.bucket_policy,s3,Bucket,,,,,/,false,true,parent,derived,child,Bucket
s3control.access_point_for_object_lambda,s3control.access_point_for_object_lambda,s3control,Name,,,,,/,false,true,parent,derived,child,"AccountId,Name"
s3control.access_points_for_object_lambda,s3control.access_points_for_object_lambda,s3control,Name,,,,,/,false,true,parent,derived,child,AccountId
s3control.bucket_lifecycle_configuration,s3control.bucket_lifecycle_configuration,s3control,ID,,,,,/,false,true,parent,derived,child,"AccountId,Bucket"
s3control.multi_region_access_point,s3control.multi_region_access_point,s3control,Name,,,,,/,false,true,parent,derived,child,"AccountId,Name"
s3control.multi_region_access_point_operation,s3control.multi_region_access_point_operation,s3control,Name,,,,,/,false,true,parent,derived,child,"AccountId,RequestTokenARN"
serverlessrepo.application,serverlessrepo.application,serverlessrepo,ApplicationId,,,,,/,false,true,parent,derived,child,ApplicationId
service-quotas.requested_service_quota_change,service-quotas.requested_service_quota_change,service-quotas,Id,,,,,/,false,true,parent,derived,child,RequestId
servicediscovery.instance,servicediscovery.instance,servicediscovery,InstanceId,,,,,/,false,true,parent,derived,child,ServiceId
servicediscovery.operation,servicediscovery.operation,servicediscovery,Id,,,,,/,false,true,parent,derived,child,OperationId
sesv2.configuration_set,sesv2.configuration_set,sesv2,ConfigurationSetName,,,,,/,false,true,parent,derived,child,ConfigurationSetName
sesv2.configuration_set_event_destination,sesv2.configuration_set_event_destination,sesv2,Name,,,,,/,false,true,parent,derived,child,ConfigurationSetName
sesv2.contact_list,sesv2.contact_list,sesv2,ContactListName,,,,,/,false,true,parent,derived,child,ContactListName
simspaceweaver.app,simspaceweaver.app,simspaceweaver,Name,,,,,/,false,true,parent,derived,child,"App,Domain,Simulation"
sms-voice.configuration_set_event_destination,sms-voice.configuration_set_event_destination,sms-voice,Name,,,,,/,false,true,parent,derived,child,ConfigurationSetName
snow-device-management.device,snow-device-management.device,snow-device-management,name,,,,,/,false,true,parent,derived,child,managedDeviceId
snow-device-management.execution,snow-device-management.execution,snow-device-management,executionId,,,,,/,false,true,parent,derived,child,"managedDeviceId,taskId"
snowball.address,snowball.address,snowball,AddressId,,,,,/,false,true,parent,derived,child,AddressId
snowball.cluster,snowball.cluster,snowball,ClusterId,,,,,/,false,true,parent,derived,child,ClusterId
snowball.job,snowball.job,snowball,JobId,,,,,/,false,true,parent,derived,child,JobId
ssm.document_version,ssm.document_version,ssm,Name,,,,,/,false,true,parent,derived,child,Name
ssm-contacts.rotation_override,ssm-contacts.rotation_override,ssm-contacts,RotationOverrideId,,,,,/,false,true,parent,derived,child,"RotationId,RotationOverrideId"
ssm-incidents.incident_finding,ssm-incidents.incident_finding,ssm-incidents,id,,,,,/,false,true,parent,derived,child,incidentRecordArn
ssm-sap.component,ssm-sap.component,ssm-sap,ComponentId,,,,,/,false,true,parent,derived,child,"ApplicationId,ComponentId"
ssm-sap.operation,ssm-sap.operation,ssm-sap,Id,,,,,/,false,true,parent,derived,child,OperationId
sso-admin.customer_managed_policy_references_in_permission_set,sso-admin.customer_managed_policy_references_in_permission_set,sso-admin,Name,,,,,/,false,true,parent,derived,child,"InstanceArn,PermissionSetArn"
sso-admin.permissions_boundary_for_permission_set,sso-admin.permissions_boundary_for_permission_set,sso-admin,Name,,,,,/,false,true,parent,derived,child,"InstanceArn,PermissionSetArn"
stepfunctions.state_machine_for_execution,stepfunctions.state_machine_for_execution,stepfunctions,name,,,,,/,false,true,parent,derived,child,executionArn
swf.activity_type,swf.activity_type,swf,name,,,,,/,false,true,parent,derived,child,"activityType,domain"
swf.workflow_execution,swf.workflow_execution,swf,name,,,,,/,false,true,parent,derived,child,"domain,execution"
swf.workflow_type,swf.workflow_type,swf,name,,,,,/,false,true,parent,derived,child,"domain,workflowType"
synthetics.canary_run,synthetics.canary_run,synthetics,Id,,,,,/,false,true,parent,derived,child,Name
textract.document_analysis,textract.document_analysis,textract,Id,,,,,/,false,true,parent,derived,child,JobId
textract.document_text_detection,textract.document_text_detection,textract,Id,,,,,/,false,true,parent,derived,child,JobId
timestream-query.query,timestream-query.query,timestream-query,QueryId,,,,,/,false,true,parent,derived,child,QueryString
timestream-write.database,timestream-write.database,timestream-write,DatabaseName,,,,,/,false,true,parent,derived,child,DatabaseName
timestream-write.table,timestream-write.table,timestream-write,TableName,,,,,/,false,true,parent,derived,child,"DatabaseName,TableName"
verifiedpermissions.identity_source,verifiedpermissions.identity_source,verifiedpermissions,IdentitySourceId,,,,,/,false,true,parent,derived,child,policyStoreId
verifiedpermissions.policy,verifiedpermissions.policy,verifiedpermissions,PolicyId,,,,,/,false,true,parent,derived,child,policyStoreId
verifiedpermissions.policy_template,verifiedpermissions.policy_template,verifiedpermissions,PolicyStoreId,,,,,/,false,true,parent,derived,child,policyStoreId
voice-id.domain,voice-id.domain,voice-id,DomainId,,,,,/,false,true,parent,derived,child,DomainId
voice-id.watchlist,voice-id.watchlist,voice-id,WatchlistId,,,,,/,false,true,parent,derived,child,"DomainId,WatchlistId"
vpc-lattice.target,vpc-lattice.target,vpc-lattice,id,,,,,/,false,true,parent,derived,child,targetGroupIdentifier
waf.regex_pattern_set,waf.regex_pattern_set,waf,RegexPatternSetId,,,,,/,false,true,parent,derived,child,RegexPatternSetId
waf.rule_group,waf.rule_group,waf,RuleGroupId,,,,,/,false,true,parent,derived,child,RuleGroupId
waf-regional.regex_match_set,waf-regional.regex_match_set,waf-regional,RegexMatchSetId,,,,,/,false,true,parent,derived,child,RegexMatchSetId
waf-regional.rule_group,waf-regional.rule_group,waf-regional,RuleGroupId,,,,,/,false,true,parent,derived,child,RuleGroupId
waf-regional.web_acl_for_resource,waf-regional.web_acl_for_resource,waf-regional,Name,,,,,/,false,true,parent,derived,child,ResourceArn
wisdom.import_job,wisdom.import_job,wisdom,importJobId,,,,,/,false,true,parent,derived,child,"importJobId,knowledgeBaseId"
workdocs.comment,workdocs.comment,workdocs,CommentId,,,,,/,false,true,parent,derived,child,"DocumentId,VersionId"
workdocs.current_user,workdocs.current_user,workdocs,Id,,,,,/,false,true,parent,derived,child,AuthenticationToken
workdocs.document,workdocs.document,workdocs,Id,,,,,/,false,true,parent,derived,child,DocumentId
workdocs.document_version,workdocs.document_version,workdocs,Id,,,,,/,false,true,parent,derived,child,DocumentId
workdocs.folder,workdocs.folder,workdocs,Id,,,,,/,false,true,parent,derived,child,FolderId
workdocs.folder_content,workdocs.folder_content,workdocs,Id,,,,,/,false,true,parent,derived,child,FolderId
workdocs.group,workdocs.group,workdocs,Id,,,,,/,false,true,parent,derived,child,SearchQuery
workdocs.root_folder,workdocs.root_folder,workdocs,Id,,,,,/,false,true,parent,derived,child,AuthenticationToken
workmail.access_control_rule,workmail.access_control_rule,workmail,Name,,,,,/,false,true,parent,derived,child,OrganizationId
workmail.default_retention_policy,workmail.default_retention_policy,workmail,Id,,,,,/,false,true,parent,derived,child,OrganizationId
workmail.entity,workmail.entity,workmail,EntityId,,,,,/,false,true,parent,derived,child,"Email,OrganizationId"
workmail.group,workmail.group,workmail,GroupId,,,,,/,false,true,parent,derived,child,"GroupId,OrganizationId"
workmail.group_member,workmail.group_member,workmail,Id,,,,,/,false,true,parent,derived,child,"GroupId,OrganizationId"
workmail.impersonation_role,workmail.impersonation_role,workmail,ImpersonationRoleId,,,,,/,false,true,parent,derived,child,"ImpersonationRoleId,OrganizationId"
workmail.impersonation_role_effect,workmail.impersonation_role_effect,workmail,Name,,,,,/,false,true,parent,derived,child,"ImpersonationRoleId,OrganizationId,TargetUser"
workmail.mobile_device_access_effect,workmail.mobile_device_access_effect,workmail,Name,,,,,/,false,true,parent,derived,child,OrganizationId
workmail.mobile_device_access_rule,workmail.mobile_device_access_rule,workmail,MobileDeviceAccessRuleId,,,,,/,false,true,parent,derived,child,OrganizationId
workmail.resource,workmail.resource,workmail,ResourceId,,,,,/,false,true,parent,derived,child,"OrganizationId,ResourceId"
workmail.resource_delegate,workmail.resource_delegate,workmail,Id,,,,,/,false,true,parent,derived,child,"OrganizationId,ResourceId"
workmail.user,workmail.user,workmail,UserId,,,,,/,false,true,parent,derived,child,"OrganizationId,UserId"
accessanalyzer.access_preview,accessanalyzer.access_preview,accessanalyzer,,,,,,/,false,false,none,none,artifact,
accessanalyzer.policy_generation,accessanalyzer.policy_generation,accessanalyzer,,,,,,/,false,false,none,none,artifact,
accessanalyzer.tags_for_resource,accessanalyzer.tags_for_resource,accessanalyzer,,,,,,/,false,false,none,none,artifact,
account,account.account,account,account_id,account_name,,,,/,true,false,none,none,artifact,
account.contact_information,account.contact_information,account,,,,,,/,false,false,none,none,artifact,
acm.account,acm.account,acm,AccountId,,,,,/,false,false,none,none,artifact,
acm.account_configuration,acm.account_configuration,acm,,,,,,/,false,false,none,none,artifact,
acm.acme_domain_validation,acm.acme_domain_validation,acm,Arn,,,Arn,,/,false,false,none,none,artifact,
acm.acme_endpoint,acm.acme_endpoint,acm,AcmeEndpointArn,,,AcmeEndpointArn,,/,false,false,none,none,artifact,
acm.acme_external_account_binding,acm.acme_external_account_binding,acm,AcmeExternalAccountBindingArn,,,AcmeExternalAccountBindingArn,,/,false,false,none,none,artifact,
acm-pca.certificate,acm-pca.certificate,acmpca,Arn,,,Arn,,/,false,false,none,none,artifact,
acm-pca.certificate_authority_activation,acm-pca.certificate_authority_activation,acmpca,CertificateAuthorityArn,,,,,/,false,false,none,none,artifact,
acm-pca.permission,acm-pca.permission,acmpca,CertificateAuthorityArn,,,,,/,false,false,none,none,artifact,
acm-pca.tag,acm-pca.tag,acmpca,,,,,,/,false,false,none,none,artifact,
aiops.investigation_group_policy,aiops.investigation_group_policy,aiops,,,,,,/,false,false,none,none,artifact,
aiops.tags_for_resource,aiops.tags_for_resource,aiops,,,,,,/,false,false,none,none,artifact,
amp.query_logging_configuration,amp.query_logging_configuration,amp,,,,,,/,false,false,none,none,artifact,
amp.resource_policy,amp.resource_policy,amp,,,,,,/,false,false,none,none,artifact,
amp.scraper_logging_configuration,amp.scraper_logging_configuration,amp,,,,,,/,false,false,none,none,artifact,
amp.tags_for_resource,amp.tags_for_resource,amp,,,,,,/,false,false,none,none,artifact,
amp.workspace_configuration,amp.workspace_configuration,amp,,,,,,/,false,false,none,none,artifact,
amplify.domain,amplify.domain,amplify,Arn,,,Arn,,/,false,false,none,none,artifact,
amplify.tags_for_resource,amplify.tags_for_resource,amplify,,,,,,/,false,false,none,none,artifact,
amplifybackend.s3_bucket,amplifybackend.s3_bucket,amplifybackend,Name,,,,s3-bucket,/,false,false,none,none,artifact,
amplifyuibuilder.metadata,amplifyuibuilder.metadata,amplifyuibuilder,,,,,,/,false,false,none,none,artifact,
amplifyuibuilder.tags_for_resource,amplifyuibuilder.tags_for_resource,amplifyuibuilder,,,,,,/,false,false,none,none,artifact,
apigateway.base_path_mapping,apigateway.base_path_mapping,apigateway,DomainName,,,,,/,false,false,none,none,artifact,
apigateway.base_path_mapping_v2,apigateway.base_path_mapping_v2,apigateway,BasePathMappingArn,,,BasePathMappingArn,,/,false,false,none,none,artifact,
apigateway.deployment,apigateway.deployment,apigateway,DeploymentId,,,,,/,false,false,none,none,artifact,
apigateway.documentation_part,apigateway.documentation_part,apigateway,DocumentationPartId,,,,,/,false,false,none,none,artifact,
apigateway.documentation_version,apigateway.documentation_version,apigateway,DocumentationVersion,,,,,/,false,false,none,none,artifact,
apigateway.domain_name_v2,apigateway.domain_name_v2,apigateway,DomainNameArn,,,DomainNameArn,,/,false,false,none,none,artifact,
apigateway.gateway_response,apigateway.gateway_response,apigateway,Id,,,,,/,false,false,none,none,artifact,
apigateway.model,apigateway.model,apigateway,RestApiId,,,,,/,false,false,none,none,artifact,
rest-account,apigateway.rest_account,apigateway,account_id,account_id,,,,/,false,false,none,none,artifact,
apigateway.usage_plan_key,apigateway.usage_plan_key,apigateway,Id,,,,,/,false,false,none,none,artifact,
apigatewayv2.api_gateway_managed_overrides,apigatewayv2.api_gateway_managed_overrides,apigatewayv2,Id,,,,,/,false,false,none,none,artifact,
apigatewayv2.api_mapping,apigatewayv2.api_mapping,apigatewayv2,ApiMappingId,,,,,/,false,false,none,none,artifact,
apigatewayv2.authorizer,apigatewayv2.authorizer,apigatewayv2,AuthorizerId,,,,,/,false,false,none,none,artifact,
apigatewayv2.deployment,apigatewayv2.deployment,apigatewayv2,ApiId,,,,,/,false,false,none,none,artifact,
apigatewayv2.integration_response,apigatewayv2.integration_response,apigatewayv2,ApiId,,,,,/,false,false,none,none,artifact,
apigatewayv2.model,apigatewayv2.model,apigatewayv2,ApiId,,,,,/,false,false,none,none,artifact,
apigatewayv2.route_response,apigatewayv2.route_response,apigatewayv2,ApiId,,,,,/,false,false,none,none,artifact,
apigatewayv2.routing_rule,apigatewayv2.routing_rule,apigatewayv2,RoutingRuleArn,,,RoutingRuleArn,,/,false,false,none,none,artifact,
appconfig.account_setting,appconfig.account_setting,appconfig,,,,,,/,false,false,none,none,artifact,
appconfig.tags_for_resource,appconfig.tags_for_resource,appconfig,,,,,,/,false,false,none,none,artifact,
appfabric.tags_for_resource,appfabric.tags_for_resource,appfabric,,,,,,/,false,false,none,none,artifact,
appflow.tags_for_resource,appflow.tags_for_resource,appflow,,,,,,/,false,false,none,none,artifact,
appintegrations.tags_for_resource,appintegrations.tags_for_resource,appintegrations,,,,,,/,false,false,none,none,artifact,
application-autoscaling.predictive_scaling_forecast,application-autoscaling.predictive_scaling_forecast,application-autoscaling,,,,,,/,false,false,none,none,artifact,
application-autoscaling.tags_for_resource,application-autoscaling.tags_for_resource,application-autoscaling,,,,,,/,false,false,none,none,artifact,
application-insights.component_configuration_recommendation,application-insights.component_configuration_recommendation,application-insights,,,,,,/,false,false,none,none,artifact,
application-insights.configuration_history,application-insights.configuration_history,application-insights,,,,,,/,false,false,none,none,artifact,
application-insights.observation,application-insights.observation,application-insights,Id,,,,,/,false,false,none,none,artifact,
application-insights.problem_observation,application-insights.problem_observation,application-insights,,,,,,/,false,false,none,none,artifact,
application-insights.tags_for_resource,application-insights.tags_for_resource,application-insights,,,,,,/,false,false,none,none,artifact,
application-signals.audit_finding,application-signals.audit_finding,application-signals,,,,,,/,false,false,none,none,artifact,
application-signals.entity_event,application-signals.entity_event,application-signals,,,,,,/,false,false,none,none,artifact,
application-signals.grouping_attribute_definition,application-signals.grouping_attribute_definition,application-signals,,,,,,/,false,false,none,none,artifact,
application-signals.service,application-signals.service,application-signals,,,,,,/,false,false,none,none,artifact,
application-signals.service_dependency,application-signals.service_dependency,application-signals,,,,,,/,false,false,none,none,artifact,
application-signals.service_dependent,application-signals.service_dependent,application-signals,,,,,,/,false,false,none,none,artifact,
application-signals.service_level_objective_exclusion_window,application-signals.service_level_objective_exclusion_window,application-signals,,,,,,/,false,false,none,none,artifact,
application-signals.service_state,application-signals.service_state,application-signals,,,,,,/,false,false,none,none,artifact,
application-signals.tags_for_resource,application-signals.tags_for_resource,application-signals,,,,,,/,false,false,none,none,artifact,
application-autoscaling.scalable_target,application-autoscaling.scalable_target,applicationautoscaling,ResourceId,,,,,/,false,false,none,none,artifact,
application-autoscaling.scaling_policy,application-autoscaling.scaling_policy,applicationautoscaling,Arn,,,Arn,,/,false,false,none,none,artifact,
application-insights.application,application-insights.application,applicationinsights,ApplicationARN,,,ApplicationARN,,/,false,false,none,none,artifact,
application-signals.discovery,application-signals.discovery,applicationsignals,AccountId,,,,,/,false,false,none,none,artifact,
application-signals.grouping_configuration,application-signals.grouping_configuration,applicationsignals,AccountId,,,,,/,false,false,none,none,artifact,
application-signals.service_level_objective,application-signals.service_level_objective,applicationsignals,Arn,,,Arn,,/,false,false,none,none,artifact,
appmesh.tags_for_resource,appmesh.tags_for_resource,appmesh,,,,,,/,false,false,none,none,artifact,
apprunner.tags_for_resource,apprunner.tags_for_resource,apprunner,,,,,,/,false,false,none,none,artifact,
appstream.application_entitlement_association,appstream.application_entitlement_association,appstream,StackName,,,,,/,false,false,none,none,artifact,
appstream.entitlement,appstream.entitlement,appstream,StackName,,,,,/,false,false,none,none,artifact,
appstream.image,appstream.image,appstream,Arn,,,Arn,,/,false,false,none,none,artifact,
appstream.stack_fleet_association,appstream.stack_fleet_association,appstream,FleetName,,,,,/,false,false,none,none,artifact,
appstream.stack_user_association,appstream.stack_user_association,appstream,StackName,,,,,/,false,false,none,none,artifact,
appstream.user,appstream.user,appstream,UserName,,,Arn,,/,false,false,none,none,artifact,
appsync.api_cache,appsync.api_cache,appsync,Id,,,,,/,false,false,none,none,artifact,
appsync.api_key,appsync.api_key,appsync,ApiKeyId,,,Arn,,/,false,false,none,none,artifact,
appsync.channel_namespace,appsync.channel_namespace,appsync,ChannelNamespaceArn,,,ChannelNamespaceArn,,/,false,false,none,none,artifact,
appsync.data_source,appsync.data_source,appsync,DataSourceArn,,,DataSourceArn,,/,false,false,none,none,artifact,
appsync.domain_name_api_association,appsync.domain_name_api_association,appsync,ApiAssociationIdentifier,,,,,/,false,false,none,none,artifact,
appsync.function_configuration,appsync.function_configuration,appsync,FunctionArn,,,FunctionArn,,/,false,false,none,none,artifact,
appsync.graph_ql_schema,appsync.graph_ql_schema,appsync,Id,,,,,/,false,false,none,none,artifact,
appsync.resolver,appsync.resolver,appsync,ResolverArn,,,ResolverArn,,/,false,false,none,none,artifact,
appsync.source_api_association,appsync.source_api_association,appsync,AssociationArn,,,AssociationArn,,/,false,false,none,none,artifact,
apptest.test_case,apptest.test_case,apptest,TestCaseId,,,TestCaseArn,,/,false,false,none,none,artifact,
aps.anomaly_detector,aps.anomaly_detector,aps,Arn,,,Arn,,/,false,false,none,none,artifact,
aps.resource_policy,aps.resource_policy,aps,WorkspaceArn,,,,,/,false,false,none,none,artifact,
aps.rule_groups_namespace,aps.rule_groups_namespace,aps,Arn,,,Arn,,/,false,false,none,none,artifact,
aps.scraper,aps.scraper,aps,Arn,,,Arn,,/,false,false,none,none,artifact,
aps.workspace,aps.workspace,aps,Arn,,,Arn,,/,false,false,none,none,artifact,
arc-region-switch.plan_evaluation_status,arc-region-switch.plan_evaluation_status,arc-region-switch,,,,,,/,false,false,none,none,artifact,
arc-region-switch.plan_execution_event,arc-region-switch.plan_execution_event,arc-region-switch,,,,,,/,false,false,none,none,artifact,
arc-region-switch.route53_health_check,arc-region-switch.route53_health_check,arc-region-switch,,,,,,/,false,false,none,none,artifact,
arc-region-switch.tags_for_resource,arc-region-switch.tags_for_resource,arc-region-switch,,,,,,/,false,false,none,none,artifact,
arc-zonal-shift.autoshift,arc-zonal-shift.autoshift,arc-zonal-shift,,,,,,/,false,false,none,none,artifact,
arc-zonal-shift.autoshift_observer_notification_status,arc-zonal-shift.autoshift_observer_notification_status,arc-zonal-shift,,,,,,/,false,false,none,none,artifact,
arc-region-switch.plan,arc-region-switch.plan,arcregionswitch,Arn,,,Arn,,/,false,false,none,none,artifact,
arc-zonal-shift.zonal_autoshift_configuration,arc-zonal-shift.zonal_autoshift_configuration,arczonalshift,ResourceIdentifier,,,,,/,false,false,none,none,artifact,
artifact.account_setting,artifact.account_setting,artifact,,,,,,/,false,false,none,none,artifact,
artifact.report,artifact.report,artifact,,,,,,/,false,false,none,none,artifact,
artifact.report_metadata,artifact.report_metadata,artifact,arn,,,,,/,false,false,none,none,artifact,
artifact.term_for_report,artifact.term_for_report,artifact,,,,,,/,false,false,none,none,artifact,
ask.skill,ask.skill,ask,Id,,,,,/,false,false,none,none,artifact,
athena.prepared_statement,athena.prepared_statement,athena,StatementName,,,,,/,false,false,none,none,artifact,
auditmanager.assessment_report,auditmanager.assessment_report,auditmanager,id,,,,,/,false,false,none,none,artifact,
auditmanager.control_domain_insight,auditmanager.control_domain_insight,auditmanager,id,,,,,/,false,false,none,none,artifact,
auditmanager.insight,auditmanager.insight,auditmanager,,,,,,/,false,false,none,none,artifact,
auditmanager.tags_for_resource,auditmanager.tags_for_resource,auditmanager,,,,,,/,false,false,none,none,artifact,
autoscaling.lifecycle_hook,autoscaling.lifecycle_hook,autoscaling,AutoScalingGroupName,,,,,/,false,false,none,none,artifact,
autoscaling.notification_configuration,autoscaling.notification_configuration,autoscaling,,,,,,/,false,false,none,none,artifact,
autoscaling.warm_pool,autoscaling.warm_pool,autoscaling,AutoScalingGroupName,,,,,/,false,false,none,none,artifact,
autoscaling-plans.scaling_plan,autoscaling-plans.scaling_plan,autoscalingplans,Id,,,,,/,false,false,none,none,artifact,
awsexternalanthropic.workspace,awsexternalanthropic.workspace,awsexternalanthropic,Arn,,,Arn,,/,false,false,none,none,artifact,
b2bi.tags_for_resource,b2bi.tags_for_resource,b2bi,,,,,,/,false,false,none,none,artifact,
backup.logically_air_gapped_backup_vault,backup.logically_air_gapped_backup_vault,backup,BackupVaultName,,,BackupVaultArn,,/,false,false,none,none,artifact,
backup.protected_resource,backup.protected_resource,backup,,,,,,/,false,false,none,none,artifact,
backup-gateway.tags_for_resource,backup-gateway.tags_for_resource,backup-gateway,,,,,,/,false,false,none,none,artifact,
backup-gateway.hypervisor,backup-gateway.hypervisor,backupgateway,HypervisorArn,,,HypervisorArn,,/,false,false,none,none,artifact,
backupsearch.search_job,backupsearch.search_job,backupsearch,,,,,,/,false,false,none,none,artifact,
backupsearch.search_job_backup,backupsearch.search_job_backup,backupsearch,,,,,,/,false,false,none,none,artifact,
backupsearch.search_job_result,backupsearch.search_job_result,backupsearch,,,,,,/,false,false,none,none,artifact,
backupsearch.search_result_export_job,backupsearch.search_result_export_job,backupsearch,,,,,,/,false,false,none,none,artifact,
backupsearch.tags_for_resource,backupsearch.tags_for_resource,backupsearch,,,,,,/,false,false,none,none,artifact,
batch.quota_share,batch.quota_share,batch,QuotaShareArn,,,QuotaShareArn,,/,false,false,none,none,artifact,
bcm.dashboard,bcm.dashboard,bcm,Arn,,,Arn,,/,false,false,none,none,artifact,
bcm-dashboards.dashboard,bcm-dashboards.dashboard,bcm-dashboards,,,,,,/,false,false,none,none,artifact,
bcm-dashboards.resource_policy,bcm-dashboards.resource_policy,bcm-dashboards,,,,,,/,false,false,none,none,artifact,
bcm-dashboards.tags_for_resource,bcm-dashboards.tags_for_resource,bcm-dashboards,,,,,,/,false,false,none,none,artifact,
bcm-data-exports.tags_for_resource,bcm-data-exports.tags_for_resource,bcm-data-exports,,,,,,/,false,false,none,none,artifact,
bcm-pricing-calculator.bill_estimate,bcm-pricing-calculator.bill_estimate,bcm-pricing-calculator,id,,,,,/,false,false,none,none,artifact,
bcm-pricing-calculator.preference,bcm-pricing-calculator.preference,bcm-pricing-calculator,,,,,,/,false,false,none,none,artifact,
bcm-pricing-calculator.tags_for_resource,bcm-pricing-calculator.tags_for_resource,bcm-pricing-calculator,,,,,,/,false,false,none,none,artifact,
bcm-pricing-calculator.workload_estimate,bcm-pricing-calculator.workload_estimate,bcm-pricing-calculator,id,,,,,/,false,false,none,none,artifact,
bcm-pricing-calculator.workload_estimate_usage,bcm-pricing-calculator.workload_estimate_usage,bcm-pricing-calculator,id,,,,,/,false,false,none,none,artifact,
bcm-data-exports.export,bcm-data-exports.export,bcmdataexports,ExportArn,,,ExportArn,,/,false,false,none,none,artifact,
bcm-pricing-calculator.bill_scenario,bcm-pricing-calculator.bill_scenario,bcmpricingcalculator,Arn,,,Arn,,/,false,false,none,none,artifact,
bedrock.agent,bedrock.agent,bedrock,AgentId,,,AgentArn,,/,false,false,none,none,artifact,
bedrock.agent_alias,bedrock.agent_alias,bedrock,AgentId,,,AgentAliasArn,,/,false,false,none,none,artifact,
bedrock.application_inference_profile,bedrock.application_inference_profile,bedrock,InferenceProfileIdentifier,,,InferenceProfileArn,,/,false,false,none,none,artifact,
bedrock.automated_reasoning_policy_version,bedrock.automated_reasoning_policy_version,bedrock,PolicyArn,,,,,/,false,false,none,none,artifact,
bedrock-custom-model,bedrock.bedrock_custom_model,bedrock,modelArn,modelName,,modelArn,,/,false,false,none,none,artifact,
bedrock.blueprint,bedrock.blueprint,bedrock,BlueprintArn,,,BlueprintArn,,/,false,false,none,none,artifact,
bedrock.data_automation_library,bedrock.data_automation_library,bedrock,LibraryArn,,,LibraryArn,,/,false,false,none,none,artifact,
bedrock.data_automation_project,bedrock.data_automation_project,bedrock,ProjectArn,,,ProjectArn,,/,false,false,none,none,artifact,
bedrock.data_source,bedrock.data_source,bedrock,KnowledgeBaseId,,,,,/,false,false,none,none,artifact,
bedrock.enforced_guardrail_configuration,bedrock.enforced_guardrail_configuration,bedrock,ConfigId,,,GuardrailArn,,/,false,false,none,none,artifact,
bedrock.flow,bedrock.flow,bedrock,Arn,,,Arn,,/,false,false,none,none,artifact,
bedrock.flow_alias,bedrock.flow_alias,bedrock,Arn,,,Arn,,/,false,false,none,none,artifact,
bedrock.flow_version,bedrock.flow_version,bedrock,FlowArn,,,ExecutionRoleArn,,/,false,false,none,none,artifact,
bedrock.guardrail_version,bedrock.guardrail_version,bedrock,GuardrailId,,,GuardrailArn,,/,false,false,none,none,artifact,
bedrock.intelligent_prompt_router,bedrock.intelligent_prompt_router,bedrock,PromptRouterArn,,,PromptRouterArn,,/,false,false,none,none,artifact,
bedrock.knowledge_base,bedrock.knowledge_base,bedrock,KnowledgeBaseId,,,KnowledgeBaseArn,,/,false,false,none,none,artifact,
bedrock.knowledge_base_policy,bedrock.knowledge_base_policy,bedrock,KnowledgeBaseId,,,,,/,false,false,none,none,artifact,
bedrock.marketplace_model_endpoint,bedrock.marketplace_model_endpoint,bedrock,,,,,,/,false,false,none,none,artifact,
bedrock.model_copy_job,bedrock.model_copy_job,bedrock,,,,,,/,false,false,none,none,artifact,
bedrock.model_import_job,bedrock.model_import_job,bedrock,,,,,,/,false,false,none,none,artifact,
bedrock.model_invocation_job,bedrock.model_invocation_job,bedrock,,,,,,/,false,false,none,none,artifact,
bedrock.prompt,bedrock.prompt,bedrock,Arn,,,Arn,,/,false,false,none,none,artifact,
bedrock.prompt_version,bedrock.prompt_version,bedrock,Arn,,,Arn,,/,false,false,none,none,artifact,
bedrock.provisioned_model_throughput,bedrock.provisioned_model_throughput,bedrock,,,,,,/,false,false,none,none,artifact,
bedrock.resource_policy,bedrock.resource_policy,bedrock,ResourceArn,,,ResourceArn,,/,false,false,none,none,artifact,
bedrock-agent.tags_for_resource,bedrock-agent.tags_for_resource,bedrock-agent,,,,,,/,false,false,none,none,artifact,
bedrock-agent-runtime.agent_memory,bedrock-agent-runtime.agent_memory,bedrock-agent-runtime,,,,,,/,false,false,none,none,artifact,
bedrock-agent-runtime.execution_flow_snapshot,bedrock-agent-runtime.execution_flow_snapshot,bedrock-agent-runtime,,,,,,/,false,false,none,none,artifact,
bedrock-agent-runtime.flow_execution,bedrock-agent-runtime.flow_execution,bedrock-agent-runtime,,,,,,/,false,false,none,none,artifact,
bedrock-agent-runtime.flow_execution_event,bedrock-agent-runtime.flow_execution_event,bedrock-agent-runtime,,,,,,/,false,false,none,none,artifact,
bedrock-agent-runtime.tags_for_resource,bedrock-agent-runtime.tags_for_resource,bedrock-agent-runtime,,,,,,/,false,false,none,none,artifact,
bedrockagentcore.agent_card,bedrockagentcore.agent_card,bedrock-agentcore,,,,,,/,false,false,none,none,artifact,
bedrockagentcore.browser_session,bedrockagentcore.browser_session,bedrock-agentcore,,,,,,/,false,false,none,none,artifact,
bedrockagentcore.memory_extraction_job,bedrockagentcore.memory_extraction_job,bedrock-agentcore,,,,,,/,false,false,none,none,artifact,
bedrockagentcore.resource_api_key,bedrockagentcore.resource_api_key,bedrock-agentcore,,,,,,/,false,false,none,none,artifact,
bedrockagentcore.resource_oauth2_token,bedrockagentcore.resource_oauth2_token,bedrock-agentcore,,,,,,/,false,false,none,none,artifact,
bedrockagentcore.workload_access_token,bedrockagentcore.workload_access_token,bedrock-agentcore,,,,,,/,false,false,none,none,artifact,
bedrockagentcore.workload_access_token_for_jwt,bedrockagentcore.workload_access_token_for_jwt,bedrock-agentcore,,,,,,/,false,false,none,none,artifact,
bedrockagentcore.workload_access_token_for_user_id,bedrockagentcore.workload_access_token_for_user_id,bedrock-agentcore,,,,,,/,false,false,none,none,artifact,
bedrock-agentcore-control.agent_runtime,bedrock-agentcore-control.agent_runtime,bedrock-agentcore-control,,,,,,/,false,false,none,none,artifact,
bedrock-agentcore-control.agent_runtime_version,bedrock-agentcore-control.agent_runtime_version,bedrock-agentcore-control,,,,,,/,false,false,none,none,artifact,
bedrock-agentcore-control.api_key_credential_provider,bedrock-agentcore-control.api_key_credential_provider,bedrock-agentcore-control,,,,,,/,false,false,none,none,artifact,
bedrock-agentcore-control.browser,bedrock-agentcore-control.browser,bedrock-agentcore-control,,,,,,/,false,false,none,none,artifact,
bedrock-agentcore-control.code_interpreter,bedrock-agentcore-control.code_interpreter,bedrock-agentcore-control,,,,,,/,false,false,none,none,artifact,
bedrock-agentcore-control.oauth2_credential_provider,bedrock-agentcore-control.oauth2_credential_provider,bedrock-agentcore-control,,,,,,/,false,false,none,none,artifact,
bedrock-agentcore-control.tags_for_resource,bedrock-agentcore-control.tags_for_resource,bedrock-agentcore-control,,,,,,/,false,false,none,none,artifact,
bedrock-data-automation.data_automation_project,bedrock-data-automation.data_automation_project,bedrock-data-automation,,,,,,/,false,false,none,none,artifact,
bedrock-data-automation.tags_for_resource,bedrock-data-automation.tags_for_resource,bedrock-data-automation,,,,,,/,false,false,none,none,artifact,
bedrock-data-automation-runtime.data_automation_status,bedrock-data-automation-runtime.data_automation_status,bedrock-data-automation-runtime,,,,,,/,false,false,none,none,artifact,
bedrock-data-automation-runtime.tags_for_resource,bedrock-data-automation-runtime.tags_for_resource,bedrock-data-automation-runtime,,,,,,/,false,false,none,none,artifact,
bedrock-runtime.async_invoke,bedrock-runtime.async_invoke,bedrock-runtime,,,,,,/,false,false,none,none,artifact,
bedrockagentcore.api_key_credential_provider,bedrockagentcore.api_key_credential_provider,bedrockagentcore,CredentialProviderArn,,,CredentialProviderArn,,/,false,false,none,none,artifact,
bedrockagentcore.browser_custom,bedrockagentcore.browser_custom,bedrockagentcore,BrowserId,,,BrowserArn,,/,false,false,none,none,artifact,
bedrockagentcore.browser_profile,bedrockagentcore.browser_profile,bedrockagentcore,ProfileId,,,ProfileArn,,/,false,false,none,none,artifact,
bedrockagentcore.code_interpreter_custom,bedrockagentcore.code_interpreter_custom,bedrockagentcore,CodeInterpreterId,,,CodeInterpreterArn,,/,false,false,none,none,artifact,
bedrockagentcore.configuration_bundle,bedrockagentcore.configuration_bundle,bedrockagentcore,BundleArn,,,BundleArn,,/,false,false,none,none,artifact,
bedrockagentcore.dataset,bedrockagentcore.dataset,bedrockagentcore,DatasetArn,,,DatasetArn,,/,false,false,none,none,artifact,
bedrockagentcore.evaluator,bedrockagentcore.evaluator,bedrockagentcore,EvaluatorArn,,,EvaluatorArn,,/,false,false,none,none,artifact,
bedrockagentcore.gateway,bedrockagentcore.gateway,bedrockagentcore,GatewayIdentifier,,,GatewayArn,,/,false,false,none,none,artifact,
bedrockagentcore.gateway_target,bedrockagentcore.gateway_target,bedrockagentcore,GatewayIdentifier,,,GatewayArn,,/,false,false,none,none,artifact,
bedrockagentcore.harness,bedrockagentcore.harness,bedrockagentcore,Arn,,,Arn,,/,false,false,none,none,artifact,
bedrockagentcore.harness_endpoint,bedrockagentcore.harness_endpoint,bedrockagentcore,Arn,,,Arn,,/,false,false,none,none,artifact,
bedrockagentcore.memory,bedrockagentcore.memory,bedrockagentcore,MemoryArn,,,MemoryArn,,/,false,false,none,none,artifact,
bedrockagentcore.o_auth2_credential_provider,bedrockagentcore.o_auth2_credential_provider,bedrockagentcore,CredentialProviderArn,,,CredentialProviderArn,,/,false,false,none,none,artifact,
bedrockagentcore.online_evaluation_config,bedrockagentcore.online_evaluation_config,bedrockagentcore,OnlineEvaluationConfigArn,,,OnlineEvaluationConfigArn,,/,false,false,none,none,artifact,
bedrockagentcore.payment_connector,bedrockagentcore.payment_connector,bedrockagentcore,PaymentConnectorArn,,,PaymentConnectorArn,,/,false,false,none,none,artifact,
bedrockagentcore.payment_credential_provider,bedrockagentcore.payment_credential_provider,bedrockagentcore,CredentialProviderArn,,,CredentialProviderArn,,/,false,false,none,none,artifact,
bedrockagentcore.payment_manager,bedrockagentcore.payment_manager,bedrockagentcore,PaymentManagerArn,,,PaymentManagerArn,,/,false,false,none,none,artifact,
bedrockagentcore.policy,bedrockagentcore.policy,bedrockagentcore,PolicyArn,,,PolicyArn,,/,false,false,none,none,artifact,
bedrockagentcore.policy_engine,bedrockagentcore.policy_engine,bedrockagentcore,PolicyEngineArn,,,PolicyEngineArn,,/,false,false,none,none,artifact,
bedrockagentcore.resource_policy,bedrockagentcore.resource_policy,bedrockagentcore,ResourceArn,,,ResourceArn,,/,false,false,none,none,artifact,
bedrockagentcore.runtime,bedrockagentcore.runtime,bedrockagentcore,AgentRuntimeId,,,AgentRuntimeArn,,/,false,false,none,none,artifact,
bedrockagentcore.runtime_endpoint,bedrockagentcore.runtime_endpoint,bedrockagentcore,AgentRuntimeEndpointArn,,,AgentRuntimeEndpointArn,,/,false,false,none,none,artifact,
bedrockagentcore.workload_identity,bedrockagentcore.workload_identity,bedrockagentcore,Name,,,WorkloadIdentityArn,,/,false,false,none,none,artifact,
bedrockmantle.project,bedrockmantle.project,bedrockmantle,Arn,,,Arn,,/,false,false,none,none,artifact,
billing.resource_policy,billing.resource_policy,billing,,,,,,/,false,false,none,none,artifact,
billing.tags_for_resource,billing.tags_for_resource,billing,,,,,,/,false,false,none,none,artifact,
billingconductor.billing_group_cost_report,billingconductor.billing_group_cost_report,billingconductor,Arn,,,,,/,false,false,none,none,artifact,
billingconductor.pricing_plan,billingconductor.pricing_plan,billingconductor,Arn,,,Arn,,/,false,false,none,none,artifact,
billingconductor.pricing_plans_associated_with_pricing_rule,billingconductor.pricing_plans_associated_with_pricing_rule,billingconductor,,,,,,/,false,false,none,none,artifact,
billingconductor.pricing_rule,billingconductor.pricing_rule,billingconductor,Arn,,,Arn,,/,false,false,none,none,artifact,
billingconductor.pricing_rules_associated_to_pricing_plan,billingconductor.pricing_rules_associated_to_pricing_plan,billingconductor,,,,,,/,false,false,none,none,artifact,
billingconductor.tags_for_resource,billingconductor.tags_for_resource,billingconductor,,,,,,/,false,false,none,none,artifact,
braket.spending_limit,braket.spending_limit,braket,SpendingLimitArn,,,SpendingLimitArn,,/,false,false,none,none,artifact,
braket.tags_for_resource,braket.tags_for_resource,braket,,,,,,/,false,false,none,none,artifact,
budgets.budgets_action,budgets.budgets_action,budgets,ActionId,,,,,/,false,false,none,none,artifact,
cases.case_rule,cases.case_rule,cases,CaseRuleArn,,,CaseRuleArn,,/,false,false,none,none,artifact,
cases.domain,cases.domain,cases,DomainArn,,,DomainArn,,/,false,false,none,none,artifact,
cases.field,cases.field,cases,FieldArn,,,FieldArn,,/,false,false,none,none,artifact,
cases.layout,cases.layout,cases,LayoutArn,,,LayoutArn,,/,false,false,none,none,artifact,
cases.template,cases.template,cases,TemplateArn,,,TemplateArn,,/,false,false,none,none,artifact,
cassandra.keyspace,cassandra.keyspace,cassandra,KeyspaceName,,,,,/,false,false,none,none,artifact,
cassandra.table,cassandra.table,cassandra,KeyspaceName,,,,,/,false,false,none,none,artifact,
cassandra.type,cassandra.type,cassandra,KeyspaceName,,,KeyspaceArn,,/,false,false,none,none,artifact,
ce.anomaly,ce.anomaly,ce,AnomalyId,,,,,/,false,false,none,none,artifact,
ce.commitment_purchase_analys,ce.commitment_purchase_analys,ce,,,,,,/,false,false,none,none,artifact,
ce.commitment_purchase_analysis,ce.commitment_purchase_analysis,ce,,,,,,/,false,false,none,none,artifact,
ce.cost_allocation_tag_backfill_history,ce.cost_allocation_tag_backfill_history,ce,,,,,,/,false,false,none,none,artifact,
ce.cost_and_usage,ce.cost_and_usage,ce,,,,,,/,false,false,none,none,artifact,
ce.cost_and_usage_comparison,ce.cost_and_usage_comparison,ce,,,,,,/,false,false,none,none,artifact,
ce.cost_comparison_driver,ce.cost_comparison_driver,ce,,,,,,/,false,false,none,none,artifact,
ce.cost_forecast,ce.cost_forecast,ce,,,,,,/,false,false,none,none,artifact,
ce.reservation_purchase_recommendation,ce.reservation_purchase_recommendation,ce,,,,,,/,false,false,none,none,artifact,
ce.rightsizing_recommendation,ce.rightsizing_recommendation,ce,,,,,,/,false,false,none,none,artifact,
ce.savings_plans_purchase_recommendation,ce.savings_plans_purchase_recommendation,ce,,,,,,/,false,false,none,none,artifact,
ce.savings_plans_purchase_recommendation_generation,ce.savings_plans_purchase_recommendation_generation,ce,,,,,,/,false,false,none,none,artifact,
ce.tag,ce.tag,ce,,,,,,/,false,false,none,none,artifact,
ce.tags_for_resource,ce.tags_for_resource,ce,,,,,,/,false,false,none,none,artifact,
ce.usage_forecast,ce.usage_forecast,ce,,,,,,/,false,false,none,none,artifact,
chatbot.account_preference,chatbot.account_preference,chatbot,,,,,,/,false,false,none,none,artifact,
chatbot.association,chatbot.association,chatbot,,,,,,/,false,false,none,none,artifact,
chatbot.chime_webhook_configuration,chatbot.chime_webhook_configuration,chatbot,,,,,,/,false,false,none,none,artifact,
chatbot.microsoft_teams_configured_team,chatbot.microsoft_teams_configured_team,chatbot,,,,,,/,false,false,none,none,artifact,
chatbot.microsoft_teams_user_identity,chatbot.microsoft_teams_user_identity,chatbot,,,,,,/,false,false,none,none,artifact,
chatbot.slack_user_identity,chatbot.slack_user_identity,chatbot,,,,,,/,false,false,none,none,artifact,
chatbot.slack_workspace,chatbot.slack_workspace,chatbot,,,,,,/,false,false,none,none,artifact,
chatbot.tags_for_resource,chatbot.tags_for_resource,chatbot,,,,,,/,false,false,none,none,artifact,
chime.account_setting,chime.account_setting,chime,,,,,,/,false,false,none,none,artifact,
chime.app_instance_bot,chime.app_instance_bot,chime,AppInstanceBotArn,,,AppInstanceBotArn,,/,false,false,none,none,artifact,
chime.app_instance_user,chime.app_instance_user,chime,AppInstanceUserArn,,,AppInstanceUserArn,,/,false,false,none,none,artifact,
chime.supported_phone_number_country,chime.supported_phone_number_country,chime,,,,,,/,false,false,none,none,artifact,
chime-sdk-identity.tags_for_resource,chime-sdk-identity.tags_for_resource,chime-sdk-identity,,,,,,/,false,false,none,none,artifact,
chime-sdk-media-pipelines.tags_for_resource,chime-sdk-media-pipelines.tags_for_resource,chime-sdk-media-pipelines,,,,,,/,false,false,none,none,artifact,
chime-sdk-meetings.tags_for_resource,chime-sdk-meetings.tags_for_resource,chime-sdk-meetings,,,,,,/,false,false,none,none,artifact,
chime-sdk-messaging.tags_for_resource,chime-sdk-messaging.tags_for_resource,chime-sdk-messaging,,,,,,/,false,false,none,none,artifact,
chime-sdk-voice.supported_phone_number_country,chime-sdk-voice.supported_phone_number_country,chime-sdk-voice,,,,,,/,false,false,none,none,artifact,
chime-sdk-voice.tags_for_resource,chime-sdk-voice.tags_for_resource,chime-sdk-voice,,,,,,/,false,false,none,none,artifact,
chime-sdk-voice.voice_connector_external_systems_configuration,chime-sdk-voice.voice_connector_external_systems_configuration,chime-sdk-voice,,,,,,/,false,false,none,none,artifact,
cleanrooms.configured_table_association_analysis_rule,cleanrooms.configured_table_association_analysis_rule,cleanrooms,,,,,,/,false,false,none,none,artifact,
cleanrooms.intermediate_table,cleanrooms.intermediate_table,cleanrooms,IntermediateTableIdentifier,,,Arn,,/,false,false,none,none,artifact,
cleanrooms.tags_for_resource,cleanrooms.tags_for_resource,cleanrooms,,,,,,/,false,false,none,none,artifact,
cleanroomsml.ml_configuration,cleanroomsml.ml_configuration,cleanroomsml,,,,,,/,false,false,none,none,artifact,
cleanroomsml.tags_for_resource,cleanroomsml.tags_for_resource,cleanroomsml,,,,,,/,false,false,none,none,artifact,
cloud9.environment_ec2,cloud9.environment_ec2,cloud9,Id,,,Arn,,/,false,false,none,none,artifact,
cloud9.tags_for_resource,cloud9.tags_for_resource,cloud9,,,,,,/,false,false,none,none,artifact,
clouddirectory.facet_attribute,clouddirectory.facet_attribute,clouddirectory,Name,,,,,/,false,false,none,none,artifact,
clouddirectory.link_attribute,clouddirectory.link_attribute,clouddirectory,,,,,,/,false,false,none,none,artifact,
clouddirectory.object_attribute,clouddirectory.object_attribute,clouddirectory,,,,,,/,false,false,none,none,artifact,
clouddirectory.tags_for_resource,clouddirectory.tags_for_resource,clouddirectory,,,,,,/,false,false,none,none,artifact,
clouddirectory.typed_link_facet_attribute,clouddirectory.typed_link_facet_attribute,clouddirectory,Name,,,,,/,false,false,none,none,artifact,
cloudformation.custom_resource,cloudformation.custom_resource,cloudformation,Id,,,,,/,false,false,none,none,artifact,
cloudformation.guard_hook,cloudformation.guard_hook,cloudformation,HookArn,,,HookArn,,/,false,false,none,none,artifact,
cloudformation.hook_default_version,cloudformation.hook_default_version,cloudformation,Arn,,,Arn,,/,false,false,none,none,artifact,
cloudformation.hook_result,cloudformation.hook_result,cloudformation,,,,,,/,false,false,none,none,artifact,
cloudformation.hook_type_config,cloudformation.hook_type_config,cloudformation,ConfigurationArn,,,ConfigurationArn,,/,false,false,none,none,artifact,
cloudformation.hook_version,cloudformation.hook_version,cloudformation,Arn,,,Arn,,/,false,false,none,none,artifact,
cloudformation.lambda_hook,cloudformation.lambda_hook,cloudformation,HookArn,,,HookArn,,/,false,false,none,none,artifact,
cloudformation.macro,cloudformation.macro,cloudformation,Id,,,,,/,false,false,none,none,artifact,
cloudformation.module_default_version,cloudformation.module_default_version,cloudformation,Arn,,,Arn,,/,false,false,none,none,artifact,
cloudformation.module_version,cloudformation.module_version,cloudformation,Arn,,,Arn,,/,false,false,none,none,artifact,
cloudformation.public_type_version,cloudformation.public_type_version,cloudformation,PublicTypeArn,,,Arn,,/,false,false,none,none,artifact,
cloudformation.resource_default_version,cloudformation.resource_default_version,cloudformation,Arn,,,Arn,,/,false,false,none,none,artifact,
cloudformation.resource_version,cloudformation.resource_version,cloudformation,Arn,,,Arn,,/,false,false,none,none,artifact,
cloudformation.stack_event,cloudformation.stack_event,cloudformation,,,,,,/,false,false,none,none,artifact,
cloudformation.stack_resource,cloudformation.stack_resource,cloudformation,,,,,,/,false,false,none,none,artifact,
cloudformation.type_activation,cloudformation.type_activation,cloudformation,Arn,,,Arn,,/,false,false,none,none,artifact,
cloudformation.wait_condition,cloudformation.wait_condition,cloudformation,Id,,,,,/,false,false,none,none,artifact,
cloudformation.wait_condition_handle,cloudformation.wait_condition_handle,cloudformation,Id,,,,,/,false,false,none,none,artifact,
cloudfront.anycast_ip_list,cloudfront.anycast_ip_list,cloudfront,Id,,,,,/,false,false,none,none,artifact,
cloudfront.connection_group,cloudfront.connection_group,cloudfront,Id,,,Arn,,/,false,false,none,none,artifact,
cloudfront.distribution_tenant,cloudfront.distribution_tenant,cloudfront,Id,,,Arn,,/,false,false,none,none,artifact,
cloudfront.monitoring_subscription,cloudfront.monitoring_subscription,cloudfront,DistributionId,,,,,/,false,false,none,none,artifact,
cloudfront.trust_store,cloudfront.trust_store,cloudfront,Id,,,Arn,,/,false,false,none,none,artifact,
cloudfront.vpc_origin,cloudfront.vpc_origin,cloudfront,Id,,,Arn,,/,false,false,none,none,artifact,
cloudhsm.tags_for_resource,cloudhsm.tags_for_resource,cloudhsm,,,,,,/,false,false,none,none,artifact,
cloudhsmv2.resource_policy,cloudhsmv2.resource_policy,cloudhsmv2,,,,,,/,false,false,none,none,artifact,
cloudhsmv2.tag,cloudhsmv2.tag,cloudhsmv2,,,,,,/,false,false,none,none,artifact,
cloudtrail.insight_selector,cloudtrail.insight_selector,cloudtrail,,,,,,/,false,false,none,none,artifact,
cloudtrail.resource_policy,cloudtrail.resource_policy,cloudtrail,ResourceArn,,,ResourceArn,,/,false,false,none,none,artifact,
cloudwatch.alarm_history,cloudwatch.alarm_history,cloudwatch,,,,,,/,false,false,none,none,artifact,
cloudwatch.alarm_mute_rule,cloudwatch.alarm_mute_rule,cloudwatch,Arn,,,Arn,,/,false,false,none,none,artifact,
cloudwatch.log_alarm,cloudwatch.log_alarm,cloudwatch,AlarmName,,,Arn,,/,false,false,none,none,artifact,
cloudwatch.o_tel_enrichment,cloudwatch.o_tel_enrichment,cloudwatch,AccountId,,,,,/,false,false,none,none,artifact,
cloudwatch.tags_for_resource,cloudwatch.tags_for_resource,cloudwatch,,,,,,/,false,false,none,none,artifact,
codeartifact.package_group,codeartifact.package_group,codeartifact,Arn,,,Arn,,/,false,false,none,none,artifact,
codecommit.tags_for_resource,codecommit.tags_for_resource,codecommit,,,,,,/,false,false,none,none,artifact,
codeconnections.host,codeconnections.host,codeconnections,,,,,,/,false,false,none,none,artifact,
codeconnections.repository_sync_definition,codeconnections.repository_sync_definition,codeconnections,,,,,,/,false,false,none,none,artifact,
codeconnections.repository_sync_status,codeconnections.repository_sync_status,codeconnections,,,,,,/,false,false,none,none,artifact,
codeconnections.resource_sync_status,codeconnections.resource_sync_status,codeconnections,,,,,,/,false,false,none,none,artifact,
codeconnections.sync_blocker_summary,codeconnections.sync_blocker_summary,codeconnections,,,,,,/,false,false,none,none,artifact,
codeconnections.sync_configuration,codeconnections.sync_configuration,codeconnections,,,,,,/,false,false,none,none,artifact,
codeconnections.tags_for_resource,codeconnections.tags_for_resource,codeconnections,,,,,,/,false,false,none,none,artifact,
codedeploy.git_hub_account_token_name,codedeploy.git_hub_account_token_name,codedeploy,,,,,,/,false,false,none,none,artifact,
codedeploy.tags_for_resource,codedeploy.tags_for_resource,codedeploy,,,,,,/,false,false,none,none,artifact,
codeguru-reviewer.recommendation,codeguru-reviewer.recommendation,codeguru-reviewer,RecommendationId,,,,,/,false,false,none,none,artifact,
codeguru-reviewer.tags_for_resource,codeguru-reviewer.tags_for_resource,codeguru-reviewer,,,,,,/,false,false,none,none,artifact,
codeguru-security.account_configuration,codeguru-security.account_configuration,codeguru-security,,,,,,/,false,false,none,none,artifact,
codeguru-security.metrics_summary,codeguru-security.metrics_summary,codeguru-security,,,,,,/,false,false,none,none,artifact,
codeguru-security.tags_for_resource,codeguru-security.tags_for_resource,codeguru-security,,,,,,/,false,false,none,none,artifact,
codeguruprofiler.findings_report,codeguruprofiler.findings_report,codeguruprofiler,id,,,,,/,false,false,none,none,artifact,
codeguruprofiler.findings_report_account_summary,codeguruprofiler.findings_report_account_summary,codeguruprofiler,id,,,,,/,false,false,none,none,artifact,
codeguruprofiler.recommendation,codeguruprofiler.recommendation,codeguruprofiler,,,,,,/,false,false,none,none,artifact,
codeguruprofiler.tags_for_resource,codeguruprofiler.tags_for_resource,codeguruprofiler,,,,,,/,false,false,none,none,artifact,
codepipeline.custom_action_type,codepipeline.custom_action_type,codepipeline,Category,,,,,/,false,false,none,none,artifact,
codepipeline.tags_for_resource,codepipeline.tags_for_resource,codepipeline,,,,,,/,false,false,none,none,artifact,
codestar.git_hub_repository,codestar.git_hub_repository,codestar,Id,,,,,/,false,false,none,none,artifact,
codestar-connections.sync_blocker_summary,codestar-connections.sync_blocker_summary,codestar-connections,,,,,,/,false,false,none,none,artifact,
codestar-connections.tags_for_resource,codestar-connections.tags_for_resource,codestar-connections,,,,,,/,false,false,none,none,artifact,
codestar-notifications.event_type,codestar-notifications.event_type,codestar-notifications,EventTypeId,,,,event-type,/,false,false,none,none,artifact,
codestar-notifications.tags_for_resource,codestar-notifications.tags_for_resource,codestar-notifications,,,,,,/,false,false,none,none,artifact,
codestar-notifications.target,codestar-notifications.target,codestar-notifications,,,,,,/,false,false,none,none,artifact,
codestar-connections.connection,codestar-connections.connection,codestarconnections,ConnectionArn,,,ConnectionArn,,/,false,false,none,none,artifact,
codestar-connections.repository_link,codestar-connections.repository_link,codestarconnections,RepositoryLinkArn,,,RepositoryLinkArn,,/,false,false,none,none,artifact,
codestar-connections.sync_configuration,codestar-connections.sync_configuration,codestarconnections,ResourceName,,,,,/,false,false,none,none,artifact,
codestar-notifications.notification_rule,codestar-notifications.notification_rule,codestarnotifications,Arn,,,Arn,,/,false,false,none,none,artifact,
cognito-identity.identity_pool_principal_tag,cognito-identity.identity_pool_principal_tag,cognito-identity,IdentityPoolId,,,,,/,false,false,none,none,artifact,
cognito-identity.identity_pool_role_attachment,cognito-identity.identity_pool_role_attachment,cognito-identity,Id,,,,,/,false,false,none,none,artifact,
cognito-identity.log_delivery_configuration,cognito-identity.log_delivery_configuration,cognito-identity,Id,,,,,/,false,false,none,none,artifact,
cognito-identity.managed_login_branding,cognito-identity.managed_login_branding,cognito-identity,UserPoolId,,,,,/,false,false,none,none,artifact,
cognito-identity.tags_for_resource,cognito-identity.tags_for_resource,cognito-identity,,,,,,/,false,false,none,none,artifact,
cognito-identity.terms,cognito-identity.terms,cognito-identity,UserPoolId,,,,,/,false,false,none,none,artifact,
cognito-identity.user_pool_client,cognito-identity.user_pool_client,cognito-identity,UserPoolId,,,,,/,false,false,none,none,artifact,
cognito-identity.user_pool_domain,cognito-identity.user_pool_domain,cognito-identity,UserPoolId,,,,,/,false,false,none,none,artifact,
cognito-identity.user_pool_group,cognito-identity.user_pool_group,cognito-identity,UserPoolId,,,,,/,false,false,none,none,artifact,
cognito-identity.user_pool_identity_provider,cognito-identity.user_pool_identity_provider,cognito-identity,UserPoolId,,,,,/,false,false,none,none,artifact,
cognito-identity.user_pool_regional_configuration_attachment,cognito-identity.user_pool_regional_configuration_attachment,cognito-identity,UserPoolId,,,,,/,false,false,none,none,artifact,
cognito-identity.user_pool_replica,cognito-identity.user_pool_replica,cognito-identity,UserPoolId,,,,,/,false,false,none,none,artifact,
cognito-identity.user_pool_resource_server,cognito-identity.user_pool_resource_server,cognito-identity,UserPoolId,,,,,/,false,false,none,none,artifact,
cognito-identity.user_pool_risk_configuration_attachment,cognito-identity.user_pool_risk_configuration_attachment,cognito-identity,UserPoolId,,,,,/,false,false,none,none,artifact,
cognito-identity.user_pool_ui_customization_attachment,cognito-identity.user_pool_ui_customization_attachment,cognito-identity,UserPoolId,,,,,/,false,false,none,none,artifact,
cognito-identity.user_pool_user,cognito-identity.user_pool_user,cognito-identity,UserPoolId,,,,,/,false,false,none,none,artifact,
cognito-identity.user_pool_user_to_group_attachment,cognito-identity.user_pool_user_to_group_attachment,cognito-identity,UserPoolId,,,,,/,false,false,none,none,artifact,
cognito-idp.managed_login_branding_by_client,cognito-idp.managed_login_branding_by_client,cognito-idp,,,,,,/,false,false,none,none,artifact,
cognito-idp.tags_for_resource,cognito-idp.tags_for_resource,cognito-idp,,,,,,/,false,false,none,none,artifact,
cognito-idp.term,cognito-idp.term,cognito-idp,,,,,,/,false,false,none,none,artifact,
cognito-idp.tokens_from_refresh_token,cognito-idp.tokens_from_refresh_token,cognito-idp,,,,,,/,false,false,none,none,artifact,
cognito-idp.user_auth_factor,cognito-idp.user_auth_factor,cognito-idp,,,,,,/,false,false,none,none,artifact,
cognito-idp.web_authn_credential,cognito-idp.web_authn_credential,cognito-idp,,,,,,/,false,false,none,none,artifact,
cognito-sync.identity_pool_usage,cognito-sync.identity_pool_usage,cognito-sync,,,,,,/,false,false,none,none,artifact,
cognito-sync.identity_usage,cognito-sync.identity_usage,cognito-sync,,,,,,/,false,false,none,none,artifact,
comprehend.document_classification_job,comprehend.document_classification_job,comprehend,,,,,,/,false,false,none,none,artifact,
comprehend.document_classifier_summary,comprehend.document_classifier_summary,comprehend,,,,,,/,false,false,none,none,artifact,
comprehend.dominant_language_detection_job,comprehend.dominant_language_detection_job,comprehend,,,,,,/,false,false,none,none,artifact,
comprehend.entities_detection_job,comprehend.entities_detection_job,comprehend,,,,,,/,false,false,none,none,artifact,
comprehend.entity_recognizer_summary,comprehend.entity_recognizer_summary,comprehend,,,,,,/,false,false,none,none,artifact,
comprehend.events_detection_job,comprehend.events_detection_job,comprehend,,,,,,/,false,false,none,none,artifact,
comprehend.key_phrases_detection_job,comprehend.key_phrases_detection_job,comprehend,,,,,,/,false,false,none,none,artifact,
comprehend.pii_entities_detection_job,comprehend.pii_entities_detection_job,comprehend,,,,,,/,false,false,none,none,artifact,
comprehend.sentiment_detection_job,comprehend.sentiment_detection_job,comprehend,,,,,,/,false,false,none,none,artifact,
comprehend.tags_for_resource,comprehend.tags_for_resource,comprehend,,,,,,/,false,false,none,none,artifact,
comprehend.targeted_sentiment_detection_job,comprehend.targeted_sentiment_detection_job,comprehend,,,,,,/,false,false,none,none,artifact,
comprehend.topics_detection_job,comprehend.topics_detection_job,comprehend,,,,,,/,false,false,none,none,artifact,
compute-optimizer.auto_scaling_group_recommendation,compute-optimizer.auto_scaling_group_recommendation,compute-optimizer,,,,,,/,false,false,none,none,artifact,
compute-optimizer.ebs_volume_recommendation,compute-optimizer.ebs_volume_recommendation,compute-optimizer,,,,,,/,false,false,none,none,artifact,
compute-optimizer.ec2_instance_recommendation,compute-optimizer.ec2_instance_recommendation,compute-optimizer,,,,,,/,false,false,none,none,artifact,
compute-optimizer.ecs_service_recommendation,compute-optimizer.ecs_service_recommendation,compute-optimizer,,,,,,/,false,false,none,none,artifact,
compute-optimizer.enrollment_statuses_for_organization,compute-optimizer.enrollment_statuses_for_organization,compute-optimizer,,,,,,/,false,false,none,none,artifact,
compute-optimizer.idle_recommendation,compute-optimizer.idle_recommendation,compute-optimizer,,,,,,/,false,false,none,none,artifact,
compute-optimizer.lambda_function_recommendation,compute-optimizer.lambda_function_recommendation,compute-optimizer,,,,,,/,false,false,none,none,artifact,
compute-optimizer.license_recommendation,compute-optimizer.license_recommendation,compute-optimizer,,,,,,/,false,false,none,none,artifact,
compute-optimizer.rds_database_recommendation,compute-optimizer.rds_database_recommendation,compute-optimizer,,,,,,/,false,false,none,none,artifact,
compute-optimizer.rds_database_recommendation_projected_metric,compute-optimizer.rds_database_recommendation_projected_metric,compute-optimizer,,,,,,/,false,false,none,none,artifact,
compute-optimizer.recommendation_export_job,compute-optimizer.recommendation_export_job,compute-optimizer,,,,,,/,false,false,none,none,artifact,
compute-optimizer.recommendation_summary,compute-optimizer.recommendation_summary,compute-optimizer,,,,,,/,false,false,none,none,artifact,
compute-optimizer-automation.automation_event,compute-optimizer-automation.automation_event,compute-optimizer-automation,,,,,,/,false,false,none,none,artifact,
compute-optimizer-automation.automation_event_step,compute-optimizer-automation.automation_event_step,compute-optimizer-automation,,,,,,/,false,false,none,none,artifact,
compute-optimizer-automation.automation_event_summary,compute-optimizer-automation.automation_event_summary,compute-optimizer-automation,,,,,,/,false,false,none,none,artifact,
compute-optimizer-automation.automation_rule_preview,compute-optimizer-automation.automation_rule_preview,compute-optimizer-automation,,,,,,/,false,false,none,none,artifact,
compute-optimizer-automation.automation_rule_preview_summary,compute-optimizer-automation.automation_rule_preview_summary,compute-optimizer-automation,,,,,,/,false,false,none,none,artifact,
compute-optimizer-automation.enrollment_configuration,compute-optimizer-automation.enrollment_configuration,compute-optimizer-automation,,,,,,/,false,false,none,none,artifact,
compute-optimizer-automation.recommended_action_summary,compute-optimizer-automation.recommended_action_summary,compute-optimizer-automation,,,,,,/,false,false,none,none,artifact,
compute-optimizer-automation.tags_for_resource,compute-optimizer-automation.tags_for_resource,compute-optimizer-automation,,,,,,/,false,false,none,none,artifact,
compute-optimizer.automation_rule,compute-optimizer.automation_rule,computeoptimizer,RuleArn,,,RuleArn,,/,false,false,none,none,artifact,
config.config_rule_evaluation_status,config.config_rule_evaluation_status,config,,,,,,/,false,false,none,none,artifact,
config.conformance_pack_status,config.conformance_pack_status,config,,,,,,/,false,false,none,none,artifact,
config.connector,config.connector,config,Arn,,,Arn,,/,false,false,none,none,artifact,
connect.analytics_data_lake_data_set,connect.analytics_data_lake_data_set,connect,,,,,,/,false,false,none,none,artifact,
connect.associated_contact,connect.associated_contact,connect,,,,,,/,false,false,none,none,artifact,
connect.attached_file,connect.attached_file,connect,,,,,,/,false,false,none,none,artifact,
connect.contact_attribute,connect.contact_attribute,connect,,,,,,/,false,false,none,none,artifact,
connect.data_lake_association,connect.data_lake_association,connect,InstanceId,,,ResourceShareArn,,/,false,false,none,none,artifact,
connect.data_table,connect.data_table,connect,InstanceArn,,,Arn,,/,false,false,none,none,artifact,
connect.data_table_attribute,connect.data_table_attribute,connect,InstanceArn,,,,,/,false,false,none,none,artifact,
connect.data_table_record,connect.data_table_record,connect,InstanceArn,,,,,/,false,false,none,none,artifact,
connect.effective_hours_of_operation,connect.effective_hours_of_operation,connect,,,,,,/,false,false,none,none,artifact,
connect.instance_attribute,connect.instance_attribute,connect,,,,,,/,false,false,none,none,artifact,
connect.notification,connect.notification,connect,Arn,,,Arn,,/,false,false,none,none,artifact,
connect.phone_numbers_v2,connect.phone_numbers_v2,connect,,,,,,/,false,false,none,none,artifact,
connect.predefined_attribute,connect.predefined_attribute,connect,InstanceArn,,,,,/,false,false,none,none,artifact,
connect.routing_profile_manual_assignment_queue,connect.routing_profile_manual_assignment_queue,connect,,,,,,/,false,false,none,none,artifact,
connect.search_agent_status,connect.search_agent_status,connect,,,,,,/,false,false,none,none,artifact,
connect.search_contact_evaluation,connect.search_contact_evaluation,connect,,,,,,/,false,false,none,none,artifact,
connect.search_contact_flow,connect.search_contact_flow,connect,,,,,,/,false,false,none,none,artifact,
connect.search_contact_flow_module,connect.search_contact_flow_module,connect,,,,,,/,false,false,none,none,artifact,
connect.search_email_address,connect.search_email_address,connect,,,,,,/,false,false,none,none,artifact,
connect.search_evaluation_form,connect.search_evaluation_form,connect,,,,,,/,false,false,none,none,artifact,
connect.search_hours_of_operation_override,connect.search_hours_of_operation_override,connect,,,,,,/,false,false,none,none,artifact,
connect.search_predefined_attribute,connect.search_predefined_attribute,connect,,,,,,/,false,false,none,none,artifact,
connect.search_user_hierarchy_group,connect.search_user_hierarchy_group,connect,,,,,,/,false,false,none,none,artifact,
connect.security_profile_permission,connect.security_profile_permission,connect,,,,,,/,false,false,none,none,artifact,
connect.tags_for_resource,connect.tags_for_resource,connect,,,,,,/,false,false,none,none,artifact,
connect.test_case,connect.test_case,connect,TestCaseArn,,,TestCaseArn,,/,false,false,none,none,artifact,
connect.workspace,connect.workspace,connect,Arn,,,Arn,,/,false,false,none,none,artifact,
connectcampaigns.tags_for_resource,connectcampaigns.tags_for_resource,connectcampaigns,,,,,,/,false,false,none,none,artifact,
connectcampaignsv2.campaign_state,connectcampaignsv2.campaign_state,connectcampaignsv2,,,,,,/,false,false,none,none,artifact,
connectcampaignsv2.campaign_state_batch,connectcampaignsv2.campaign_state_batch,connectcampaignsv2,,,,,,/,false,false,none,none,artifact,
connectcampaignsv2.connect_instance_config,connectcampaignsv2.connect_instance_config,connectcampaignsv2,,,,,,/,false,false,none,none,artifact,
connectcampaignsv2.connect_instance_integration,connectcampaignsv2.connect_instance_integration,connectcampaignsv2,,,,,,/,false,false,none,none,artifact,
connectcampaignsv2.instance_communication_limit,connectcampaignsv2.instance_communication_limit,connectcampaignsv2,,,,,,/,false,false,none,none,artifact,
connectcampaignsv2.instance_onboarding_job_status,connectcampaignsv2.instance_onboarding_job_status,connectcampaignsv2,,,,,,/,false,false,none,none,artifact,
connectcampaignsv2.tags_for_resource,connectcampaignsv2.tags_for_resource,connectcampaignsv2,,,,,,/,false,false,none,none,artifact,
connectcases.tags_for_resource,connectcases.tags_for_resource,connectcases,,,,,,/,false,false,none,none,artifact,
connectparticipant.authentication_url,connectparticipant.authentication_url,connectparticipant,,,,,,/,false,false,none,none,artifact,
controlcatalog.control_mapping,controlcatalog.control_mapping,controlcatalog,,,,,,/,false,false,none,none,artifact,
controltower.control_operation,controltower.control_operation,controltower,,,,,,/,false,false,none,none,artifact,
cost-optimization-hub.efficiency_metric,cost-optimization-hub.efficiency_metric,cost-optimization-hub,,,,,,/,false,false,none,none,artifact,
cost-optimization-hub.enrollment_status,cost-optimization-hub.enrollment_status,cost-optimization-hub,,,,,,/,false,false,none,none,artifact,
cost-optimization-hub.recommendation,cost-optimization-hub.recommendation,cost-optimization-hub,recommendationId,,,,,/,false,false,none,none,artifact,
cost-optimization-hub.recommendation_summary,cost-optimization-hub.recommendation_summary,cost-optimization-hub,,,,,,/,false,false,none,none,artifact,
costexplorer.anomaly_monitor,costexplorer.anomaly_monitor,costexplorer,,,,,,/,false,false,none,none,artifact,
costexplorer.anomaly_subscription,costexplorer.anomaly_subscription,costexplorer,,,,,,/,false,false,none,none,artifact,
costexplorer.cost_allocation_tag,costexplorer.cost_allocation_tag,costexplorer,,,,,,/,false,false,none,none,artifact,
cur.tags_for_resource,cur.tags_for_resource,cur,,,,,,/,false,false,none,none,artifact,
customer-profiles.auto_merging_preview,customer-profiles.auto_merging_preview,customer-profiles,,,,,,/,false,false,none,none,artifact,
customer-profiles.domain_layout,customer-profiles.domain_layout,customer-profiles,,,,,,/,false,false,none,none,artifact,
customer-profiles.object_type_attribute,customer-profiles.object_type_attribute,customer-profiles,,,,,,/,false,false,none,none,artifact,
customer-profiles.profile_attribute_value,customer-profiles.profile_attribute_value,customer-profiles,,,,,,/,false,false,none,none,artifact,
customer-profiles.segment_estimate,customer-profiles.segment_estimate,customer-profiles,,,,,,/,false,false,none,none,artifact,
customer-profiles.segment_snapshot,customer-profiles.segment_snapshot,customer-profiles,,,,,,/,false,false,none,none,artifact,
customer-profiles.tags_for_resource,customer-profiles.tags_for_resource,customer-profiles,,,,,,/,false,false,none,none,artifact,
customer-profiles.upload_job,customer-profiles.upload_job,customer-profiles,,,,,,/,false,false,none,none,artifact,
customer-profiles.upload_job_path,customer-profiles.upload_job_path,customer-profiles,,,,,,/,false,false,none,none,artifact,
customer-profiles.calculated_attribute_definition,customer-profiles.calculated_attribute_definition,customerprofiles,DomainName,,,,,/,false,false,none,none,artifact,
customer-profiles.domain_object_type,customer-profiles.domain_object_type,customerprofiles,DomainName,,,,,/,false,false,none,none,artifact,
customer-profiles.event_stream,customer-profiles.event_stream,customerprofiles,DomainName,,,EventStreamArn,,/,false,false,none,none,artifact,
customer-profiles.event_trigger,customer-profiles.event_trigger,customerprofiles,DomainName,,,,,/,false,false,none,none,artifact,
customer-profiles.integration,customer-profiles.integration,customerprofiles,DomainName,,,,,/,false,false,none,none,artifact,
customer-profiles.object_type,customer-profiles.object_type,customerprofiles,DomainName,,,,,/,false,false,none,none,artifact,
customer-profiles.profile_object_type,customer-profiles.profile_object_type,customerprofiles,,,,,,/,false,false,none,none,artifact,
customer-profiles.recommender,customer-profiles.recommender,customerprofiles,DomainName,,,RecommenderArn,,/,false,false,none,none,artifact,
customer-profiles.segment_definition,customer-profiles.segment_definition,customerprofiles,DomainName,,,SegmentDefinitionArn,,/,false,false,none,none,artifact,
databrew.tags_for_resource,databrew.tags_for_resource,databrew,,,,,,/,false,false,none,none,artifact,
dataexchange.tags_for_resource,dataexchange.tags_for_resource,dataexchange,,,,,,/,false,false,none,none,artifact,
datasync.location_azure_blob,datasync.location_azure_blob,datasync,LocationArn,,,LocationArn,,/,false,false,none,none,artifact,
datasync.location_efs,datasync.location_efs,datasync,LocationArn,,,LocationArn,,/,false,false,none,none,artifact,
datasync.location_f_sx_lustre,datasync.location_f_sx_lustre,datasync,LocationArn,,,LocationArn,,/,false,false,none,none,artifact,
datasync.location_f_sx_ontap,datasync.location_f_sx_ontap,datasync,LocationArn,,,LocationArn,,/,false,false,none,none,artifact,
datasync.location_f_sx_open_zfs,datasync.location_f_sx_open_zfs,datasync,LocationArn,,,LocationArn,,/,false,false,none,none,artifact,
datasync.location_f_sx_windows,datasync.location_f_sx_windows,datasync,LocationArn,,,LocationArn,,/,false,false,none,none,artifact,
datasync.location_hdfs,datasync.location_hdfs,datasync,LocationArn,,,LocationArn,,/,false,false,none,none,artifact,
datasync.location_nfs,datasync.location_nfs,datasync,LocationArn,,,LocationArn,,/,false,false,none,none,artifact,
datasync.location_object_storage,datasync.location_object_storage,datasync,LocationArn,,,LocationArn,,/,false,false,none,none,artifact,
datasync.location_s3,datasync.location_s3,datasync,LocationArn,,,LocationArn,,/,false,false,none,none,artifact,
datasync.location_smb,datasync.location_smb,datasync,LocationArn,,,LocationArn,,/,false,false,none,none,artifact,
datazone.account_pool,datazone.account_pool,datazone,,,,,,/,false,false,none,none,artifact,
datazone.accounts_in_account_pool,datazone.accounts_in_account_pool,datazone,,,,,,/,false,false,none,none,artifact,
datazone.data_product_revision,datazone.data_product_revision,datazone,,,,,,/,false,false,none,none,artifact,
datazone.environment_credential,datazone.environment_credential,datazone,,,,,,/,false,false,none,none,artifact,
datazone.tags_for_resource,datazone.tags_for_resource,datazone,,,,,,/,false,false,none,none,artifact,
dax.default_parameter,dax.default_parameter,dax,,,,,,/,false,false,none,none,artifact,
dax.event,dax.event,dax,,,,,,/,false,false,none,none,artifact,
dax.tag,dax.tag,dax,,,,,,/,false,false,none,none,artifact,
deadline.farm_member,deadline.farm_member,deadline,,,,,,/,false,false,none,none,artifact,
deadline.fleet_member,deadline.fleet_member,deadline,,,,,,/,false,false,none,none,artifact,
deadline.job_member,deadline.job_member,deadline,,,,,,/,false,false,none,none,artifact,
deadline.job_parameter_definition,deadline.job_parameter_definition,deadline,,,,,,/,false,false,none,none,artifact,
deadline.limit,deadline.limit,deadline,FarmId,,,,,/,false,false,none,none,artifact,
deadline.queue_member,deadline.queue_member,deadline,,,,,,/,false,false,none,none,artifact,
deadline.search_job,deadline.search_job,deadline,,,,,,/,false,false,none,none,artifact,
deadline.search_step,deadline.search_step,deadline,,,,,,/,false,false,none,none,artifact,
deadline.search_task,deadline.search_task,deadline,,,,,,/,false,false,none,none,artifact,
deadline.search_worker,deadline.search_worker,deadline,,,,,,/,false,false,none,none,artifact,
deadline.sessions_for_worker,deadline.sessions_for_worker,deadline,,,,,,/,false,false,none,none,artifact,
deadline.sessions_statistics_aggregation,deadline.sessions_statistics_aggregation,deadline,,,,,,/,false,false,none,none,artifact,
deadline.step_consumer,deadline.step_consumer,deadline,,,,,,/,false,false,none,none,artifact,
deadline.step_dependency,deadline.step_dependency,deadline,,,,,,/,false,false,none,none,artifact,
deadline.storage_profile_for_queue,deadline.storage_profile_for_queue,deadline,,,,,,/,false,false,none,none,artifact,
deadline.storage_profiles_for_queue,deadline.storage_profiles_for_queue,deadline,,,,,,/,false,false,none,none,artifact,
deadline.tags_for_resource,deadline.tags_for_resource,deadline,,,,,,/,false,false,none,none,artifact,
detective.invitation,detective.invitation,detective,,,,,,/,false,false,none,none,artifact,
detective.member_invitation,detective.member_invitation,detective,GraphArn,,,,,/,false,false,none,none,artifact,
detective.organization_admin,detective.organization_admin,detective,AccountId,,,GraphArn,,/,false,false,none,none,artifact,
devicefarm.account_setting,devicefarm.account_setting,devicefarm,,,,,,/,false,false,none,none,artifact,
devicefarm.device_pool_compatibility,devicefarm.device_pool_compatibility,devicefarm,,,,,,/,false,false,none,none,artifact,
devicefarm.offering,devicefarm.offering,devicefarm,id,,,,offering,/,false,false,none,none,artifact,
devicefarm.offering_promotion,devicefarm.offering_promotion,devicefarm,id,,,,offering-promotion,/,false,false,none,none,artifact,
devicefarm.offering_transaction,devicefarm.offering_transaction,devicefarm,,,,,,/,false,false,none,none,artifact,
devicefarm.tags_for_resource,devicefarm.tags_for_resource,devicefarm,,,,,,/,false,false,none,none,artifact,
devops-guru.anomalies_for_insight,devops-guru.anomalies_for_insight,devops-guru,,,,,,/,false,false,none,none,artifact,
devops-guru.anomaly,devops-guru.anomaly,devops-guru,Id,,,,,/,false,false,none,none,artifact,
devops-guru.cost_estimation,devops-guru.cost_estimation,devops-guru,,,,,,/,false,false,none,none,artifact,
devops-guru.insight,devops-guru.insight,devops-guru,Id,,,,,/,false,false,none,none,artifact,
devops-guru.notification_channel,devops-guru.notification_channel,devops-guru,,,,,,/,false,false,none,none,artifact,
devops-guru.organization_insight,devops-guru.organization_insight,devops-guru,,,,,,/,false,false,none,none,artifact,
devops-guru.recommendation,devops-guru.recommendation,devops-guru,,,,,,/,false,false,none,none,artifact,
devopsagent.agent_space,devopsagent.agent_space,devopsagent,AgentSpaceId,,,Arn,,/,false,false,none,none,artifact,
devopsagent.association,devopsagent.association,devopsagent,AgentSpaceId,,,,,/,false,false,none,none,artifact,
devopsagent.private_connection,devopsagent.private_connection,devopsagent,Name,,,Arn,,/,false,false,none,none,artifact,
devopsagent.service,devopsagent.service,devopsagent,ServiceId,,,Arn,,/,false,false,none,none,artifact,
devops-guru.log_anomaly_detection_integration,devops-guru.log_anomaly_detection_integration,devopsguru,AccountId,,,,,/,false,false,none,none,artifact,
devops-guru.resource_collection,devops-guru.resource_collection,devopsguru,ResourceCollectionType,,,,,/,false,false,none,none,artifact,
directconnect.private_virtual_interface,directconnect.private_virtual_interface,directconnect,VirtualInterfaceArn,,,VirtualInterfaceArn,,/,false,false,none,none,artifact,
directconnect.public_virtual_interface,directconnect.public_virtual_interface,directconnect,VirtualInterfaceArn,,,VirtualInterfaceArn,,/,false,false,none,none,artifact,
directconnect.transit_virtual_interface,directconnect.transit_virtual_interface,directconnect,VirtualInterfaceArn,,,VirtualInterfaceArn,,/,false,false,none,none,artifact,
directconnect.virtual_interface_test_history,directconnect.virtual_interface_test_history,directconnect,,,,,,/,false,false,none,none,artifact,
directoryservice.event_topic,directoryservice.event_topic,directoryservice,,,,,,/,false,false,none,none,artifact,
directoryservice.microsoft_ad,directoryservice.microsoft_ad,directoryservice,Id,,,,,/,false,false,none,none,artifact,
directoryservice.simple_ad,directoryservice.simple_ad,directoryservice,DirectoryId,,,,,/,false,false,none,none,artifact,
discovery.continuous_export,discovery.continuous_export,discovery,,,,,,/,false,false,none,none,artifact,
discovery.discovery_summary,discovery.discovery_summary,discovery,,,,,,/,false,false,none,none,artifact,
discovery.export_configuration,discovery.export_configuration,discovery,,,,,,/,false,false,none,none,artifact,
discovery.export_task,discovery.export_task,discovery,,,,,,/,false,false,none,none,artifact,
discovery.tag,discovery.tag,discovery,,,,,,/,false,false,none,none,artifact,
dlm.tags_for_resource,dlm.tags_for_resource,dlm,,,,,,/,false,false,none,none,artifact,
dms.replication,dms.replication,dms,,,,,,/,false,false,none,none,artifact,
dms.tags_for_resource,dms.tags_for_resource,dms,,,,,,/,false,false,none,none,artifact,
docdb.event,docdb.event,docdb,,,,,,/,false,false,none,none,artifact,
docdb-elastic.pending_maintenance_action,docdb-elastic.pending_maintenance_action,docdb-elastic,,,,,,/,false,false,none,none,artifact,
docdb-elastic.tags_for_resource,docdb-elastic.tags_for_resource,docdb-elastic,,,,,,/,false,false,none,none,artifact,
docdb-elastic.cluster,docdb-elastic.cluster,docdbelastic,ClusterArn,,,ClusterArn,,/,false,false,none,none,artifact,
ds.ad_assessment,ds.ad_assessment,ds,,,,,,/,false,false,none,none,artifact,
ds.ca_enrollment_policy,ds.ca_enrollment_policy,ds,,,,,,/,false,false,none,none,artifact,
ds.directory_data_access,ds.directory_data_access,ds,,,,,,/,false,false,none,none,artifact,
ds.directory_limit,ds.directory_limit,ds,,,,,,/,false,false,none,none,artifact,
ds.event_topic,ds.event_topic,ds,,,,,,/,false,false,none,none,artifact,
ds.hybrid_ad_update,ds.hybrid_ad_update,ds,,,,,,/,false,false,none,none,artifact,
ds.log_subscription,ds.log_subscription,ds,,,,,,/,false,false,none,none,artifact,
ds.snapshot_limit,ds.snapshot_limit,ds,,,,,,/,false,false,none,none,artifact,
ds.tags_for_resource,ds.tags_for_resource,ds,,,,,,/,false,false,none,none,artifact,
ds-data.group,ds-data.group,ds-data,,,,,,/,false,false,none,none,artifact,
ds-data.group_member,ds-data.group_member,ds-data,,,,,,/,false,false,none,none,artifact,
ds-data.groups_for_member,ds-data.groups_for_member,ds-data,,,,,,/,false,false,none,none,artifact,
ds-data.search_group,ds-data.search_group,ds-data,,,,,,/,false,false,none,none,artifact,
ds-data.search_user,ds-data.search_user,ds-data,,,,,,/,false,false,none,none,artifact,
ds-data.user,ds-data.user,ds-data,,,,,,/,false,false,none,none,artifact,
dsql.cluster_policy,dsql.cluster_policy,dsql,,,,,,/,false,false,none,none,artifact,
dsql.tags_for_resource,dsql.tags_for_resource,dsql,,,,,,/,false,false,none,none,artifact,
dsql.vpc_endpoint_service_name,dsql.vpc_endpoint_service_name,dsql,,,,,,/,false,false,none,none,artifact,
ebs.fast_snapshot_restore,ebs.fast_snapshot_restore,ebs,,,,,,/,false,false,none,none,artifact,
ec2.active_vpn_tunnel_status,ec2.active_vpn_tunnel_status,ec2,,,,,,/,false,false,none,none,artifact,
ec2.address_transfer,ec2.address_transfer,ec2,,,,,,/,false,false,none,none,artifact,
ec2.capacity_manager_data_export,ec2.capacity_manager_data_export,ec2,CapacityManagerDataExportId,,,,,/,false,false,none,none,artifact,
ec2.classic_link_instance,ec2.classic_link_instance,ec2,,,,,,/,false,false,none,none,artifact,
ec2.client_vpn_authorization_rule,ec2.client_vpn_authorization_rule,ec2,Id,,,,,/,false,false,none,none,artifact,
ec2.client_vpn_route,ec2.client_vpn_route,ec2,Id,,,,,/,false,false,none,none,artifact,
ec2.client_vpn_target_network_association,ec2.client_vpn_target_network_association,ec2,Id,,,,,/,false,false,none,none,artifact,
ec2.coip_pool,ec2.coip_pool,ec2,,,,,,/,false,false,none,none,artifact,
ec2.ec2_fleet,ec2.ec2_fleet,ec2,FleetId,,,,,/,false,false,none,none,artifact,
ec2.eip_association,ec2.eip_association,ec2,Id,,,,,/,false,false,none,none,artifact,
ec2.enabled_ipam_policy,ec2.enabled_ipam_policy,ec2,,,,,,/,false,false,none,none,artifact,
ec2.enclave_certificate_iam_role_association,ec2.enclave_certificate_iam_role_association,ec2,CertificateArn,,,,,/,false,false,none,none,artifact,
ec2.gateway_route_table_association,ec2.gateway_route_table_association,ec2,GatewayId,,,,,/,false,false,none,none,artifact,
ec2.import_image_task,ec2.import_image_task,ec2,,,,,,/,false,false,none,none,artifact,
ec2.instance_image_metadata,ec2.instance_image_metadata,ec2,,,,,,/,false,false,none,none,artifact,
ec2.instance_status,ec2.instance_status,ec2,,,,,,/,false,false,none,none,artifact,
ec2.ip_pool_route_table_association,ec2.ip_pool_route_table_association,ec2,AssociationId,,,,,/,false,false,none,none,artifact,
ec2.ipam_allocation,ec2.ipam_allocation,ec2,IpamPoolId,,,,,/,false,false,none,none,artifact,
ec2.ipam_pool_cidr,ec2.ipam_pool_cidr,ec2,IpamPoolId,,,,,/,false,false,none,none,artifact,
ec2.ipv6_pool,ec2.ipv6_pool,ec2,,,,,,/,false,false,none,none,artifact,
ec2.launch_template_version,ec2.launch_template_version,ec2,,,,,,/,false,false,none,none,artifact,
ec2.local_gateway_route,ec2.local_gateway_route,ec2,DestinationCidrBlock,,,,,/,false,false,none,none,artifact,
ec2.network_acl_entry,ec2.network_acl_entry,ec2,Id,,,,,/,false,false,none,none,artifact,
ec2.network_insights_access_scope_analys,ec2.network_insights_access_scope_analys,ec2,,,,,,/,false,false,none,none,artifact,
ec2.network_insights_access_scope_analysis,ec2.network_insights_access_scope_analysis,ec2,NetworkInsightsAccessScopeAnalysisId,,,NetworkInsightsAccessScopeAnalysisArn,,/,false,false,none,none,artifact,
ec2.network_insights_analys,ec2.network_insights_analys,ec2,,,,,,/,false,false,none,none,artifact,
ec2.network_insights_analysis,ec2.network_insights_analysis,ec2,NetworkInsightsAnalysisId,,,NetworkInsightsAnalysisArn,,/,false,false,none,none,artifact,
ec2.network_interface_attachment,ec2.network_interface_attachment,ec2,AttachmentId,,,,,/,false,false,none,none,artifact,
ec2.network_interface_permission,ec2.network_interface_permission,ec2,Id,,,,,/,false,false,none,none,artifact,
ec2.network_performance_metric_subscription,ec2.network_performance_metric_subscription,ec2,Source,,,,,/,false,false,none,none,artifact,
ec2.public_ipv4_pool,ec2.public_ipv4_pool,ec2,,,,,,/,false,false,none,none,artifact,
ec2.route,ec2.route,ec2,RouteTableId,,,,,/,false,false,none,none,artifact,
ec2.route_server,ec2.route_server,ec2,Id,,,Arn,,/,false,false,none,none,artifact,
ec2.route_server_association,ec2.route_server_association,ec2,RouteServerId,,,,,/,false,false,none,none,artifact,
ec2.route_server_endpoint,ec2.route_server_endpoint,ec2,Id,,,Arn,,/,false,false,none,none,artifact,
ec2.route_server_peer,ec2.route_server_peer,ec2,Id,,,Arn,,/,false,false,none,none,artifact,
ec2.route_server_propagation,ec2.route_server_propagation,ec2,RouteServerId,,,,,/,false,false,none,none,artifact,
ec2.security_group_egress,ec2.security_group_egress,ec2,Id,,,,,/,false,false,none,none,artifact,
ec2.security_group_ingress,ec2.security_group_ingress,ec2,Id,,,,,/,false,false,none,none,artifact,
ec2.snapshot_attribute,ec2.snapshot_attribute,ec2,,,,,,/,false,false,none,none,artifact,
ec2.snapshot_block_public_access,ec2.snapshot_block_public_access,ec2,AccountId,,,,,/,false,false,none,none,artifact,
ec2.snapshots_in_recycle_bin,ec2.snapshots_in_recycle_bin,ec2,,,,,,/,false,false,none,none,artifact,
ec2-spot-fleet-request,ec2.spot_fleet,ec2,SpotFleetRequestId,SpotFleetRequestId,sfr-,,spot-fleet-request,/,false,false,none,none,artifact,
ec2.sql_ha_standby_detected_instance,ec2.sql_ha_standby_detected_instance,ec2,InstanceId,,,,,/,false,false,none,none,artifact,
ec2.subnet_cidr_block,ec2.subnet_cidr_block,ec2,Id,,,,,/,false,false,none,none,artifact,
ec2.subnet_network_acl_association,ec2.subnet_network_acl_association,ec2,AssociationId,,,,,/,false,false,none,none,artifact,
ec2.subnet_route_table_association,ec2.subnet_route_table_association,ec2,Id,,,,,/,false,false,none,none,artifact,
ec2.traffic_mirror_filter_rule,ec2.traffic_mirror_filter_rule,ec2,TrafficMirrorFilterRuleId,,,,,/,false,false,none,none,artifact,
ec2.transit_gateway_metering_policy,ec2.transit_gateway_metering_policy,ec2,TransitGatewayMeteringPolicyId,,,,,/,false,false,none,none,artifact,
ec2.transit_gateway_metering_policy_entry,ec2.transit_gateway_metering_policy_entry,ec2,TransitGatewayMeteringPolicyId,,,,,/,false,false,none,none,artifact,
ec2.transit_gateway_multicast_domain_association,ec2.transit_gateway_multicast_domain_association,ec2,TransitGatewayMulticastDomainId,,,,,/,false,false,none,none,artifact,
ec2.transit_gateway_multicast_group_member,ec2.transit_gateway_multicast_group_member,ec2,TransitGatewayMulticastDomainId,,,,,/,false,false,none,none,artifact,
ec2.transit_gateway_multicast_group_source,ec2.transit_gateway_multicast_group_source,ec2,TransitGatewayMulticastDomainId,,,,,/,false,false,none,none,artifact,
ec2.transit_gateway_policy_table_association,ec2.transit_gateway_policy_table_association,ec2,TransitGatewayPolicyTableId,,,,,/,false,false,none,none,artifact,
ec2.transit_gateway_policy_table_entry,ec2.transit_gateway_policy_table_entry,ec2,TransitGatewayPolicyTableId,,,,,/,false,false,none,none,artifact,
ec2.transit_gateway_route,ec2.transit_gateway_route,ec2,TransitGatewayRouteTableId,,,,,/,false,false,none,none,artifact,
ec2.transit_gateway_route_table_association,ec2.transit_gateway_route_table_association,ec2,TransitGatewayRouteTableId,,,,,/,false,false,none,none,artifact,
ec2.transit_gateway_route_table_propagation,ec2.transit_gateway_route_table_propagation,ec2,TransitGatewayRouteTableId,,,,,/,false,false,none,none,artifact,
ec2.volume_attachment,ec2.volume_attachment,ec2,VolumeId,,,,,/,false,false,none,none,artifact,
ec2.volume_status,ec2.volume_status,ec2,,,,,,/,false,false,none,none,artifact,
ec2.volumes_in_recycle_bin,ec2.volumes_in_recycle_bin,ec2,,,,,,/,false,false,none,none,artifact,
ec2.vpc_cidr_block,ec2.vpc_cidr_block,ec2,Id,,,,,/,false,false,none,none,artifact,
ec2.vpc_encryption_control,ec2.vpc_encryption_control,ec2,VpcEncryptionControlId,,,,,/,false,false,none,none,artifact,
ec2.vpc_endpoint_service_configuration,ec2.vpc_endpoint_service_configuration,ec2,,,,,,/,false,false,none,none,artifact,
ec2.vpc_endpoint_service_permissions,ec2.vpc_endpoint_service_permissions,ec2,ServiceId,,,,,/,false,false,none,none,artifact,
ec2.vpc_gateway_attachment,ec2.vpc_gateway_attachment,ec2,AttachmentType,,,,,/,false,false,none,none,artifact,
ec2.vpcdhcp_options_association,ec2.vpcdhcp_options_association,ec2,DhcpOptionsId,,,,,/,false,false,none,none,artifact,
ec2.vpn_concentrator,ec2.vpn_concentrator,ec2,VpnConcentratorId,,,,,/,false,false,none,none,artifact,
ec2.vpn_connection_route,ec2.vpn_connection_route,ec2,DestinationCidrBlock,,,,,/,false,false,none,none,artifact,
ec2.vpn_gateway_route_propagation,ec2.vpn_gateway_route_propagation,ec2,Id,,,,,/,false,false,none,none,artifact,
ecr-image,ecr.ecr_image,ecr,imageDigest,repositoryName,,imageArn,repository,/,false,false,none,none,artifact,
ecr.public_repository,ecr.public_repository,ecr,RepositoryName,,,Arn,,/,false,false,none,none,artifact,
ecr.pull_time_update_exclusion,ecr.pull_time_update_exclusion,ecr,PrincipalArn,,,,,/,false,false,none,none,artifact,
ecr.replication_configuration,ecr.replication_configuration,ecr,RegistryId,,,,,/,false,false,none,none,artifact,
ecr.signing_configuration,ecr.signing_configuration,ecr,RegistryId,,,,,/,false,false,none,none,artifact,
ecr-public.image_tag,ecr-public.image_tag,ecr-public,,,,,,/,false,false,none,none,artifact,
ecr-public.tags_for_resource,ecr-public.tags_for_resource,ecr-public,,,,,,/,false,false,none,none,artifact,
ecs.account_setting,ecs.account_setting,ecs,name,,,,,/,false,false,none,none,artifact,
ecs.cluster_capacity_provider_associations,ecs.cluster_capacity_provider_associations,ecs,Cluster,,,,,/,false,false,none,none,artifact,
ecs.daemon,ecs.daemon,ecs,DaemonArn,,,DaemonArn,,/,false,false,none,none,artifact,
ecs.daemon_task_definition,ecs.daemon_task_definition,ecs,DaemonTaskDefinitionArn,,,DaemonTaskDefinitionArn,,/,false,false,none,none,artifact,
ecs-container-instance,ecs.ecs_container_instance,ecs,containerInstanceArn,containerInstanceArn,,containerInstanceArn,,/,false,false,none,none,artifact,
ecs.express_gateway_service,ecs.express_gateway_service,ecs,ServiceArn,,,ServiceArn,,/,false,false,none,none,artifact,
ecs.primary_task_set,ecs.primary_task_set,ecs,Cluster,,,,,/,false,false,none,none,artifact,
ecs-task,ecs.task_set,ecs,taskArn,taskArn,,taskArn,task,/,false,false,none,none,artifact,
edr.cas,edr.cas,edr,,,,,,/,false,false,none,none,artifact,
efs.account_preference,efs.account_preference,efs,,,,,,/,false,false,none,none,artifact,
efs.replication_configuration,efs.replication_configuration,efs,,,,,,/,false,false,none,none,artifact,
efs.tag,efs.tag,efs,,,,,,/,false,false,none,none,artifact,
efs.tags_for_resource,efs.tags_for_resource,efs,,,,,,/,false,false,none,none,artifact,
eip.address,eip.address,eip,,,,,,/,false,false,none,none,artifact,
eks.access_policy,eks.access_policy,eks,arn,,,arn,,/,false,false,none,none,artifact,
eks.capability,eks.capability,eks,Arn,,,Arn,,/,false,false,none,none,artifact,
eks.identity_provider_config,eks.identity_provider_config,eks,IdentityProviderConfigName,,,IdentityProviderConfigArn,,/,false,false,none,none,artifact,
eks.pod_identity_association,eks.pod_identity_association,eks,AssociationArn,,,AssociationArn,,/,false,false,none,none,artifact,
elastic.domain_name,elastic.domain_name,elastic,,,,,,/,false,false,none,none,artifact,
elasticache.parameter_group,elasticache.parameter_group,elasticache,CacheParameterGroupName,,,,,/,false,false,none,none,artifact,
elasticache.security_group,elasticache.security_group,elasticache,Id,,,,,/,false,false,none,none,artifact,
elasticache.security_group_ingress,elasticache.security_group_ingress,elasticache,Id,,,,,/,false,false,none,none,artifact,
elasticache.serverless_cache,elasticache.serverless_cache,elasticache,ServerlessCacheName,,,ARN,,/,false,false,none,none,artifact,
elasticbeanstalk.configuration_template,elasticbeanstalk.configuration_template,elasticbeanstalk,ApplicationName,,,,,/,false,false,none,none,artifact,
elb.load_balancer_attribute,elb.load_balancer_attribute,elb,,,,,,/,false,false,none,none,artifact,
elbv2.listener_rule,elbv2.listener_rule,elbv2,RuleArn,,,RuleArn,,/,false,false,none,none,artifact,
elbv2.load_balancer_attribute,elbv2.load_balancer_attribute,elbv2,,,,,,/,false,false,none,none,artifact,
elbv2.ssl_policy,elbv2.ssl_policy,elbv2,Name,,,,ssl-policy,/,false,false,none,none,artifact,
elbv2.trust_store_revocation,elbv2.trust_store_revocation,elbv2,RevocationId,,,,,/,false,false,none,none,artifact,
elementalinference.dictionary,elementalinference.dictionary,elementalinference,Id,,,Arn,,/,false,false,none,none,artifact,
elementalinference.feed,elementalinference.feed,elementalinference,Id,,,Arn,,/,false,false,none,none,artifact,
emr.instance_fleet_config,emr.instance_fleet_config,emr,Id,,,,,/,false,false,none,none,artifact,
emr.instance_group_config,emr.instance_group_config,emr,Id,,,,,/,false,false,none,none,artifact,
emr.on_cluster_app_ui_presigned_url,emr.on_cluster_app_ui_presigned_url,emr,,,,,,/,false,false,none,none,artifact,
emr.persistent_app_ui,emr.persistent_app_ui,emr,,,,,,/,false,false,none,none,artifact,
emr.persistent_app_ui_presigned_url,emr.persistent_app_ui_presigned_url,emr,,,,,,/,false,false,none,none,artifact,
emr.wal_workspace,emr.wal_workspace,emr,WALWorkspaceName,,,,,/,false,false,none,none,artifact,
emr-containers.tags_for_resource,emr-containers.tags_for_resource,emr-containers,,,,,,/,false,false,none,none,artifact,
emr-serverless.tags_for_resource,emr-serverless.tags_for_resource,emr-serverless,,,,,,/,false,false,none,none,artifact,
emr-containers.endpoint,emr-containers.endpoint,emrcontainers,Arn,,,Arn,,/,false,false,none,none,artifact,
emr-containers.security_configuration,emr-containers.security_configuration,emrcontainers,Arn,,,Arn,,/,false,false,none,none,artifact,
emr-containers.virtual_cluster,emr-containers.virtual_cluster,emrcontainers,Id,,,Arn,,/,false,false,none,none,artifact,
entityresolution.policy_statement,entityresolution.policy_statement,entityresolution,Arn,,,Arn,,/,false,false,none,none,artifact,
entityresolution.tags_for_resource,entityresolution.tags_for_resource,entityresolution,,,,,,/,false,false,none,none,artifact,
es.elasticsearch_instance_type_limit,es.elasticsearch_instance_type_limit,es,,,,,,/,false,false,none,none,artifact,
es.inbound_cross_cluster_search_connection,es.inbound_cross_cluster_search_connection,es,,,,,,/,false,false,none,none,artifact,
es.outbound_cross_cluster_search_connection,es.outbound_cross_cluster_search_connection,es,,,,,,/,false,false,none,none,artifact,
es.reserved_elasticsearch_instance_offering,es.reserved_elasticsearch_instance_offering,es,ReservedElasticsearchInstanceOfferingId,,,,reserved-elasticsearch-instance-offering,/,false,false,none,none,artifact,
es.tag,es.tag,es,,,,,,/,false,false,none,none,artifact,
events.event_bus_policy,events.event_bus_policy,events,EventBusName,,,,,/,false,false,none,none,artifact,
events.tags_for_resource,events.tags_for_resource,events,,,,,,/,false,false,none,none,artifact,
eventschemas.registry_policy,eventschemas.registry_policy,eventschemas,Id,,,,,/,false,false,none,none,artifact,
eventschemas.schema,eventschemas.schema,eventschemas,SchemaArn,,,SchemaArn,,/,false,false,none,none,artifact,
evidently.experiment_result,evidently.experiment_result,evidently,,,,,,/,false,false,none,none,artifact,
evidently.tags_for_resource,evidently.tags_for_resource,evidently,,,,,,/,false,false,none,none,artifact,
evs.environment_host,evs.environment_host,evs,,,,,,/,false,false,none,none,artifact,
evs.environment_vlan,evs.environment_vlan,evs,,,,,,/,false,false,none,none,artifact,
evs.tags_for_resource,evs.tags_for_resource,evs,,,,,,/,false,false,none,none,artifact,
fargate.account_setting,fargate.account_setting,fargate,name,,,,,/,false,false,none,none,artifact,
finspace.tags_for_resource,finspace.tags_for_resource,finspace,,,,,,/,false,false,none,none,artifact,
fis.experiment_target_account_configuration,fis.experiment_target_account_configuration,fis,,,,,,/,false,false,none,none,artifact,
fis.tags_for_resource,fis.tags_for_resource,fis,,,,,,/,false,false,none,none,artifact,
fis.target_account_configuration,fis.target_account_configuration,fis,ExperimentTemplateId,,,,,/,false,false,none,none,artifact,
fms.admin_accounts_for_organization,fms.admin_accounts_for_organization,fms,,,,,,/,false,false,none,none,artifact,
fms.tags_for_resource,fms.tags_for_resource,fms,,,,,,/,false,false,none,none,artifact,
forecast.forecast,forecast.forecast,forecast,ForecastArn,,,,,/,false,false,none,none,artifact,
forecast.what_if_analys,forecast.what_if_analys,forecast,,,,,,/,false,false,none,none,artifact,
forecast.what_if_forecast,forecast.what_if_forecast,forecast,WhatIfForecastArn,,,,,/,false,false,none,none,artifact,
forecastquery.query_forecast,forecastquery.query_forecast,forecastquery,,,,,,/,false,false,none,none,artifact,
forecastquery.query_what_if_forecast,forecastquery.query_what_if_forecast,forecastquery,,,,,,/,false,false,none,none,artifact,
frauddetector.event_prediction,frauddetector.event_prediction,frauddetector,,,,,,/,false,false,none,none,artifact,
frauddetector.tags_for_resource,frauddetector.tags_for_resource,frauddetector,,,,,,/,false,false,none,none,artifact,
freetier.account_activity,freetier.account_activity,freetier,,,,,,/,false,false,none,none,artifact,
freetier.account_plan_state,freetier.account_plan_state,freetier,,,,,,/,false,false,none,none,artifact,
freetier.free_tier_usage,freetier.free_tier_usage,freetier,,,,,,/,false,false,none,none,artifact,
fsx.s3_access_point_attachment,fsx.s3_access_point_attachment,fsx,Name,,,ResourceARN,,/,false,false,none,none,artifact,
gamelift.container_group_definition_version,gamelift.container_group_definition_version,gamelift,,,,,,/,false,false,none,none,artifact,
gamelift.ec2_instance_limit,gamelift.ec2_instance_limit,gamelift,,,,,,/,false,false,none,none,artifact,
gamelift.fleet_attribute,gamelift.fleet_attribute,gamelift,,,,,,/,false,false,none,none,artifact,
gamelift.fleet_capacity,gamelift.fleet_capacity,gamelift,,,,,,/,false,false,none,none,artifact,
gamelift.fleet_deployment,gamelift.fleet_deployment,gamelift,,,,,,/,false,false,none,none,artifact,
gamelift.fleet_location_attribute,gamelift.fleet_location_attribute,gamelift,,,,,,/,false,false,none,none,artifact,
gamelift.fleet_utilization,gamelift.fleet_utilization,gamelift,,,,,,/,false,false,none,none,artifact,
gamelift.game_session,gamelift.game_session,gamelift,,,,,,/,false,false,none,none,artifact,
gamelift.game_session_detail,gamelift.game_session_detail,gamelift,,,,,,/,false,false,none,none,artifact,
gamelift.tags_for_resource,gamelift.tags_for_resource,gamelift,,,,,,/,false,false,none,none,artifact,
gamelift.vpc_peering_authorization,gamelift.vpc_peering_authorization,gamelift,,,,,,/,false,false,none,none,artifact,
gameliftstreams.tags_for_resource,gameliftstreams.tags_for_resource,gameliftstreams,,,,,,/,false,false,none,none,artifact,
geo-maps.glyph,geo-maps.glyph,geo-maps,,,,,,/,false,false,none,none,artifact,
geo-maps.sprite,geo-maps.sprite,geo-maps,,,,,,/,false,false,none,none,artifact,
geo-maps.static_map,geo-maps.static_map,geo-maps,,,,,,/,false,false,none,none,artifact,
geo-maps.style_descriptor,geo-maps.style_descriptor,geo-maps,,,,,,/,false,false,none,none,artifact,
geo-maps.tile,geo-maps.tile,geo-maps,,,,,,/,false,false,none,none,artifact,
geo-places.search_nearby,geo-places.search_nearby,geo-places,,,,,,/,false,false,none,none,artifact,
geo-places.search_text,geo-places.search_text,geo-places,,,,,,/,false,false,none,none,artifact,
globalaccelerator.accelerator_attribute,globalaccelerator.accelerator_attribute,globalaccelerator,,,,,,/,false,false,none,none,artifact,
globalaccelerator.endpoint_group,globalaccelerator.endpoint_group,globalaccelerator,EndpointGroupArn,,,EndpointGroupArn,,/,false,false,none,none,artifact,
glue.glue_identity_center_configuration,glue.glue_identity_center_configuration,glue,,,,,,/,false,false,none,none,artifact,
glue.identity_center_configuration,glue.identity_center_configuration,glue,AccountId,,,ApplicationArn,,/,false,false,none,none,artifact,
glue.partition,glue.partition,glue,Id,,,,,/,false,false,none,none,artifact,
glue.schema_version_metadata,glue.schema_version_metadata,glue,SchemaVersionId,,,,,/,false,false,none,none,artifact,
glue.table_optimizer,glue.table_optimizer,glue,Id,,,,,/,false,false,none,none,artifact,
glue.usage_profile,glue.usage_profile,glue,Name,,,,,/,false,false,none,none,artifact,
glue.user_defined_function,glue.user_defined_function,glue,Arn,,,Arn,,/,false,false,none,none,artifact,
grafana.permission,grafana.permission,grafana,,,,,,/,false,false,none,none,artifact,
grafana.tags_for_resource,grafana.tags_for_resource,grafana,,,,,,/,false,false,none,none,artifact,
grafana.version,grafana.version,grafana,,,,,,/,false,false,none,none,artifact,
greengrass.bulk_deployment_detailed_report,greengrass.bulk_deployment_detailed_report,greengrass,,,,,,/,false,false,none,none,artifact,
greengrass.tags_for_resource,greengrass.tags_for_resource,greengrass,,,,,,/,false,false,none,none,artifact,
greengrassv2.tags_for_resource,greengrassv2.tags_for_resource,greengrassv2,,,,,,/,false,false,none,none,artifact,
groundstation.agent_task_response_url,groundstation.agent_task_response_url,groundstation,,,,,,/,false,false,none,none,artifact,
groundstation.dataflow_endpoint_group_v2,groundstation.dataflow_endpoint_group_v2,groundstation,Id,,,Arn,,/,false,false,none,none,artifact,
groundstation.minute_usage,groundstation.minute_usage,groundstation,,,,,,/,false,false,none,none,artifact,
groundstation.tags_for_resource,groundstation.tags_for_resource,groundstation,,,,,,/,false,false,none,none,artifact,
guardduty.filter,guardduty.filter,guardduty,DetectorId,,,,,/,false,false,none,none,artifact,
guardduty-finding,guardduty.guardduty_finding,guardduty,AccountId,Description,,Arn,finding,/,false,false,none,none,artifact,
guardduty.ip_set,guardduty.ip_set,guardduty,Id,,,,,/,false,false,none,none,artifact,
guardduty.malware_protection_plan,guardduty.malware_protection_plan,guardduty,MalwareProtectionPlanId,,,Arn,,/,false,false,none,none,artifact,
guardduty.master,guardduty.master,guardduty,DetectorId,,,,,/,false,false,none,none,artifact,
guardduty.member,guardduty.member,guardduty,DetectorId,,,,,/,false,false,none,none,artifact,
guardduty.publishing_destination,guardduty.publishing_destination,guardduty,DetectorId,,,,,/,false,false,none,none,artifact,
guardduty.threat_entity_set,guardduty.threat_entity_set,guardduty,Id,,,,,/,false,false,none,none,artifact,
guardduty.threat_intel_set,guardduty.threat_intel_set,guardduty,Id,,,,,/,false,false,none,none,artifact,
guardduty.trusted_entity_set,guardduty.trusted_entity_set,guardduty,Id,,,,,/,false,false,none,none,artifact,
health.entity_aggregate,health.entity_aggregate,health,,,,,,/,false,false,none,none,artifact,
health.event_type,health.event_type,health,,,,,,/,false,false,none,none,artifact,
healthimaging.datastore,healthimaging.datastore,healthimaging,DatastoreId,,,DatastoreArn,,/,false,false,none,none,artifact,
healthlake.data_transformation_profile,healthlake.data_transformation_profile,healthlake,Arn,,,Arn,,/,false,false,none,none,artifact,
healthlake.tags_for_resource,healthlake.tags_for_resource,healthlake,,,,,,/,false,false,none,none,artifact,
iam.account_summary,iam.account_summary,iam,,,,,,/,false,false,none,none,artifact,
iam.managed_policy,iam.managed_policy,iam,PolicyArn,,,PolicyArn,,/,false,false,none,none,artifact,
iam.mfa_device,iam.mfa_device,iam,,,,,,/,false,false,none,none,artifact,
iam.oidc_provider,iam.oidc_provider,iam,Arn,,,Arn,,/,false,false,none,none,artifact,
iam.role_policy,iam.role_policy,iam,PolicyName,,,,,/,false,false,none,none,artifact,
iam.service_linked_role,iam.service_linked_role,iam,RoleName,,,,,/,false,false,none,none,artifact,
iam.signing_certificate,iam.signing_certificate,iam,,,,,,/,false,false,none,none,artifact,
iam.user_to_group_addition,iam.user_to_group_addition,iam,Id,,,,,/,false,false,none,none,artifact,
identitystore.group_membership,identitystore.group_membership,identitystore,MembershipId,,,,,/,false,false,none,none,artifact,
imagebuilder.image_scan_finding,imagebuilder.image_scan_finding,imagebuilder,,,,,,/,false,false,none,none,artifact,
imagebuilder.image_scan_finding_aggregation,imagebuilder.image_scan_finding_aggregation,imagebuilder,,,,,,/,false,false,none,none,artifact,
imagebuilder.marketplace_resource,imagebuilder.marketplace_resource,imagebuilder,,,,,,/,false,false,none,none,artifact,
imagebuilder.tags_for_resource,imagebuilder.tags_for_resource,imagebuilder,,,,,,/,false,false,none,none,artifact,
inspector.event_subscription,inspector.event_subscription,inspector,,,,,,/,false,false,none,none,artifact,
inspector.resource_group,inspector.resource_group,inspector,Arn,,,Arn,,/,false,false,none,none,artifact,
inspector.rules_package,inspector.rules_package,inspector,,,,,,/,false,false,none,none,artifact,
inspector2.cis_scan,inspector2.cis_scan,inspector2,,,,,,/,false,false,none,none,artifact,
inspector2.coverage,inspector2.coverage,inspector2,,,,,,/,false,false,none,none,artifact,
inspectorv2.cis_scan_configuration,inspectorv2.cis_scan_configuration,inspectorv2,Arn,,,Arn,,/,false,false,none,none,artifact,
inspectorv2.code_security_integration,inspectorv2.code_security_integration,inspectorv2,Arn,,,Arn,,/,false,false,none,none,artifact,
inspectorv2.code_security_scan_configuration,inspectorv2.code_security_scan_configuration,inspectorv2,Arn,,,Arn,,/,false,false,none,none,artifact,
inspectorv2.filter,inspectorv2.filter,inspectorv2,Arn,,,Arn,,/,false,false,none,none,artifact,
interconnect.connection,interconnect.connection,interconnect,Arn,,,Arn,,/,false,false,none,none,artifact,
internetmonitor.internet_event,internetmonitor.internet_event,internetmonitor,,,,,,/,false,false,none,none,artifact,
internetmonitor.query_result,internetmonitor.query_result,internetmonitor,Name,,,,,/,false,false,none,none,artifact,
internetmonitor.tags_for_resource,internetmonitor.tags_for_resource,internetmonitor,,,,,,/,false,false,none,none,artifact,
invoicing.invoice_pdf,invoicing.invoice_pdf,invoicing,,,,,,/,false,false,none,none,artifact,
invoicing.invoice_summary,invoicing.invoice_summary,invoicing,,,,,,/,false,false,none,none,artifact,
invoicing.tags_for_resource,invoicing.tags_for_resource,invoicing,,,,,,/,false,false,none,none,artifact,
iot.active_violation,iot.active_violation,iot,,,,,,/,false,false,none,none,artifact,
iot.audit_finding,iot.audit_finding,iot,,,,,,/,false,false,none,none,artifact,
iot.behavior_model_training_summary,iot.behavior_model_training_summary,iot,,,,,,/,false,false,none,none,artifact,
iot.command_execution,iot.command_execution,iot,,,,,,/,false,false,none,none,artifact,
iot.detect_mitigation_actions_execution,iot.detect_mitigation_actions_execution,iot,,,,,,/,false,false,none,none,artifact,
iot.effective_policy,iot.effective_policy,iot,,,,,,/,false,false,none,none,artifact,
iot.indice,iot.indice,iot,,,,,,/,false,false,none,none,artifact,
iot.logging,iot.logging,iot,AccountId,,,,,/,false,false,none,none,artifact,
iot.outgoing_certificate,iot.outgoing_certificate,iot,,,,,,/,false,false,none,none,artifact,
iot.policy_principal_attachment,iot.policy_principal_attachment,iot,Id,,,,,/,false,false,none,none,artifact,
iot.principal_things_v2,iot.principal_things_v2,iot,,,,,,/,false,false,none,none,artifact,
iot.related_resources_for_audit_finding,iot.related_resources_for_audit_finding,iot,,,,,,/,false,false,none,none,artifact,
iot.resource_specific_logging,iot.resource_specific_logging,iot,TargetId,,,,,/,false,false,none,none,artifact,
iot.sbom_validation_result,iot.sbom_validation_result,iot,,,,,,/,false,false,none,none,artifact,
iot.software_package,iot.software_package,iot,PackageName,,,PackageArn,,/,false,false,none,none,artifact,
iot.software_package_version,iot.software_package_version,iot,PackageName,,,PackageVersionArn,,/,false,false,none,none,artifact,
iot.statistic,iot.statistic,iot,,,,,,/,false,false,none,none,artifact,
iot.tags_for_resource,iot.tags_for_resource,iot,,,,,,/,false,false,none,none,artifact,
iot.thing_connectivity_data,iot.thing_connectivity_data,iot,,,,,,/,false,false,none,none,artifact,
iot.thing_principal_attachment,iot.thing_principal_attachment,iot,Id,,,,,/,false,false,none,none,artifact,
iot.thing_principals_v2,iot.thing_principals_v2,iot,,,,,,/,false,false,none,none,artifact,
iot.thing_registration_task_report,iot.thing_registration_task_report,iot,,,,,,/,false,false,none,none,artifact,
iot.v2_logging_level,iot.v2_logging_level,iot,,,,,,/,false,false,none,none,artifact,
iot-managed-integrations.custom_endpoint,iot-managed-integrations.custom_endpoint,iot-managed-integrations,,,,,,/,false,false,none,none,artifact,
iot-managed-integrations.default_encryption_configuration,iot-managed-integrations.default_encryption_configuration,iot-managed-integrations,,,,,,/,false,false,none,none,artifact,
iot-managed-integrations.discovered_device,iot-managed-integrations.discovered_device,iot-managed-integrations,,,,,,/,false,false,none,none,artifact,
iot-managed-integrations.hub_configuration,iot-managed-integrations.hub_configuration,iot-managed-integrations,,,,,,/,false,false,none,none,artifact,
iot-managed-integrations.managed_thing_capability,iot-managed-integrations.managed_thing_capability,iot-managed-integrations,,,,,,/,false,false,none,none,artifact,
iot-managed-integrations.managed_thing_certificate,iot-managed-integrations.managed_thing_certificate,iot-managed-integrations,,,,,,/,false,false,none,none,artifact,
iot-managed-integrations.managed_thing_connectivity_data,iot-managed-integrations.managed_thing_connectivity_data,iot-managed-integrations,,,,,,/,false,false,none,none,artifact,
iot-managed-integrations.managed_thing_meta_data,iot-managed-integrations.managed_thing_meta_data,iot-managed-integrations,,,,,,/,false,false,none,none,artifact,
iot-managed-integrations.managed_thing_schema,iot-managed-integrations.managed_thing_schema,iot-managed-integrations,,,,,,/,false,false,none,none,artifact,
iot-managed-integrations.managed_thing_state,iot-managed-integrations.managed_thing_state,iot-managed-integrations,,,,,,/,false,false,none,none,artifact,
iot-managed-integrations.notification_configuration,iot-managed-integrations.notification_configuration,iot-managed-integrations,,,,,,/,false,false,none,none,artifact,
iot-managed-integrations.ota_task,iot-managed-integrations.ota_task,iot-managed-integrations,,,,,,/,false,false,none,none,artifact,
iot-managed-integrations.ota_task_execution,iot-managed-integrations.ota_task_execution,iot-managed-integrations,,,,,,/,false,false,none,none,artifact,
iot-managed-integrations.runtime_log_configuration,iot-managed-integrations.runtime_log_configuration,iot-managed-integrations,,,,,,/,false,false,none,none,artifact,
iot-managed-integrations.schema_version,iot-managed-integrations.schema_version,iot-managed-integrations,,,,,,/,false,false,none,none,artifact,
iot-managed-integrations.tags_for_resource,iot-managed-integrations.tags_for_resource,iot-managed-integrations,,,,,,/,false,false,none,none,artifact,
iotanalytics.tags_for_resource,iotanalytics.tags_for_resource,iotanalytics,,,,,,/,false,false,none,none,artifact,
iotcoredeviceadvisor.suite_definition,iotcoredeviceadvisor.suite_definition,iotcoredeviceadvisor,SuiteDefinitionId,,,SuiteDefinitionArn,,/,false,false,none,none,artifact,
iotdeviceadvisor.suite_run_report,iotdeviceadvisor.suite_run_report,iotdeviceadvisor,,,,,,/,false,false,none,none,artifact,
iotdeviceadvisor.tags_for_resource,iotdeviceadvisor.tags_for_resource,iotdeviceadvisor,,,,,,/,false,false,none,none,artifact,
iotdevicedefender.custom_metric,iotdevicedefender.custom_metric,iotdevicedefender,,,,,,/,false,false,none,none,artifact,
iotdevicedefender.tags_for_resource,iotdevicedefender.tags_for_resource,iotdevicedefender,,,,,,/,false,false,none,none,artifact,
iotevents.detector_model_analysis_result,iotevents.detector_model_analysis_result,iotevents,,,,,,/,false,false,none,none,artifact,
iotevents.tags_for_resource,iotevents.tags_for_resource,iotevents,,,,,,/,false,false,none,none,artifact,
iotfleetwise.tags_for_resource,iotfleetwise.tags_for_resource,iotfleetwise,,,,,,/,false,false,none,none,artifact,
iotsecuretunneling.tags_for_resource,iotsecuretunneling.tags_for_resource,iotsecuretunneling,,,,,,/,false,false,none,none,artifact,
iotsitewise.asset_model_interface_relationship,iotsitewise.asset_model_interface_relationship,iotsitewise,,,,,,/,false,false,none,none,artifact,
iotsitewise.asset_property_value_history,iotsitewise.asset_property_value_history,iotsitewise,,,,,,/,false,false,none,none,artifact,
iotsitewise.computation_model_data_binding_usage,iotsitewise.computation_model_data_binding_usage,iotsitewise,,,,,,/,false,false,none,none,artifact,
iotsitewise.computation_model_execution_summary,iotsitewise.computation_model_execution_summary,iotsitewise,,,,,,/,false,false,none,none,artifact,
iotsitewise.computation_model_resolve_to_resource,iotsitewise.computation_model_resolve_to_resource,iotsitewise,,,,,,/,false,false,none,none,artifact,
iotsitewise.execution,iotsitewise.execution,iotsitewise,,,,,,/,false,false,none,none,artifact,
iotsitewise.tags_for_resource,iotsitewise.tags_for_resource,iotsitewise,,,,,,/,false,false,none,none,artifact,
iotthingsgraph.search_flow_template,iotthingsgraph.search_flow_template,iotthingsgraph,,,,,,/,false,false,none,none,artifact,
iotthingsgraph.search_system_instance,iotthingsgraph.search_system_instance,iotthingsgraph,,,,,,/,false,false,none,none,artifact,
iotthingsgraph.search_system_template,iotthingsgraph.search_system_template,iotthingsgraph,,,,,,/,false,false,none,none,artifact,
iotthingsgraph.tags_for_resource,iotthingsgraph.tags_for_resource,iotthingsgraph,,,,,,/,false,false,none,none,artifact,
iottwinmaker.pricing_plan,iottwinmaker.pricing_plan,iottwinmaker,,,,,,/,false,false,none,none,artifact,
iottwinmaker.tags_for_resource,iottwinmaker.tags_for_resource,iottwinmaker,,,,,,/,false,false,none,none,artifact,
iotwireless.log_levels_by_resource_type,iotwireless.log_levels_by_resource_type,iotwireless,,,,,,/,false,false,none,none,artifact,
iotwireless.metric_configuration,iotwireless.metric_configuration,iotwireless,,,,,,/,false,false,none,none,artifact,
iotwireless.position_estimate,iotwireless.position_estimate,iotwireless,,,,,,/,false,false,none,none,artifact,
iotwireless.tags_for_resource,iotwireless.tags_for_resource,iotwireless,,,,,,/,false,false,none,none,artifact,
iotwireless.wireless_device_statistic,iotwireless.wireless_device_statistic,iotwireless,,,,,,/,false,false,none,none,artifact,
iotwireless.wireless_gateway_statistic,iotwireless.wireless_gateway_statistic,iotwireless,,,,,,/,false,false,none,none,artifact,
ivs.encoder_configuration,ivs.encoder_configuration,ivs,Arn,,,Arn,,/,false,false,none,none,artifact,
ivs.ingest_configuration,ivs.ingest_configuration,ivs,Arn,,,Arn,,/,false,false,none,none,artifact,
ivs.public_key,ivs.public_key,ivs,Arn,,,Arn,,/,false,false,none,none,artifact,
ivs.stage,ivs.stage,ivs,Arn,,,Arn,,/,false,false,none,none,artifact,
ivs.storage_configuration,ivs.storage_configuration,ivs,Arn,,,Arn,,/,false,false,none,none,artifact,
ivs.tags_for_resource,ivs.tags_for_resource,ivs,,,,,,/,false,false,none,none,artifact,
ivs-realtime.participant_replica,ivs-realtime.participant_replica,ivs-realtime,,,,,,/,false,false,none,none,artifact,
ivs-realtime.tags_for_resource,ivs-realtime.tags_for_resource,ivs-realtime,,,,,,/,false,false,none,none,artifact,
ivschat.tags_for_resource,ivschat.tags_for_resource,ivschat,,,,,,/,false,false,none,none,artifact,
kafka.batch_scram_secret,kafka.batch_scram_secret,kafka,ClusterArn,,,,,/,false,false,none,none,artifact,
kafka.channel,kafka.channel,kafka,ChannelArn,,,ChannelArn,,/,false,false,none,none,artifact,
kafka.compatible_kafka_version,kafka.compatible_kafka_version,kafka,,,,,,/,false,false,none,none,artifact,
kafka.kafka_version,kafka.kafka_version,kafka,,,,,,/,false,false,none,none,artifact,
kafka.serverless_cluster,kafka.serverless_cluster,kafka,Arn,,,Arn,,/,false,false,none,none,artifact,
kafka.tags_for_resource,kafka.tags_for_resource,kafka,,,,,,/,false,false,none,none,artifact,
kafka.topic_partition,kafka.topic_partition,kafka,,,,,,/,false,false,none,none,artifact,
kafkaconnect.tags_for_resource,kafkaconnect.tags_for_resource,kafkaconnect,,,,,,/,false,false,none,none,artifact,
kendra.index,kendra.index,kendra,Id,,,Arn,,/,false,false,none,none,artifact,
kendra.tags_for_resource,kendra.tags_for_resource,kendra,,,,,,/,false,false,none,none,artifact,
kendra-ranking.tags_for_resource,kendra-ranking.tags_for_resource,kendra-ranking,,,,,,/,false,false,none,none,artifact,
kendra-ranking.execution_plan,kendra-ranking.execution_plan,kendraranking,Id,,,Arn,,/,false,false,none,none,artifact,
keyspaces.keyspace,keyspaces.keyspace,keyspaces,,,,,,/,false,false,none,none,artifact,
keyspacesstreams.record,keyspacesstreams.record,keyspacesstreams,,,,,,/,false,false,none,none,artifact,
keyspacesstreams.shard_iterator,keyspacesstreams.shard_iterator,keyspacesstreams,,,,,,/,false,false,none,none,artifact,
keyspacesstreams.stream,keyspacesstreams.stream,keyspacesstreams,,,,,,/,false,false,none,none,artifact,
kinesis.resource_policy,kinesis.resource_policy,kinesis,ResourceArn,,,ResourceArn,,/,false,false,none,none,artifact,
kinesis.stream_summary,kinesis.stream_summary,kinesis,,,,,,/,false,false,none,none,artifact,
kinesis-video-archived-media.fragment,kinesis-video-archived-media.fragment,kinesis-video-archived-media,,,,,,/,false,false,none,none,artifact,
kinesisanalytics.application_output,kinesisanalytics.application_output,kinesisanalytics,Id,,,,,/,false,false,none,none,artifact,
kinesisanalytics.application_reference_data_source,kinesisanalytics.application_reference_data_source,kinesisanalytics,Id,,,,,/,false,false,none,none,artifact,
kinesisanalyticsv2.application_cloud_watch_logging_option,kinesisanalyticsv2.application_cloud_watch_logging_option,kinesisanalyticsv2,Id,,,,,/,false,false,none,none,artifact,
kinesisanalyticsv2.application_operation,kinesisanalyticsv2.application_operation,kinesisanalyticsv2,,,,,,/,false,false,none,none,artifact,
kinesisanalyticsv2.application_output,kinesisanalyticsv2.application_output,kinesisanalyticsv2,Id,,,,,/,false,false,none,none,artifact,
kinesisanalyticsv2.application_reference_data_source,kinesisanalyticsv2.application_reference_data_source,kinesisanalyticsv2,Id,,,,,/,false,false,none,none,artifact,
kinesisanalyticsv2.tags_for_resource,kinesisanalyticsv2.tags_for_resource,kinesisanalyticsv2,,,,,,/,false,false,none,none,artifact,
kinesisvideo.stream_storage_configuration,kinesisvideo.stream_storage_configuration,kinesisvideo,,,,,,/,false,false,none,none,artifact,
kinesisvideo.tags_for_resource,kinesisvideo.tags_for_resource,kinesisvideo,,,,,,/,false,false,none,none,artifact,
kinesisvideostreams.edge_configuration,kinesisvideostreams.edge_configuration,kinesisvideostreams,,,,,,/,false,false,none,none,artifact,
kinesisvideostreams.signaling_channel,kinesisvideostreams.signaling_channel,kinesisvideostreams,,,,,,/,false,false,none,none,artifact,
kms.replica_key,kms.replica_key,kms,KeyId,,,Arn,,/,false,false,none,none,artifact,
lakeformation.permissions,lakeformation.permissions,lakeformation,Id,,,,,/,false,false,none,none,artifact,
lakeformation.principal_permissions,lakeformation.principal_permissions,lakeformation,PrincipalIdentifier,,,,,/,false,false,none,none,artifact,
lakeformation.tag,lakeformation.tag,lakeformation,TagKey,,,,,/,false,false,none,none,artifact,
lakeformation.tag_association,lakeformation.tag_association,lakeformation,ResourceIdentifier,,,,,/,false,false,none,none,artifact,
lambda.alias,lambda.alias,lambda,AliasArn,,,AliasArn,,/,false,false,none,none,artifact,
lambda.capacity_provider,lambda.capacity_provider,lambda,CapacityProviderName,,,Arn,,/,false,false,none,none,artifact,
lambda.event_invoke_config,lambda.event_invoke_config,lambda,FunctionName,,,,,/,false,false,none,none,artifact,
lambda.layer_version_permission,lambda.layer_version_permission,lambda,Id,,,,,/,false,false,none,none,artifact,
lambda.microvm_image,lambda.microvm_image,lambda,ImageArn,,,ImageArn,,/,false,false,none,none,artifact,
lambda.network_connector,lambda.network_connector,lambda,Arn,,,Arn,,/,false,false,none,none,artifact,
lambda.permission,lambda.permission,lambda,FunctionName,,,,,/,false,false,none,none,artifact,
lambda.url,lambda.url,lambda,FunctionArn,,,FunctionArn,,/,false,false,none,none,artifact,
launch-wizard.tags_for_resource,launch-wizard.tags_for_resource,launch-wizard,,,,,,/,false,false,none,none,artifact,
launch-wizard.workload_deployment_pattern,launch-wizard.workload_deployment_pattern,launch-wizard,,,,,,/,false,false,none,none,artifact,
launch-wizard.deployment,launch-wizard.deployment,launchwizard,Arn,,,Arn,,/,false,false,none,none,artifact,
lex-models.bot_alias,lex-models.bot_alias,lex-models,BotAliasId,,,Arn,,/,false,false,none,none,artifact,
lex-models.bot_version,lex-models.bot_version,lex-models,BotId,,,,,/,false,false,none,none,artifact,
lex-models.builtin_intent,lex-models.builtin_intent,lex-models,,,,,,/,false,false,none,none,artifact,
lex-models.builtin_slot_type,lex-models.builtin_slot_type,lex-models,,,,,,/,false,false,none,none,artifact,
lex-models.resource_policy,lex-models.resource_policy,lex-models,Id,,,ResourceArn,,/,false,false,none,none,artifact,
lex-models.tags_for_resource,lex-models.tags_for_resource,lex-models,,,,,,/,false,false,none,none,artifact,
lexv2-models.tags_for_resource,lexv2-models.tags_for_resource,lexv2-models,,,,,,/,false,false,none,none,artifact,
lexv2-models.test_set_discrepancy_report,lexv2-models.test_set_discrepancy_report,lexv2-models,testSetDiscrepancyReportId,,,,,/,false,false,none,none,artifact,
license-manager.assets_for_license_asset_group,license-manager.assets_for_license_asset_group,license-manager,,,,,,/,false,false,none,none,artifact,
license-manager.licens,license-manager.licens,license-manager,,,,,,/,false,false,none,none,artifact,
license-manager.license_usage,license-manager.license_usage,license-manager,,,,,,/,false,false,none,none,artifact,
license-manager.received_licens,license-manager.received_licens,license-manager,,,,,,/,false,false,none,none,artifact,
license-manager.received_licenses_for_organization,license-manager.received_licenses_for_organization,license-manager,,,,,,/,false,false,none,none,artifact,
license-manager.resource_inventory,license-manager.resource_inventory,license-manager,,,,,,/,false,false,none,none,artifact,
license-manager.tags_for_resource,license-manager.tags_for_resource,license-manager,,,,,,/,false,false,none,none,artifact,
license-manager-linux-subscriptions.linux_subscription_instance,license-manager-linux-subscriptions.linux_subscription_instance,license-manager-linux-subscriptions,,,,,,/,false,false,none,none,artifact,
license-manager-linux-subscriptions.registered_subscription_provider,license-manager-linux-subscriptions.registered_subscription_provider,license-manager-linux-subscriptions,,,,,,/,false,false,none,none,artifact,
license-manager-linux-subscriptions.service_setting,license-manager-linux-subscriptions.service_setting,license-manager-linux-subscriptions,,,,,,/,false,false,none,none,artifact,
license-manager-linux-subscriptions.tags_for_resource,license-manager-linux-subscriptions.tags_for_resource,license-manager-linux-subscriptions,,,,,,/,false,false,none,none,artifact,
license-manager-user-subscriptions.tags_for_resource,license-manager-user-subscriptions.tags_for_resource,license-manager-user-subscriptions,,,,,,/,false,false,none,none,artifact,
license-manager.grant,license-manager.grant,licensemanager,GrantArn,,,GrantArn,,/,false,false,none,none,artifact,
license-manager.license,license-manager.license,licensemanager,LicenseArn,,,LicenseArn,,/,false,false,none,none,artifact,
lightsail.container,lightsail.container,lightsail,ServiceName,,,ContainerArn,,/,false,false,none,none,artifact,
lightsail.database,lightsail.database,lightsail,RelationalDatabaseName,,,DatabaseArn,,/,false,false,none,none,artifact,
lightsail.database_snapshot,lightsail.database_snapshot,lightsail,RelationalDatabaseSnapshotName,,,Arn,,/,false,false,none,none,artifact,
lightsail.load_balancer_tls_certificate,lightsail.load_balancer_tls_certificate,lightsail,CertificateName,,,LoadBalancerTlsCertificateArn,,/,false,false,none,none,artifact,
location.api_key,location.api_key,location,KeyName,,,Arn,,/,false,false,none,none,artifact,
location.tags_for_resource,location.tags_for_resource,location,,,,,,/,false,false,none,none,artifact,
logs.anomaly,logs.anomaly,logs,anomalyId,,,,,/,false,false,none,none,artifact,
logs.configuration_template,logs.configuration_template,logs,,,,,,/,false,false,none,none,artifact,
logs.export_task,logs.export_task,logs,,,,,,/,false,false,none,none,artifact,
logs.index_policy,logs.index_policy,logs,,,,,,/,false,false,none,none,artifact,
logs.log_groups_for_query,logs.log_groups_for_query,logs,,,,,,/,false,false,none,none,artifact,
logs.log_object,logs.log_object,logs,,,,,,/,false,false,none,none,artifact,
logs.log_stream,logs.log_stream,logs,LogGroupName,,,arn,,/,false,false,none,none,artifact,
logs.query_result,logs.query_result,logs,,,,,,/,false,false,none,none,artifact,
logs.scheduled_query_history,logs.scheduled_query_history,logs,,,,,,/,false,false,none,none,artifact,
logs.tags_for_resource,logs.tags_for_resource,logs,,,,,,/,false,false,none,none,artifact,
lookoutequipment.sensor_statistic,lookoutequipment.sensor_statistic,lookoutequipment,,,,,,/,false,false,none,none,artifact,
lookoutequipment.tags_for_resource,lookoutequipment.tags_for_resource,lookoutequipment,,,,,,/,false,false,none,none,artifact,
m2.batch_job_restart_point,m2.batch_job_restart_point,m2,,,,,,/,false,false,none,none,artifact,
m2.data_set_export_history,m2.data_set_export_history,m2,,,,,,/,false,false,none,none,artifact,
m2.data_set_export_task,m2.data_set_export_task,m2,,,,,,/,false,false,none,none,artifact,
m2.engine_version,m2.engine_version,m2,,,,,,/,false,false,none,none,artifact,
m2.tags_for_resource,m2.tags_for_resource,m2,,,,,,/,false,false,none,none,artifact,
machinelearning.tag,machinelearning.tag,machinelearning,,,,,,/,false,false,none,none,artifact,
macie.custom_data_identifier,macie.custom_data_identifier,macie,Id,,,Arn,,/,false,false,none,none,artifact,
macie.finding,macie.finding,macie,,,,,,/,false,false,none,none,artifact,
macie.session,macie.session,macie,AwsAccountId,,,,,/,false,false,none,none,artifact,
macie2.automated_discovery_account,macie2.automated_discovery_account,macie2,,,,,,/,false,false,none,none,artifact,
macie2.bucket_statistic,macie2.bucket_statistic,macie2,,,,,,/,false,false,none,none,artifact,
macie2.finding_statistic,macie2.finding_statistic,macie2,,,,,,/,false,false,none,none,artifact,
macie2.organization_admin_account,macie2.organization_admin_account,macie2,,,,,,/,false,false,none,none,artifact,
macie2.search_resource,macie2.search_resource,macie2,,,,,,/,false,false,none,none,artifact,
macie2.tags_for_resource,macie2.tags_for_resource,macie2,,,,,,/,false,false,none,none,artifact,
macie2.usage_statistic,macie2.usage_statistic,macie2,,,,,,/,false,false,none,none,artifact,
macie2.usage_total,macie2.usage_total,macie2,,,,,,/,false,false,none,none,artifact,
mailmanager.archive_export,mailmanager.archive_export,mailmanager,,,,,,/,false,false,none,none,artifact,
mailmanager.archive_message,mailmanager.archive_message,mailmanager,,,,,,/,false,false,none,none,artifact,
mailmanager.archive_message_content,mailmanager.archive_message_content,mailmanager,,,,,,/,false,false,none,none,artifact,
mailmanager.archive_search,mailmanager.archive_search,mailmanager,,,,,,/,false,false,none,none,artifact,
mailmanager.archive_search_result,mailmanager.archive_search_result,mailmanager,,,,,,/,false,false,none,none,artifact,
mailmanager.member_of_address_list,mailmanager.member_of_address_list,mailmanager,,,,,,/,false,false,none,none,artifact,
mailmanager.members_of_address_list,mailmanager.members_of_address_list,mailmanager,,,,,,/,false,false,none,none,artifact,
mailmanager.tags_for_resource,mailmanager.tags_for_resource,mailmanager,,,,,,/,false,false,none,none,artifact,
managedblockchain.tags_for_resource,managedblockchain.tags_for_resource,managedblockchain,,,,,,/,false,false,none,none,artifact,
managedblockchain-query.filtered_transaction_event,managedblockchain-query.filtered_transaction_event,managedblockchain-query,,,,,,/,false,false,none,none,artifact,
marketplace-agreement.search_agreement,marketplace-agreement.search_agreement,marketplace-agreement,,,,,,/,false,false,none,none,artifact,
marketplace-catalog.tags_for_resource,marketplace-catalog.tags_for_resource,marketplace-catalog,,,,,,/,false,false,none,none,artifact,
marketplace-deployment.tags_for_resource,marketplace-deployment.tags_for_resource,marketplace-deployment,,,,,,/,false,false,none,none,artifact,
marketplace-reporting.buyer_dashboard,marketplace-reporting.buyer_dashboard,marketplace-reporting,,,,,,/,false,false,none,none,artifact,
mediaconnect.bridge_output,mediaconnect.bridge_output,mediaconnect,BridgeArn,,,,,/,false,false,none,none,artifact,
mediaconnect.bridge_source,mediaconnect.bridge_source,mediaconnect,BridgeArn,,,,,/,false,false,none,none,artifact,
mediaconnect.flow_entitlement,mediaconnect.flow_entitlement,mediaconnect,EntitlementArn,,,EntitlementArn,,/,false,false,none,none,artifact,
mediaconnect.flow_output,mediaconnect.flow_output,mediaconnect,OutputArn,,,OutputArn,,/,false,false,none,none,artifact,
mediaconnect.flow_source,mediaconnect.flow_source,mediaconnect,SourceArn,,,SourceArn,,/,false,false,none,none,artifact,
mediaconnect.flow_source_metadata,mediaconnect.flow_source_metadata,mediaconnect,,,,,,/,false,false,none,none,artifact,
mediaconnect.flow_source_thumbnail,mediaconnect.flow_source_thumbnail,mediaconnect,,,,,,/,false,false,none,none,artifact,
mediaconnect.flow_vpc_interface,mediaconnect.flow_vpc_interface,mediaconnect,FlowArn,,,,,/,false,false,none,none,artifact,
mediaconnect.offering,mediaconnect.offering,mediaconnect,OfferingArn,,,OfferingArn,,/,false,false,none,none,artifact,
mediaconnect.router_input_source_metadata,mediaconnect.router_input_source_metadata,mediaconnect,,,,,,/,false,false,none,none,artifact,
mediaconnect.router_input_thumbnail,mediaconnect.router_input_thumbnail,mediaconnect,,,,,,/,false,false,none,none,artifact,
mediaconnect.tags_for_global_resource,mediaconnect.tags_for_global_resource,mediaconnect,,,,,,/,false,false,none,none,artifact,
mediaconnect.tags_for_resource,mediaconnect.tags_for_resource,mediaconnect,,,,,,/,false,false,none,none,artifact,
mediaconvert.endpoint,mediaconvert.endpoint,mediaconvert,,,,,,/,false,false,none,none,artifact,
mediaconvert.jobs_query_result,mediaconvert.jobs_query_result,mediaconvert,,,,,,/,false,false,none,none,artifact,
mediaconvert.tags_for_resource,mediaconvert.tags_for_resource,mediaconvert,Arn,,,,,/,false,false,none,none,artifact,
mediaconvert.version,mediaconvert.version,mediaconvert,,,,,,/,false,false,none,none,artifact,
medialive.account_configuration,medialive.account_configuration,medialive,,,,,,/,false,false,none,none,artifact,
medialive.offering,medialive.offering,medialive,OfferingId,,,Arn,,/,false,false,none,none,artifact,
medialive.tags_for_resource,medialive.tags_for_resource,medialive,,,,,,/,false,false,none,none,artifact,
medialive.version,medialive.version,medialive,,,,,,/,false,false,none,none,artifact,
mediapackage.asset,mediapackage.asset,mediapackage,Id,,,Arn,,/,false,false,none,none,artifact,
mediapackage.packaging_configuration,mediapackage.packaging_configuration,mediapackage,Id,,,Arn,,/,false,false,none,none,artifact,
mediapackage.packaging_group,mediapackage.packaging_group,mediapackage,Id,,,Arn,,/,false,false,none,none,artifact,
mediapackage.tags_for_resource,mediapackage.tags_for_resource,mediapackage,,,,,,/,false,false,none,none,artifact,
mediapackage-vod.tags_for_resource,mediapackage-vod.tags_for_resource,mediapackage-vod,,,,,,/,false,false,none,none,artifact,
mediapackagev2.tags_for_resource,mediapackagev2.tags_for_resource,mediapackagev2,,,,,,/,false,false,none,none,artifact,
mediastore.tags_for_resource,mediastore.tags_for_resource,mediastore,,,,,,/,false,false,none,none,artifact,
mediatailor.tags_for_resource,mediatailor.tags_for_resource,mediatailor,,,,,,/,false,false,none,none,artifact,
medical-imaging.image_set_metadata,medical-imaging.image_set_metadata,medical-imaging,,,,,,/,false,false,none,none,artifact,
medical-imaging.tags_for_resource,medical-imaging.tags_for_resource,medical-imaging,,,,,,/,false,false,none,none,artifact,
memorydb.engine_version,memorydb.engine_version,memorydb,,,,,,/,false,false,none,none,artifact,
memorydb.event,memorydb.event,memorydb,,,,,,/,false,false,none,none,artifact,
memorydb.reserved_nodes_offering,memorydb.reserved_nodes_offering,memorydb,ReservedNodesOfferingId,,,,reserved-nodes-offering,/,false,false,none,none,artifact,
memorydb.tag,memorydb.tag,memorydb,,,,,,/,false,false,none,none,artifact,
mgh.migration_task_update,mgh.migration_task_update,mgh,,,,,,/,false,false,none,none,artifact,
mgn.managed_account,mgn.managed_account,mgn,,,,,,/,false,false,none,none,artifact,
mgn.tags_for_resource,mgn.tags_for_resource,mgn,,,,,,/,false,false,none,none,artifact,
migration-hub-refactor-spaces.tags_for_resource,migration-hub-refactor-spaces.tags_for_resource,migration-hub-refactor-spaces,,,,,,/,false,false,none,none,artifact,
migrationhub-config.home_region_control,migrationhub-config.home_region_control,migrationhub-config,,,,,,/,false,false,none,none,artifact,
migrationhuborchestrator.tags_for_resource,migrationhuborchestrator.tags_for_resource,migrationhuborchestrator,,,,,,/,false,false,none,none,artifact,
migrationhubstrategy.analyzable_server,migrationhubstrategy.analyzable_server,migrationhubstrategy,,,,,,/,false,false,none,none,artifact,
migrationhubstrategy.portfolio_summary,migrationhubstrategy.portfolio_summary,migrationhubstrategy,,,,,,/,false,false,none,none,artifact,
mpa.resource_policy,mpa.resource_policy,mpa,,,,,,/,false,false,none,none,artifact,
mpa.session,mpa.session,mpa,,,,,,/,false,false,none,none,artifact,
mpa.tags_for_resource,mpa.tags_for_resource,mpa,,,,,,/,false,false,none,none,artifact,
mq.configuration_association,mq.configuration_association,mq,Id,,,,,/,false,false,none,none,artifact,
msk.cluster_v2,msk.cluster_v2,msk,,,,,,/,false,false,none,none,artifact,
msk.clusters_v2,msk.clusters_v2,msk,,,,,,/,false,false,none,none,artifact,
mturk.bonus_payment,mturk.bonus_payment,mturk,,,,,,/,false,false,none,none,artifact,
mturk.reviewable_hi_t,mturk.reviewable_hi_t,mturk,,,,,,/,false,false,none,none,artifact,
mturk.worker_block,mturk.worker_block,mturk,,,,,,/,false,false,none,none,artifact,
mwaa.tags_for_resource,mwaa.tags_for_resource,mwaa,,,,,,/,false,false,none,none,artifact,
mwaa-serverless.tags_for_resource,mwaa-serverless.tags_for_resource,mwaa-serverless,,,,,,/,false,false,none,none,artifact,
mwaa-serverless.task_instance,mwaa-serverless.task_instance,mwaa-serverless,,,,,,/,false,false,none,none,artifact,
mwaa-serverless.workflow,mwaa-serverless.workflow,mwaa-serverless,,,,,,/,false,false,none,none,artifact,
mwaa-serverless.workflow_run,mwaa-serverless.workflow_run,mwaa-serverless,,,,,,/,false,false,none,none,artifact,
mwaa-serverless.workflow_version,mwaa-serverless.workflow_version,mwaa-serverless,,,,,,/,false,false,none,none,artifact,
neptune.event,neptune.event,neptune,,,,,,/,false,false,none,none,artifact,
neptune-graph.export_task,neptune-graph.export_task,neptune-graph,,,,,,/,false,false,none,none,artifact,
neptune-graph.graph_summary,neptune-graph.graph_summary,neptune-graph,,,,,,/,false,false,none,none,artifact,
neptune-graph.tags_for_resource,neptune-graph.tags_for_resource,neptune-graph,,,,,,/,false,false,none,none,artifact,
neptunedata.gremlin_query,neptunedata.gremlin_query,neptunedata,,,,,,/,false,false,none,none,artifact,
neptunedata.open_cypher_query,neptunedata.open_cypher_query,neptunedata,,,,,,/,false,false,none,none,artifact,
neptunedata.propertygraph_statistic,neptunedata.propertygraph_statistic,neptunedata,,,,,,/,false,false,none,none,artifact,
neptunedata.propertygraph_stream,neptunedata.propertygraph_stream,neptunedata,,,,,,/,false,false,none,none,artifact,
neptunedata.propertygraph_summary,neptunedata.propertygraph_summary,neptunedata,,,,,,/,false,false,none,none,artifact,
neptunedata.rdf_graph_summary,neptunedata.rdf_graph_summary,neptunedata,,,,,,/,false,false,none,none,artifact,
neptunedata.sparql_statistic,neptunedata.sparql_statistic,neptunedata,,,,,,/,false,false,none,none,artifact,
neptunedata.sparql_stream,neptunedata.sparql_stream,neptunedata,,,,,,/,false,false,none,none,artifact,
neptune-graph.graph,neptune-graph.graph,neptunegraph,GraphId,,,GraphArn,,/,false,false,none,none,artifact,
neptune-graph.graph_snapshot,neptune-graph.graph_snapshot,neptunegraph,Arn,,,Arn,,/,false,false,none,none,artifact,
neptune-graph.private_graph_endpoint,neptune-graph.private_graph_endpoint,neptunegraph,PrivateGraphEndpointIdentifier,,,,,/,false,false,none,none,artifact,
network-firewall.analysis_report,network-firewall.analysis_report,network-firewall,AnalysisReportId,,,,,/,false,false,none,none,artifact,
network-firewall.analysis_report_result,network-firewall.analysis_report_result,network-firewall,,,,,,/,false,false,none,none,artifact,
network-firewall.firewall_metadata,network-firewall.firewall_metadata,network-firewall,,,,,,/,false,false,none,none,artifact,
network-firewall.flow_operation_result,network-firewall.flow_operation_result,network-firewall,,,,,,/,false,false,none,none,artifact,
network-firewall.rule_group_metadata,network-firewall.rule_group_metadata,network-firewall,,,,,,/,false,false,none,none,artifact,
network-firewall.rule_group_summary,network-firewall.rule_group_summary,network-firewall,,,,,,/,false,false,none,none,artifact,
network-firewall.tags_for_resource,network-firewall.tags_for_resource,network-firewall,,,,,,/,false,false,none,none,artifact,
network-firewall.logging_configuration,network-firewall.logging_configuration,networkfirewall,,,,,,/,false,false,none,none,artifact,
network-firewall.rule_group,network-firewall.rule_group,networkfirewall,,,,,,/,false,false,none,none,artifact,
networkflowmonitor.query_results_monitor_top_contributor,networkflowmonitor.query_results_monitor_top_contributor,networkflowmonitor,,,,,,/,false,false,none,none,artifact,
networkflowmonitor.query_results_workload_insights_top_contributor,networkflowmonitor.query_results_workload_insights_top_contributor,networkflowmonitor,,,,,,/,false,false,none,none,artifact,
networkflowmonitor.query_results_workload_insights_top_contributors_data,networkflowmonitor.query_results_workload_insights_top_contributors_data,networkflowmonitor,,,,,,/,false,false,none,none,artifact,
networkflowmonitor.query_status_monitor_top_contributor,networkflowmonitor.query_status_monitor_top_contributor,networkflowmonitor,,,,,,/,false,false,none,none,artifact,
networkflowmonitor.query_status_workload_insights_top_contributor,networkflowmonitor.query_status_workload_insights_top_contributor,networkflowmonitor,,,,,,/,false,false,none,none,artifact,
networkflowmonitor.query_status_workload_insights_top_contributors_data,networkflowmonitor.query_status_workload_insights_top_contributors_data,networkflowmonitor,,,,,,/,false,false,none,none,artifact,
networkflowmonitor.tags_for_resource,networkflowmonitor.tags_for_resource,networkflowmonitor,,,,,,/,false,false,none,none,artifact,
networkmanager.core_network_routing_information,networkmanager.core_network_routing_information,networkmanager,,,,,,/,false,false,none,none,artifact,
networkmanager.tags_for_resource,networkmanager.tags_for_resource,networkmanager,,,,,,/,false,false,none,none,artifact,
networkmonitor.tags_for_resource,networkmonitor.tags_for_resource,networkmonitor,,,,,,/,false,false,none,none,artifact,
notifications.managed_notification_account_contact_association,notifications.managed_notification_account_contact_association,notifications,ManagedNotificationConfigurationArn,,,,,/,false,false,none,none,artifact,
notifications.managed_notification_additional_channel_association,notifications.managed_notification_additional_channel_association,notifications,ChannelArn,,,,,/,false,false,none,none,artifact,
notifications.member_account,notifications.member_account,notifications,,,,,,/,false,false,none,none,artifact,
notifications.notifications_access_for_organization,notifications.notifications_access_for_organization,notifications,,,,,,/,false,false,none,none,artifact,
notifications.organizational_unit_association,notifications.organizational_unit_association,notifications,NotificationConfigurationArn,,,,,/,false,false,none,none,artifact,
notifications.tags_for_resource,notifications.tags_for_resource,notifications,,,,,,/,false,false,none,none,artifact,
notificationscontacts.tags_for_resource,notificationscontacts.tags_for_resource,notificationscontacts,,,,,,/,false,false,none,none,artifact,
novaact.workflow_definition,novaact.workflow_definition,novaact,Arn,,,Arn,,/,false,false,none,none,artifact,
oam.tags_for_resource,oam.tags_for_resource,oam,,,,,,/,false,false,none,none,artifact,
observabilityadmin.centralization_rule_for_organization,observabilityadmin.centralization_rule_for_organization,observabilityadmin,,,,,,/,false,false,none,none,artifact,
observabilityadmin.centralization_rules_for_organization,observabilityadmin.centralization_rules_for_organization,observabilityadmin,,,,,,/,false,false,none,none,artifact,
observabilityadmin.organization_centralization_rule,observabilityadmin.organization_centralization_rule,observabilityadmin,RuleArn,,,RuleArn,,/,false,false,none,none,artifact,
observabilityadmin.organization_telemetry_rule,observabilityadmin.organization_telemetry_rule,observabilityadmin,RuleArn,,,RuleArn,,/,false,false,none,none,artifact,
observabilityadmin.resource_telemetry,observabilityadmin.resource_telemetry,observabilityadmin,,,,,,/,false,false,none,none,artifact,
observabilityadmin.resource_telemetry_for_organization,observabilityadmin.resource_telemetry_for_organization,observabilityadmin,,,,,,/,false,false,none,none,artifact,
observabilityadmin.s3_table_integration,observabilityadmin.s3_table_integration,observabilityadmin,Arn,,,Arn,,/,false,false,none,none,artifact,
observabilityadmin.tags_for_resource,observabilityadmin.tags_for_resource,observabilityadmin,,,,,,/,false,false,none,none,artifact,
observabilityadmin.telemetry_enrichment,observabilityadmin.telemetry_enrichment,observabilityadmin,Scope,,,,,/,false,false,none,none,artifact,
observabilityadmin.telemetry_enrichment_status,observabilityadmin.telemetry_enrichment_status,observabilityadmin,,,,,,/,false,false,none,none,artifact,
observabilityadmin.telemetry_evaluation_status,observabilityadmin.telemetry_evaluation_status,observabilityadmin,,,,,,/,false,false,none,none,artifact,
observabilityadmin.telemetry_evaluation_status_for_organization,observabilityadmin.telemetry_evaluation_status_for_organization,observabilityadmin,,,,,,/,false,false,none,none,artifact,
observabilityadmin.telemetry_pipelines,observabilityadmin.telemetry_pipelines,observabilityadmin,PipelineIdentifier,,,Arn,,/,false,false,none,none,artifact,
observabilityadmin.telemetry_rule_for_organization,observabilityadmin.telemetry_rule_for_organization,observabilityadmin,,,,,,/,false,false,none,none,artifact,
observabilityadmin.telemetry_rules_for_organization,observabilityadmin.telemetry_rules_for_organization,observabilityadmin,,,,,,/,false,false,none,none,artifact,
odb.cloud_exadata_infrastructure_unallocated_resource,odb.cloud_exadata_infrastructure_unallocated_resource,odb,,,,,,/,false,false,none,none,artifact,
odb.gi_version,odb.gi_version,odb,,,,,,/,false,false,none,none,artifact,
odb.oci_onboarding_status,odb.oci_onboarding_status,odb,,,,,,/,false,false,none,none,artifact,
odb.system_version,odb.system_version,odb,,,,,,/,false,false,none,none,artifact,
odb.tags_for_resource,odb.tags_for_resource,odb,,,,,,/,false,false,none,none,artifact,
omics.configuration,omics.configuration,omics,Name,,,Arn,,/,false,false,none,none,artifact,
omics.read_set_metadata,omics.read_set_metadata,omics,arn,,,,,/,false,false,none,none,artifact,
omics.reference_metadata,omics.reference_metadata,omics,arn,,,,,/,false,false,none,none,artifact,
omics.s3_access_policy,omics.s3_access_policy,omics,,,,,,/,false,false,none,none,artifact,
omics.tags_for_resource,omics.tags_for_resource,omics,,,,,,/,false,false,none,none,artifact,
opensearch.default_application_setting,opensearch.default_application_setting,opensearch,,,,,,/,false,false,none,none,artifact,
opensearch.direct_query_data_source,opensearch.direct_query_data_source,opensearch,,,,,,/,false,false,none,none,artifact,
opensearch.domain_name,opensearch.domain_name,opensearch,,,,,,/,false,false,none,none,artifact,
opensearchserverless.account_setting,opensearchserverless.account_setting,opensearchserverless,,,,,,/,false,false,none,none,artifact,
opensearchserverless.collection_group,opensearchserverless.collection_group,opensearchserverless,Id,,,Arn,,/,false,false,none,none,artifact,
opensearchserverless.collection_index,opensearchserverless.collection_index,opensearchserverless,Id,,,,,/,false,false,none,none,artifact,
opensearchserverless.tags_for_resource,opensearchserverless.tags_for_resource,opensearchserverless,,,,,,/,false,false,none,none,artifact,
opensearchservice.application,opensearchservice.application,opensearchservice,Name,,,Arn,,/,false,false,none,none,artifact,
opensearchservice.domain,opensearchservice.domain,opensearchservice,DomainName,,,Arn,,/,false,false,none,none,artifact,
opswork-stack,opsworks.opswork_stack,opsworks,StackId,Name,,Arn,,/,false,false,none,none,artifact,
opswork-cm,opsworkscm.opswork_cm,opsworkscm,ServerName,ServerName,,ServerArn,,/,false,false,none,none,artifact,
org-unit,organizations.org_unit,organizations,Id,Name,,Arn,ou,/,true,false,none,none,artifact,
organizations.organizational_unit,organizations.organizational_unit,organizations,Id,,,Arn,,/,false,false,none,none,artifact,
osis.pipeline_endpoint,osis.pipeline_endpoint,osis,,,,,,/,false,false,none,none,artifact,
osis.pipeline_endpoint_connection,osis.pipeline_endpoint_connection,osis,,,,,,/,false,false,none,none,artifact,
osis.resource_policy,osis.resource_policy,osis,,,,,,/,false,false,none,none,artifact,
osis.tags_for_resource,osis.tags_for_resource,osis,,,,,,/,false,false,none,none,artifact,
outposts.asset_instance,outposts.asset_instance,outposts,,,,,,/,false,false,none,none,artifact,
outposts.blocking_instances_for_capacity_task,outposts.blocking_instances_for_capacity_task,outposts,,,,,,/,false,false,none,none,artifact,
outposts.outpost_billing_information,outposts.outpost_billing_information,outposts,,,,,,/,false,false,none,none,artifact,
outposts.outpost_instance_type,outposts.outpost_instance_type,outposts,,,,,,/,false,false,none,none,artifact,
outposts.outpost_supported_instance_type,outposts.outpost_supported_instance_type,outposts,,,,,,/,false,false,none,none,artifact,
outposts.tags_for_resource,outposts.tags_for_resource,outposts,,,,,,/,false,false,none,none,artifact,
panorama.devices_job,panorama.devices_job,panorama,,,,,,/,false,false,none,none,artifact,
panorama.tags_for_resource,panorama.tags_for_resource,panorama,,,,,,/,false,false,none,none,artifact,
parameterstore.ops_metadata,parameterstore.ops_metadata,parameterstore,OpsMetadataArn,,,,,/,false,false,none,none,artifact,
partnercentral-channel.tags_for_resource,partnercentral-channel.tags_for_resource,partnercentral-channel,,,,,,/,false,false,none,none,artifact,
partnercentral-selling.aws_opportunity_summary,partnercentral-selling.aws_opportunity_summary,partnercentral-selling,,,,,,/,false,false,none,none,artifact,
partnercentral-selling.engagement_by_accepting_invitation_task,partnercentral-selling.engagement_by_accepting_invitation_task,partnercentral-selling,,,,,,/,false,false,none,none,artifact,
partnercentral-selling.engagement_from_opportunity_task,partnercentral-selling.engagement_from_opportunity_task,partnercentral-selling,,,,,,/,false,false,none,none,artifact,
partnercentral-selling.engagement_member,partnercentral-selling.engagement_member,partnercentral-selling,,,,,,/,false,false,none,none,artifact,
partnercentral-selling.selling_system_setting,partnercentral-selling.selling_system_setting,partnercentral-selling,,,,,,/,false,false,none,none,artifact,
partnercentral-selling.tags_for_resource,partnercentral-selling.tags_for_resource,partnercentral-selling,,,,,,/,false,false,none,none,artifact,
payment-cryptography.certificate_signing_request,payment-cryptography.certificate_signing_request,payment-cryptography,,,,,,/,false,false,none,none,artifact,
payment-cryptography.default_key_replication_region,payment-cryptography.default_key_replication_region,payment-cryptography,,,,,,/,false,false,none,none,artifact,
payment-cryptography.tags_for_resource,payment-cryptography.tags_for_resource,payment-cryptography,,,,,,/,false,false,none,none,artifact,
payment-cryptography.alias,payment-cryptography.alias,paymentcryptography,AliasName,,,,,/,false,false,none,none,artifact,
payment-cryptography.key,payment-cryptography.key,paymentcryptography,KeyIdentifier,,,,,/,false,false,none,none,artifact,
pca-connector-ad.tags_for_resource,pca-connector-ad.tags_for_resource,pca-connector-ad,,,,,,/,false,false,none,none,artifact,
pca-connector-scep.challenge_metadata,pca-connector-scep.challenge_metadata,pca-connector-scep,Arn,,,,,/,false,false,none,none,artifact,
pca-connector-scep.challenge_password,pca-connector-scep.challenge_password,pca-connector-scep,,,,,,/,false,false,none,none,artifact,
pca-connector-scep.tags_for_resource,pca-connector-scep.tags_for_resource,pca-connector-scep,,,,,,/,false,false,none,none,artifact,
pca-connector-ad.connector,pca-connector-ad.connector,pcaconnectorad,ConnectorArn,,,ConnectorArn,,/,false,false,none,none,artifact,
pca-connector-ad.directory_registration,pca-connector-ad.directory_registration,pcaconnectorad,DirectoryRegistrationArn,,,DirectoryRegistrationArn,,/,false,false,none,none,artifact,
pca-connector-ad.service_principal_name,pca-connector-ad.service_principal_name,pcaconnectorad,ConnectorArn,,,,,/,false,false,none,none,artifact,
pca-connector-ad.template,pca-connector-ad.template,pcaconnectorad,TemplateArn,,,TemplateArn,,/,false,false,none,none,artifact,
pca-connector-ad.template_group_access_control_entry,pca-connector-ad.template_group_access_control_entry,pcaconnectorad,GroupSecurityIdentifier,,,,,/,false,false,none,none,artifact,
pca-connector-scep.challenge,pca-connector-scep.challenge,pcaconnectorscep,ChallengeArn,,,ChallengeArn,,/,false,false,none,none,artifact,
pca-connector-scep.connector,pca-connector-scep.connector,pcaconnectorscep,ConnectorArn,,,ConnectorArn,,/,false,false,none,none,artifact,
pcs.tags_for_resource,pcs.tags_for_resource,pcs,,,,,,/,false,false,none,none,artifact,
personalize.metric_attribution_metric,personalize.metric_attribution_metric,personalize,,,,,,/,false,false,none,none,artifact,
personalize.recipe,personalize.recipe,personalize,recipeArn,,,recipeArn,,/,false,false,none,none,artifact,
personalize.tags_for_resource,personalize.tags_for_resource,personalize,,,,,,/,false,false,none,none,artifact,
personalize-runtime.action_recommendation,personalize-runtime.action_recommendation,personalize-runtime,,,,,,/,false,false,none,none,artifact,
personalize-runtime.recommendation,personalize-runtime.recommendation,personalize-runtime,recommendationId,,,,,/,false,false,none,none,artifact,
pi.available_resource_dimension,pi.available_resource_dimension,pi,,,,,,/,false,false,none,none,artifact,
pi.available_resource_metric,pi.available_resource_metric,pi,,,,,,/,false,false,none,none,artifact,
pi.performance_analysis_report,pi.performance_analysis_report,pi,Identifier,,,,,/,false,false,none,none,artifact,
pi.resource_metadata,pi.resource_metadata,pi,Identifier,,,,,/,false,false,none,none,artifact,
pi.tags_for_resource,pi.tags_for_resource,pi,,,,,,/,false,false,none,none,artifact,
pinpoint.tags_for_resource,pinpoint.tags_for_resource,pinpoint,,,,,,/,false,false,none,none,artifact,
pinpoint-email.blacklist_report,pinpoint-email.blacklist_report,pinpoint-email,,,,,,/,false,false,none,none,artifact,
pinpoint-email.deliverability_dashboard_option,pinpoint-email.deliverability_dashboard_option,pinpoint-email,,,,,,/,false,false,none,none,artifact,
pinpoint-email.deliverability_test_report,pinpoint-email.deliverability_test_report,pinpoint-email,,,,,,/,false,false,none,none,artifact,
pinpoint-email.domain_statistics_report,pinpoint-email.domain_statistics_report,pinpoint-email,,,,,,/,false,false,none,none,artifact,
pinpoint-email.tags_for_resource,pinpoint-email.tags_for_resource,pinpoint-email,,,,,,/,false,false,none,none,artifact,
pinpoint-sms-voice.configuration_set,pinpoint-sms-voice.configuration_set,pinpoint-sms-voice,,,,,,/,false,false,none,none,artifact,
pinpoint-sms-voice-v2.account_attribute,pinpoint-sms-voice-v2.account_attribute,pinpoint-sms-voice-v2,Name,,,,,/,false,false,none,none,artifact,
pinpoint-sms-voice-v2.account_limit,pinpoint-sms-voice-v2.account_limit,pinpoint-sms-voice-v2,Name,,,,,/,false,false,none,none,artifact,
pinpoint-sms-voice-v2.protect_configuration_country_rule_set,pinpoint-sms-voice-v2.protect_configuration_country_rule_set,pinpoint-sms-voice-v2,,,,,,/,false,false,none,none,artifact,
pinpoint-sms-voice-v2.protect_configuration_rule_set_number_override,pinpoint-sms-voice-v2.protect_configuration_rule_set_number_override,pinpoint-sms-voice-v2,,,,,,/,false,false,none,none,artifact,
pinpoint-sms-voice-v2.registration_type_definition,pinpoint-sms-voice-v2.registration_type_definition,pinpoint-sms-voice-v2,,,,,,/,false,false,none,none,artifact,
pinpoint-sms-voice-v2.resource_policy,pinpoint-sms-voice-v2.resource_policy,pinpoint-sms-voice-v2,,,,,,/,false,false,none,none,artifact,
pinpoint-sms-voice-v2.spend_limit,pinpoint-sms-voice-v2.spend_limit,pinpoint-sms-voice-v2,Name,,,,,/,false,false,none,none,artifact,
pinpoint-sms-voice-v2.tags_for_resource,pinpoint-sms-voice-v2.tags_for_resource,pinpoint-sms-voice-v2,,,,,,/,false,false,none,none,artifact,
pinpoint-email.dedicated_ip_pool,pinpoint-email.dedicated_ip_pool,pinpointemail,Id,,,,,/,false,false,none,none,artifact,
pinpoint-email.identity,pinpoint-email.identity,pinpointemail,Id,,,,,/,false,false,none,none,artifact,
pipes.tags_for_resource,pipes.tags_for_resource,pipes,,,,,,/,false,false,none,none,artifact,
polly.speech_synthesis_task,polly.speech_synthesis_task,polly,,,,,,/,false,false,none,none,artifact,
polly.voice,polly.voice,polly,Id,,,,voice,/,false,false,none,none,artifact,
pricing.service,pricing.service,pricing,,,,,,/,false,false,none,none,artifact,
proton.account_setting,proton.account_setting,proton,arn,,,,,/,false,false,none,none,artifact,
proton.resources_summary,proton.resources_summary,proton,,,,,,/,false,false,none,none,artifact,
proton.service_sync_blocker_summary,proton.service_sync_blocker_summary,proton,,,,,,/,false,false,none,none,artifact,
proton.tags_for_resource,proton.tags_for_resource,proton,,,,,,/,false,false,none,none,artifact,
qapps.q_app,qapps.q_app,qapps,,,,,,/,false,false,none,none,artifact,
qapps.q_app_permission,qapps.q_app_permission,qapps,,,,,,/,false,false,none,none,artifact,
qapps.q_app_session,qapps.q_app_session,qapps,,,,,,/,false,false,none,none,artifact,
qapps.q_app_session_data,qapps.q_app_session_data,qapps,,,,,,/,false,false,none,none,artifact,
qapps.q_app_session_metadata,qapps.q_app_session_metadata,qapps,,,,,,/,false,false,none,none,artifact,
qapps.tags_for_resource,qapps.tags_for_resource,qapps,,,,,,/,false,false,none,none,artifact,
qbusiness.chat_response_configuration,qbusiness.chat_response_configuration,qbusiness,,,,,,/,false,false,none,none,artifact,
qbusiness.document_content,qbusiness.document_content,qbusiness,,,,,,/,false,false,none,none,artifact,
qbusiness.media,qbusiness.media,qbusiness,,,,,,/,false,false,none,none,artifact,
qbusiness.permission,qbusiness.permission,qbusiness,ApplicationId,,,,,/,false,false,none,none,artifact,
qbusiness.plugin_action,qbusiness.plugin_action,qbusiness,,,,,,/,false,false,none,none,artifact,
qbusiness.plugin_type_action,qbusiness.plugin_type_action,qbusiness,,,,,,/,false,false,none,none,artifact,
qbusiness.plugin_type_metadata,qbusiness.plugin_type_metadata,qbusiness,,,,,,/,false,false,none,none,artifact,
qbusiness.policy,qbusiness.policy,qbusiness,,,,,,/,false,false,none,none,artifact,
qbusiness.search_relevant_content,qbusiness.search_relevant_content,qbusiness,,,,,,/,false,false,none,none,artifact,
qbusiness.tags_for_resource,qbusiness.tags_for_resource,qbusiness,,,,,,/,false,false,none,none,artifact,
qconnect.ai_agent_version,qconnect.ai_agent_version,qconnect,,,,,,/,false,false,none,none,artifact,
qconnect.ai_guardrail_version,qconnect.ai_guardrail_version,qconnect,,,,,,/,false,false,none,none,artifact,
qconnect.ai_prompt_version,qconnect.ai_prompt_version,qconnect,,,,,,/,false,false,none,none,artifact,
qconnect.content_summary,qconnect.content_summary,qconnect,name,,,,,/,false,false,none,none,artifact,
qconnect.knowledge_bas,qconnect.knowledge_bas,qconnect,,,,,,/,false,false,none,none,artifact,
qconnect.message_template_version,qconnect.message_template_version,qconnect,,,,,,/,false,false,none,none,artifact,
qconnect.next_message,qconnect.next_message,qconnect,,,,,,/,false,false,none,none,artifact,
qconnect.recommendation,qconnect.recommendation,qconnect,recommendationId,,,,,/,false,false,none,none,artifact,
qconnect.search_message_template,qconnect.search_message_template,qconnect,,,,,,/,false,false,none,none,artifact,
qconnect.tags_for_resource,qconnect.tags_for_resource,qconnect,,,,,,/,false,false,none,none,artifact,
qldb.stream,qldb.stream,qldb,LedgerName,,,Arn,,/,false,false,none,none,artifact,
quicksight.account_setting,quicksight.account_setting,quicksight,,,,,,/,false,false,none,none,artifact,
quicksight.action_connector,quicksight.action_connector,quicksight,ActionConnectorId,,,Arn,,/,false,false,none,none,artifact,
quicksight.action_connector_permission,quicksight.action_connector_permission,quicksight,,,,,,/,false,false,none,none,artifact,
quicksight.agent,quicksight.agent,quicksight,AwsAccountId,,,Arn,,/,false,false,none,none,artifact,
quicksight.analysis,quicksight.analysis,quicksight,AnalysisId,,,Arn,,/,false,false,none,none,artifact,
quicksight.custom_permissions,quicksight.custom_permissions,quicksight,AwsAccountId,,,Arn,,/,false,false,none,none,artifact,
quicksight.data_set_permission,quicksight.data_set_permission,quicksight,,,,,,/,false,false,none,none,artifact,
quicksight.data_source,quicksight.data_source,quicksight,AwsAccountId,,,Arn,,/,false,false,none,none,artifact,
quicksight.flow,quicksight.flow,quicksight,Arn,,,Arn,,/,false,false,none,none,artifact,
quicksight.folder,quicksight.folder,quicksight,AwsAccountId,,,Arn,,/,false,false,none,none,artifact,
quicksight.knowledge_base,quicksight.knowledge_base,quicksight,AwsAccountId,,,KnowledgeBaseArn,,/,false,false,none,none,artifact,
quicksight.o_auth_client_application,quicksight.o_auth_client_application,quicksight,Arn,,,Arn,,/,false,false,none,none,artifact,
quicksight.refresh_schedule,quicksight.refresh_schedule,quicksight,AwsAccountId,,,Arn,,/,false,false,none,none,artifact,
quicksight.space,quicksight.space,quicksight,AwsAccountId,,,Arn,,/,false,false,none,none,artifact,
quicksight.template,quicksight.template,quicksight,AwsAccountId,,,Arn,,/,false,false,none,none,artifact,
quicksight.theme,quicksight.theme,quicksight,ThemeId,,,Arn,,/,false,false,none,none,artifact,
quicksight.topic,quicksight.topic,quicksight,AwsAccountId,,,Arn,,/,false,false,none,none,artifact,
quicksight.vpc_connection,quicksight.vpc_connection,quicksight,AwsAccountId,,,Arn,,/,false,false,none,none,artifact,
ram.permission,ram.permission,ram,Arn,,,Arn,,/,false,false,none,none,artifact,
rbin.tags_for_resource,rbin.tags_for_resource,rbin,,,,,,/,false,false,none,none,artifact,
rds.custom_db_engine_version,rds.custom_db_engine_version,rds,Engine,,,DBEngineVersionArn,,/,false,false,none,none,artifact,
rds.db_cluster_automated_backup,rds.db_cluster_automated_backup,rds,,,,,,/,false,false,none,none,artifact,
rds.db_cluster_snapshot_attribute,rds.db_cluster_snapshot_attribute,rds,,,,,,/,false,false,none,none,artifact,
rds.db_engine_version,rds.db_engine_version,rds,DBEngineVersionArn,,,DBEngineVersionArn,,/,false,false,none,none,artifact,
rds.db_instance_automated_backup,rds.db_instance_automated_backup,rds,,,,,,/,false,false,none,none,artifact,
rds.db_proxy_target_group,rds.db_proxy_target_group,rds,TargetGroupArn,,,TargetGroupArn,,/,false,false,none,none,artifact,
rds.db_recommendation,rds.db_recommendation,rds,,,,,,/,false,false,none,none,artifact,
rds.db_security_group_ingress,rds.db_security_group_ingress,rds,Id,,,,,/,false,false,none,none,artifact,
rds.db_snapshot_attribute,rds.db_snapshot_attribute,rds,,,,,,/,false,false,none,none,artifact,
rds.tenant_databas,rds.tenant_databas,rds,,,,,,/,false,false,none,none,artifact,
redshift.cluster_db_revision,redshift.cluster_db_revision,redshift,,,,,,/,false,false,none,none,artifact,
redshift.cluster_security_group_ingress,redshift.cluster_security_group_ingress,redshift,Id,,,,,/,false,false,none,none,artifact,
redshift.data_shares_for_producer,redshift.data_shares_for_producer,redshift,,,,,,/,false,false,none,none,artifact,
redshift.recommendation,redshift.recommendation,redshift,Id,,,,,/,false,false,none,none,artifact,
redshift-reserved,redshift.redshift_reserved,redshift,ReservedNodeId,ReservedNodeId,,,reserved-nodes,/,false,false,none,none,artifact,
redshift-data.statement_result,redshift-data.statement_result,redshift-data,,,,,,/,false,false,none,none,artifact,
redshift-data.statement_result_v2,redshift-data.statement_result_v2,redshift-data,,,,,,/,false,false,none,none,artifact,
redshift-serverless.reservation_offering,redshift-serverless.reservation_offering,redshift-serverless,,,,,,/,false,false,none,none,artifact,
redshift-serverless.tags_for_resource,redshift-serverless.tags_for_resource,redshift-serverless,,,,,,/,false,false,none,none,artifact,
redshift-serverless.usage_limit,redshift-serverless.usage_limit,redshift-serverless,usageLimitArn,,,,,/,false,false,none,none,artifact,
redshift-serverless.namespace,redshift-serverless.namespace,redshiftserverless,NamespaceName,,,NamespaceArn,,/,false,false,none,none,artifact,
redshift-serverless.snapshot,redshift-serverless.snapshot,redshiftserverless,SnapshotName,,,NamespaceArn,,/,false,false,none,none,artifact,
redshift-serverless.workgroup,redshift-serverless.workgroup,redshiftserverless,WorkgroupName,,,WorkgroupArn,,/,false,false,none,none,artifact,
refactorspaces.application,refactorspaces.application,refactorspaces,EnvironmentIdentifier,,,Arn,,/,false,false,none,none,artifact,
refactorspaces.environment,refactorspaces.environment,refactorspaces,EnvironmentIdentifier,,,Arn,,/,false,false,none,none,artifact,
refactorspaces.route,refactorspaces.route,refactorspaces,EnvironmentIdentifier,,,Arn,,/,false,false,none,none,artifact,
refactorspaces.service,refactorspaces.service,refactorspaces,EnvironmentIdentifier,,,Arn,,/,false,false,none,none,artifact,
rekognition.face_liveness_session_result,rekognition.face_liveness_session_result,rekognition,Name,,,,,/,false,false,none,none,artifact,
rekognition.media_analysis_job,rekognition.media_analysis_job,rekognition,,,,,,/,false,false,none,none,artifact,
rekognition.tags_for_resource,rekognition.tags_for_resource,rekognition,,,,,,/,false,false,none,none,artifact,
repostspace.channel,repostspace.channel,repostspace,,,,,,/,false,false,none,none,artifact,
repostspace.tags_for_resource,repostspace.tags_for_resource,repostspace,,,,,,/,false,false,none,none,artifact,
resiliencehub.alarm_recommendation,resiliencehub.alarm_recommendation,resiliencehub,name,,,,,/,false,false,none,none,artifact,
resiliencehub.app_assessment_resource_drift,resiliencehub.app_assessment_resource_drift,resiliencehub,,,,,,/,false,false,none,none,artifact,
resiliencehub.app_component_recommendation,resiliencehub.app_component_recommendation,resiliencehub,,,,,,/,false,false,none,none,artifact,
resiliencehub.metric,resiliencehub.metric,resiliencehub,,,,,,/,false,false,none,none,artifact,
resiliencehub.resource_grouping_recommendation,resiliencehub.resource_grouping_recommendation,resiliencehub,,,,,,/,false,false,none,none,artifact,
resiliencehub.resource_grouping_recommendation_task,resiliencehub.resource_grouping_recommendation_task,resiliencehub,,,,,,/,false,false,none,none,artifact,
resiliencehub.sop_recommendation,resiliencehub.sop_recommendation,resiliencehub,name,,,,,/,false,false,none,none,artifact,
resiliencehub.suggested_resiliency_policy,resiliencehub.suggested_resiliency_policy,resiliencehub,,,,,,/,false,false,none,none,artifact,
resiliencehub.tags_for_resource,resiliencehub.tags_for_resource,resiliencehub,,,,,,/,false,false,none,none,artifact,
resiliencehub.test_recommendation,resiliencehub.test_recommendation,resiliencehub,id,,,,,/,false,false,none,none,artifact,
resiliencehubv2.policy,resiliencehubv2.policy,resiliencehubv2,PolicyArn,,,PolicyArn,,/,false,false,none,none,artifact,
resiliencehubv2.service,resiliencehubv2.service,resiliencehubv2,ServiceArn,,,ServiceArn,,/,false,false,none,none,artifact,
resiliencehubv2.service_function,resiliencehubv2.service_function,resiliencehubv2,ServiceArn,,,,,/,false,false,none,none,artifact,
resiliencehubv2.system,resiliencehubv2.system,resiliencehubv2,SystemArn,,,SystemArn,,/,false,false,none,none,artifact,
resiliencehubv2.user_journey,resiliencehubv2.user_journey,resiliencehubv2,SystemIdentifier,,,,,/,false,false,none,none,artifact,
resource-explorer-2.resource,resource-explorer-2.resource,resource-explorer-2,,,,,,/,false,false,none,none,artifact,
resource-explorer-2.resource_explorer_setup,resource-explorer-2.resource_explorer_setup,resource-explorer-2,,,,,,/,false,false,none,none,artifact,
resource-explorer-2.streaming_access_for_service,resource-explorer-2.streaming_access_for_service,resource-explorer-2,,,,,,/,false,false,none,none,artifact,
resource-explorer-2.tags_for_resource,resource-explorer-2.tags_for_resource,resource-explorer-2,,,,,,/,false,false,none,none,artifact,
resource-groups.account_setting,resource-groups.account_setting,resource-groups,,,,,,/,false,false,none,none,artifact,
resource-groups.grouping_status,resource-groups.grouping_status,resource-groups,,,,,,/,false,false,none,none,artifact,
resource-groups.tag,resource-groups.tag,resource-groups,Arn,,,,,/,false,false,none,none,artifact,
resource-groups.tag_sync_task,resource-groups.tag_sync_task,resource-groups,,,,,,/,false,false,none,none,artifact,
resource-explorer-2.default_view_association,resource-explorer-2.default_view_association,resourceexplorer2,AssociatedAwsPrincipal,,,,,/,false,false,none,none,artifact,
resource-explorer-2.index,resource-explorer-2.index,resourceexplorer2,Arn,,,Arn,,/,false,false,none,none,artifact,
resource-explorer-2.view,resource-explorer-2.view,resourceexplorer2,ViewArn,,,ViewArn,,/,false,false,none,none,artifact,
resource-groups.group,resource-groups.group,resourcegroups,Name,,,Arn,,/,false,false,none,none,artifact,
resourcegroupstaggingapi.compliance_summary,resourcegroupstaggingapi.compliance_summary,resourcegroupstaggingapi,,,,,,/,false,false,none,none,artifact,
resourcegroupstaggingapi.required_tag,resourcegroupstaggingapi.required_tag,resourcegroupstaggingapi,,,,,,/,false,false,none,none,artifact,
resourcegroupstaggingapi.resource,resourcegroupstaggingapi.resource,resourcegroupstaggingapi,ResourceARN,,,ResourceARN,,/,false,false,none,none,artifact,
resourcegroupstaggingapi.tag_key,resourcegroupstaggingapi.tag_key,resourcegroupstaggingapi,,,,,,/,false,false,none,none,artifact,
robomaker.robot_application_version,robomaker.robot_application_version,robomaker,Arn,,,Arn,,/,false,false,none,none,artifact,
robomaker.simulation_application_version,robomaker.simulation_application_version,robomaker,Arn,,,Arn,,/,false,false,none,none,artifact,
rolesanywhere.tags_for_resource,rolesanywhere.tags_for_resource,rolesanywhere,,,,,,/,false,false,none,none,artifact,
route53.dnssec,route53.dnssec,route53,HostedZoneId,,,,,/,false,false,none,none,artifact,
route53.key_signing_key,route53.key_signing_key,route53,HostedZoneId,,,,,/,false,false,none,none,artifact,
rrset,route53.record_set,route53,Name,Name,,,rrset,/,true,false,none,none,artifact,
route53.record_set_group,route53.record_set_group,route53,Id,,,,,/,false,false,none,none,artifact,
route53-recovery-control-config.tags_for_resource,route53-recovery-control-config.tags_for_resource,route53-recovery-control-config,,,,,,/,false,false,none,none,artifact,
route53-recovery-readiness.architecture_recommendation,route53-recovery-readiness.architecture_recommendation,route53-recovery-readiness,,,,,,/,false,false,none,none,artifact,
route53-recovery-readiness.cell_readiness_summary,route53-recovery-readiness.cell_readiness_summary,route53-recovery-readiness,,,,,,/,false,false,none,none,artifact,
route53-recovery-readiness.recovery_group_readiness_summary,route53-recovery-readiness.recovery_group_readiness_summary,route53-recovery-readiness,,,,,,/,false,false,none,none,artifact,
route53-recovery-readiness.tags_for_resource,route53-recovery-readiness.tags_for_resource,route53-recovery-readiness,,,,,,/,false,false,none,none,artifact,
route53globalresolver.access_source,route53globalresolver.access_source,route53globalresolver,AccessSourceId,,,Arn,,/,false,false,none,none,artifact,
route53globalresolver.access_token,route53globalresolver.access_token,route53globalresolver,AccessTokenId,,,Arn,,/,false,false,none,none,artifact,
route53globalresolver.dns_view,route53globalresolver.dns_view,route53globalresolver,DnsViewId,,,Arn,,/,false,false,none,none,artifact,
route53globalresolver.firewall_domain_list,route53globalresolver.firewall_domain_list,route53globalresolver,FirewallDomainListId,,,Arn,,/,false,false,none,none,artifact,
route53globalresolver.firewall_rule,route53globalresolver.firewall_rule,route53globalresolver,FirewallRuleId,,,,,/,false,false,none,none,artifact,
route53globalresolver.global_resolver,route53globalresolver.global_resolver,route53globalresolver,GlobalResolverId,,,Arn,,/,false,false,none,none,artifact,
route53globalresolver.hosted_zone_association,route53globalresolver.hosted_zone_association,route53globalresolver,HostedZoneAssociationId,,,ResourceArn,,/,false,false,none,none,artifact,
route53profiles.tags_for_resource,route53profiles.tags_for_resource,route53profiles,,,,,,/,false,false,none,none,artifact,
route53resolver.resolver_query_logging_config_association,route53resolver.resolver_query_logging_config_association,route53resolver,Id,,,,,/,false,false,none,none,artifact,
route53resolver.tags_for_resource,route53resolver.tags_for_resource,route53resolver,,,,,,/,false,false,none,none,artifact,
rtbfabric.link_routing_rule,rtbfabric.link_routing_rule,rtbfabric,Arn,,,Arn,,/,false,false,none,none,artifact,
rtbfabric.tags_for_resource,rtbfabric.tags_for_resource,rtbfabric,,,,,,/,false,false,none,none,artifact,
rum.resource_policy,rum.resource_policy,rum,,,,,,/,false,false,none,none,artifact,
rum.tags_for_resource,rum.tags_for_resource,rum,,,,,,/,false,false,none,none,artifact,
s3.access_grant,s3.access_grant,s3,AccessGrantId,,,AccessGrantArn,,/,false,false,none,none,artifact,
s3.access_grants_instance,s3.access_grants_instance,s3,AccessGrantsInstanceArn,,,AccessGrantsInstanceArn,,/,false,false,none,none,artifact,
s3.access_grants_location,s3.access_grants_location,s3,AccessGrantsLocationId,,,AccessGrantsLocationArn,,/,false,false,none,none,artifact,
s3.multi_region_access_point_policy,s3.multi_region_access_point_policy,s3,MrapName,,,,,/,false,false,none,none,artifact,
s3.storage_lens_group,s3.storage_lens_group,s3,Name,,,StorageLensGroupArn,,/,false,false,none,none,artifact,
s3control.access_point_scope,s3control.access_point_scope,s3control,,,,,,/,false,false,none,none,artifact,
s3control.tags_for_resource,s3control.tags_for_resource,s3control,,,,,,/,false,false,none,none,artifact,
s3files.access_point,s3files.access_point,s3files,AccessPointId,,,AccessPointArn,,/,false,false,none,none,artifact,
s3files.file_system,s3files.file_system,s3files,FileSystemArn,,,FileSystemArn,,/,false,false,none,none,artifact,
s3files.file_system_policy,s3files.file_system_policy,s3files,FileSystemId,,,,,/,false,false,none,none,artifact,
s3files.mount_target,s3files.mount_target,s3files,MountTargetId,,,,,/,false,false,none,none,artifact,
s3objectlambda.access_point,s3objectlambda.access_point,s3objectlambda,Name,,,Arn,,/,false,false,none,none,artifact,
s3objectlambda.access_point_policy,s3objectlambda.access_point_policy,s3objectlambda,ObjectLambdaAccessPoint,,,,,/,false,false,none,none,artifact,
s3outposts.access_point,s3outposts.access_point,s3outposts,Arn,,,Arn,,/,false,false,none,none,artifact,
s3outposts.bucket,s3outposts.bucket,s3outposts,Arn,,,Arn,,/,false,false,none,none,artifact,
s3outposts.bucket_policy,s3outposts.bucket_policy,s3outposts,Bucket,,,,,/,false,false,none,none,artifact,
s3outposts.outposts_with_s3,s3outposts.outposts_with_s3,s3outposts,,,,,,/,false,false,none,none,artifact,
s3tables.table_bucket_encryption,s3tables.table_bucket_encryption,s3tables,,,,,,/,false,false,none,none,artifact,
s3tables.table_bucket_maintenance_configuration,s3tables.table_bucket_maintenance_configuration,s3tables,,,,,,/,false,false,none,none,artifact,
s3tables.table_encryption,s3tables.table_encryption,s3tables,,,,,,/,false,false,none,none,artifact,
s3tables.table_maintenance_configuration,s3tables.table_maintenance_configuration,s3tables,,,,,,/,false,false,none,none,artifact,
s3tables.table_maintenance_job_status,s3tables.table_maintenance_job_status,s3tables,,,,,,/,false,false,none,none,artifact,
s3tables.table_metadata_location,s3tables.table_metadata_location,s3tables,,,,,,/,false,false,none,none,artifact,
s3tables.tags_for_resource,s3tables.tags_for_resource,s3tables,,,,,,/,false,false,none,none,artifact,
s3vectors.vector,s3vectors.vector,s3vectors,,,,,,/,false,false,none,none,artifact,
sagemaker.experiment_trial_component,sagemaker.experiment_trial_component,sagemaker,Arn,,,Arn,,/,false,false,none,none,artifact,
sagemaker.image_version,sagemaker.image_version,sagemaker,ImageVersionArn,,,ImageVersionArn,,/,false,false,none,none,artifact,
sagemaker.mlflow_app,sagemaker.mlflow_app,sagemaker,Arn,,,Arn,,/,false,false,none,none,artifact,
sagemaker.mlflow_tracking_server,sagemaker.mlflow_tracking_server,sagemaker,TrackingServerName,,,TrackingServerArn,,/,false,false,none,none,artifact,
sagemaker.partner_app,sagemaker.partner_app,sagemaker,Arn,,,Arn,,/,false,false,none,none,artifact,
sagemaker-transform-job,sagemaker.sagemaker_transform_job,sagemaker,TransformJobArn,TransformJobName,,TransformJobArn,transform-job,/,false,false,none,none,artifact,
scheduler.tags_for_resource,scheduler.tags_for_resource,scheduler,,,,,,/,false,false,none,none,artifact,
schemas.tags_for_resource,schemas.tags_for_resource,schemas,,,,,,/,false,false,none,none,artifact,
scn.dataset,scn.dataset,scn,Arn,,,Arn,,/,false,false,none,none,artifact,
scn.namespace,scn.namespace,scn,Arn,,,Arn,,/,false,false,none,none,artifact,
sdb.attribute,sdb.attribute,sdb,Name,,,,,/,false,false,none,none,artifact,
secretsmanager.resource_policy,secretsmanager.resource_policy,secretsmanager,Id,,,,,/,false,false,none,none,artifact,
secretsmanager.rotation_schedule,secretsmanager.rotation_schedule,secretsmanager,Id,,,,,/,false,false,none,none,artifact,
secretsmanager.secret_target_attachment,secretsmanager.secret_target_attachment,secretsmanager,Id,,,,,/,false,false,none,none,artifact,
security-ir.cas,security-ir.cas,security-ir,,,,,,/,false,false,none,none,artifact,
security-ir.case_attachment_download_url,security-ir.case_attachment_download_url,security-ir,,,,,,/,false,false,none,none,artifact,
security-ir.case_attachment_upload_url,security-ir.case_attachment_upload_url,security-ir,,,,,,/,false,false,none,none,artifact,
security-ir.case_edit,security-ir.case_edit,security-ir,,,,,,/,false,false,none,none,artifact,
security-ir.tags_for_resource,security-ir.tags_for_resource,security-ir,,,,,,/,false,false,none,none,artifact,
securityagent.agent_space,securityagent.agent_space,securityagent,AgentSpaceId,,,,,/,false,false,none,none,artifact,
securityagent.application,securityagent.application,securityagent,ApplicationId,,,IdCApplicationArn,,/,false,false,none,none,artifact,
securityagent.pentest,securityagent.pentest,securityagent,PentestId,,,,,/,false,false,none,none,artifact,
securityagent.security_requirement_pack,securityagent.security_requirement_pack,securityagent,PackId,,,,,/,false,false,none,none,artifact,
securityagent.target_domain,securityagent.target_domain,securityagent,TargetDomainId,,,,,/,false,false,none,none,artifact,
securityhub.aggregator_v2,securityhub.aggregator_v2,securityhub,AggregatorV2Arn,,,AggregatorV2Arn,,/,false,false,none,none,artifact,
securityhub.aggregators_v2,securityhub.aggregators_v2,securityhub,,,,,,/,false,false,none,none,artifact,
securityhub.automation_rule_v2,securityhub.automation_rule_v2,securityhub,RuleArn,,,RuleArn,,/,false,false,none,none,artifact,
securityhub.connector_v2,securityhub.connector_v2,securityhub,ConnectorArn,,,ConnectorArn,,/,false,false,none,none,artifact,
securityhub.delegated_admin,securityhub.delegated_admin,securityhub,DelegatedAdminIdentifier,,,,,/,false,false,none,none,artifact,
securityhub.enabled_standard,securityhub.enabled_standard,securityhub,,,,,,/,false,false,none,none,artifact,
securityhub.hub_v2,securityhub.hub_v2,securityhub,HubV2Arn,,,HubV2Arn,,/,false,false,none,none,artifact,
securityhub.insight,securityhub.insight,securityhub,InsightArn,,,InsightArn,,/,false,false,none,none,artifact,
securityhub.policy_association,securityhub.policy_association,securityhub,AssociationIdentifier,,,,,/,false,false,none,none,artifact,
securityhub.product_subscription,securityhub.product_subscription,securityhub,ProductSubscriptionArn,,,ProductSubscriptionArn,,/,false,false,none,none,artifact,
securityhub.security_control,securityhub.security_control,securityhub,SecurityControlId,,,,,/,false,false,none,none,artifact,
securityhub.security_hub_v2,securityhub.security_hub_v2,securityhub,,,,,,/,false,false,none,none,artifact,
securityhub-finding,securityhub.securityhub_finding,securityhub,Id,ProductName,,,securityhub-finding,/,false,false,none,none,artifact,
securitylake.aws_log_source,securitylake.aws_log_source,securitylake,SourceName,,,,,/,false,false,none,none,artifact,
securitylake.data_lake_exception,securitylake.data_lake_exception,securitylake,,,,,,/,false,false,none,none,artifact,
securitylake.data_lake_organization_configuration,securitylake.data_lake_organization_configuration,securitylake,,,,,,/,false,false,none,none,artifact,
securitylake.data_lake_source,securitylake.data_lake_source,securitylake,,,,,,/,false,false,none,none,artifact,
securitylake.log_source,securitylake.log_source,securitylake,,,,,,/,false,false,none,none,artifact,
securitylake.subscriber_notification,securitylake.subscriber_notification,securitylake,SubscriberArn,,,,,/,false,false,none,none,artifact,
securitylake.tags_for_resource,securitylake.tags_for_resource,securitylake,,,,,,/,false,false,none,none,artifact,
service.portfolio,service.portfolio,service,,,,,,/,false,false,none,none,artifact,
service.portfolio_access,service.portfolio_access,service,,,,,,/,false,false,none,none,artifact,
service-quotas.auto_management_configuration,service-quotas.auto_management_configuration,service-quotas,,,,,,/,false,false,none,none,artifact,
service-quotas.aws_default_service_quota,service-quotas.aws_default_service_quota,service-quotas,,,,,,/,false,false,none,none,artifact,
service-quotas.requested_service_quota_change_history_by_quota,service-quotas.requested_service_quota_change_history_by_quota,service-quotas,Id,,,,,/,false,false,none,none,artifact,
service-quota,service-quotas.service_quota,service-quotas,QuotaCode,QuotaName,,QuotaArn,,/,false,false,none,none,artifact,
service-quotas.service_quota_increase_requests_in_template,service-quotas.service_quota_increase_requests_in_template,service-quotas,,,,,,/,false,false,none,none,artifact,
service-quotas.tags_for_resource,service-quotas.tags_for_resource,service-quotas,,,,,,/,false,false,none,none,artifact,
catalog-product,servicecatalog.cloud_formation_product,servicecatalog,ProductId,Name,,ProductARN,product,/,false,false,none,none,artifact,
servicecatalog.cloud_formation_provisioned_product,servicecatalog.cloud_formation_provisioned_product,servicecatalog,ProvisionedProductId,,,CloudformationStackArn,,/,false,false,none,none,artifact,
servicecatalog.launch_notification_constraint,servicecatalog.launch_notification_constraint,servicecatalog,Id,,,,,/,false,false,none,none,artifact,
servicecatalog.launch_role_constraint,servicecatalog.launch_role_constraint,servicecatalog,Id,,,,,/,false,false,none,none,artifact,
servicecatalog.launch_template_constraint,servicecatalog.launch_template_constraint,servicecatalog,Id,,,,,/,false,false,none,none,artifact,
servicecatalog.portfolio_principal_association,servicecatalog.portfolio_principal_association,servicecatalog,PortfolioId,,,,,/,false,false,none,none,artifact,
servicecatalog.portfolio_product_association,servicecatalog.portfolio_product_association,servicecatalog,PortfolioId,,,,,/,false,false,none,none,artifact,
servicecatalog.portfolio_share,servicecatalog.portfolio_share,servicecatalog,PortfolioId,,,,,/,false,false,none,none,artifact,
servicecatalog.record_history,servicecatalog.record_history,servicecatalog,,,,,,/,false,false,none,none,artifact,
servicecatalog.resource_update_constraint,servicecatalog.resource_update_constraint,servicecatalog,Id,,,,,/,false,false,none,none,artifact,
servicecatalog.service_action_association,servicecatalog.service_action_association,servicecatalog,ProductId,,,,,/,false,false,none,none,artifact,
servicecatalog.stack_set_constraint,servicecatalog.stack_set_constraint,servicecatalog,Id,,,,,/,false,false,none,none,artifact,
servicecatalog.tag_option_association,servicecatalog.tag_option_association,servicecatalog,TagOptionId,,,,,/,false,false,none,none,artifact,
servicecatalog-appregistry.tags_for_resource,servicecatalog-appregistry.tags_for_resource,servicecatalog-appregistry,,,,,,/,false,false,none,none,artifact,
servicecatalog-appregistry.application,servicecatalog-appregistry.application,servicecatalogappregistry,Id,,,Arn,,/,false,false,none,none,artifact,
servicecatalog-appregistry.attribute_group,servicecatalog-appregistry.attribute_group,servicecatalogappregistry,Id,,,Arn,,/,false,false,none,none,artifact,
servicecatalog-appregistry.attribute_group_association,servicecatalog-appregistry.attribute_group_association,servicecatalogappregistry,ApplicationArn,,,ApplicationArn,,/,false,false,none,none,artifact,
servicecatalog-appregistry.resource_association,servicecatalog-appregistry.resource_association,servicecatalogappregistry,ApplicationArn,,,ResourceArn,,/,false,false,none,none,artifact,
servicediscovery.http_namespace,servicediscovery.http_namespace,servicediscovery,Id,,,Arn,,/,false,false,none,none,artifact,
servicediscovery.private_dns_namespace,servicediscovery.private_dns_namespace,servicediscovery,Id,,,Arn,,/,false,false,none,none,artifact,
servicediscovery.public_dns_namespace,servicediscovery.public_dns_namespace,servicediscovery,Id,,,Arn,,/,false,false,none,none,artifact,
servicediscovery.service_attribute,servicediscovery.service_attribute,servicediscovery,,,,,,/,false,false,none,none,artifact,
servicediscovery.tags_for_resource,servicediscovery.tags_for_resource,servicediscovery,,,,,,/,false,false,none,none,artifact,
ses.configuration_set_event_destination,ses.configuration_set_event_destination,ses,Id,,,,,/,false,false,none,none,artifact,
ses.contact_list,ses.contact_list,ses,ContactListName,,,,,/,false,false,none,none,artifact,
ses.dedicated_ip_pool,ses.dedicated_ip_pool,ses,PoolName,,,,,/,false,false,none,none,artifact,
ses.mail_manager_addon_instance,ses.mail_manager_addon_instance,ses,AddonInstanceId,,,AddonInstanceArn,,/,false,false,none,none,artifact,
ses.mail_manager_addon_subscription,ses.mail_manager_addon_subscription,ses,AddonSubscriptionId,,,AddonSubscriptionArn,,/,false,false,none,none,artifact,
ses.mail_manager_address_list,ses.mail_manager_address_list,ses,AddressListId,,,AddressListArn,,/,false,false,none,none,artifact,
ses.mail_manager_archive,ses.mail_manager_archive,ses,ArchiveId,,,ArchiveArn,,/,false,false,none,none,artifact,
ses.mail_manager_ingress_point,ses.mail_manager_ingress_point,ses,IngressPointId,,,IngressPointArn,,/,false,false,none,none,artifact,
ses.mail_manager_relay,ses.mail_manager_relay,ses,RelayId,,,RelayArn,,/,false,false,none,none,artifact,
ses.mail_manager_rule_set,ses.mail_manager_rule_set,ses,RuleSetId,,,RuleSetArn,,/,false,false,none,none,artifact,
ses.mail_manager_traffic_policy,ses.mail_manager_traffic_policy,ses,TrafficPolicyId,,,TrafficPolicyArn,,/,false,false,none,none,artifact,
ses.multi_region_endpoint,ses.multi_region_endpoint,ses,EndpointName,,,,,/,false,false,none,none,artifact,
ses.receipt_rule,ses.receipt_rule,ses,Id,,,,,/,false,false,none,none,artifact,
ses-receipt-rule-set,ses.ses_receipt_rule_set,ses,Name,Name,,,receipt-rule-set,/,false,false,none,none,artifact,
ses.tenant,ses.tenant,ses,TenantName,,,Arn,,/,false,false,none,none,artifact,
ses.vdm_attributes,ses.vdm_attributes,ses,VdmAttributesResourceId,,,,,/,false,false,none,none,artifact,
sesv2.blacklist_report,sesv2.blacklist_report,sesv2,,,,,,/,false,false,none,none,artifact,
sesv2.deliverability_dashboard_option,sesv2.deliverability_dashboard_option,sesv2,,,,,,/,false,false,none,none,artifact,
sesv2.deliverability_test_report,sesv2.deliverability_test_report,sesv2,,,,,,/,false,false,none,none,artifact,
sesv2.domain_statistics_report,sesv2.domain_statistics_report,sesv2,,,,,,/,false,false,none,none,artifact,
sesv2.message_insight,sesv2.message_insight,sesv2,Name,,,,,/,false,false,none,none,artifact,
sesv2.multi_region_endpoint,sesv2.multi_region_endpoint,sesv2,,,,,,/,false,false,none,none,artifact,
sesv2.recommendation,sesv2.recommendation,sesv2,,,,,,/,false,false,none,none,artifact,
sesv2.reputation_entity,sesv2.reputation_entity,sesv2,,,,,,/,false,false,none,none,artifact,
sesv2.resource_tenant,sesv2.resource_tenant,sesv2,,,,,,/,false,false,none,none,artifact,
sesv2.tags_for_resource,sesv2.tags_for_resource,sesv2,,,,,,/,false,false,none,none,artifact,
sesv2.tenant_resource,sesv2.tenant_resource,sesv2,,,,,,/,false,false,none,none,artifact,
shield.proactive_engagement,shield.proactive_engagement,shield,AccountId,,,,,/,false,false,none,none,artifact,
shield-attack,shield.shield_attack,shield,AttackId,AttackId,,,,/,false,false,none,none,artifact,
signer.profile_permission,signer.profile_permission,signer,StatementId,,,,,/,false,false,none,none,artifact,
signer.tags_for_resource,signer.tags_for_resource,signer,,,,,,/,false,false,none,none,artifact,
simspaceweaver.tags_for_resource,simspaceweaver.tags_for_resource,simspaceweaver,,,,,,/,false,false,none,none,artifact,
sms-voice.configuration_set,sms-voice.configuration_set,sms-voice,,,,,,/,false,false,none,none,artifact,
sms-voice.opt_out_list,sms-voice.opt_out_list,smsvoice,OptOutListName,,,Arn,,/,false,false,none,none,artifact,
sms-voice.phone_number,sms-voice.phone_number,smsvoice,PhoneNumberId,,,Arn,,/,false,false,none,none,artifact,
sms-voice.pool,sms-voice.pool,smsvoice,PoolId,,,Arn,,/,false,false,none,none,artifact,
sms-voice.protect_configuration,sms-voice.protect_configuration,smsvoice,ProtectConfigurationId,,,Arn,,/,false,false,none,none,artifact,
sms-voice.registration,sms-voice.registration,smsvoice,RegistrationArn,,,RegistrationArn,,/,false,false,none,none,artifact,
sms-voice.resource_policy,sms-voice.resource_policy,smsvoice,ResourceArn,,,ResourceArn,,/,false,false,none,none,artifact,
sms-voice.sender_id,sms-voice.sender_id,smsvoice,IsoCountryCode,,,Arn,,/,false,false,none,none,artifact,
snow-device-management.tags_for_resource,snow-device-management.tags_for_resource,snow-device-management,,,,,,/,false,false,none,none,artifact,
snowball.snowball_usage,snowball.snowball_usage,snowball,,,,,,/,false,false,none,none,artifact,
sns.subscription_attribute,sns.subscription_attribute,sns,,,,,,/,false,false,none,none,artifact,
sns.topic_attribute,sns.topic_attribute,sns,,,,,,/,false,false,none,none,artifact,
sns.topic_inline_policy,sns.topic_inline_policy,sns,TopicArn,,,,,/,false,false,none,none,artifact,
sns.topic_policy,sns.topic_policy,sns,Id,,,,,/,false,false,none,none,artifact,
socialmessaging.tags_for_resource,socialmessaging.tags_for_resource,socialmessaging,,,,,,/,false,false,none,none,artifact,
socialmessaging.whats_app_message_media,socialmessaging.whats_app_message_media,socialmessaging,,,,,,/,false,false,none,none,artifact,
socialmessaging.whats_app_message_template,socialmessaging.whats_app_message_template,socialmessaging,,,,,,/,false,false,none,none,artifact,
socialmessaging.whats_app_template_library,socialmessaging.whats_app_template_library,socialmessaging,,,,,,/,false,false,none,none,artifact,
sqs.queue_attribute,sqs.queue_attribute,sqs,,,,,,/,false,false,none,none,artifact,
sqs.queue_inline_policy,sqs.queue_inline_policy,sqs,Queue,,,,,/,false,false,none,none,artifact,
sqs.queue_policy,sqs.queue_policy,sqs,Id,,,,,/,false,false,none,none,artifact,
ssm.maintenance_window_target,ssm.maintenance_window_target,ssm,WindowId,,,,,/,false,false,none,none,artifact,
ssm.maintenance_window_task,ssm.maintenance_window_task,ssm,WindowId,,,,,/,false,false,none,none,artifact,
ssm.ops_metadata,ssm.ops_metadata,ssm,OpsMetadataArn,,,,,/,false,false,none,none,artifact,
ssm.resource_compliance_summary,ssm.resource_compliance_summary,ssm,,,,,,/,false,false,none,none,artifact,
ssm.resource_policy,ssm.resource_policy,ssm,PolicyId,,,ResourceArn,,/,false,false,none,none,artifact,
ssm-activation,ssm.ssm_activation,ssm,ActivationId,Description,,,,/,false,false,none,none,artifact,
ssm-data-sync,ssm.ssm_data_sync,ssm,SyncName,SyncName,,,resource-data-sync,/,false,false,none,none,artifact,
ssm-session-manager,ssm.ssm_session_manager,ssm,SessionId,SessionId,,,session,/,false,false,none,none,artifact,
ssm-contacts.tags_for_resource,ssm-contacts.tags_for_resource,ssm-contacts,,,,,,/,false,false,none,none,artifact,
ssm-guiconnect.connection_recording_preference,ssm-guiconnect.connection_recording_preference,ssm-guiconnect,,,,,,/,false,false,none,none,artifact,
ssm-incidents.tags_for_resource,ssm-incidents.tags_for_resource,ssm-incidents,,,,,,/,false,false,none,none,artifact,
ssm-quicksetup.quick_setup_type,ssm-quicksetup.quick_setup_type,ssm-quicksetup,,,,,,/,false,false,none,none,artifact,
ssm-quicksetup.service_setting,ssm-quicksetup.service_setting,ssm-quicksetup,,,,,,/,false,false,none,none,artifact,
ssm-quicksetup.tags_for_resource,ssm-quicksetup.tags_for_resource,ssm-quicksetup,,,,,,/,false,false,none,none,artifact,
ssm-sap.operation_event,ssm-sap.operation_event,ssm-sap,,,,,,/,false,false,none,none,artifact,
ssm-sap.resource_permission,ssm-sap.resource_permission,ssm-sap,,,,,,/,false,false,none,none,artifact,
ssm-sap.sub_check_result,ssm-sap.sub_check_result,ssm-sap,Id,,,,,/,false,false,none,none,artifact,
ssm-sap.sub_check_rule_result,ssm-sap.sub_check_rule_result,ssm-sap,Id,,,,,/,false,false,none,none,artifact,
ssm-sap.tags_for_resource,ssm-sap.tags_for_resource,ssm-sap,,,,,,/,false,false,none,none,artifact,
ssm-contacts.contact,ssm-contacts.contact,ssmcontacts,Arn,,,Arn,,/,false,false,none,none,artifact,
ssm-contacts.contact_channel,ssm-contacts.contact_channel,ssmcontacts,Arn,,,Arn,,/,false,false,none,none,artifact,
ssm-contacts.plan,ssm-contacts.plan,ssmcontacts,Arn,,,Arn,,/,false,false,none,none,artifact,
ssm-contacts.rotation,ssm-contacts.rotation,ssmcontacts,Arn,,,Arn,,/,false,false,none,none,artifact,
ssm-guiconnect.preferences,ssm-guiconnect.preferences,ssmguiconnect,AccountId,,,,,/,false,false,none,none,artifact,
ssm-incidents.replication_set,ssm-incidents.replication_set,ssmincidents,Arn,,,Arn,,/,false,false,none,none,artifact,
ssm-incidents.response_plan,ssm-incidents.response_plan,ssmincidents,Arn,,,Arn,,/,false,false,none,none,artifact,
ssm-quicksetup.configuration_manager,ssm-quicksetup.configuration_manager,ssmquicksetup,ManagerArn,,,ManagerArn,,/,false,false,none,none,artifact,
ssm-quicksetup.lifecycle_automation,ssm-quicksetup.lifecycle_automation,ssmquicksetup,AssociationId,,,,,/,false,false,none,none,artifact,
sso.application,sso.application,sso,ApplicationArn,,,ApplicationArn,,/,false,false,none,none,artifact,
sso.application_assignment,sso.application_assignment,sso,ApplicationArn,,,,,/,false,false,none,none,artifact,
sso.assignment,sso.assignment,sso,InstanceArn,,,,,/,false,false,none,none,artifact,
sso.inline_policy_for_permission_set,sso.inline_policy_for_permission_set,sso,,,,,,/,false,false,none,none,artifact,
sso.instance_access_control_attribute_configuration,sso.instance_access_control_attribute_configuration,sso,InstanceArn,,,,,/,false,false,none,none,artifact,
sso-admin.application_session_configuration,sso-admin.application_session_configuration,sso-admin,,,,,,/,false,false,none,none,artifact,
sso-admin.tags_for_resource,sso-admin.tags_for_resource,sso-admin,,,,,,/,false,false,none,none,artifact,
storagegateway.automatic_tape_creation_policy,storagegateway.automatic_tape_creation_policy,storagegateway,,,,,,/,false,false,none,none,artifact,
storagegateway.cache_report,storagegateway.cache_report,storagegateway,CacheReportARN,,,,,/,false,false,none,none,artifact,
storagegateway.tape_archive,storagegateway.tape_archive,storagegateway,,,,,,/,false,false,none,none,artifact,
sts.delegated_access_token,sts.delegated_access_token,sts,,,,,,/,false,false,none,none,artifact,
sts.web_identity_token,sts.web_identity_token,sts,,,,,,/,false,false,none,none,artifact,
supplychain.data_integration_event,supplychain.data_integration_event,supplychain,,,,,,/,false,false,none,none,artifact,
supplychain.data_integration_flow_execution,supplychain.data_integration_flow_execution,supplychain,,,,,,/,false,false,none,none,artifact,
supplychain.tags_for_resource,supplychain.tags_for_resource,supplychain,,,,,,/,false,false,none,none,artifact,
support.supported_language,support.supported_language,support,,,,,,/,false,false,none,none,artifact,
support.trusted_advisor_check_result,support.trusted_advisor_check_result,support,,,,,,/,false,false,none,none,artifact,
support.trusted_advisor_check_summary,support.trusted_advisor_check_summary,support,,,,,,/,false,false,none,none,artifact,
support-app.slack_channel_configuration,support-app.slack_channel_configuration,support-app,,,,,,/,false,false,none,none,artifact,
support-app.slack_workspace_configuration,support-app.slack_workspace_configuration,support-app,,,,,,/,false,false,none,none,artifact,
support-app.account_alias,support-app.account_alias,supportapp,AccountAliasResourceId,,,,,/,false,false,none,none,artifact,
swf.tags_for_resource,swf.tags_for_resource,swf,,,,,,/,false,false,none,none,artifact,
synthetics.canaries_last_run,synthetics.canaries_last_run,synthetics,,,,,,/,false,false,none,none,artifact,
synthetics.tags_for_resource,synthetics.tags_for_resource,synthetics,,,,,,/,false,false,none,none,artifact,
systemsmanagersap.application,systemsmanagersap.application,systemsmanagersap,Arn,,,Arn,,/,false,false,none,none,artifact,
taxsettings.tax_exemption,taxsettings.tax_exemption,taxsettings,,,,,,/,false,false,none,none,artifact,
taxsettings.tax_inheritance,taxsettings.tax_inheritance,taxsettings,,,,,,/,false,false,none,none,artifact,
taxsettings.tax_registration_document,taxsettings.tax_registration_document,taxsettings,,,,,,/,false,false,none,none,artifact,
textract.adapter_version,textract.adapter_version,textract,,,,,,/,false,false,none,none,artifact,
textract.lending_analysis_summary,textract.lending_analysis_summary,textract,,,,,,/,false,false,none,none,artifact,
textract.tags_for_resource,textract.tags_for_resource,textract,,,,,,/,false,false,none,none,artifact,
timestream.account_setting,timestream.account_setting,timestream,,,,,,/,false,false,none,none,artifact,
timestream.database,timestream.database,timestream,DatabaseName,,,Arn,,/,false,false,none,none,artifact,
timestream.endpoint,timestream.endpoint,timestream,,,,,,/,false,false,none,none,artifact,
timestream.influx_db_cluster,timestream.influx_db_cluster,timestream,Id,,,Arn,,/,false,false,none,none,artifact,
timestream.influx_db_instance,timestream.influx_db_instance,timestream,Id,,,Arn,,/,false,false,none,none,artifact,
timestream.table,timestream.table,timestream,DatabaseName,,,Arn,,/,false,false,none,none,artifact,
timestream.tags_for_resource,timestream.tags_for_resource,timestream,,,,,,/,false,false,none,none,artifact,
timestream-influxdb.tags_for_resource,timestream-influxdb.tags_for_resource,timestream-influxdb,,,,,,/,false,false,none,none,artifact,
timestream-write.endpoint,timestream-write.endpoint,timestream-write,,,,,,/,false,false,none,none,artifact,
timestream-write.tags_for_resource,timestream-write.tags_for_resource,timestream-write,,,,,,/,false,false,none,none,artifact,
tnb.tags_for_resource,tnb.tags_for_resource,tnb,,,,,,/,false,false,none,none,artifact,
transcribe.call_analytics_category,transcribe.call_analytics_category,transcribe,,,,,,/,false,false,none,none,artifact,
transcribe.language_model,transcribe.language_model,transcribe,,,,,,/,false,false,none,none,artifact,
transcribe.medical_vocabulary,transcribe.medical_vocabulary,transcribe,,,,,,/,false,false,none,none,artifact,
transcribe.tags_for_resource,transcribe.tags_for_resource,transcribe,,,,,,/,false,false,none,none,artifact,
transfer.agreement,transfer.agreement,transfer,AgreementId,,,Arn,,/,false,false,none,none,artifact,
transfer-user,transfer.user,transfer,UserName,UserName,,Arn,user,/,false,false,none,none,artifact,
transfer.web_app,transfer.web_app,transfer,Arn,,,Arn,,/,false,false,none,none,artifact,
translate.language,translate.language,translate,LanguageName,,,,language,/,false,false,none,none,artifact,
translate.tags_for_resource,translate.tags_for_resource,translate,,,,,,/,false,false,none,none,artifact,
translate.text_translation_job,translate.text_translation_job,translate,,,,,,/,false,false,none,none,artifact,
trustedadvisor.organization_recommendation,trustedadvisor.organization_recommendation,trustedadvisor,arn,,,,,/,false,false,none,none,artifact,
trustedadvisor.recommendation,trustedadvisor.recommendation,trustedadvisor,arn,,,,,/,false,false,none,none,artifact,
uxc.account_customization,uxc.account_customization,uxc,AccountId,,,,,/,false,false,none,none,artifact,
verifiedpermissions.policy_store_alias,verifiedpermissions.policy_store_alias,verifiedpermissions,AliasName,,,,,/,false,false,none,none,artifact,
verifiedpermissions.tags_for_resource,verifiedpermissions.tags_for_resource,verifiedpermissions,,,,,,/,false,false,none,none,artifact,
voice-id.tags_for_resource,voice-id.tags_for_resource,voice-id,,,,,,/,false,false,none,none,artifact,
vpc.dhcp_option,vpc.dhcp_option,vpc,,,,,,/,false,false,none,none,artifact,
vpc.network_interface,vpc.network_interface,vpc,,,,,,/,false,false,none,none,artifact,
vpc.vpc_endpoint_service_configuration,vpc.vpc_endpoint_service_configuration,vpc,,,,,,/,false,false,none,none,artifact,
vpc-lattice.tags_for_resource,vpc-lattice.tags_for_resource,vpc-lattice,,,,,,/,false,false,none,none,artifact,
vpc-lattice.access_log_subscription,vpc-lattice.access_log_subscription,vpclattice,Arn,,,Arn,,/,false,false,none,none,artifact,
vpc-lattice.auth_policy,vpc-lattice.auth_policy,vpclattice,ResourceIdentifier,,,,,/,false,false,none,none,artifact,
vpc-lattice.domain_verification,vpc-lattice.domain_verification,vpclattice,Arn,,,Arn,,/,false,false,none,none,artifact,
vpc-lattice.listener,vpc-lattice.listener,vpclattice,Arn,,,Arn,,/,false,false,none,none,artifact,
vpc-lattice.resource_configuration,vpc-lattice.resource_configuration,vpclattice,Arn,,,Arn,,/,false,false,none,none,artifact,
vpc-lattice.resource_gateway,vpc-lattice.resource_gateway,vpclattice,Arn,,,Arn,,/,false,false,none,none,artifact,
vpc-lattice.resource_policy,vpc-lattice.resource_policy,vpclattice,ResourceArn,,,ResourceArn,,/,false,false,none,none,artifact,
vpc-lattice.rule,vpc-lattice.rule,vpclattice,Arn,,,Arn,,/,false,false,none,none,artifact,
vpc-lattice.service,vpc-lattice.service,vpclattice,Arn,,,Arn,,/,false,false,none,none,artifact,
vpc-lattice.service_network,vpc-lattice.service_network,vpclattice,Arn,,,Arn,,/,false,false,none,none,artifact,
vpc-lattice.service_network_resource_association,vpc-lattice.service_network_resource_association,vpclattice,Arn,,,Arn,,/,false,false,none,none,artifact,
vpc-lattice.service_network_service_association,vpc-lattice.service_network_service_association,vpclattice,Arn,,,Arn,,/,false,false,none,none,artifact,
vpc-lattice.service_network_vpc_association,vpc-lattice.service_network_vpc_association,vpclattice,Arn,,,Arn,,/,false,false,none,none,artifact,
vpc-lattice.target_group,vpc-lattice.target_group,vpclattice,Arn,,,Arn,,/,false,false,none,none,artifact,
waf.activated_rules_in_rule_group,waf.activated_rules_in_rule_group,waf,,,,,,/,false,false,none,none,artifact,
waf-regional.activated_rules_in_rule_group,waf-regional.activated_rules_in_rule_group,waf-regional,,,,,,/,false,false,none,none,artifact,
waf-regional.tags_for_resource,waf-regional.tags_for_resource,waf-regional,,,,,,/,false,false,none,none,artifact,
waf-regional.web_acl_association,waf-regional.web_acl_association,waf-regional,Id,,,ResourceArn,,/,false,false,none,none,artifact,
wafv2.available_managed_rule_group,wafv2.available_managed_rule_group,wafv2,Name,,,,available-managed-rule-group,/,false,false,none,none,artifact,
wafv2.web_acl_association,wafv2.web_acl_association,wafv2,ResourceArn,,,ResourceArn,,/,false,false,none,none,artifact,
wellarchitected.lens,wellarchitected.lens,wellarchitected,LensArn,,,LensArn,,/,false,false,none,none,artifact,
wellarchitected.profile_notification,wellarchitected.profile_notification,wellarchitected,,,,,,/,false,false,none,none,artifact,
wisdom.ai_agent,wisdom.ai_agent,wisdom,AIAgentId,,,AIAgentArn,,/,false,false,none,none,artifact,
wisdom.ai_agent_version,wisdom.ai_agent_version,wisdom,AssistantId,,,AIAgentArn,,/,false,false,none,none,artifact,
wisdom.ai_guardrail,wisdom.ai_guardrail,wisdom,AIGuardrailId,,,AIGuardrailArn,,/,false,false,none,none,artifact,
wisdom.ai_guardrail_version,wisdom.ai_guardrail_version,wisdom,AssistantId,,,AIGuardrailArn,,/,false,false,none,none,artifact,
wisdom.ai_prompt,wisdom.ai_prompt,wisdom,AIPromptId,,,AIPromptArn,,/,false,false,none,none,artifact,
wisdom.ai_prompt_version,wisdom.ai_prompt_version,wisdom,AssistantId,,,AIPromptArn,,/,false,false,none,none,artifact,
wisdom.content_summary,wisdom.content_summary,wisdom,name,,,,,/,false,false,none,none,artifact,
wisdom.knowledge_bas,wisdom.knowledge_bas,wisdom,,,,,,/,false,false,none,none,artifact,
wisdom.message_template,wisdom.message_template,wisdom,MessageTemplateArn,,,MessageTemplateArn,,/,false,false,none,none,artifact,
wisdom.message_template_version,wisdom.message_template_version,wisdom,MessageTemplateVersionArn,,,MessageTemplateVersionArn,,/,false,false,none,none,artifact,
wisdom.recommendation,wisdom.recommendation,wisdom,recommendationId,,,,,/,false,false,none,none,artifact,
wisdom.tags_for_resource,wisdom.tags_for_resource,wisdom,,,,,,/,false,false,none,none,artifact,
workdocs.activity,workdocs.activity,workdocs,,,,,,/,false,false,none,none,artifact,
workdocs.resource_permission,workdocs.resource_permission,workdocs,Id,,,,,/,false,false,none,none,artifact,
workmail.identity_provider_configuration,workmail.identity_provider_configuration,workmail,,,,,,/,false,false,none,none,artifact,
workmail.mailbox_permission,workmail.mailbox_permission,workmail,,,,,,/,false,false,none,none,artifact,
workmail.personal_access_token_metadata,workmail.personal_access_token_metadata,workmail,Name,,,,,/,false,false,none,none,artifact,
workmail.tags_for_resource,workmail.tags_for_resource,workmail,,,,,,/,false,false,none,none,artifact,
workspaces.connection_alias,workspaces.connection_alias,workspaces,AliasId,,,,,/,false,false,none,none,artifact,
workspaces.workspace_ip_group,workspaces.workspace_ip_group,workspaces,Arn,,,Arn,,/,false,false,none,none,artifact,
workspaces-image,workspaces.workspaces_image,workspaces,ImageId,ImageId,,,workspaceimage,/,false,false,none,none,artifact,
workspaces-instances.instance_type,workspaces-instances.instance_type,workspaces-instances,,,,,,/,false,false,none,none,artifact,
workspaces-instances.tags_for_resource,workspaces-instances.tags_for_resource,workspaces-instances,,,,,,/,false,false,none,none,artifact,
workspaces-instances.workspace_instance,workspaces-instances.workspace_instance,workspaces-instances,,,,,,/,false,false,none,none,artifact,
workspaces-thin-client.tags_for_resource,workspaces-thin-client.tags_for_resource,workspaces-thin-client,,,,,,/,false,false,none,none,artifact,
workspaces-web.data_protection_setting,workspaces-web.data_protection_setting,workspaces-web,,,,,,/,false,false,none,none,artifact,
workspaces-web.portal_service_provider_metadata,workspaces-web.portal_service_provider_metadata,workspaces-web,,,,,,/,false,false,none,none,artifact,
workspaces-web.tags_for_resource,workspaces-web.tags_for_resource,workspaces-web,,,,,,/,false,false,none,none,artifact,
workspaces-instances.volume,workspaces-instances.volume,workspacesinstances,VolumeId,,,,,/,false,false,none,none,artifact,
workspaces-instances.volume_association,workspaces-instances.volume_association,workspacesinstances,WorkspaceInstanceId,,,,,/,false,false,none,none,artifact,
workspaces-thin-client.environment,workspaces-thin-client.environment,workspacesthinclient,Id,,,Arn,,/,false,false,none,none,artifact,
workspaces-web.browser_settings,workspaces-web.browser_settings,workspacesweb,BrowserSettingsArn,,,BrowserSettingsArn,,/,false,false,none,none,artifact,
workspaces-web.data_protection_settings,workspaces-web.data_protection_settings,workspacesweb,DataProtectionSettingsArn,,,DataProtectionSettingsArn,,/,false,false,none,none,artifact,
workspaces-web.identity_provider,workspaces-web.identity_provider,workspacesweb,IdentityProviderArn,,,IdentityProviderArn,,/,false,false,none,none,artifact,
workspaces-web.ip_access_settings,workspaces-web.ip_access_settings,workspacesweb,IpAccessSettingsArn,,,IpAccessSettingsArn,,/,false,false,none,none,artifact,
workspaces-web.network_settings,workspaces-web.network_settings,workspacesweb,NetworkSettingsArn,,,NetworkSettingsArn,,/,false,false,none,none,artifact,
workspaces-web.portal,workspaces-web.portal,workspacesweb,PortalArn,,,PortalArn,,/,false,false,none,none,artifact,
workspaces-web.session_logger,workspaces-web.session_logger,workspacesweb,SessionLoggerArn,,,SessionLoggerArn,,/,false,false,none,none,artifact,
workspaces-web.trust_store,workspaces-web.trust_store,workspacesweb,TrustStoreArn,,,TrustStoreArn,,/,false,false,none,none,artifact,
workspaces-web.user_access_logging_settings,workspaces-web.user_access_logging_settings,workspacesweb,UserAccessLoggingSettingsArn,,,UserAccessLoggingSettingsArn,,/,false,false,none,none,artifact,
workspaces-web.user_settings,workspaces-web.user_settings,workspacesweb,UserSettingsArn,,,UserSettingsArn,,/,false,false,none,none,artifact,
xray.sampling_statistic_summary,xray.sampling_statistic_summary,xray,,,,,,/,false,false,none,none,artifact,
xray.transaction_search_config,xray.transaction_search_config,xray,AccountId,,,,,/,false,false,none,none,artifact,
accessanalyzer.analyzer,accessanalyzer.analyzer,accessanalyzer,Arn,,,Arn,,/,false,true,field,real,asset,
acm-certificate,acm.certificate,acm,CertificateArn,DomainName,,CertificateArn,certificate,/,false,true,field,real,asset,
acm-pca.certificate_authority,acm-pca.certificate_authority,acm-pca,Arn,,,Arn,,/,false,true,field,real,asset,
aiops.investigation_group,aiops.investigation_group,aiops,Arn,,,Arn,,/,false,true,field,real,asset,
amp.anomaly_detector,amp.anomaly_detector,amp,anomalyDetectorId,,,,anomaly-detector,/,false,true,construct,real,asset,
amp.rule_groups_namespace,amp.rule_groups_namespace,amp,arn,,,arn,,/,false,true,field,real,child,"name,workspaceId"
amplify.app,amplify.app,amplify,Arn,,,Arn,,/,false,true,field,real,asset,
amplify.backend_environment,amplify.backend_environment,amplify,backendEnvironmentArn,,,backendEnvironmentArn,,/,false,true,field,real,child,"appId,environmentName"
amplify.branch,amplify.branch,amplify,Arn,,,Arn,,/,false,true,field,real,child,appId
amplify.domain_association,amplify.domain_association,amplify,domainAssociationArn,,,domainAssociationArn,,/,false,true,field,real,child,"appId,domainName"
amplify.job,amplify.job,amplify,jobArn,,,jobArn,,/,false,true,field,real,child,"appId,branchName,jobId"
amplify.webhook,amplify.webhook,amplify,webhookArn,,,webhookArn,,/,false,true,field,real,child,webhookId
apigateway.account,apigateway.account,apigateway,Id,,,,account,/,false,true,construct,real,asset,
apigateway.api_key,apigateway.api_key,apigateway,APIKeyId,,,,api-key,/,false,true,construct,real,asset,
rest-client-certificate,apigateway.client_certificate,apigateway,clientCertificateId,client_certificate_id,,,client-certificate,/,false,true,construct,real,asset,
apigw-domain-name,apigateway.domain_name,apigateway,domainName,domainName,,DomainNameArn,/domainnames,/,false,true,field,real,asset,
apigateway.domain_name_access_association,apigateway.domain_name_access_association,apigateway,DomainNameAccessAssociationArn,,,DomainNameAccessAssociationArn,,/,false,true,field,real,asset,
rest-api,apigateway.rest_api,apigateway,id,name,,,/restapis,/,false,true,construct,real,asset,
rest-stage,apigateway.stage,apigateway,deploymentId,stageName,,,stages,/,false,true,construct,real,child,restApiId
apigateway.usage_plan,apigateway.usage_plan,apigateway,Id,,,,usage-plan,/,false,true,construct,real,asset,
rest-vpclink,apigateway.vpc_link,apigateway,id,name,,,vpc-link,/,false,true,construct,real,asset,
apigwv2,apigatewayv2.api,apigatewayv2,ApiId,name,,,/apis,/,false,true,construct,real,asset,
apigatewayv2.domain_name,apigatewayv2.domain_name,apigatewayv2,DomainName,,,DomainNameArn,,/,false,true,field,real,asset,
apigatewayv2.portal,apigatewayv2.portal,apigatewayv2,PortalArn,,,PortalArn,,/,false,true,field,real,asset,
apigatewayv2.portal_product,apigatewayv2.portal_product,apigatewayv2,PortalProductArn,,,PortalProductArn,,/,false,true,field,real,asset,
apigwv2-stage,apigatewayv2.stage,apigatewayv2,StageName,StageName,,,/apis,/,false,true,construct,real,child,ApiId
apigatewayv2.vpc_link,apigatewayv2.vpc_link,apigatewayv2,VpcLinkId,,,,vpc-link,/,false,true,construct,real,asset,
appconfig.application,appconfig.application,appconfig,ApplicationId,,,,application,/,false,true,construct,real,asset,
appconfig.configuration_profile,appconfig.configuration_profile,appconfig,ApplicationId,,,KmsKeyArn,,/,false,true,field,real,child,ApplicationId
appconfig.deployment_strategy,appconfig.deployment_strategy,appconfig,Id,,,,deployment-strategy,/,false,true,construct,real,asset,
appconfig.extension,appconfig.extension,appconfig,Id,,,Arn,,/,false,true,field,real,asset,
appconfig.extension_association,appconfig.extension_association,appconfig,Id,,,Arn,,/,false,true,field,real,asset,
appfabric.app_authorization,appfabric.app_authorization,appfabric,appAuthorizationArn,,,appAuthorizationArn,,/,false,true,field,real,child,"appAuthorizationIdentifier,appBundleIdentifier"
appfabric.app_bundle,appfabric.app_bundle,appfabric,arn,,,arn,,/,false,true,field,real,child,appBundleIdentifier
appfabric.ingestion,appfabric.ingestion,appfabric,arn,,,arn,,/,false,true,field,real,child,"appBundleIdentifier,ingestionIdentifier"
appfabric.ingestion_destination,appfabric.ingestion_destination,appfabric,arn,,,arn,,/,false,true,field,real,child,"appBundleIdentifier,ingestionDestinationIdentifier,ingestionIdentifier"
app-flow,appflow.flow,appflow,flowName,flowName,,flowArn,flow,/,false,true,field,real,asset,
appflow.connector,appflow.connector,appflow,ConnectorLabel,,,ConnectorArn,,/,false,true,field,real,asset,
appflow.connector_profile,appflow.connector_profile,appflow,ConnectorProfileName,,,ConnectorProfileArn,,/,false,true,field,real,asset,
appintegrations.application,appintegrations.application,appintegrations,ApplicationArn,,,ApplicationArn,,/,false,true,field,real,asset,
appintegrations.application_association,appintegrations.application_association,appintegrations,ApplicationAssociationArn,,,ApplicationAssociationArn,,/,false,true,field,real,child,ApplicationId
appintegrations.data_integration,appintegrations.data_integration,appintegrations,Id,,,DataIntegrationArn,,/,false,true,field,real,asset,
appintegrations.data_integration_association,appintegrations.data_integration_association,appintegrations,DataIntegrationAssociationArn,,,DataIntegrationAssociationArn,,/,false,true,field,real,child,DataIntegrationIdentifier
appintegrations.event_integration,appintegrations.event_integration,appintegrations,Name,,,EventIntegrationArn,,/,false,true,field,real,asset,
appintegrations.event_integration_association,appintegrations.event_integration_association,appintegrations,EventIntegrationAssociationArn,,,EventIntegrationAssociationArn,,/,false,true,field,real,child,EventIntegrationName
application-autoscaling.scheduled_action,application-autoscaling.scheduled_action,application-autoscaling,ScheduledActionARN,,,ScheduledActionARN,,/,false,true,field,real,child,ServiceNamespace
application-signals.service_operation,application-signals.service_operation,application-signals,Name,,,,service-operation,/,false,true,construct,real,asset,
appmesh.gateway_route,appmesh.gateway_route,appmesh,Id,,,Arn,,/,false,true,field,real,child,"meshName,virtualGatewayName"
appmesh-mesh,appmesh.mesh,appmesh,meshName,meshName,,arn,mesh,/,false,true,field,real,asset,
appmesh.route,appmesh.route,appmesh,Id,,,Arn,,/,false,true,field,real,child,"meshName,virtualRouterName"
appmesh-virtual-gateway,appmesh.virtual_gateway,appmesh,meshName,virtualGatewayName,,metadata.arn,mesh,/,false,true,field,real,child,meshName
appmesh.virtual_node,appmesh.virtual_node,appmesh,Id,,,Arn,,/,false,true,field,real,child,meshName
appmesh.virtual_router,appmesh.virtual_router,appmesh,Id,,,Arn,,/,false,true,field,real,child,meshName
appmesh.virtual_service,appmesh.virtual_service,appmesh,Id,,,Arn,,/,false,true,field,real,child,meshName
approved.instance,approved.instance,approved,InstanceId,,,,instance,/,false,true,construct,real,asset,
apprunner.auto_scaling_configuration,apprunner.auto_scaling_configuration,apprunner,AutoScalingConfigurationArn,,,AutoScalingConfigurationArn,,/,false,true,field,real,asset,
apprunner.connection,apprunner.connection,apprunner,ConnectionArn,,,ConnectionArn,,/,false,true,field,real,asset,
apprunner.observability_configuration,apprunner.observability_configuration,apprunner,ObservabilityConfigurationArn,,,ObservabilityConfigurationArn,,/,false,true,field,real,asset,
apprunner.service,apprunner.service,apprunner,ServiceArn,,,ServiceArn,,/,false,true,field,real,asset,
apprunner.vpc_connector,apprunner.vpc_connector,apprunner,VpcConnectorArn,,,VpcConnectorArn,,/,false,true,field,real,asset,
apprunner.vpc_ingress_connection,apprunner.vpc_ingress_connection,apprunner,VpcIngressConnectionArn,,,VpcIngressConnectionArn,,/,false,true,field,real,asset,
appstream.app_block,appstream.app_block,appstream,Arn,,,Arn,,/,false,true,field,real,asset,
appstream.app_block_builder,appstream.app_block_builder,appstream,Name,,,Arn,,/,false,true,field,real,asset,
appstream.application,appstream.application,appstream,Arn,,,Arn,,/,false,true,field,real,asset,
appstream.application_fleet_association,appstream.application_fleet_association,appstream,FleetName,,,,application-fleet-association,/,false,true,construct,real,asset,
appstream.directory_config,appstream.directory_config,appstream,DirectoryName,,,,directory-config,/,false,true,construct,real,asset,
appstream-fleet,appstream.fleet,appstream,Name,Name,,Arn,fleet,/,false,true,field,real,asset,
appstream.image_builder,appstream.image_builder,appstream,Name,,,Arn,,/,false,true,field,real,asset,
appstream-stack,appstream.stack,appstream,Name,Name,,Arn,stack,/,false,true,field,real,asset,
appsync.api,appsync.api,appsync,ApiArn,,,ApiArn,,/,false,true,field,real,asset,
appsync.domain_name,appsync.domain_name,appsync,DomainName,,,DomainNameArn,,/,false,true,field,real,asset,
graphql-api,appsync.graph_ql_api,appsync,apiId,name,,arn,apis,/,false,true,field,real,asset,
arc-region-switch.plan_execution,arc-region-switch.plan_execution,arc-region-switch,name,,,,plan-execution,/,false,true,construct,real,asset,
arc-region-switch.plan_in_region,arc-region-switch.plan_in_region,arc-region-switch,arn,,,arn,,/,false,true,field,real,asset,
arc-region-switch.plans_in_region,arc-region-switch.plans_in_region,arc-region-switch,arn,,,arn,,/,false,true,field,real,asset,
arc-zonal-shift.managed_resource,arc-zonal-shift.managed_resource,arc-zonal-shift,arn,,,arn,,/,false,true,field,real,child,resourceIdentifier
arc-zonal-shift.zonal_shift,arc-zonal-shift.zonal_shift,arc-zonal-shift,zonalShiftId,,,,zonal-shift,/,false,true,construct,real,asset,
artifact.customer_agreement,artifact.customer_agreement,artifact,arn,,,arn,,/,false,true,field,real,asset,
athena.capacity_reservation,athena.capacity_reservation,athena,Arn,,,Arn,,/,false,true,field,real,asset,
athena.data_catalog,athena.data_catalog,athena,CatalogName,,,,datacatalog,/,false,true,construct,real,asset,
athena-named-query,athena.named_query,athena,NamedQueryId,Name,,,named-query,/,false,true,construct,real,asset,
athena.work_group,athena.work_group,athena,Name,,,,work-group,/,false,true,construct,real,asset,
auditmanager.assessment,auditmanager.assessment,auditmanager,AssessmentId,,,Arn,,/,false,true,field,real,asset,
auditmanager.assessment_framework,auditmanager.assessment_framework,auditmanager,Arn,,,Arn,,/,false,true,field,real,child,frameworkType
auditmanager.control,auditmanager.control,auditmanager,arn,,,arn,,/,false,true,field,real,child,controlId
auditmanager.delegation,auditmanager.delegation,auditmanager,id,,,,delegation,/,false,true,construct,real,asset,
auditmanager.notification,auditmanager.notification,auditmanager,id,,,,notification,/,false,true,construct,real,asset,
auditmanager.services_in_scope,auditmanager.services_in_scope,auditmanager,name,,,,services-in-scope,/,false,true,construct,real,asset,
asg,autoscaling.auto_scaling_group,autoscaling,AutoScalingGroupName,AutoScalingGroupName,,AutoScalingGroupARN,autoScalingGroup,:,false,true,field,real,asset,
launch-config,autoscaling.launch_configuration,autoscaling,LaunchConfigurationName,LaunchConfigurationName,,LaunchConfigurationARN,launchConfiguration,/,false,true,field,real,asset,
scaling-policy,autoscaling.scaling_policy,autoscaling,PolicyName,PolicyName,,Arn,scalingPolicy,/,false,true,field,real,asset,
autoscaling.scheduled_action,autoscaling.scheduled_action,autoscaling,ScheduledActionName,,,ScheduledActionARN,,/,false,true,field,real,asset,
b2bi.capability,b2bi.capability,b2bi,CapabilityId,,,CapabilityArn,,/,false,true,field,real,asset,
b2bi.partnership,b2bi.partnership,b2bi,PartnershipId,,,PartnershipArn,,/,false,true,field,real,asset,
b2bi.profile,b2bi.profile,b2bi,ProfileId,,,ProfileArn,,/,false,true,field,real,asset,
b2bi.transformer,b2bi.transformer,b2bi,TransformerId,,,TransformerArn,,/,false,true,field,real,asset,
backup.backup_job,backup.backup_job,backup,BackupJobId,,,,backup-job,/,false,true,construct,real,asset,
backup-plan,backup.backup_plan,backup,BackupPlanName,BackupPlanId,,BackupPlanArn,,/,false,true,field,real,asset,
backup-vault,backup.backup_vault,backup,BackupVaultName,BackupVaultName,,BackupVaultArn,backup-vault,/,false,true,field,real,asset,
backup.copy_job,backup.copy_job,backup,CopyJobId,,,,copy-job,/,false,true,construct,real,asset,
backup.framework,backup.framework,backup,FrameworkArn,,,FrameworkArn,,/,false,true,field,real,asset,
backup.legal_hold,backup.legal_hold,backup,Arn,,,Arn,,/,false,true,field,real,asset,
backup.recovery_points_by_backup_vault,backup.recovery_points_by_backup_vault,backup,,,,BackupVaultArn,,/,false,true,field,real,child,BackupVaultName
backup.report_plan,backup.report_plan,backup,ReportPlanArn,,,ReportPlanArn,,/,false,true,field,real,asset,
backup.restore_job,backup.restore_job,backup,RestoreJobId,,,,restore-job,/,false,true,construct,real,asset,
backup.restore_testing_plan,backup.restore_testing_plan,backup,RestoreTestingPlanName,,,RestoreTestingPlanArn,,/,false,true,field,real,asset,
backup.scan_job,backup.scan_job,backup,ScanJobId,,,,scan-job,/,false,true,construct,real,asset,
backup.tiering_configuration,backup.tiering_configuration,backup,TieringConfigurationName,,,TieringConfigurationArn,,/,false,true,field,real,asset,
backup-gateway.gateway,backup-gateway.gateway,backup-gateway,GatewayArn,,,GatewayArn,,/,false,true,field,real,child,GatewayArn
batch-compute,batch.compute_environment,batch,computeEnvironmentName,computeEnvironmentName,,computeEnvironmentArn,compute-environment,/,false,true,field,real,asset,
batch.consumable_resource,batch.consumable_resource,batch,ConsumableResourceArn,,,ConsumableResourceArn,,/,false,true,field,real,asset,
batch.job,batch.job,batch,jobArn,,,jobArn,,/,false,true,field,real,asset,
batch-definition,batch.job_definition,batch,jobDefinitionName,jobDefinitionName,,jobDefinitionArn,job-definition,/,false,true,field,real,asset,
batch-queue,batch.job_queue,batch,jobQueueName,jobQueueName,,jobQueueArn,job-queue,/,false,true,field,real,asset,
batch.scheduling_policy,batch.scheduling_policy,batch,Arn,,,Arn,,/,false,true,field,real,asset,
batch.service_environment,batch.service_environment,batch,ServiceEnvironmentArn,,,ServiceEnvironmentArn,,/,false,true,field,real,asset,
bcm-pricing-calculator.bill_estimate_commitment,bcm-pricing-calculator.bill_estimate_commitment,bcm-pricing-calculator,id,,,,bill-estimate-commitment,/,false,true,construct,real,asset,
bcm-pricing-calculator.bill_estimate_input_commitment_modification,bcm-pricing-calculator.bill_estimate_input_commitment_modification,bcm-pricing-calculator,id,,,,bill-estimate-input-commitment-modification,/,false,true,construct,real,asset,
bcm-pricing-calculator.bill_estimate_input_usage_modification,bcm-pricing-calculator.bill_estimate_input_usage_modification,bcm-pricing-calculator,id,,,,bill-estimate-input-usage-modification,/,false,true,construct,real,asset,
bcm-pricing-calculator.bill_estimate_line_item,bcm-pricing-calculator.bill_estimate_line_item,bcm-pricing-calculator,id,,,,bill-estimate-line-item,/,false,true,construct,real,asset,
bcm-pricing-calculator.bill_scenario_commitment_modification,bcm-pricing-calculator.bill_scenario_commitment_modification,bcm-pricing-calculator,id,,,,bill-scenario-commitment-modification,/,false,true,construct,real,asset,
bcm-pricing-calculator.bill_scenario_usage_modification,bcm-pricing-calculator.bill_scenario_usage_modification,bcm-pricing-calculator,id,,,,bill-scenario-usage-modification,/,false,true,construct,real,asset,
bcm-recommended-actions.recommended_action,bcm-recommended-actions.recommended_action,bcm-recommended-actions,id,,,,recommended-action,/,false,true,construct,real,asset,
bedrock.automated_reasoning_policy,bedrock.automated_reasoning_policy,bedrock,PolicyArn,,,PolicyArn,,/,false,true,field,real,asset,
bedrock-customization-job,bedrock.bedrock_customization_job,bedrock,jobArn,jobName,,jobArn,,/,false,true,field,real,asset,
bedrock.custom_model_deployment,bedrock.custom_model_deployment,bedrock,customModelDeploymentArn,,,customModelDeploymentArn,,/,false,true,field,real,asset,
bedrock.enforced_guardrails_configuration,bedrock.enforced_guardrails_configuration,bedrock,arn,,,arn,,/,false,true,field,real,asset,
bedrock.guardrail,bedrock.guardrail,bedrock,GuardrailArn,,,GuardrailArn,,/,false,true,field,real,asset,
bedrock.inference_profile,bedrock.inference_profile,bedrock,inferenceProfileArn,,,inferenceProfileArn,,/,false,true,field,real,asset,
bedrock.prompt_router,bedrock.prompt_router,bedrock,promptRouterArn,,,promptRouterArn,,/,false,true,field,real,asset,
bedrock-agent,bedrock-agent.bedrock_agent,bedrock-agent,agentId,agentName,,agentArn,,/,false,true,field,real,asset,
bedrock-knowledge-base,bedrock-agent.bedrock_knowledge_base,bedrock-agent,knowledgeBaseId,name,,knowledgeBaseArn,,/,false,true,field,real,asset,
bedrock-agent.flow,bedrock-agent.flow,bedrock-agent,arn,,,arn,,/,false,true,field,real,asset,
bedrock-agent.flow_alia,bedrock-agent.flow_alia,bedrock-agent,arn,,,arn,,/,false,true,field,real,asset,
bedrock-agent.flow_alias,bedrock-agent.flow_alias,bedrock-agent,arn,,,arn,,/,false,true,field,real,asset,
bedrock-agent.flow_version,bedrock-agent.flow_version,bedrock-agent,arn,,,arn,,/,false,true,field,real,asset,
bedrock-agent.prompt,bedrock-agent.prompt,bedrock-agent,arn,,,arn,,/,false,true,field,real,asset,
bedrock-agent-runtime.invocation,bedrock-agent-runtime.invocation,bedrock-agent-runtime,invocationId,,,,invocation,/,false,true,construct,real,asset,
bedrock-agent-runtime.invocation_step,bedrock-agent-runtime.invocation_step,bedrock-agent-runtime,invocationStepId,,,,invocation-step,/,false,true,construct,real,asset,
bedrock-agent-runtime.session,bedrock-agent-runtime.session,bedrock-agent-runtime,sessionArn,,,sessionArn,,/,false,true,field,real,asset,
bedrockagentcore.actor,bedrockagentcore.actor,bedrock-agentcore,actorId,,,,actor,/,false,true,construct,real,asset,
bedrockagentcore.code_interpreter_session,bedrockagentcore.code_interpreter_session,bedrock-agentcore,name,,,,code-interpreter-session,/,false,true,construct,real,asset,
bedrockagentcore.event,bedrockagentcore.event,bedrock-agentcore,eventId,,,,event,/,false,true,construct,real,asset,
bedrockagentcore.memory_record,bedrockagentcore.memory_record,bedrock-agentcore,memoryRecordId,,,,memory-record,/,false,true,construct,real,asset,
bedrockagentcore.session,bedrockagentcore.session,bedrock-agentcore,sessionId,,,,session,/,false,true,construct,real,asset,
bedrock-agentcore-control.agent_runtime_endpoint,bedrock-agentcore-control.agent_runtime_endpoint,bedrock-agentcore-control,agentRuntimeEndpointArn,,,agentRuntimeEndpointArn,,/,false,true,field,real,asset,
bedrock-agentcore-control.gateway,bedrock-agentcore-control.gateway,bedrock-agentcore-control,gatewayId,,,,gateway,/,false,true,construct,real,asset,
bedrock-agentcore-control.gateway_target,bedrock-agentcore-control.gateway_target,bedrock-agentcore-control,name,,,,gateway-target,/,false,true,construct,real,asset,
bedrock-agentcore-control.memory,bedrock-agentcore-control.memory,bedrock-agentcore-control,arn,,,arn,,/,false,true,field,real,asset,
bedrock-agentcore-control.token_vault,bedrock-agentcore-control.token_vault,bedrock-agentcore-control,tokenVaultId,,,,token-vault,/,false,true,construct,real,asset,
bedrock-agentcore-control.workload_identity,bedrock-agentcore-control.workload_identity,bedrock-agentcore-control,workloadIdentityArn,,,workloadIdentityArn,,/,false,true,field,real,asset,
bedrock-data-automation.blueprint,bedrock-data-automation.blueprint,bedrock-data-automation,blueprintArn,,,blueprintArn,,/,false,true,field,real,asset,
billing.billing_view,billing.billing_view,billing,Arn,,,Arn,,/,false,true,field,real,asset,
billingconductor.billing_group,billingconductor.billing_group,billingconductor,Arn,,,Arn,,/,false,true,field,real,asset,
billingconductor.custom_line_item,billingconductor.custom_line_item,billingconductor,Arn,,,Arn,,/,false,true,field,real,asset,
billingconductor.custom_line_item_version,billingconductor.custom_line_item_version,billingconductor,Arn,,,Arn,,/,false,true,field,real,child,Arn
billingconductor.resources_associated_to_custom_line_item,billingconductor.resources_associated_to_custom_line_item,billingconductor,Arn,,,Arn,,/,false,true,field,real,child,Arn
braket.device,braket.device,braket,deviceArn,,,deviceArn,,/,false,true,field,real,child,deviceArn
braket.job,braket.job,braket,jobArn,,,jobArn,,/,false,true,field,real,child,jobArn
braket.quantum_task,braket.quantum_task,braket,quantumTaskArn,,,quantumTaskArn,,/,false,true,field,real,child,quantumTaskArn
braket.search_device,braket.search_device,braket,,,,deviceArn,,/,false,true,field,real,child,filters
braket.search_job,braket.search_job,braket,,,,jobArn,,/,false,true,field,real,child,filters
braket.search_quantum_task,braket.search_quantum_task,braket,,,,quantumTaskArn,,/,false,true,field,real,child,filters
budget,budgets.budget,budgets,BudgetName,BudgetName,,,budget,/,true,true,construct,real,child,"AccountId,BudgetName"
ce.anomaly_monitor,ce.anomaly_monitor,ce,MonitorArn,,,MonitorArn,,/,false,true,field,real,asset,
ce.anomaly_subscription,ce.anomaly_subscription,ce,SubscriptionArn,,,SubscriptionArn,,/,false,true,field,real,asset,
ce.cost_category,ce.cost_category,ce,Arn,,,Arn,,/,false,true,field,real,child,TimePeriod
chatbot.custom_action,chatbot.custom_action,chatbot,CustomActionArn,,,CustomActionArn,,/,false,true,field,real,asset,
chatbot.microsoft_teams_channel_configuration,chatbot.microsoft_teams_channel_configuration,chatbot,Arn,,,Arn,,/,false,true,field,real,asset,
chatbot.slack_channel_configuration,chatbot.slack_channel_configuration,chatbot,Arn,,,Arn,,/,false,true,field,real,asset,
chime.app_instance,chime.app_instance,chime,AppInstanceArn,,,AppInstanceArn,,/,false,true,field,real,asset,
chime-sdk-identity.app_instance,chime-sdk-identity.app_instance,chime-sdk-identity,AppInstanceArn,,,AppInstanceArn,,/,false,true,field,real,child,AppInstanceArn
chime-sdk-identity.app_instance_admin,chime-sdk-identity.app_instance_admin,chime-sdk-identity,Arn,,,Arn,,/,false,true,field,real,child,"AppInstanceAdminArn,AppInstanceArn"
chime-sdk-identity.app_instance_bot,chime-sdk-identity.app_instance_bot,chime-sdk-identity,AppInstanceBotArn,,,AppInstanceBotArn,,/,false,true,field,real,child,AppInstanceBotArn
chime-sdk-identity.app_instance_user,chime-sdk-identity.app_instance_user,chime-sdk-identity,AppInstanceUserArn,,,AppInstanceUserArn,,/,false,true,field,real,child,AppInstanceUserArn
chime-sdk-media-pipelines.media_insights_pipeline_configuration,chime-sdk-media-pipelines.media_insights_pipeline_configuration,chime-sdk-media-pipelines,MediaInsightsPipelineConfigurationArn,,,MediaInsightsPipelineConfigurationArn,,/,false,true,field,real,child,Identifier
chime-sdk-media-pipelines.media_pipeline,chime-sdk-media-pipelines.media_pipeline,chime-sdk-media-pipelines,MediaPipelineArn,,,MediaPipelineArn,,/,false,true,field,real,child,MediaPipelineId
chime-sdk-meetings.meeting,chime-sdk-meetings.meeting,chime-sdk-meetings,MeetingArn,,,MeetingArn,,/,false,true,field,real,child,MeetingId
chime-sdk-messaging.channel,chime-sdk-messaging.channel,chime-sdk-messaging,ChannelArn,,,ChannelArn,,/,false,true,field,real,child,"ChannelArn,ChimeBearer"
chime-sdk-messaging.channel_ban,chime-sdk-messaging.channel_ban,chime-sdk-messaging,Arn,,,Arn,,/,false,true,field,real,child,"ChannelArn,ChimeBearer,MemberArn"
chime-sdk-messaging.channel_flow,chime-sdk-messaging.channel_flow,chime-sdk-messaging,ChannelFlowArn,,,ChannelFlowArn,,/,false,true,field,real,child,ChannelFlowArn
chime-sdk-messaging.channel_membership,chime-sdk-messaging.channel_membership,chime-sdk-messaging,Arn,,,Arn,,/,false,true,field,real,child,"ChannelArn,ChimeBearer,MemberArn"
chime-sdk-messaging.channel_membership_preference,chime-sdk-messaging.channel_membership_preference,chime-sdk-messaging,Arn,,,Arn,,/,false,true,field,real,child,"ChannelArn,ChimeBearer,MemberArn"
chime-sdk-messaging.channel_message,chime-sdk-messaging.channel_message,chime-sdk-messaging,Arn,,,Arn,,/,false,true,field,real,child,"ChannelArn,ChimeBearer,MessageId"
chime-sdk-messaging.channel_moderator,chime-sdk-messaging.channel_moderator,chime-sdk-messaging,Arn,,,Arn,,/,false,true,field,real,child,"ChannelArn,ChannelModeratorArn,ChimeBearer"
chime-sdk-voice.sip_media_application,chime-sdk-voice.sip_media_application,chime-sdk-voice,SipMediaApplicationArn,,,SipMediaApplicationArn,,/,false,true,field,real,child,SipMediaApplicationId
chime-sdk-voice.voice_connector,chime-sdk-voice.voice_connector,chime-sdk-voice,VoiceConnectorArn,,,VoiceConnectorArn,,/,false,true,field,real,child,VoiceConnectorId
chime-sdk-voice.voice_connector_group,chime-sdk-voice.voice_connector_group,chime-sdk-voice,VoiceConnectorGroupArn,,,VoiceConnectorGroupArn,,/,false,true,field,real,child,VoiceConnectorGroupId
chime-sdk-voice.voice_profile,chime-sdk-voice.voice_profile,chime-sdk-voice,VoiceProfileArn,,,VoiceProfileArn,,/,false,true,field,real,child,VoiceProfileId
chime-sdk-voice.voice_profile_domain,chime-sdk-voice.voice_profile_domain,chime-sdk-voice,VoiceProfileDomainArn,,,VoiceProfileDomainArn,,/,false,true,field,real,child,VoiceProfileDomainId
cleanrooms.analysis_template,cleanrooms.analysis_template,cleanrooms,AnalysisTemplateIdentifier,,,Arn,,/,false,true,field,real,child,membershipIdentifier
cleanrooms.collaboration,cleanrooms.collaboration,cleanrooms,CollaborationIdentifier,,,Arn,,/,false,true,field,real,asset,
cleanrooms.collaboration_analysis_template,cleanrooms.collaboration_analysis_template,cleanrooms,arn,,,arn,,/,false,true,field,real,child,"analysisTemplateArn,collaborationIdentifier"
cleanrooms.collaboration_change_request,cleanrooms.collaboration_change_request,cleanrooms,id,,,,collaboration-change-request,/,false,true,construct,real,asset,
cleanrooms.collaboration_configured_audience_model_association,cleanrooms.collaboration_configured_audience_model_association,cleanrooms,arn,,,arn,,/,false,true,field,real,child,"collaborationIdentifier,configuredAudienceModelAssociationIdentifier"
cleanrooms.collaboration_id_namespace_association,cleanrooms.collaboration_id_namespace_association,cleanrooms,arn,,,arn,,/,false,true,field,real,asset,
cleanrooms.collaboration_privacy_budget_template,cleanrooms.collaboration_privacy_budget_template,cleanrooms,arn,,,arn,,/,false,true,field,real,child,"collaborationIdentifier,privacyBudgetTemplateIdentifier"
cleanrooms.configured_audience_model_association,cleanrooms.configured_audience_model_association,cleanrooms,arn,,,arn,,/,false,true,field,real,child,"configuredAudienceModelAssociationIdentifier,membershipIdentifier"
cleanrooms.configured_table,cleanrooms.configured_table,cleanrooms,ConfiguredTableIdentifier,,,Arn,,/,false,true,field,real,asset,
cleanrooms.configured_table_association,cleanrooms.configured_table_association,cleanrooms,ConfiguredTableAssociationIdentifier,,,Arn,,/,false,true,field,real,child,membershipIdentifier
cleanrooms.id_mapping_table,cleanrooms.id_mapping_table,cleanrooms,IdMappingTableIdentifier,,,Arn,,/,false,true,field,real,asset,
cleanrooms.id_namespace_association,cleanrooms.id_namespace_association,cleanrooms,IdNamespaceAssociationIdentifier,,,Arn,,/,false,true,field,real,asset,
cleanrooms.membership,cleanrooms.membership,cleanrooms,MembershipIdentifier,,,Arn,,/,false,true,field,real,asset,
cleanrooms.privacy_budget_template,cleanrooms.privacy_budget_template,cleanrooms,PrivacyBudgetTemplateIdentifier,,,Arn,,/,false,true,field,real,child,membershipIdentifier
cleanrooms.protected_job,cleanrooms.protected_job,cleanrooms,id,,,,protected-job,/,false,true,construct,real,asset,
cleanroomsml.audience_export_job,cleanroomsml.audience_export_job,cleanroomsml,name,,,,audience-export-job,/,false,true,construct,real,asset,
cleanroomsml.audience_generation_job,cleanroomsml.audience_generation_job,cleanroomsml,audienceGenerationJobArn,,,audienceGenerationJobArn,,/,false,true,field,real,child,audienceGenerationJobArn
cleanroomsml.audience_model,cleanroomsml.audience_model,cleanroomsml,audienceModelArn,,,audienceModelArn,,/,false,true,field,real,child,audienceModelArn
cleanroomsml.collaboration_configured_model_algorithm_association,cleanroomsml.collaboration_configured_model_algorithm_association,cleanroomsml,name,,,,collaboration-configured-model-algorithm-association,/,false,true,construct,real,asset,
cleanroomsml.collaboration_ml_input_channel,cleanroomsml.collaboration_ml_input_channel,cleanroomsml,name,,,,collaboration-ml-input-channel,/,false,true,construct,real,asset,
cleanroomsml.collaboration_trained_model,cleanroomsml.collaboration_trained_model,cleanroomsml,name,,,,collaboration-trained-model,/,false,true,construct,real,asset,
cleanroomsml.collaboration_trained_model_export_job,cleanroomsml.collaboration_trained_model_export_job,cleanroomsml,name,,,,collaboration-trained-model-export-job,/,false,true,construct,real,asset,
cleanroomsml.collaboration_trained_model_inference_job,cleanroomsml.collaboration_trained_model_inference_job,cleanroomsml,name,,,,collaboration-trained-model-inference-job,/,false,true,construct,real,asset,
cleanroomsml.configured_audience_model,cleanroomsml.configured_audience_model,cleanroomsml,configuredAudienceModelArn,,,configuredAudienceModelArn,,/,false,true,field,real,child,configuredAudienceModelArn
cleanroomsml.configured_model_algorithm,cleanroomsml.configured_model_algorithm,cleanroomsml,ConfiguredModelAlgorithmArn,,,ConfiguredModelAlgorithmArn,,/,false,true,field,real,asset,
cleanroomsml.configured_model_algorithm_association,cleanroomsml.configured_model_algorithm_association,cleanroomsml,ConfiguredModelAlgorithmAssociationArn,,,ConfiguredModelAlgorithmAssociationArn,,/,false,true,field,real,asset,
cleanroomsml.ml_input_channel,cleanroomsml.ml_input_channel,cleanroomsml,mlInputChannelArn,,,mlInputChannelArn,,/,false,true,field,real,asset,
cleanroomsml.trained_model,cleanroomsml.trained_model,cleanroomsml,trainedModelArn,,,trainedModelArn,,/,false,true,field,real,asset,
cleanroomsml.trained_model_inference_job,cleanroomsml.trained_model_inference_job,cleanroomsml,trainedModelInferenceJobArn,,,trainedModelInferenceJobArn,,/,false,true,field,real,asset,
cleanroomsml.trained_model_version,cleanroomsml.trained_model_version,cleanroomsml,name,,,,trained-model-version,/,false,true,construct,real,asset,
cleanroomsml.training_dataset,cleanroomsml.training_dataset,cleanroomsml,TrainingDatasetArn,,,TrainingDatasetArn,,/,false,true,field,real,asset,
cloud9.environment,cloud9.environment,cloud9,arn,,,arn,,/,false,true,field,real,child,environmentIds
cloud9.environment_membership,cloud9.environment_membership,cloud9,id,,,,environment-membership,/,false,true,construct,real,asset,
cloudcontrol.resource_request,cloudcontrol.resource_request,cloudcontrol,Identifier,,,,resource-request,/,false,true,construct,real,asset,
cloud-directory,clouddirectory.cloud_directory,clouddirectory,DirectoryArn,Name,,DirectoryArn,directory,/,false,true,field,real,asset,
clouddirectory.directory,clouddirectory.directory,clouddirectory,DirectoryArn,,,DirectoryArn,,/,false,true,field,real,child,DirectoryArn
cloudformation.generated_template,cloudformation.generated_template,cloudformation,GeneratedTemplateId,,,,generated-template,/,false,true,construct,real,asset,
cfn,cloudformation.stack,cloudformation,StackName,StackName,,,stack,/,false,true,construct,real,asset,
cloudformation.stack_set,cloudformation.stack_set,cloudformation,StackSetId,,,,stack-set,/,false,true,construct,real,asset,
cloudformation.type,cloudformation.type,cloudformation,TypeName,,,,type,/,false,true,construct,real,asset,
cloudfront.connection_function,cloudfront.connection_function,cloudfront,Id,,,ConnectionFunctionArn,,/,false,true,field,real,asset,
distribution,cloudfront.distribution,cloudfront,Id,DomainName,,ARN,distribution,/,true,true,field,real,singleton,
cloudfront.distribution_tenants_by_customization,cloudfront.distribution_tenants_by_customization,cloudfront,Arn,,,Arn,,/,false,true,field,real,asset,
cloudfront.function,cloudfront.function,cloudfront,FunctionARN,,,FunctionARN,,/,false,true,field,real,singleton,
cloudfront.key_value_store,cloudfront.key_value_store,cloudfront,Name,,,Arn,,/,false,true,field,real,singleton,
cloudfront.realtime_log_config,cloudfront.realtime_log_config,cloudfront,Arn,,,Arn,,/,false,true,field,real,singleton,
streaming-distribution,cloudfront.streaming_distribution,cloudfront,Id,DomainName,,ARN,streaming-distribution,/,false,true,field,real,singleton,
cloudhsm.hapg,cloudhsm.hapg,cloudhsm,HapgArn,,,HapgArn,,/,false,true,field,real,child,HapgArn
hsm,cloudhsm.hsm,cloudhsm,HsmArn,Name,,HsmArn,cluster,/,false,true,field,real,asset,
hsm-client,cloudhsm.hsm_client,cloudhsm,ClientArn,Label,,ClientArn,,/,false,true,field,real,asset,
hsm-hapg,cloudhsm.hsm_hapg,cloudhsm,HapgArn,HapgSerial,,HapgArn,,/,false,true,field,real,asset,
cloudhsm.luna_client,cloudhsm.luna_client,cloudhsm,,,,ClientArn,,/,false,true,field,real,singleton,
cloudhsmv2.backup,cloudhsmv2.backup,cloudhsmv2,BackupArn,,,BackupArn,,/,false,true,field,real,asset,
cloudhsm-cluster,cloudhsmv2.cloudhsm_cluster,cloudhsmv2,ClusterId,ClusterId,,,cluster,/,false,true,construct,real,asset,
cloudsearch,cloudsearch.cloudsearch,cloudsearch,DomainName,DomainName,,ARN,domain,/,false,true,field,real,asset,
cloudtrail.channel,cloudtrail.channel,cloudtrail,ChannelArn,,,ChannelArn,,/,false,true,field,real,asset,
cloudtrail.dashboard,cloudtrail.dashboard,cloudtrail,DashboardArn,,,DashboardArn,,/,false,true,field,real,asset,
cloudtrail.event_data_store,cloudtrail.event_data_store,cloudtrail,EventDataStoreArn,,,EventDataStoreArn,,/,false,true,field,real,asset,
cloudtrail,cloudtrail.trail,cloudtrail,TrailARN,Name,,TrailARN,trail,/,false,true,field,real,asset,
alarm,cloudwatch.alarm,cloudwatch,AlarmName,AlarmName,,AlarmArn,alarm,/,false,true,field,real,asset,
cloudwatch.anomaly_detector,cloudwatch.anomaly_detector,cloudwatch,Id,,,,anomaly-detector,/,false,true,construct,real,asset,
composite-alarm,cloudwatch.composite_alarm,cloudwatch,AlarmName,AlarmName,,AlarmArn,alarm,/,false,true,field,real,asset,
cloudwatch-dashboard,cloudwatch.dashboard,cloudwatch,DashboardName,DashboardName,,DashboardArn,dashboard,/,false,true,field,real,asset,
insight-rule,cloudwatch.insight_rule,cloudwatch,Name,Name,,Arn,insight-rule,/,false,true,field,real,asset,
cloudwatch.metric_stream,cloudwatch.metric_stream,cloudwatch,Name,,,Arn,,/,false,true,field,real,asset,
artifact-domain,codeartifact.domain,codeartifact,name,name,,arn,,/,false,true,field,real,asset,
artifact-repo,codeartifact.repository,codeartifact,name,name,,arn,,/,false,true,field,real,asset,
codebuild.fleet,codebuild.fleet,codebuild,Arn,,,Arn,,/,false,true,field,real,asset,
codebuild,codebuild.project,codebuild,name,name,,arn,project,/,false,true,field,real,asset,
codebuild.report_group,codebuild.report_group,codebuild,Id,,,Arn,,/,false,true,field,real,asset,
codebuild.source_credential,codebuild.source_credential,codebuild,Id,,,arn,,/,false,true,field,real,asset,
codecatalyst.access_token,codecatalyst.access_token,codecatalyst,id,,,,access-token,/,false,true,construct,real,asset,
codecommit,codecommit.repository,codecommit,repositoryName,repositoryName,,Arn,,/,false,true,field,real,asset,
codeconnections.connection,codeconnections.connection,codeconnections,ConnectionArn,,,ConnectionArn,,/,false,true,field,real,asset,
codeconnections.repository_link,codeconnections.repository_link,codeconnections,RepositoryLinkArn,,,RepositoryLinkArn,,/,false,true,field,real,asset,
codedeploy-app,codedeploy.application,codedeploy,applicationName,applicationName,,,application,:,false,true,construct,real,asset,
codedeploy-deployment,codedeploy.codedeploy_deployment,codedeploy,deploymentId,deploymentId,,,deploymentgroup,/,false,true,construct,real,asset,
codedeploy.deployment_config,codedeploy.deployment_config,codedeploy,DeploymentConfigName,,,,deployment-config,/,false,true,construct,real,asset,
codedeploy-group,codedeploy.deployment_group,codedeploy,deploymentGroupId,deploymentGroupName,,,deploymentgroup,:,false,true,construct,real,child,applicationName
codeguru-reviewer.code_review,codeguru-reviewer.code_review,codeguru-reviewer,CodeReviewArn,,,CodeReviewArn,,/,false,true,field,real,child,CodeReviewArn
codeguruprofiler.profiling_group,codeguruprofiler.profiling_group,codeguruprofiler,ProfilingGroupName,,,Arn,,/,false,true,field,real,asset,
codepipeline,codepipeline.pipeline,codepipeline,name,name,,Arn,,/,false,true,field,real,asset,
codepipeline.rule_execution,codepipeline.rule_execution,codepipeline,ruleExecutionId,,,,rule-execution,/,false,true,construct,real,asset,
codepipeline.webhook,codepipeline.webhook,codepipeline,Id,,,arn,,/,false,true,field,real,asset,
cognito.user_pool,cognito.user_pool,cognito,Arn,,,Arn,,/,false,true,field,real,asset,
identity-pool,cognito-identity.identity_pool,cognito-identity,IdentityPoolId,IdentityPoolName,,,identitypool,/,false,true,construct,real,asset,
user-pool,cognito-identity.user_pool,cognito-identity,Id,Name,,Arn,userpool,/,false,true,field,real,asset,
cognito-idp.managed_login_branding,cognito-idp.managed_login_branding,cognito-idp,ManagedLoginBrandingId,,,,managed-login-branding,/,false,true,construct,real,asset,
cognito-idp.user_pool,cognito-idp.user_pool,cognito-idp,Arn,,,Arn,,/,false,true,field,real,child,UserPoolId
comprehend.dataset,comprehend.dataset,comprehend,DatasetArn,,,DatasetArn,,/,false,true,field,real,asset,
comprehend.document_classifier,comprehend.document_classifier,comprehend,Arn,,,Arn,,/,false,true,field,real,asset,
comprehend.endpoint,comprehend.endpoint,comprehend,EndpointArn,,,EndpointArn,,/,false,true,field,real,asset,
comprehend.entity_recognizer,comprehend.entity_recognizer,comprehend,EntityRecognizerArn,,,EntityRecognizerArn,,/,false,true,field,real,asset,
comprehend.flywheel,comprehend.flywheel,comprehend,Arn,,,Arn,,/,false,true,field,real,asset,
compute-optimizer-automation.account,compute-optimizer-automation.account,compute-optimizer-automation,accountId,,,,account,/,false,true,construct,real,asset,
compute-optimizer-automation.automation_rule,compute-optimizer-automation.automation_rule,compute-optimizer-automation,name,,,,automation-rule,/,false,true,construct,real,asset,
compute-optimizer-automation.recommended_action,compute-optimizer-automation.recommended_action,compute-optimizer-automation,recommendedActionId,,,,recommended-action,/,false,true,construct,real,asset,
config.aggregation_authorization,config.aggregation_authorization,config,AuthorizedAccountId,,,AggregationAuthorizationArn,,/,false,true,field,real,asset,
config-rule,config.config_rule,config,ConfigRuleName,ConfigRuleName,,ConfigRuleArn,config-rule,/,false,true,field,real,asset,
config.configuration_aggregator,config.configuration_aggregator,config,ConfigurationAggregatorName,,,ConfigurationAggregatorArn,,/,false,true,field,real,asset,
config-recorder,config.configuration_recorder,config,name,name,,,configuration-recorder,/,false,true,construct,real,asset,
config.configuration_recorder_status,config.configuration_recorder_status,config,name,,,,config-recorder-status,/,false,true,construct,real,asset,
config.conformance_pack,config.conformance_pack,config,ConformancePackName,,,ConformancePackArn,,/,false,true,field,real,asset,
config.delivery_channel,config.delivery_channel,config,name,,,,delivery-channel,/,false,true,construct,real,asset,
config.organization_config_rule,config.organization_config_rule,config,Id,,,OrganizationConfigRuleArn,,/,false,true,field,real,asset,
config.organization_conformance_pack,config.organization_conformance_pack,config,OrganizationConformancePackName,,,OrganizationConformancePackArn,,/,false,true,field,real,asset,
config.remediation_configuration,config.remediation_configuration,config,ConfigRuleName,,,Arn,,/,false,true,field,real,child,ConfigRuleNames
config.stored_query,config.stored_query,config,QueryName,,,QueryArn,,/,false,true,field,real,asset,
connect.agent_status,connect.agent_status,connect,AgentStatusArn,,,AgentStatusArn,,/,false,true,field,real,child,"AgentStatusId,InstanceId"
connect.authentication_profile,connect.authentication_profile,connect,Arn,,,Arn,,/,false,true,field,real,asset,
connect-instance,connect.instance,connect,Id,InstanceAlias,,Arn,instance,/,false,true,field,real,asset,
connect.contact,connect.contact,connect,Arn,,,Arn,,/,false,true,field,real,child,"ContactId,InstanceId"
connect.contact_flow,connect.contact_flow,connect,ContactFlowArn,,,ContactFlowArn,,/,false,true,field,real,child,InstanceId
connect.contact_flow_module,connect.contact_flow_module,connect,ContactFlowModuleArn,,,ContactFlowModuleArn,,/,false,true,field,real,child,InstanceId
connect.contact_flow_module_alias,connect.contact_flow_module_alias,connect,ContactFlowModuleAliasARN,,,ContactFlowModuleAliasARN,,/,false,true,field,real,asset,
connect.contact_flow_module_version,connect.contact_flow_module_version,connect,ContactFlowModuleVersionARN,,,ContactFlowModuleVersionARN,,/,false,true,field,real,asset,
connect.contact_flow_version,connect.contact_flow_version,connect,ContactFlowVersionARN,,,ContactFlowVersionARN,,/,false,true,field,real,asset,
connect.contact_metric,connect.contact_metric,connect,Arn,,,Arn,,/,false,true,field,real,asset,
connect.email_address,connect.email_address,connect,EmailAddressArn,,,EmailAddressArn,,/,false,true,field,real,asset,
connect.evaluation_form,connect.evaluation_form,connect,EvaluationFormArn,,,EvaluationFormArn,,/,false,true,field,real,child,InstanceId
connect.hours_of_operation,connect.hours_of_operation,connect,HoursOfOperationArn,,,HoursOfOperationArn,,/,false,true,field,real,child,InstanceId
connect.hours_of_operation_override,connect.hours_of_operation_override,connect,HoursOfOperationOverrideId,,,,hours-of-operation-override,/,false,true,construct,real,asset,
connect.instance_storage_config,connect.instance_storage_config,connect,InstanceArn,,,InstanceArn,,/,false,true,field,real,child,InstanceId
connect.integration_association,connect.integration_association,connect,InstanceId,,,IntegrationAssociationArn,,/,false,true,field,real,child,InstanceId
connect.phone_number,connect.phone_number,connect,PhoneNumberArn,,,PhoneNumberArn,,/,false,true,field,real,child,InstanceId
connect.prompt,connect.prompt,connect,PromptArn,,,PromptArn,,/,false,true,field,real,child,InstanceId
connect.queue,connect.queue,connect,QueueArn,,,QueueArn,,/,false,true,field,real,child,InstanceId
connect.queue_quick_connect,connect.queue_quick_connect,connect,,,,Arn,,/,false,true,field,real,child,"InstanceId,QueueId"
connect.quick_connect,connect.quick_connect,connect,QuickConnectArn,,,QuickConnectArn,,/,false,true,field,real,child,InstanceId
connect.routing_profile,connect.routing_profile,connect,RoutingProfileArn,,,RoutingProfileArn,,/,false,true,field,real,child,InstanceId
connect.routing_profile_queue,connect.routing_profile_queue,connect,,,,QueueArn,,/,false,true,field,real,child,"InstanceId,RoutingProfileId"
connect.rule,connect.rule,connect,RuleArn,,,RuleArn,,/,false,true,field,real,child,InstanceId
connect.search_contact,connect.search_contact,connect,,,,Arn,,/,false,true,field,real,child,"InstanceId,TimeRange"
connect.search_hours_of_operation,connect.search_hours_of_operation,connect,,,,HoursOfOperationArn,,/,false,true,field,real,child,InstanceId
connect.search_prompt,connect.search_prompt,connect,,,,PromptARN,,/,false,true,field,real,child,InstanceId
connect.search_queue,connect.search_queue,connect,,,,QueueArn,,/,false,true,field,real,child,InstanceId
connect.search_quick_connect,connect.search_quick_connect,connect,,,,QuickConnectARN,,/,false,true,field,real,child,InstanceId
connect.search_routing_profile,connect.search_routing_profile,connect,,,,RoutingProfileArn,,/,false,true,field,real,child,InstanceId
connect.search_security_profile,connect.search_security_profile,connect,,,,Arn,,/,false,true,field,real,child,InstanceId
connect.search_user,connect.search_user,connect,,,,Arn,,/,false,true,field,real,child,InstanceId
connect.security_profile,connect.security_profile,connect,SecurityProfileArn,,,SecurityProfileArn,,/,false,true,field,real,child,InstanceId
connect.task_template,connect.task_template,connect,Arn,,,Arn,,/,false,true,field,real,child,InstanceId
connect.traffic_distribution,connect.traffic_distribution,connect,Arn,,,Arn,,/,false,true,field,real,child,Id
connect.traffic_distribution_group,connect.traffic_distribution_group,connect,TrafficDistributionGroupArn,,,TrafficDistributionGroupArn,,/,false,true,field,real,asset,
connect.user,connect.user,connect,UserArn,,,UserArn,,/,false,true,field,real,child,InstanceId
connect.user_hierarchy_group,connect.user_hierarchy_group,connect,UserHierarchyGroupArn,,,UserHierarchyGroupArn,,/,false,true,field,real,child,InstanceId
connect.user_hierarchy_structure,connect.user_hierarchy_structure,connect,UserHierarchyStructureArn,,,UserHierarchyStructureArn,,/,false,true,field,real,child,InstanceId
connect.view,connect.view,connect,ViewArn,,,ViewArn,,/,false,true,field,real,child,InstanceId
connect.view_version,connect.view_version,connect,ViewVersionArn,,,ViewVersionArn,,/,false,true,field,real,child,"InstanceId,ViewId"
connect.vocabulary,connect.vocabulary,connect,Arn,,,Arn,,/,false,true,field,real,child,"InstanceId,VocabularyId"
connectcampaigns.campaign,connectcampaigns.campaign,connectcampaigns,Arn,,,Arn,,/,false,true,field,real,asset,
connectcampaignsv2.campaign,connectcampaignsv2.campaign,connectcampaignsv2,Arn,,,Arn,,/,false,true,field,real,asset,
connectcases.case_rule,connectcases.case_rule,connectcases,caseRuleArn,,,caseRuleArn,,/,false,true,field,real,asset,
connectcases.domain,connectcases.domain,connectcases,domainArn,,,domainArn,,/,false,true,field,real,child,domainId
connectcases.field,connectcases.field,connectcases,fieldArn,,,fieldArn,,/,false,true,field,real,child,domainId
connectcases.layout,connectcases.layout,connectcases,layoutArn,,,layoutArn,,/,false,true,field,real,child,"domainId,layoutId"
connectcases.template,connectcases.template,connectcases,templateArn,,,templateArn,,/,false,true,field,real,child,"domainId,templateId"
connectparticipant.view,connectparticipant.view,connectparticipant,Arn,,,Arn,,/,false,true,field,real,child,"ConnectionToken,ViewToken"
controlcatalog.common_control,controlcatalog.common_control,controlcatalog,Arn,,,Arn,,/,false,true,field,real,asset,
controlcatalog.control,controlcatalog.control,controlcatalog,Arn,,,Arn,,/,false,true,field,real,asset,
controlcatalog.domain,controlcatalog.domain,controlcatalog,Arn,,,Arn,,/,false,true,field,real,asset,
controlcatalog.objective,controlcatalog.objective,controlcatalog,Arn,,,Arn,,/,false,true,field,real,asset,
controltower.enabled_baseline,controltower.enabled_baseline,controltower,EnabledBaselineIdentifier,,,arn,,/,false,true,field,real,asset,
controltower.enabled_control,controltower.enabled_control,controltower,TargetIdentifier,,,arn,,/,false,true,field,real,child,targetIdentifier
controltower.landing_zone,controltower.landing_zone,controltower,LandingZoneIdentifier,,,Arn,,/,false,true,field,real,asset,
costexplorer.cost_category_definition,costexplorer.cost_category_definition,costexplorer,Name,,,,cost-category-definition,/,false,true,construct,real,asset,
cur.report_definition,cur.report_definition,cur,ReportName,,,,report-definition,/,false,true,construct,real,asset,
custom.event_bu,custom.event_bu,custom,Arn,,,Arn,,/,false,true,field,real,asset,
custom.event_bus,custom.event_bus,custom,Arn,,,Arn,,/,false,true,field,real,asset,
customer-profiles.profile_history_record,customer-profiles.profile_history_record,customer-profiles,Id,,,,profile-history-record,/,false,true,construct,real,asset,
databrew.dataset,databrew.dataset,databrew,Name,,,,dataset,/,false,true,construct,real,asset,
databrew.job,databrew.job,databrew,Name,,,,job,/,false,true,construct,real,asset,
databrew.project,databrew.project,databrew,Name,,,,project,/,false,true,construct,real,asset,
databrew.recipe,databrew.recipe,databrew,Name,,,,recipe,/,false,true,construct,real,asset,
databrew.ruleset,databrew.ruleset,databrew,Name,,,,ruleset,/,false,true,construct,real,asset,
databrew.schedule,databrew.schedule,databrew,Name,,,,schedule,/,false,true,construct,real,asset,
dataexchange.asset,dataexchange.asset,dataexchange,,,,Arn,,/,false,true,field,real,child,"AssetId,DataSetId,RevisionId"
dataexchange.data_grant,dataexchange.data_grant,dataexchange,Arn,,,Arn,,/,false,true,field,real,asset,
dataexchange.data_set,dataexchange.data_set,dataexchange,,,,Arn,,/,false,true,field,real,child,DataSetId
dataexchange.data_set_revision,dataexchange.data_set_revision,dataexchange,Arn,,,Arn,,/,false,true,field,real,child,DataSetId
dataexchange.event_action,dataexchange.event_action,dataexchange,,,,Arn,,/,false,true,field,real,child,EventActionId
dataexchange.received_data_grant,dataexchange.received_data_grant,dataexchange,Arn,,,Arn,,/,false,true,field,real,asset,
dataexchange.revision,dataexchange.revision,dataexchange,Arn,,,Arn,,/,false,true,field,real,child,"DataSetId,RevisionId"
dataexchange.revision_asset,dataexchange.revision_asset,dataexchange,Arn,,,Arn,,/,false,true,field,real,child,"DataSetId,RevisionId"
datapipeline,datapipeline.pipeline,datapipeline,pipelineId,name,,,pipeline,/,false,true,construct,real,asset,
datasync-agent,datasync.agent,datasync,AgentArn,Name,,AgentArn,agent,/,false,true,field,real,asset,
datasync.location,datasync.location,datasync,LocationArn,,,LocationArn,,/,false,true,field,real,asset,
datasync-task,datasync.task,datasync,TaskArn,Name,,TaskArn,task,/,false,true,field,real,asset,
datasync.task_execution,datasync.task_execution,datasync,TaskExecutionArn,,,TaskExecutionArn,,/,false,true,field,real,asset,
datazone.asset_filter,datazone.asset_filter,datazone,id,,,,asset-filter,/,false,true,construct,real,asset,
datazone.connection,datazone.connection,datazone,DomainId,,,,connection,/,false,true,construct,real,asset,
datazone.data_product,datazone.data_product,datazone,id,,,,data-product,/,false,true,construct,real,asset,
datazone.domain,datazone.domain,datazone,Id,,,Arn,,/,false,true,field,real,asset,
datazone.domain_unit,datazone.domain_unit,datazone,DomainId,,,,domain-unit,/,false,true,construct,real,asset,
datazone.domain_units_for_parent,datazone.domain_units_for_parent,datazone,name,,,,domain-units-for-parent,/,false,true,construct,real,asset,
datazone.environment_action,datazone.environment_action,datazone,id,,,,environment-action,/,false,true,construct,real,asset,
datazone.environment_actions,datazone.environment_actions,datazone,DomainId,,,,environment-actions,/,false,true,construct,real,asset,
datazone.job_run,datazone.job_run,datazone,id,,,,job-run,/,false,true,construct,real,asset,
datazone.lineage_event,datazone.lineage_event,datazone,id,,,,lineage-event,/,false,true,construct,real,asset,
datazone.lineage_node,datazone.lineage_node,datazone,id,,,,lineage-node,/,false,true,construct,real,asset,
datazone.lineage_node_history,datazone.lineage_node_history,datazone,name,,,,lineage-node-history,/,false,true,construct,real,asset,
datazone.metadata_generation_run,datazone.metadata_generation_run,datazone,id,,,,metadata-generation-run,/,false,true,construct,real,asset,
datazone.owner,datazone.owner,datazone,DomainIdentifier,,,,owner,/,false,true,construct,real,asset,
datazone.policy_grant,datazone.policy_grant,datazone,DomainIdentifier,,,,policy-grant,/,false,true,construct,real,asset,
datazone.project_profile,datazone.project_profile,datazone,DomainIdentifier,,,,project-profile,/,false,true,construct,real,asset,
datazone.rule,datazone.rule,datazone,name,,,,rule,/,false,true,construct,real,asset,
datazone.time_series_data_point,datazone.time_series_data_point,datazone,id,,,,time-series-data-point,/,false,true,construct,real,asset,
dax,dax.cluster,dax,ClusterName,ClusterName,,ClusterArn,cache,/,false,true,field,real,asset,
dax.parameter_group,dax.parameter_group,dax,ParameterGroupName,,,,parametergroup,/,false,true,construct,real,asset,
dax.subnet_group,dax.subnet_group,dax,Id,,,,subnet-group,/,false,true,construct,real,asset,
deadline.budget,deadline.budget,deadline,budgetId,,,,budget,/,false,true,construct,real,asset,
deadline.farm,deadline.farm,deadline,Arn,,,Arn,,/,false,true,field,real,asset,
deadline.fleet,deadline.fleet,deadline,Arn,,,Arn,,/,false,true,field,real,asset,
deadline.job,deadline.job,deadline,jobId,,,,job,/,false,true,construct,real,asset,
deadline.license_endpoint,deadline.license_endpoint,deadline,Arn,,,Arn,,/,false,true,field,real,asset,
deadline.metered_product,deadline.metered_product,deadline,Arn,,,Arn,,/,false,true,field,real,asset,
deadline.monitor,deadline.monitor,deadline,Arn,,,Arn,,/,false,true,field,real,asset,
deadline.queue,deadline.queue,deadline,Arn,,,Arn,,/,false,true,field,real,asset,
deadline.queue_environment,deadline.queue_environment,deadline,FarmId,,,,queue-environment,/,false,true,construct,real,asset,
deadline.queue_fleet_association,deadline.queue_fleet_association,deadline,FarmId,,,,queue-fleet-association,/,false,true,construct,real,asset,
deadline.queue_limit_association,deadline.queue_limit_association,deadline,FarmId,,,,queue-limit-association,/,false,true,construct,real,asset,
deadline.session,deadline.session,deadline,sessionId,,,,session,/,false,true,construct,real,asset,
deadline.session_action,deadline.session_action,deadline,sessionActionId,,,,session-action,/,false,true,construct,real,asset,
deadline.step,deadline.step,deadline,stepId,,,,step,/,false,true,construct,real,asset,
deadline.storage_profile,deadline.storage_profile,deadline,FarmId,,,,storage-profile,/,false,true,construct,real,asset,
deadline.task,deadline.task,deadline,taskId,,,,task,/,false,true,construct,real,asset,
deadline.worker,deadline.worker,deadline,workerId,,,,worker,/,false,true,construct,real,asset,
desired.instance,desired.instance,desired,InstanceId,,,,instance,/,false,true,construct,real,asset,
detective.graph,detective.graph,detective,Arn,,,Arn,,/,false,true,field,real,asset,
devicefarm.artifact,devicefarm.artifact,devicefarm,arn,,,arn,,/,false,true,field,real,child,arn
devicefarm.device,devicefarm.device,devicefarm,arn,,,arn,,/,false,true,field,real,child,arn
devicefarm.device_instance,devicefarm.device_instance,devicefarm,arn,,,arn,,/,false,true,field,real,child,arn
devicefarm.device_pool,devicefarm.device_pool,devicefarm,arn,,,arn,,/,false,true,field,real,child,arn
devicefarm-project,devicefarm.devicefarm_project,devicefarm,arn,name,,arn,project,/,false,true,field,real,asset,
devicefarm.instance_profile,devicefarm.instance_profile,devicefarm,arn,,,arn,,/,false,true,field,real,child,arn
devicefarm.job,devicefarm.job,devicefarm,arn,,,arn,,/,false,true,field,real,child,arn
devicefarm.network_profile,devicefarm.network_profile,devicefarm,arn,,,arn,,/,false,true,field,real,child,arn
devicefarm.project,devicefarm.project,devicefarm,arn,,,arn,,/,false,true,field,real,child,arn
devicefarm.remote_access_session,devicefarm.remote_access_session,devicefarm,arn,,,arn,,/,false,true,field,real,child,arn
devicefarm.run,devicefarm.run,devicefarm,arn,,,arn,,/,false,true,field,real,child,arn
devicefarm.sample,devicefarm.sample,devicefarm,arn,,,arn,,/,false,true,field,real,child,arn
devicefarm.suite,devicefarm.suite,devicefarm,arn,,,arn,,/,false,true,field,real,child,arn
devicefarm.test,devicefarm.test,devicefarm,arn,,,arn,,/,false,true,field,real,child,arn
devicefarm.test_grid_project,devicefarm.test_grid_project,devicefarm,arn,,,arn,,/,false,true,field,real,child,projectArn
devicefarm.test_grid_session,devicefarm.test_grid_session,devicefarm,arn,,,arn,,/,false,true,field,real,singleton,
devicefarm.upload,devicefarm.upload,devicefarm,arn,,,arn,,/,false,true,field,real,child,arn
devops-guru.monitored_resource,devops-guru.monitored_resource,devops-guru,MonitoredResourceName,,,,monitored-resource,/,false,true,construct,real,asset,
directconnect.connection,directconnect.connection,directconnect,ConnectionArn,,,ConnectionArn,,/,false,true,field,real,asset,
directconnect.direct_connect_gateway,directconnect.direct_connect_gateway,directconnect,directConnectGatewayId,,,,dx-gateway,/,false,true,construct,real,asset,
directconnect.direct_connect_gateway_association,directconnect.direct_connect_gateway_association,directconnect,AssociationId,,,,direct-connect-gateway-association,/,false,true,construct,real,asset,
directconnect.lag,directconnect.lag,directconnect,LagArn,,,LagArn,,/,false,true,field,real,asset,
directconnect.virtual_interface,directconnect.virtual_interface,directconnect,virtualInterfaceId,,,,virtual-interface,/,false,true,construct,real,asset,
directoryservice.directory,directoryservice.directory,directoryservice,DirectoryId,,,,directory,/,false,true,construct,real,asset,
appdiscovery-agent,discovery.appdiscovery_agent,discovery,agentId,hostName,,,appdiscovery-agent,/,false,true,construct,real,asset,
discovery.import_task,discovery.import_task,discovery,importTaskId,,,,import-task,/,false,true,construct,real,asset,
dlm-policy,dlm.lifecycle_policy,dlm,PolicyId,PolicyId,,PolicyArn,policy,/,false,true,field,real,asset,
dms.certificate,dms.certificate,dms,CertificateArn,,,CertificateArn,,/,false,true,field,real,asset,
dms.data_migration,dms.data_migration,dms,DataMigrationArn,,,DataMigrationArn,,/,false,true,field,real,asset,
dms.data_provider,dms.data_provider,dms,DataProviderArn,,,DataProviderArn,,/,false,true,field,real,asset,
dms-endpoint,dms.endpoint,dms,EndpointArn,EndpointIdentifier,,EndpointArn,endpoint,/,false,true,field,real,asset,
dms.event_subscription,dms.event_subscription,dms,Id,,,,event-subscription,/,false,true,construct,real,asset,
dms.instance_profile,dms.instance_profile,dms,InstanceProfileArn,,,InstanceProfileArn,,/,false,true,field,real,asset,
dms.migration_project,dms.migration_project,dms,MigrationProjectArn,,,MigrationProjectArn,,/,false,true,field,real,asset,
dms.replication_config,dms.replication_config,dms,ReplicationConfigArn,,,ReplicationConfigArn,,/,false,true,field,real,asset,
dms-instance,dms.replication_instance,dms,ReplicationInstanceIdentifier,ReplicationInstanceIdentifier,,ReplicationInstanceArn,rep,/,false,true,field,real,asset,
dms.replication_subnet_group,dms.replication_subnet_group,dms,Id,,,,replication-subnet-group,/,false,true,construct,real,asset,
dms-replication-task,dms.replication_task,dms,ReplicationTaskArn,ReplicationTaskIdentifier,,ReplicationTaskArn,task,/,false,true,field,real,asset,
dms.replication_task_assessment_run,dms.replication_task_assessment_run,dms,ReplicationTaskAssessmentRunArn,,,ReplicationTaskAssessmentRunArn,,/,false,true,field,real,asset,
dms.replication_task_individual_assessment,dms.replication_task_individual_assessment,dms,ReplicationTaskIndividualAssessmentArn,,,ReplicationTaskIndividualAssessmentArn,,/,false,true,field,real,asset,
docdb.certificate,docdb.certificate,docdb,CertificateArn,,,CertificateArn,,/,false,true,field,real,asset,
docdb.db_cluster,docdb.db_cluster,docdb,Id,,,DBClusterArn,,/,false,true,field,real,asset,
docdb.db_cluster_parameter_group,docdb.db_cluster_parameter_group,docdb,Id,,,DBClusterParameterGroupArn,,/,false,true,field,real,asset,
docdb.db_cluster_snapshot,docdb.db_cluster_snapshot,docdb,DBClusterSnapshotArn,,,DBClusterSnapshotArn,,/,false,true,field,real,asset,
docdb.db_instance,docdb.db_instance,docdb,Id,,,DBInstanceArn,,/,false,true,field,real,asset,
docdb.db_subnet_group,docdb.db_subnet_group,docdb,Id,,,DBSubnetGroupArn,,/,false,true,field,real,asset,
docdb.event_subscription,docdb.event_subscription,docdb,SubscriptionName,,,EventSubscriptionArn,,/,false,true,field,real,asset,
docdb.global_cluster,docdb.global_cluster,docdb,GlobalClusterIdentifier,,,GlobalClusterArn,,/,false,true,field,real,asset,
drs.launch_configuration_template,drs.launch_configuration_template,drs,launchConfigurationTemplateID,,,arn,,/,false,true,field,real,asset,
drs.recovery_instance,drs.recovery_instance,drs,recoveryInstanceID,,,arn,,/,false,true,field,real,asset,
drs.replication_configuration_template,drs.replication_configuration_template,drs,replicationConfigurationTemplateID,,,arn,,/,false,true,field,real,asset,
drs.source_server,drs.source_server,drs,sourceServerID,,,arn,,/,false,true,field,real,asset,
directory,ds.directory,ds,DirectoryId,Name,,,directory,/,false,true,construct,real,asset,
ds.snapshot,ds.snapshot,ds,SnapshotId,,,,snapshot,/,false,true,construct,real,asset,
ds.trust,ds.trust,ds,TrustId,,,,trust,/,false,true,construct,real,asset,
dsql.cluster,dsql.cluster,dsql,Identifier,,,ResourceArn,,/,false,true,field,real,asset,
dynamodb-backup,dynamodb.dynamodb_backup,dynamodb,BackupArn,BackupName,,BackupArn,,/,false,true,field,real,asset,
dynamodb.export,dynamodb.export,dynamodb,ExportArn,,,ExportArn,,/,false,true,field,real,asset,
dynamodb.global_table,dynamodb.global_table,dynamodb,TableName,,,Arn,,/,false,true,field,real,asset,
dynamodb.import,dynamodb.import,dynamodb,ImportArn,,,ImportArn,,/,false,true,field,real,asset,
dynamodb-table,dynamodb.table,dynamodb,TableName,TableName,,TableArn,table,/,false,true,field,real,asset,
dynamodb-stream,dynamodbstreams.dynamodb_stream,dynamodbstreams,StreamArn,TableName,,StreamArn,stream,/,false,true,field,real,asset,
dynamodbstreams.stream,dynamodbstreams.stream,dynamodbstreams,StreamArn,,,StreamArn,,/,false,true,field,real,child,StreamArn
ami,ec2.ami,ec2,ImageId,Name,ami-,,image,/,false,true,construct,real,asset,
ec2-capacity-reservation,ec2.capacity_reservation,ec2,CapacityReservationId,CapacityReservationId,cr-,CapacityReservationArn,,/,false,true,field,real,asset,
ec2.capacity_reservation_fleet,ec2.capacity_reservation_fleet,ec2,CapacityReservationFleetId,,,CapacityReservationFleetArn,,/,false,true,field,real,asset,
ec2.carrier_gateway,ec2.carrier_gateway,ec2,CarrierGatewayId,,,,carrier-gateway,/,false,true,construct,real,asset,
ec2.client_vpn_endpoint,ec2.client_vpn_endpoint,ec2,Id,,,,client-vpn-endpoint,/,false,true,construct,real,asset,
customer-gateway,ec2.customer_gateway,ec2,CustomerGatewayId,CustomerGatewayId,cgw-,,customer-gateway,/,false,true,construct,real,asset,
ec2.dhcp_options,ec2.dhcp_options,ec2,DhcpOptionsId,,,,dhcp-options,/,false,true,construct,real,asset,
ebs-snapshot,ec2.ebs_snapshot,ec2,SnapshotId,SnapshotId,snap-,,snapshot,/,false,true,construct,real,asset,
ec2-reserved,ec2.ec2_reserved,ec2,ReservedInstancesId,ReservedInstancesId,,,reserved-instances,/,false,true,construct,real,asset,
ec2.egress_only_internet_gateway,ec2.egress_only_internet_gateway,ec2,Id,,,,egress-only-internet-gateway,/,false,true,construct,real,asset,
elastic-ip,ec2.eip,ec2,AllocationId,PublicIp,eipalloc-,,elastic-ip,/,false,true,construct,real,asset,
flow-log,ec2.flow_log,ec2,FlowLogId,FlowLogId,fl-,,vpc-flow-log,/,false,true,construct,real,asset,
ec2-host,ec2.host,ec2,HostId,HostId,h-,,dedicated-host,/,false,true,construct,real,asset,
ec2.images_in_recycle_bin,ec2.images_in_recycle_bin,ec2,Name,,,,images-in-recycle-bin,/,false,true,construct,real,asset,
ec2,ec2.instance,ec2,InstanceId,PublicDnsName,i-,,instance,/,false,true,construct,real,asset,
ec2.instance_connect_endpoint,ec2.instance_connect_endpoint,ec2,Id,,,InstanceConnectEndpointArn,,/,false,true,field,real,asset,
internet-gateway,ec2.internet_gateway,ec2,InternetGatewayId,InternetGatewayId,igw-,,internet-gateway,/,false,true,construct,real,asset,
ec2.ipam,ec2.ipam,ec2,IpamId,,,Arn,,/,false,true,field,real,asset,
ec2.ipam_external_resource_verification_token,ec2.ipam_external_resource_verification_token,ec2,IpamExternalResourceVerificationTokenArn,,,IpamExternalResourceVerificationTokenArn,,/,false,true,field,real,asset,
ec2.ipam_policy,ec2.ipam_policy,ec2,IpamPolicyArn,,,IpamPolicyArn,,/,false,true,field,real,asset,
ec2.ipam_pool,ec2.ipam_pool,ec2,IpamPoolId,,,Arn,,/,false,true,field,real,asset,
ec2.ipam_prefix_list_resolver,ec2.ipam_prefix_list_resolver,ec2,IpamPrefixListResolverId,,,IpamArn,,/,false,true,field,real,asset,
ec2.ipam_prefix_list_resolver_target,ec2.ipam_prefix_list_resolver_target,ec2,IpamPrefixListResolverTargetId,,,IpamPrefixListResolverTargetArn,,/,false,true,field,real,asset,
ec2.ipam_resource_discovery,ec2.ipam_resource_discovery,ec2,IpamResourceDiscoveryId,,,IpamResourceDiscoveryArn,,/,false,true,field,real,asset,
ec2.ipam_resource_discovery_association,ec2.ipam_resource_discovery_association,ec2,IpamResourceDiscoveryAssociationId,,,IpamArn,,/,false,true,field,real,asset,
ec2.ipam_scope,ec2.ipam_scope,ec2,IpamScopeId,,,Arn,,/,false,true,field,real,asset,
ec2.key_pair,ec2.key_pair,ec2,KeyName,,,,key-pair,/,false,true,construct,real,asset,
launch-template-version,ec2.launch_template,ec2,LaunchTemplateId,LaunchTemplateName,lt-,,launch-template,/,false,true,construct,real,asset,
ec2.local_gateway,ec2.local_gateway,ec2,LocalGatewayId,,,,local-gateway,/,false,true,construct,real,asset,
ec2.local_gateway_route_table,ec2.local_gateway_route_table,ec2,LocalGatewayRouteTableId,,,LocalGatewayRouteTableArn,,/,false,true,field,real,asset,
ec2.local_gateway_route_table_virtual_interface_group_association,ec2.local_gateway_route_table_virtual_interface_group_association,ec2,LocalGatewayRouteTableVirtualInterfaceGroupAssociationId,,,LocalGatewayRouteTableArn,,/,false,true,field,real,asset,
ec2.local_gateway_route_table_vpc_association,ec2.local_gateway_route_table_vpc_association,ec2,LocalGatewayRouteTableVpcAssociationId,,,,local-gateway-route-table-vpc-association,/,false,true,construct,real,asset,
ec2.local_gateway_virtual_interface,ec2.local_gateway_virtual_interface,ec2,LocalGatewayVirtualInterfaceId,,,,local-gateway-virtual-interface,/,false,true,construct,real,asset,
ec2.local_gateway_virtual_interface_group,ec2.local_gateway_virtual_interface_group,ec2,LocalGatewayVirtualInterfaceGroupId,,,LocalGatewayVirtualInterfaceGroupArn,,/,false,true,field,real,asset,
nat-gateway,ec2.nat_gateway,ec2,NatGatewayId,NatGatewayId,nat-,,natgateway,/,false,true,construct,real,asset,
network-acl,ec2.network_acl,ec2,NetworkAclId,NetworkAclId,acl-,,network-acl,/,false,true,construct,real,asset,
ec2.network_insights_access_scope,ec2.network_insights_access_scope,ec2,NetworkInsightsAccessScopeId,,,NetworkInsightsAccessScopeArn,,/,false,true,field,real,asset,
ec2.network_insights_path,ec2.network_insights_path,ec2,NetworkInsightsPathId,,,NetworkInsightsPathArn,,/,false,true,field,real,asset,
eni,ec2.network_interface,ec2,NetworkInterfaceId,NetworkInterfaceId,eni-,,network-interface,/,false,true,construct,real,asset,
ec2.outpost_lag,ec2.outpost_lag,ec2,OutpostLagId,,,,outpost-lag,/,false,true,construct,real,asset,
ec2.placement_group,ec2.placement_group,ec2,GroupName,,,GroupArn,,/,false,true,field,real,asset,
prefix-list,ec2.prefix_list,ec2,PrefixListId,PrefixListName,pl-,Arn,prefix-list,/,false,true,field,real,asset,
ec2.principal_id_format,ec2.principal_id_format,ec2,Arn,,,Arn,,/,false,true,field,real,asset,
route-table,ec2.route_table,ec2,RouteTableId,RouteTableId,rtb-,,route-table,/,false,true,construct,real,asset,
security-group,ec2.security_group,ec2,GroupId,GroupName,sg-,,security-group,/,false,true,construct,real,asset,
ec2.security_group_rule,ec2.security_group_rule,ec2,SecurityGroupRuleId,,,,security-group-rule,/,false,true,construct,real,asset,
ec2.security_group_vpc_association,ec2.security_group_vpc_association,ec2,GroupId,,,,security-group-vpc-association,/,false,true,construct,real,asset,
ec2.service_link_virtual_interface,ec2.service_link_virtual_interface,ec2,ServiceLinkVirtualInterfaceArn,,,ServiceLinkVirtualInterfaceArn,,/,false,true,field,real,asset,
ec2.spot_instance_request,ec2.spot_instance_request,ec2,SpotInstanceRequestId,,,,spot-instance-request,/,false,true,construct,real,asset,
subnet,ec2.subnet,ec2,SubnetId,SubnetId,subnet-,SubnetArn,subnet,/,false,true,field,real,asset,
ec2.traffic_mirror_filter,ec2.traffic_mirror_filter,ec2,TrafficMirrorFilterId,,,,traffic-mirror-filter,/,false,true,construct,real,asset,
mirror-session,ec2.traffic_mirror_session,ec2,TrafficMirrorSessionId,TrafficMirrorSessionId,tms-,,traffic-mirror-session,/,false,true,construct,real,asset,
mirror-target,ec2.traffic_mirror_target,ec2,TrafficMirrorTargetId,TrafficMirrorTargetId,tmt-,,traffic-mirror-target,/,false,true,construct,real,asset,
transit-gateway,ec2.transit_gateway,ec2,TransitGatewayId,TransitGatewayId,tgw-,TransitGatewayArn,,/,false,true,field,real,asset,
transit-attachment,ec2.transit_gateway_attachment,ec2,TransitGatewayAttachmentId,TransitGatewayAttachmentId,tgw-attach-,,transit-gateway-attachment,/,false,true,construct,real,asset,
ec2.transit_gateway_connect,ec2.transit_gateway_connect,ec2,TransitGatewayAttachmentId,,,,transit-gateway-connect,/,false,true,construct,real,asset,
ec2.transit_gateway_connect_peer,ec2.transit_gateway_connect_peer,ec2,TransitGatewayConnectPeerId,,,,transit-gateway-connect-peer,/,false,true,construct,real,asset,
ec2.transit_gateway_multicast_domain,ec2.transit_gateway_multicast_domain,ec2,TransitGatewayMulticastDomainId,,,TransitGatewayMulticastDomainArn,,/,false,true,field,real,asset,
ec2.transit_gateway_peering_attachment,ec2.transit_gateway_peering_attachment,ec2,TransitGatewayAttachmentId,,,,transit-gateway-peering-attachment,/,false,true,construct,real,asset,
ec2.transit_gateway_policy_table,ec2.transit_gateway_policy_table,ec2,TransitGatewayPolicyTableId,,,,transit-gateway-policy-table,/,false,true,construct,real,asset,
ec2.transit_gateway_route_table,ec2.transit_gateway_route_table,ec2,TransitGatewayRouteTableId,,,,transit-gateway-route-table,/,false,true,construct,real,asset,
ec2.transit_gateway_vpc_attachment,ec2.transit_gateway_vpc_attachment,ec2,Id,,,,transit-gateway-vpc-attachment,/,false,true,construct,real,asset,
ec2.verified_access_endpoint,ec2.verified_access_endpoint,ec2,VerifiedAccessEndpointId,,,,verified-access-endpoint,/,false,true,construct,real,asset,
ec2.verified_access_group,ec2.verified_access_group,ec2,VerifiedAccessGroupId,,,VerifiedAccessGroupArn,,/,false,true,field,real,asset,
ec2.verified_access_instance,ec2.verified_access_instance,ec2,VerifiedAccessInstanceId,,,,verified-access-instance,/,false,true,construct,real,asset,
ec2.verified_access_trust_provider,ec2.verified_access_trust_provider,ec2,VerifiedAccessTrustProviderId,,,,verified-access-trust-provider,/,false,true,construct,real,asset,
ebs,ec2.volume,ec2,VolumeId,VolumeId,vol-,,volume,/,false,true,construct,real,asset,
vpc,ec2.vpc,ec2,VpcId,VpcId,vpc-,,vpc,/,false,true,construct,real,asset,
ec2.vpc_block_public_access_exclusion,ec2.vpc_block_public_access_exclusion,ec2,ExclusionId,,,,vpc-block-public-access-exclusion,/,false,true,construct,real,asset,
ec2.vpc_block_public_access_options,ec2.vpc_block_public_access_options,ec2,AccountId,,,,vpc-block-public-access-options,/,false,true,construct,real,asset,
vpc-endpoint,ec2.vpc_endpoint,ec2,VpcEndpointId,VpcEndpointId,vpce-,,vpc-endpoint,/,false,true,construct,real,asset,
ec2.vpc_endpoint_association,ec2.vpc_endpoint_association,ec2,Id,,,,vpc-endpoint-association,/,false,true,construct,real,asset,
ec2.vpc_endpoint_connection,ec2.vpc_endpoint_connection,ec2,VpcEndpointConnectionId,,,,vpc-endpoint-connection,/,false,true,construct,real,asset,
ec2.vpc_endpoint_connection_notification,ec2.vpc_endpoint_connection_notification,ec2,VPCEndpointConnectionNotificationId,,,ConnectionNotificationArn,,/,false,true,field,real,asset,
ec2.vpc_endpoint_service,ec2.vpc_endpoint_service,ec2,ServiceId,,,,vpc-endpoint-service,/,false,true,construct,real,asset,
peering-connection,ec2.vpc_peering_connection,ec2,VpcPeeringConnectionId,VpcPeeringConnectionId,pcx-,,vpc-peering-connection,/,false,true,construct,real,asset,
vpn-connection,ec2.vpn_connection,ec2,VpnConnectionId,VpnConnectionId,vpn-,,vpn-connection,/,false,true,construct,real,asset,
vpn-gateway,ec2.vpn_gateway,ec2,VpnGatewayId,VpnGatewayId,vgw-,,vpn-gateway,/,false,true,construct,real,asset,
ecr.pull_through_cache_rule,ecr.pull_through_cache_rule,ecr,EcrRepositoryPrefix,,,,pull-through-cache-rule,/,false,true,construct,real,asset,
ecr,ecr.repository,ecr,repositoryName,repositoryName,,repositoryArn,repository,/,false,true,field,real,asset,
ecr.repository_creation_template,ecr.repository_creation_template,ecr,Prefix,,,,repository-creation-template,/,false,true,construct,real,asset,
ecr-public.registry,ecr-public.registry,ecr-public,registryArn,,,registryArn,,/,false,true,field,real,asset,
ecr-public.repository,ecr-public.repository,ecr-public,repositoryArn,,,repositoryArn,,/,false,true,field,real,asset,
ecs.capacity_provider,ecs.capacity_provider,ecs,Name,,,capacityProviderArn,,/,false,true,field,real,asset,
ecs,ecs.cluster,ecs,clusterArn,clusterName,,clusterArn,cluster,/,false,true,field,real,asset,
ecs-service,ecs.service,ecs,serviceArn,serviceName,,serviceArn,,/,false,true,field,real,asset,
ecs.service_revision,ecs.service_revision,ecs,serviceRevisionArn,,,serviceRevisionArn,,/,false,true,field,real,asset,
ecs-task-definition,ecs.task_definition,ecs,taskDefinitionArn,taskDefinitionArn,,taskDefinitionArn,task-definition,/,false,true,field,real,asset,
edr.membership,edr.membership,edr,membershipArn,,,membershipArn,,/,false,true,field,real,asset,
efs.access_point,efs.access_point,efs,AccessPointId,,,Arn,,/,false,true,field,real,asset,
efs,efs.file_system,efs,FileSystemId,Name,,FileSystemArn,file-system,/,false,true,field,real,asset,
efs-mount-target,efs.mount_target,efs,MountTargetId,MountTargetId,,,mount-target,/,false,true,construct,real,asset,
eks.access_entry,eks.access_entry,eks,PrincipalArn,,,AccessEntryArn,,/,false,true,field,real,child,"clusterName,principalArn"
eks.addon,eks.addon,eks,ClusterName,,,Arn,,/,false,true,field,real,child,clusterName
eks,eks.cluster,eks,name,name,,arn,cluster,/,false,true,field,real,asset,
eks.eks_anywhere_subscription,eks.eks_anywhere_subscription,eks,arn,,,arn,,/,false,true,field,real,asset,
eks-nodegroup,eks.nodegroup,eks,nodegroupArn,nodegroupName,,nodegroupArn,nodegroup,/,false,true,field,real,child,clusterName
eks.fargate_profile,eks.fargate_profile,eks,ClusterName,,,Arn,,/,false,true,field,real,child,"clusterName,fargateProfileName"
elastic.elasticsearch_domain,elastic.elasticsearch_domain,elastic,ARN,,,ARN,,/,false,true,field,real,asset,
cache-cluster,elasticache.cache_cluster,elasticache,CacheClusterId,CacheClusterId,,ARN,cluster,:,false,true,field,real,asset,
elasticache.cache_parameter_group,elasticache.cache_parameter_group,elasticache,CacheParameterGroupName,,,ARN,,/,false,true,field,real,asset,
cache-snapshot,elasticache.cache_snapshot,elasticache,SnapshotName,SnapshotName,,ARN,snapshot,:,false,true,field,real,asset,
elasticache.global_replication_group,elasticache.global_replication_group,elasticache,GlobalReplicationGroupId,,,ARN,,/,false,true,field,real,asset,
elasticache-group,elasticache.replication_group,elasticache,ReplicationGroupId,ReplicationGroupId,,ARN,replicationgroup,:,false,true,field,real,asset,
elasticache.reserved_cache_node,elasticache.reserved_cache_node,elasticache,ReservedCacheNodeId,,,,reserved-cache-node,/,false,true,construct,real,asset,
cache-subnet-group,elasticache.subnet_group,elasticache,CacheSubnetGroupName,CacheSubnetGroupName,,ARN,subnetgroup,/,false,true,field,real,asset,
elasticache.user,elasticache.user,elasticache,UserId,,,Arn,,/,false,true,field,real,asset,
elasticache.user_group,elasticache.user_group,elasticache,UserGroupId,,,Arn,,/,false,true,field,real,asset,
elasticbeanstalk,elasticbeanstalk.application,elasticbeanstalk,ApplicationName,ApplicationName,,ApplicationArn,application,/,false,true,field,real,asset,
elasticbeanstalk.application_version,elasticbeanstalk.application_version,elasticbeanstalk,ApplicationName,,,ApplicationVersionArn,,/,false,true,field,real,asset,
elasticbeanstalk-environment,elasticbeanstalk.environment,elasticbeanstalk,EnvironmentName,EnvironmentName,,EnvironmentArn,environment,/,false,true,field,real,asset,
elastictranscoder.jobs_by_pipeline,elastictranscoder.jobs_by_pipeline,elastictranscoder,Arn,,,Arn,,/,false,true,field,real,child,PipelineId
elastictranscoder.jobs_by_status,elastictranscoder.jobs_by_status,elastictranscoder,Arn,,,Arn,,/,false,true,field,real,asset,
elastictranscoder.pipeline,elastictranscoder.pipeline,elastictranscoder,Arn,,,Arn,,/,false,true,field,real,asset,
elastictranscoder.preset,elastictranscoder.preset,elastictranscoder,Arn,,,Arn,,/,false,true,field,real,asset,
elb,elb.load_balancer,elb,LoadBalancerName,DNSName,,,loadbalancer,/,false,true,construct,real,asset,
elbv2.listener,elbv2.listener,elbv2,ListenerArn,,,ListenerArn,,/,false,true,field,real,asset,
elbv2.listener_certificate,elbv2.listener_certificate,elbv2,Id,,,CertificateArn,,/,false,true,field,real,child,ListenerArn
app-elb,elbv2.load_balancer,elbv2,LoadBalancerArn,LoadBalancerName,,LoadBalancerArn,loadbalancer/app,/,false,true,field,real,asset,
elbv2.rule,elbv2.rule,elbv2,RuleArn,,,RuleArn,,/,false,true,field,real,asset,
app-elb-target-group,elbv2.target_group,elbv2,TargetGroupArn,TargetGroupName,,TargetGroupArn,target-group,/,false,true,field,real,asset,
elbv2.trust_store,elbv2.trust_store,elbv2,TrustStoreArn,,,TrustStoreArn,,/,false,true,field,real,asset,
emr,emr.cluster,emr,Id,Name,,ClusterArn,emr,/,false,true,field,real,asset,
emr-security-configuration,emr.security_configuration,emr,Name,Name,,,emr,/,false,true,construct,real,asset,
emr.studio,emr.studio,emr,StudioId,,,Arn,,/,false,true,field,real,asset,
emr.studio_session_mapping,emr.studio_session_mapping,emr,StudioId,,,,studio-session-mapping,/,false,true,construct,real,asset,
emr-containers.job_run,emr-containers.job_run,emr-containers,arn,,,arn,,/,false,true,field,real,child,"id,virtualClusterId"
emr-containers.job_template,emr-containers.job_template,emr-containers,arn,,,arn,,/,false,true,field,real,child,id
emr-containers.managed_endpoint,emr-containers.managed_endpoint,emr-containers,arn,,,arn,,/,false,true,field,real,child,"id,virtualClusterId"
emr-serverless-app,emr-serverless.application,emr-serverless,id,name,,arn,/applications,/,false,true,field,real,asset,
emr-serverless.job_run_attempt,emr-serverless.job_run_attempt,emr-serverless,arn,,,arn,,/,false,true,field,real,asset,
entityresolution.id_mapping_workflow,entityresolution.id_mapping_workflow,entityresolution,WorkflowName,,,WorkflowArn,,/,false,true,field,real,asset,
entityresolution.id_namespace,entityresolution.id_namespace,entityresolution,IdNamespaceName,,,IdNamespaceArn,,/,false,true,field,real,asset,
entityresolution.matching_workflow,entityresolution.matching_workflow,entityresolution,WorkflowName,,,WorkflowArn,,/,false,true,field,real,asset,
entityresolution.policy,entityresolution.policy,entityresolution,arn,,,arn,,/,false,true,field,real,asset,
entityresolution.provider_service,entityresolution.provider_service,entityresolution,providerServiceArn,,,providerServiceArn,,/,false,true,field,real,child,"providerName,providerServiceName"
entityresolution.schema_mapping,entityresolution.schema_mapping,entityresolution,SchemaName,,,SchemaArn,,/,false,true,field,real,asset,
elasticsearch,es.domain,es,DomainName,Name,,ARN,domain,/,false,true,field,real,asset,
es.elasticsearch_domain,es.elasticsearch_domain,es,ARN,,,ARN,,/,false,true,field,real,child,DomainName
elasticsearch-reserved,es.elasticsearch_reserved,es,ReservedElasticsearchInstanceId,ReservedElasticsearchInstanceId,,,reserved-instances,/,false,true,construct,real,asset,
es.vpc_endpoints_for_domain,es.vpc_endpoints_for_domain,es,,,,DomainArn,,/,false,true,field,real,child,DomainName
event.event_data_store,event.event_data_store,event,EventDataStoreArn,,,EventDataStoreArn,,/,false,true,field,real,asset,
eventbridge.event_bus,eventbridge.event_bus,eventbridge,Arn,,,Arn,,/,false,true,field,real,asset,
eventbridge.replay,eventbridge.replay,eventbridge,ReplayName,,,,replay,/,false,true,construct,real,asset,
events.api_destination,events.api_destination,events,Name,,,Arn,,/,false,true,field,real,asset,
events.archive,events.archive,events,ArchiveName,,,Arn,,/,false,true,field,real,asset,
events.connection,events.connection,events,Name,,,Arn,,/,false,true,field,real,asset,
events.endpoint,events.endpoint,events,Name,,,Arn,,/,false,true,field,real,asset,
events.event_bu,events.event_bu,events,Arn,,,Arn,,/,false,true,field,real,singleton,
event-bus,events.event_bus,events,Name,Name,,Arn,event-bus,/,false,true,field,real,asset,
event-rule-target,events.event_rule_target,events,Id,Id,,Arn,event-rule-target,/,false,true,field,real,child,Rule
events.event_source,events.event_source,events,Arn,,,Arn,,/,false,true,field,real,child,Name
events.partner_event_source,events.partner_event_source,events,Arn,,,Arn,,/,false,true,field,real,child,Name
events.replay,events.replay,events,ReplayArn,,,ReplayArn,,/,false,true,field,real,child,ReplayName
event-rule,events.rule,events,Name,Name,,Arn,rule,/,false,true,field,real,asset,
eventschemas.discoverer,eventschemas.discoverer,eventschemas,DiscovererArn,,,DiscovererArn,,/,false,true,field,real,asset,
eventschemas.registry,eventschemas.registry,eventschemas,RegistryArn,,,RegistryArn,,/,false,true,field,real,asset,
evidently.experiment,evidently.experiment,evidently,Arn,,,Arn,,/,false,true,field,real,child,project
evidently.feature,evidently.feature,evidently,Arn,,,Arn,,/,false,true,field,real,child,project
evidently.launch,evidently.launch,evidently,Arn,,,Arn,,/,false,true,field,real,child,project
evidently.project,evidently.project,evidently,Arn,,,Arn,,/,false,true,field,real,asset,
evidently.segment,evidently.segment,evidently,Arn,,,Arn,,/,false,true,field,real,asset,
evidently.segment_reference,evidently.segment_reference,evidently,arn,,,arn,,/,false,true,field,real,child,segment
evs.environment,evs.environment,evs,EnvironmentId,,,EnvironmentArn,,/,false,true,field,real,asset,
fargate.capacity_provider,fargate.capacity_provider,fargate,capacityProviderArn,,,capacityProviderArn,,/,false,true,field,real,asset,
fargate.cluster,fargate.cluster,fargate,clusterArn,,,clusterArn,,/,false,true,field,real,asset,
fargate.service,fargate.service,fargate,serviceArn,,,serviceArn,,/,false,true,field,real,asset,
fargate.task,fargate.task,fargate,taskArn,,,taskArn,,/,false,true,field,real,asset,
fargate.task_definition,fargate.task_definition,fargate,taskDefinitionArn,,,taskDefinitionArn,,/,false,true,field,real,asset,
finspace.environment,finspace.environment,finspace,EnvironmentId,,,EnvironmentArn,,/,false,true,field,real,asset,
finspace.kx_database,finspace.kx_database,finspace,,,,databaseArn,,/,false,true,field,real,child,"databaseName,environmentId"
finspace.kx_user,finspace.kx_user,finspace,,,,userArn,,/,false,true,field,real,child,"environmentId,userName"
finspace-data.changeset,finspace-data.changeset,finspace-data,changesetArn,,,changesetArn,,/,false,true,field,real,child,"changesetId,datasetId"
finspace-data.data_view,finspace-data.data_view,finspace-data,dataViewArn,,,dataViewArn,,/,false,true,field,real,child,"dataViewId,datasetId"
finspace-data.dataset,finspace-data.dataset,finspace-data,datasetArn,,,datasetArn,,/,false,true,field,real,child,datasetId
firehose,firehose.delivery_stream,firehose,DeliveryStreamName,DeliveryStreamName,,Arn,deliverystream,/,false,true,field,real,child,DeliveryStreamName
fis.action,fis.action,fis,arn,,,arn,,/,false,true,field,real,child,id
fis.experiment,fis.experiment,fis,arn,,,arn,,/,false,true,field,real,child,id
fis-template,fis.experiment_template,fis,id,id,,,experiment-template,/,false,true,construct,real,asset,
fis-experiment,fis.fis_experiment,fis,id,id,,,experiment,/,false,true,construct,real,asset,
fis.safety_lever,fis.safety_lever,fis,arn,,,arn,,/,false,true,field,real,asset,
fms.apps_list,fms.apps_list,fms,AppsListArn,,,AppsListArn,,/,false,true,field,real,child,ListId
fms.notification_channel,fms.notification_channel,fms,SnsTopicArn,,,SnsTopicArn,,/,false,true,field,real,singleton,
fms.policy,fms.policy,fms,Id,,,Arn,,/,false,true,field,real,asset,
fms.protocols_list,fms.protocols_list,fms,ProtocolsListArn,,,ProtocolsListArn,,/,false,true,field,real,child,ListId
fms.resource_set,fms.resource_set,fms,Id,,,,resource-set,/,false,true,construct,real,asset,
forecast.dataset,forecast.dataset,forecast,Arn,,,Arn,,/,false,true,field,real,asset,
forecast.dataset_group,forecast.dataset_group,forecast,DatasetGroupArn,,,DatasetGroupArn,,/,false,true,field,real,asset,
forecast.dataset_import_job,forecast.dataset_import_job,forecast,DatasetImportJobArn,,,DatasetImportJobArn,,/,false,true,field,real,asset,
forecast.explainability,forecast.explainability,forecast,ExplainabilityArn,,,ExplainabilityArn,,/,false,true,field,real,asset,
forecast.explainability_export,forecast.explainability_export,forecast,ExplainabilityExportArn,,,ExplainabilityExportArn,,/,false,true,field,real,asset,
forecast.forecast_export_job,forecast.forecast_export_job,forecast,ForecastExportJobArn,,,ForecastExportJobArn,,/,false,true,field,real,asset,
forecast.monitor,forecast.monitor,forecast,MonitorArn,,,MonitorArn,,/,false,true,field,real,asset,
forecast.predictor,forecast.predictor,forecast,PredictorArn,,,PredictorArn,,/,false,true,field,real,asset,
forecast.predictor_backtest_export_job,forecast.predictor_backtest_export_job,forecast,PredictorBacktestExportJobArn,,,PredictorBacktestExportJobArn,,/,false,true,field,real,asset,
forecast.what_if_forecast_export,forecast.what_if_forecast_export,forecast,WhatIfForecastExportArn,,,WhatIfForecastExportArn,,/,false,true,field,real,asset,
frauddetector.batch_import_job,frauddetector.batch_import_job,frauddetector,arn,,,arn,,/,false,true,field,real,asset,
frauddetector.batch_prediction_job,frauddetector.batch_prediction_job,frauddetector,arn,,,arn,,/,false,true,field,real,asset,
frauddetector.detector,frauddetector.detector,frauddetector,Arn,,,Arn,,/,false,true,field,real,asset,
frauddetector.entity_type,frauddetector.entity_type,frauddetector,Arn,,,Arn,,/,false,true,field,real,asset,
frauddetector.event_type,frauddetector.event_type,frauddetector,Arn,,,Arn,,/,false,true,field,real,asset,
frauddetector.external_model,frauddetector.external_model,frauddetector,arn,,,arn,,/,false,true,field,real,asset,
frauddetector.kms_encryption_key,frauddetector.kms_encryption_key,frauddetector,kmsEncryptionKeyArn,,,kmsEncryptionKeyArn,,/,false,true,field,real,singleton,
frauddetector.label,frauddetector.label,frauddetector,Arn,,,Arn,,/,false,true,field,real,asset,
frauddetector.list,frauddetector.list,frauddetector,Arn,,,Arn,,/,false,true,field,real,asset,
frauddetector.model,frauddetector.model,frauddetector,modelId,,,arn,,/,false,true,field,real,asset,
frauddetector.model_version,frauddetector.model_version,frauddetector,arn,,,arn,,/,false,true,field,real,asset,
frauddetector.outcome,frauddetector.outcome,frauddetector,Arn,,,Arn,,/,false,true,field,real,asset,
frauddetector.variable,frauddetector.variable,frauddetector,Arn,,,Arn,,/,false,true,field,real,asset,
fsx.data_repository_association,fsx.data_repository_association,fsx,AssociationId,,,ResourceARN,,/,false,true,field,real,asset,
fsx,fsx.file_system,fsx,FileSystemId,FileSystemId,,ResourceARN,,/,false,true,field,real,asset,
fsx-backup,fsx.fsx_backup,fsx,BackupId,BackupId,,ResourceARN,,/,false,true,field,real,asset,
fsx.snapshot,fsx.snapshot,fsx,Id,,,ResourceARN,,/,false,true,field,real,asset,
fsx.storage_virtual_machine,fsx.storage_virtual_machine,fsx,StorageVirtualMachineId,,,ResourceARN,,/,false,true,field,real,asset,
fsx.volume,fsx.volume,fsx,VolumeId,,,ResourceARN,,/,false,true,field,real,asset,
gamelift.alias,gamelift.alias,gamelift,AliasId,,,AliasArn,,/,false,true,field,real,child,AliasId
gamelift-build,gamelift.build,gamelift,BuildId,Name,,BuildArn,,/,false,true,field,real,asset,
gamelift.compute,gamelift.compute,gamelift,ComputeArn,,,ComputeArn,,/,false,true,field,real,child,"ComputeName,FleetId"
gamelift.container_fleet,gamelift.container_fleet,gamelift,FleetId,,,FleetArn,,/,false,true,field,real,asset,
gamelift.container_group_definition,gamelift.container_group_definition,gamelift,Name,,,ContainerGroupDefinitionArn,,/,false,true,field,real,asset,
gamelift-fleet,gamelift.fleet,gamelift,FleetId,Name,,FleetArn,,/,false,true,field,real,asset,
gamelift.game_server_group,gamelift.game_server_group,gamelift,GameServerGroupArn,,,GameServerGroupArn,,/,false,true,field,real,asset,
gamelift.game_session_queue,gamelift.game_session_queue,gamelift,Name,,,Arn,,/,false,true,field,real,asset,
gamelift.location,gamelift.location,gamelift,LocationName,,,LocationArn,,/,false,true,field,real,asset,
gamelift.matchmaking_configuration,gamelift.matchmaking_configuration,gamelift,Name,,,Arn,,/,false,true,field,real,asset,
gamelift.matchmaking_rule_set,gamelift.matchmaking_rule_set,gamelift,Name,,,Arn,,/,false,true,field,real,asset,
gamelift.player_session,gamelift.player_session,gamelift,PlayerSessionId,,,,player-session,/,false,true,construct,real,asset,
gamelift.script,gamelift.script,gamelift,Id,,,Arn,,/,false,true,field,real,asset,
gamelift.vpc_peering_connection,gamelift.vpc_peering_connection,gamelift,VpcPeeringConnectionId,,,,vpc-peering-connection,/,false,true,construct,real,asset,
gameliftstreams.application,gameliftstreams.application,gameliftstreams,Arn,,,Arn,,/,false,true,field,real,asset,
gameliftstreams.stream_group,gameliftstreams.stream_group,gameliftstreams,Arn,,,Arn,,/,false,true,field,real,asset,
gameliftstreams.stream_session,gameliftstreams.stream_session,gameliftstreams,Arn,,,Arn,,/,false,true,field,real,asset,
gameliftstreams.stream_sessions_by_account,gameliftstreams.stream_sessions_by_account,gameliftstreams,Arn,,,Arn,,/,false,true,field,real,asset,
geo-places.place,geo-places.place,geo-places,PlaceId,,,,place,/,false,true,construct,real,asset,
glacier,glacier.glacier,glacier,VaultName,VaultName,,VaultARN,vaults,/,false,true,field,real,child,accountId
glacier.vault,glacier.vault,glacier,VaultARN,,,VaultARN,,/,false,true,field,real,child,"accountId,vaultName"
globalaccelerator.accelerator,globalaccelerator.accelerator,globalaccelerator,AcceleratorArn,,,AcceleratorArn,,/,false,true,field,real,asset,
globalaccelerator.cross_account_attachment,globalaccelerator.cross_account_attachment,globalaccelerator,AttachmentArn,,,AttachmentArn,,/,false,true,field,real,asset,
globalaccelerator.listener,globalaccelerator.listener,globalaccelerator,ListenerArn,,,ListenerArn,,/,false,true,field,real,child,AcceleratorArn
glue.blueprint,glue.blueprint,glue,Arn,,,Arn,,/,false,true,field,real,asset,
glue.catalog,glue.catalog,glue,ResourceArn,,,ResourceArn,,/,false,true,field,real,asset,
glue-classifier,glue.classifier,glue,Name,Name,,,classifier,/,false,true,construct,real,asset,
glue-connection,glue.connection,glue,Name,Name,,,connection,/,false,true,construct,real,asset,
glue-crawler,glue.crawler,glue,Name,Name,,,crawler,/,false,true,construct,real,asset,
glue.custom_entity_type,glue.custom_entity_type,glue,Id,,,,custom-entity-type,/,false,true,construct,real,asset,
glue-catalog,glue.data_catalog_encryption_settings,glue,CatalogId,CatalogId,,,catalog,/,false,true,construct,real,singleton,
glue.data_quality_ruleset,glue.data_quality_ruleset,glue,Id,,,,data-quality-ruleset,/,false,true,construct,real,asset,
glue-database,glue.database,glue,Name,Name,,,database,/,false,true,construct,real,asset,
glue-dev-endpoint,glue.dev_endpoint,glue,EndpointName,EndpointName,,,devEndpoint,/,false,true,construct,real,asset,
glue.integration,glue.integration,glue,IntegrationArn,,,IntegrationArn,,/,false,true,field,real,asset,
glue.integration_resource_property,glue.integration_resource_property,glue,ResourceArn,,,ResourceArn,,/,false,true,field,real,asset,
glue-job,glue.job,glue,Name,Name,,,job,/,false,true,construct,real,asset,
glue-ml-transform,glue.ml_transform,glue,TransformId,Name,,,mlTransform,/,false,true,construct,real,asset,
glue.registry,glue.registry,glue,Arn,,,Arn,,/,false,true,field,real,asset,
glue.schema,glue.schema,glue,Arn,,,Arn,,/,false,true,field,real,asset,
glue-security-configuration,glue.security_configuration,glue,Name,Name,,,securityConfiguration,/,false,true,construct,real,asset,
glue-trigger,glue.trigger,glue,Name,Name,,,trigger,/,false,true,construct,real,asset,
glue-workflow,glue.workflow,glue,Name,Name,,,workflow,/,false,true,construct,real,asset,
grafana.workspace,grafana.workspace,grafana,Id,,,,workspace,/,false,true,construct,real,asset,
grafana.workspace_service_account,grafana.workspace_service_account,grafana,id,,,,workspace-service-account,/,false,true,construct,real,asset,
grafana.workspace_service_account_token,grafana.workspace_service_account_token,grafana,id,,,,workspace-service-account-token,/,false,true,construct,real,asset,
greengrass.associated_role,greengrass.associated_role,greengrass,,,,RoleArn,,/,false,true,field,real,child,GroupId
greengrass.bulk_deployment,greengrass.bulk_deployment,greengrass,BulkDeploymentArn,,,BulkDeploymentArn,,/,false,true,field,real,asset,
greengrass.connector_definition,greengrass.connector_definition,greengrass,Id,,,Arn,,/,false,true,field,real,asset,
greengrass.connector_definition_version,greengrass.connector_definition_version,greengrass,Id,,,Arn,,/,false,true,field,real,child,ConnectorDefinitionId
greengrass.core_definition,greengrass.core_definition,greengrass,Id,,,Arn,,/,false,true,field,real,asset,
greengrass.core_definition_version,greengrass.core_definition_version,greengrass,Id,,,Arn,,/,false,true,field,real,child,CoreDefinitionId
greengrass.deployment,greengrass.deployment,greengrass,DeploymentArn,,,DeploymentArn,,/,false,true,field,real,child,GroupId
greengrass.device_definition,greengrass.device_definition,greengrass,Id,,,Arn,,/,false,true,field,real,asset,
greengrass.device_definition_version,greengrass.device_definition_version,greengrass,Id,,,Arn,,/,false,true,field,real,child,DeviceDefinitionId
greengrass.function_definition,greengrass.function_definition,greengrass,Id,,,Arn,,/,false,true,field,real,asset,
greengrass.function_definition_version,greengrass.function_definition_version,greengrass,Id,,,Arn,,/,false,true,field,real,child,FunctionDefinitionId
greengrass.group,greengrass.group,greengrass,Id,,,Arn,,/,false,true,field,real,asset,
greengrass.group_certificate_authority,greengrass.group_certificate_authority,greengrass,GroupCertificateAuthorityArn,,,GroupCertificateAuthorityArn,,/,false,true,field,real,child,"CertificateAuthorityId,GroupId"
greengrass.group_version,greengrass.group_version,greengrass,Id,,,Arn,,/,false,true,field,real,child,GroupId
greengrass.logger_definition,greengrass.logger_definition,greengrass,Id,,,Arn,,/,false,true,field,real,asset,
greengrass.logger_definition_version,greengrass.logger_definition_version,greengrass,Id,,,Arn,,/,false,true,field,real,child,LoggerDefinitionId
greengrass.resource_definition,greengrass.resource_definition,greengrass,Id,,,Arn,,/,false,true,field,real,asset,
greengrass.resource_definition_version,greengrass.resource_definition_version,greengrass,Id,,,Arn,,/,false,true,field,real,child,ResourceDefinitionId
greengrass.subscription_definition,greengrass.subscription_definition,greengrass,Id,,,Arn,,/,false,true,field,real,asset,
greengrass.subscription_definition_version,greengrass.subscription_definition_version,greengrass,Id,,,Arn,,/,false,true,field,real,child,SubscriptionDefinitionId
greengrassv2.component_version,greengrassv2.component_version,greengrassv2,Arn,,,Arn,,/,false,true,field,real,child,arn
greengrassv2.deployment,greengrassv2.deployment,greengrassv2,DeploymentId,,,,deployment,/,false,true,construct,real,asset,
groundstation.config,groundstation.config,groundstation,Arn,,,Arn,,/,false,true,field,real,asset,
groundstation.dataflow_endpoint_group,groundstation.dataflow_endpoint_group,groundstation,Id,,,Arn,,/,false,true,field,real,asset,
groundstation.ground_station,groundstation.ground_station,groundstation,groundStationId,,,,ground-station,/,false,true,construct,real,asset,
groundstation.mission_profile,groundstation.mission_profile,groundstation,Id,,,Arn,,/,false,true,field,real,asset,
groundstation.satellite,groundstation.satellite,groundstation,satelliteArn,,,satelliteArn,,/,false,true,field,real,child,satelliteId
health.affected_entities_for_organization,health.affected_entities_for_organization,health,arn,,,arn,,/,false,true,field,real,asset,
health.affected_entity,health.affected_entity,health,,,,entityArn,,/,false,true,field,real,asset,
health.events_for_organization,health.events_for_organization,health,arn,,,arn,,/,false,true,field,real,asset,
health-event,health.health_event,health,arn,eventTypeCode,,arn,event,/,true,true,field,real,asset,
healthlake.fhir_datastore,healthlake.fhir_datastore,healthlake,DatastoreId,,,DatastoreArn,,/,false,true,field,real,asset,
iam.access_key,iam.access_key,iam,AccessKeyId,,,,access-key,/,false,true,construct,real,asset,
iam.account_authorization_detail,iam.account_authorization_detail,iam,Arn,,,Arn,,/,false,true,field,real,asset,
iam.attached_role_policy,iam.attached_role_policy,iam,,,,PolicyArn,,/,false,true,field,real,child,RoleName
iam.attached_user_policy,iam.attached_user_policy,iam,,,,PolicyArn,,/,false,true,field,real,child,UserName
iam.delegation_request,iam.delegation_request,iam,DelegationRequestId,,,,delegation-request,/,false,true,construct,real,asset,
iam-group,iam.group,iam,GroupName,GroupName,,Arn,group,/,true,true,field,real,asset,
iam.groups_for_user,iam.groups_for_user,iam,Arn,,,Arn,,/,false,true,field,real,child,UserName
iam-certificate,iam.iam_certificate,iam,ServerCertificateName,ServerCertificateName,,Arn,server-certificate,/,true,true,field,real,asset,
iam-oidc-provider,iam.iam_oidc_provider,iam,Arn,Arn,,Arn,oidc-provider,/,true,true,field,real,asset,
iam-saml-provider,iam.saml_provider,iam,Arn,Arn,,Arn,saml-provider,/,true,true,field,real,asset,
iam-profile,iam.instance_profile,iam,InstanceProfileName,InstanceProfileName,,Arn,instance-profile,/,true,true,field,real,asset,
iam.instance_profiles_for_role,iam.instance_profiles_for_role,iam,Arn,,,Arn,,/,false,true,field,real,child,RoleName
iam-policy,iam.policy,iam,PolicyId,PolicyName,,Arn,policy,/,true,true,field,real,asset,
iam-role,iam.role,iam,RoleName,RoleName,,Arn,role,/,true,true,field,real,asset,
iam-user,iam.user,iam,UserName,UserName,,Arn,user,/,true,true,field,real,asset,
iam.virtual_mfa_device,iam.virtual_mfa_device,iam,SerialNumber,,,,virtual-mfa-device,/,false,true,construct,real,asset,
imagebuilder.component,imagebuilder.component,imagebuilder,Arn,,,Arn,,/,false,true,field,real,asset,
imagebuilder.component_build_version,imagebuilder.component_build_version,imagebuilder,arn,,,arn,,/,false,true,field,real,child,componentVersionArn
imagebuilder.container_recipe,imagebuilder.container_recipe,imagebuilder,Arn,,,Arn,,/,false,true,field,real,asset,
imagebuilder.distribution_configuration,imagebuilder.distribution_configuration,imagebuilder,Arn,,,Arn,,/,false,true,field,real,asset,
imagebuilder.image,imagebuilder.image,imagebuilder,Arn,,,Arn,,/,false,true,field,real,asset,
imagebuilder.image_build_version,imagebuilder.image_build_version,imagebuilder,arn,,,arn,,/,false,true,field,real,child,imageVersionArn
imagebuilder.image_pipeline,imagebuilder.image_pipeline,imagebuilder,Arn,,,Arn,,/,false,true,field,real,asset,
imagebuilder.image_pipeline_image,imagebuilder.image_pipeline_image,imagebuilder,arn,,,arn,,/,false,true,field,real,child,imagePipelineArn
imagebuilder.image_recipe,imagebuilder.image_recipe,imagebuilder,Arn,,,Arn,,/,false,true,field,real,asset,
imagebuilder.infrastructure_configuration,imagebuilder.infrastructure_configuration,imagebuilder,Arn,,,Arn,,/,false,true,field,real,asset,
imagebuilder.lifecycle_policy,imagebuilder.lifecycle_policy,imagebuilder,Arn,,,Arn,,/,false,true,field,real,asset,
imagebuilder.waiting_workflow_step,imagebuilder.waiting_workflow_step,imagebuilder,name,,,,waiting-workflow-step,/,false,true,construct,real,asset,
imagebuilder.workflow,imagebuilder.workflow,imagebuilder,Arn,,,Arn,,/,false,true,field,real,asset,
imagebuilder.workflow_build_version,imagebuilder.workflow_build_version,imagebuilder,arn,,,arn,,/,false,true,field,real,child,workflowVersionArn
importexport.job,importexport.job,importexport,JobId,,,,job,/,false,true,construct,real,asset,
inspector.assessment_run,inspector.assessment_run,inspector,arn,,,arn,,/,false,true,field,real,child,assessmentRunArns
inspector.assessment_target,inspector.assessment_target,inspector,Arn,,,Arn,,/,false,true,field,real,asset,
inspector.assessment_template,inspector.assessment_template,inspector,Arn,,,Arn,,/,false,true,field,real,child,assessmentTemplateArns
inspector.cross_account_access_role,inspector.cross_account_access_role,inspector,,,,roleArn,,/,false,true,field,real,singleton,
inspector.finding,inspector.finding,inspector,arn,,,arn,,/,false,true,field,real,child,findingArns
inspector2.code_security_integration,inspector2.code_security_integration,inspector2,name,,,,code-security-integration,/,false,true,construct,real,asset,
inspector2.filter,inspector2.filter,inspector2,arn,,,arn,,/,false,true,field,real,asset,
inspector2-finding,inspector2.inspector2_finding,inspector2,findingArn,title,,findingArn,finding,/,false,true,field,real,asset,
internetmonitor.monitor,internetmonitor.monitor,internetmonitor,MonitorName,,,MonitorArn,,/,false,true,field,real,asset,
invoicing.invoice_unit,invoicing.invoice_unit,invoicing,InvoiceUnitArn,,,InvoiceUnitArn,,/,false,true,field,real,asset,
invoicing.procurement_portal_preference,invoicing.procurement_portal_preference,invoicing,ProcurementPortalPreferenceArn,,,ProcurementPortalPreferenceArn,,/,false,true,field,real,asset,
iot.attached_policy,iot.attached_policy,iot,,,,policyArn,,/,false,true,field,real,child,target
iot.authorizer,iot.authorizer,iot,AuthorizerName,,,Arn,,/,false,true,field,real,asset,
iot.billing_group,iot.billing_group,iot,BillingGroupName,,,Arn,,/,false,true,field,real,asset,
iot.ca_certificate,iot.ca_certificate,iot,Id,,,Arn,,/,false,true,field,real,asset,
iot.certificate,iot.certificate,iot,certificateId,,,certificateArn,,/,false,true,field,real,asset,
iot.certificate_provider,iot.certificate_provider,iot,CertificateProviderName,,,Arn,,/,false,true,field,real,asset,
iot.command,iot.command,iot,CommandId,,,CommandArn,,/,false,true,field,real,asset,
iot.custom_metric,iot.custom_metric,iot,MetricName,,,MetricArn,,/,false,true,field,real,asset,
iot.dimension,iot.dimension,iot,Name,,,Arn,,/,false,true,field,real,asset,
iot.domain_configuration,iot.domain_configuration,iot,domainConfigurationName,,,domainConfigurationArn,,/,false,true,field,real,asset,
iot.encryption_configuration,iot.encryption_configuration,iot,AccountId,,,,encryption-configuration,/,false,true,construct,real,asset,
iot.fleet_metric,iot.fleet_metric,iot,MetricName,,,MetricArn,,/,false,true,field,real,asset,
iot.job,iot.job,iot,jobArn,,,jobArn,,/,false,true,field,real,child,jobId
iot.job_template,iot.job_template,iot,JobTemplateId,,,Arn,,/,false,true,field,real,asset,
iot.mitigation_action,iot.mitigation_action,iot,ActionName,,,MitigationActionArn,,/,false,true,field,real,asset,
iot.ota_update,iot.ota_update,iot,otaUpdateArn,,,otaUpdateArn,,/,false,true,field,real,child,otaUpdateId
iot.package,iot.package,iot,packageArn,,,packageArn,,/,false,true,field,real,child,packageName
iot.package_version,iot.package_version,iot,packageVersionArn,,,packageVersionArn,,/,false,true,field,real,child,"packageName,versionName"
iot.policy,iot.policy,iot,Id,,,Arn,,/,false,true,field,real,asset,
iot.principal_policy,iot.principal_policy,iot,,,,policyArn,,/,false,true,field,real,child,principal
iot.provisioning_template,iot.provisioning_template,iot,TemplateName,,,TemplateArn,,/,false,true,field,real,asset,
iot.role_alias,iot.role_alias,iot,RoleAlias,,,RoleAliasArn,,/,false,true,field,real,child,roleAlias
iot.scheduled_audit,iot.scheduled_audit,iot,ScheduledAuditName,,,ScheduledAuditArn,,/,false,true,field,real,asset,
iot.security_profile,iot.security_profile,iot,SecurityProfileName,,,SecurityProfileArn,,/,false,true,field,real,asset,
iot.stream,iot.stream,iot,streamArn,,,streamArn,,/,false,true,field,real,child,streamId
iot.targets_for_security_profile,iot.targets_for_security_profile,iot,arn,,,arn,,/,false,true,field,real,child,securityProfileName
iot,iot.thing,iot,thingName,thingName,,thingArn,,/,false,true,field,real,asset,
iot.thing_group,iot.thing_group,iot,ThingGroupName,,,Arn,,/,false,true,field,real,asset,
iot.thing_type,iot.thing_type,iot,ThingTypeName,,,Arn,,/,false,true,field,real,asset,
iot.topic_rule,iot.topic_rule,iot,RuleName,,,Arn,,/,false,true,field,real,asset,
iot.topic_rule_destination,iot.topic_rule_destination,iot,Arn,,,Arn,,/,false,true,field,real,asset,
iot-managed-integrations.account_association,iot-managed-integrations.account_association,iot-managed-integrations,AccountAssociationId,,,,account-association,/,false,true,construct,real,asset,
iot-managed-integrations.cloud_connector,iot-managed-integrations.cloud_connector,iot-managed-integrations,Id,,,,cloud-connector,/,false,true,construct,real,asset,
iot-managed-integrations.connector_destination,iot-managed-integrations.connector_destination,iot-managed-integrations,Id,,,,connector-destination,/,false,true,construct,real,asset,
iot-managed-integrations.credential_locker,iot-managed-integrations.credential_locker,iot-managed-integrations,Arn,,,Arn,,/,false,true,field,real,asset,
iot-managed-integrations.destination,iot-managed-integrations.destination,iot-managed-integrations,Name,,,,destination,/,false,true,construct,real,asset,
iot-managed-integrations.device_discovery,iot-managed-integrations.device_discovery,iot-managed-integrations,Arn,,,Arn,,/,false,true,field,real,asset,
iot-managed-integrations.event_log_configuration,iot-managed-integrations.event_log_configuration,iot-managed-integrations,Id,,,,event-log-configuration,/,false,true,construct,real,asset,
iot-managed-integrations.managed_thing,iot-managed-integrations.managed_thing,iot-managed-integrations,Arn,,,Arn,,/,false,true,field,real,asset,
iot-managed-integrations.ota_task_configuration,iot-managed-integrations.ota_task_configuration,iot-managed-integrations,Name,,,,ota-task-configuration,/,false,true,construct,real,asset,
iot-managed-integrations.provisioning_profile,iot-managed-integrations.provisioning_profile,iot-managed-integrations,Arn,,,Arn,,/,false,true,field,real,asset,
iotanalytics.channel,iotanalytics.channel,iotanalytics,ChannelName,,,,channel,/,false,true,construct,real,asset,
iotanalytics.dataset,iotanalytics.dataset,iotanalytics,DatasetName,,,,dataset,/,false,true,construct,real,asset,
iotanalytics.datastore,iotanalytics.datastore,iotanalytics,DatastoreName,,,,datastore,/,false,true,construct,real,asset,
iotanalytics.pipeline,iotanalytics.pipeline,iotanalytics,PipelineName,,,,pipeline,/,false,true,construct,real,asset,
iotdeviceadvisor.suite_definition,iotdeviceadvisor.suite_definition,iotdeviceadvisor,suiteDefinitionArn,,,suiteDefinitionArn,,/,false,true,field,real,child,suiteDefinitionId
iotdeviceadvisor.suite_run,iotdeviceadvisor.suite_run,iotdeviceadvisor,suiteRunArn,,,suiteRunArn,,/,false,true,field,real,child,"suiteDefinitionId,suiteRunId"
iotevents.alarm_model,iotevents.alarm_model,iotevents,AlarmModelName,,,,alarm-model,/,false,true,construct,real,asset,
iotevents.detector_model,iotevents.detector_model,iotevents,DetectorModelName,,,,detector-model,/,false,true,construct,real,asset,
iotevents.input,iotevents.input,iotevents,InputName,,,inputArn,,/,false,true,field,real,asset,
iotevents.input_routing,iotevents.input_routing,iotevents,arn,,,arn,,/,false,true,field,real,child,inputIdentifier
iotfleetwise.campaign,iotfleetwise.campaign,iotfleetwise,Name,,,Arn,,/,false,true,field,real,asset,
iotfleetwise.decoder_manifest,iotfleetwise.decoder_manifest,iotfleetwise,Name,,,Arn,,/,false,true,field,real,asset,
iotfleetwise.fleet,iotfleetwise.fleet,iotfleetwise,Id,,,Arn,,/,false,true,field,real,asset,
iotfleetwise.model_manifest,iotfleetwise.model_manifest,iotfleetwise,Name,,,Arn,,/,false,true,field,real,asset,
iotfleetwise.signal_catalog,iotfleetwise.signal_catalog,iotfleetwise,Name,,,Arn,,/,false,true,field,real,asset,
iotfleetwise.state_template,iotfleetwise.state_template,iotfleetwise,Name,,,Arn,,/,false,true,field,real,asset,
iotfleetwise.vehicle,iotfleetwise.vehicle,iotfleetwise,Name,,,Arn,,/,false,true,field,real,asset,
iotsecuretunneling.tunnel,iotsecuretunneling.tunnel,iotsecuretunneling,tunnelArn,,,tunnelArn,,/,false,true,field,real,child,tunnelId
iotsitewise.access_policy,iotsitewise.access_policy,iotsitewise,AccessPolicyId,,,AccessPolicyArn,,/,false,true,field,real,asset,
iotsitewise.asset,iotsitewise.asset,iotsitewise,AssetId,,,AssetArn,,/,false,true,field,real,asset,
iotsitewise.asset_model,iotsitewise.asset_model,iotsitewise,AssetModelId,,,AssetModelArn,,/,false,true,field,real,asset,
iotsitewise.associated_asset,iotsitewise.associated_asset,iotsitewise,arn,,,arn,,/,false,true,field,real,child,assetId
iotsitewise.computation_model,iotsitewise.computation_model,iotsitewise,ComputationModelId,,,ComputationModelArn,,/,false,true,field,real,asset,
iotsitewise.dashboard,iotsitewise.dashboard,iotsitewise,DashboardId,,,DashboardArn,,/,false,true,field,real,child,projectId
iotsitewise.dataset,iotsitewise.dataset,iotsitewise,DatasetId,,,DatasetArn,,/,false,true,field,real,asset,
iotsitewise.gateway,iotsitewise.gateway,iotsitewise,GatewayId,,,,gateway,/,false,true,construct,real,asset,
iotsitewise.interface_relationship,iotsitewise.interface_relationship,iotsitewise,id,,,,interface-relationship,/,false,true,construct,real,asset,
iotsitewise.portal,iotsitewise.portal,iotsitewise,PortalId,,,PortalArn,,/,false,true,field,real,asset,
iotsitewise.project,iotsitewise.project,iotsitewise,ProjectId,,,ProjectArn,,/,false,true,field,real,child,portalId
iotthingsgraph.entity,iotthingsgraph.entity,iotthingsgraph,,,,arn,,/,false,true,field,real,child,ids
iotthingsgraph.flow_template_revision,iotthingsgraph.flow_template_revision,iotthingsgraph,,,,arn,,/,false,true,field,real,child,id
iotthingsgraph.namespace,iotthingsgraph.namespace,iotthingsgraph,namespaceArn,,,namespaceArn,,/,false,true,field,real,singleton,
iotthingsgraph.search_entity,iotthingsgraph.search_entity,iotthingsgraph,,,,arn,,/,false,true,field,real,child,entityTypes
iotthingsgraph.search_thing,iotthingsgraph.search_thing,iotthingsgraph,,,,thingArn,,/,false,true,field,real,child,entityId
iotthingsgraph.system_instance,iotthingsgraph.system_instance,iotthingsgraph,arn,,,arn,,/,false,true,field,real,child,id
iotthingsgraph.system_template,iotthingsgraph.system_template,iotthingsgraph,arn,,,arn,,/,false,true,field,real,child,id
iotthingsgraph.system_template_revision,iotthingsgraph.system_template_revision,iotthingsgraph,,,,arn,,/,false,true,field,real,child,id
iottwinmaker.component_type,iottwinmaker.component_type,iottwinmaker,WorkspaceId,,,Arn,,/,false,true,field,real,child,workspaceId
iottwinmaker.entity,iottwinmaker.entity,iottwinmaker,WorkspaceId,,,Arn,,/,false,true,field,real,child,workspaceId
iottwinmaker.scene,iottwinmaker.scene,iottwinmaker,WorkspaceId,,,Arn,,/,false,true,field,real,child,workspaceId
iottwinmaker.sync_job,iottwinmaker.sync_job,iottwinmaker,WorkspaceId,,,Arn,,/,false,true,field,real,child,syncSource
iottwinmaker.workspace,iottwinmaker.workspace,iottwinmaker,WorkspaceId,,,Arn,,/,false,true,field,real,asset,
iotwireless.destination,iotwireless.destination,iotwireless,Name,,,Arn,,/,false,true,field,real,asset,
iotwireless.device_profile,iotwireless.device_profile,iotwireless,Id,,,Arn,,/,false,true,field,real,asset,
iotwireless.event_configuration,iotwireless.event_configuration,iotwireless,Identifier,,,,event-configuration,/,false,true,construct,real,asset,
iotwireless.fuota_task,iotwireless.fuota_task,iotwireless,Id,,,Arn,,/,false,true,field,real,asset,
iotwireless.metric,iotwireless.metric,iotwireless,MetricName,,,,metric,/,false,true,construct,real,asset,
iotwireless.multicast_group,iotwireless.multicast_group,iotwireless,Id,,,Arn,,/,false,true,field,real,asset,
iotwireless.network_analyzer_configuration,iotwireless.network_analyzer_configuration,iotwireless,Name,,,Arn,,/,false,true,field,real,asset,
iotwireless.partner_account,iotwireless.partner_account,iotwireless,PartnerAccountId,,,Arn,,/,false,true,field,real,asset,
iotwireless.service_profile,iotwireless.service_profile,iotwireless,Id,,,Arn,,/,false,true,field,real,asset,
iotwireless.task_definition,iotwireless.task_definition,iotwireless,Id,,,Arn,,/,false,true,field,real,asset,
iotwireless.wireless_device,iotwireless.wireless_device,iotwireless,Id,,,Arn,,/,false,true,field,real,asset,
iotwireless.wireless_device_import_task,iotwireless.wireless_device_import_task,iotwireless,Id,,,Arn,,/,false,true,field,real,asset,
iotwireless.wireless_gateway,iotwireless.wireless_gateway,iotwireless,Id,,,Arn,,/,false,true,field,real,asset,
iotwireless.wireless_gateway_task_definition,iotwireless.wireless_gateway_task_definition,iotwireless,Arn,,,Arn,,/,false,true,field,real,child,Id
ivs.channel,ivs.channel,ivs,arn,,,arn,,/,false,true,field,real,asset,
ivs.playback_key_pair,ivs.playback_key_pair,ivs,Arn,,,Arn,,/,false,true,field,real,asset,
ivs.playback_restriction_policy,ivs.playback_restriction_policy,ivs,arn,,,arn,,/,false,true,field,real,asset,
ivs.recording_configuration,ivs.recording_configuration,ivs,Arn,,,Arn,,/,false,true,field,real,asset,
ivs.stream_key,ivs.stream_key,ivs,Arn,,,Arn,,/,false,true,field,real,child,channelArn
ivs.stream_session,ivs.stream_session,ivs,arn,,,arn,,/,false,true,field,real,child,channelArn
ivs-realtime.composition,ivs-realtime.composition,ivs-realtime,arn,,,arn,,/,false,true,field,real,child,arn
ivs-realtime.encoder_configuration,ivs-realtime.encoder_configuration,ivs-realtime,arn,,,arn,,/,false,true,field,real,child,arn
ivs-realtime.ingest_configuration,ivs-realtime.ingest_configuration,ivs-realtime,arn,,,arn,,/,false,true,field,real,asset,
ivs-realtime.public_key,ivs-realtime.public_key,ivs-realtime,arn,,,arn,,/,false,true,field,real,asset,
ivs-realtime.stage,ivs-realtime.stage,ivs-realtime,arn,,,arn,,/,false,true,field,real,child,arn
ivs-realtime.storage_configuration,ivs-realtime.storage_configuration,ivs-realtime,arn,,,arn,,/,false,true,field,real,child,arn
ivschat.logging_configuration,ivschat.logging_configuration,ivschat,Arn,,,Arn,,/,false,true,field,real,asset,
ivschat.room,ivschat.room,ivschat,id,,,arn,,/,false,true,field,real,asset,
kafka.client_vpc_connection,kafka.client_vpc_connection,kafka,,,,VpcConnectionArn,,/,false,true,field,real,child,ClusterArn
kafka,kafka.cluster,kafka,ClusterArn,ClusterName,,ClusterArn,,/,false,true,field,real,asset,
kafka.cluster_policy,kafka.cluster_policy,kafka,ClusterArn,,,ClusterArn,,/,false,true,field,real,child,ClusterArn
kafka.configuration,kafka.configuration,kafka,Arn,,,Arn,,/,false,true,field,real,asset,
kafka.configuration_revision,kafka.configuration_revision,kafka,Arn,,,Arn,,/,false,true,field,real,child,"Arn,Revision"
kafka.node,kafka.node,kafka,NodeARN,,,NodeARN,,/,false,true,field,real,child,ClusterArn
kafka.replicator,kafka.replicator,kafka,ReplicatorArn,,,ReplicatorArn,,/,false,true,field,real,asset,
kafka.topic,kafka.topic,kafka,TopicArn,,,TopicArn,,/,false,true,field,real,asset,
kafka.vpc_connection,kafka.vpc_connection,kafka,Arn,,,Arn,,/,false,true,field,real,asset,
kafkaconnect.connector,kafkaconnect.connector,kafkaconnect,ConnectorArn,,,ConnectorArn,,/,false,true,field,real,asset,
kafkaconnect.connector_operation,kafkaconnect.connector_operation,kafkaconnect,connectorOperationArn,,,connectorOperationArn,,/,false,true,field,real,asset,
kafkaconnect.custom_plugin,kafkaconnect.custom_plugin,kafkaconnect,CustomPluginArn,,,CustomPluginArn,,/,false,true,field,real,asset,
kafkaconnect.worker_configuration,kafkaconnect.worker_configuration,kafkaconnect,WorkerConfigurationArn,,,WorkerConfigurationArn,,/,false,true,field,real,asset,
kendra.data_source,kendra.data_source,kendra,Id,,,Arn,,/,false,true,field,real,child,IndexId
kendra.faq,kendra.faq,kendra,Id,,,Arn,,/,false,true,field,real,child,IndexId
kendra.indice,kendra.indice,kendra,Id,,,,indice,/,false,true,construct,real,asset,
kendra-ranking.rescore_execution_plan,kendra-ranking.rescore_execution_plan,kendra-ranking,Arn,,,Arn,,/,false,true,field,real,child,Id
kinesis,kinesis.stream,kinesis,StreamName,StreamName,,Arn,stream,/,false,true,field,real,singleton,
kinesis.stream_consumer,kinesis.stream_consumer,kinesis,ConsumerARN,,,ConsumerARN,,/,false,true,field,real,singleton,
kinesis-analytics,kinesisanalytics.application,kinesisanalytics,ApplicationARN,ApplicationName,,ApplicationARN,application,/,false,true,field,real,asset,
kinesis-analyticsv2,kinesisanalyticsv2.application,kinesisanalyticsv2,ApplicationARN,ApplicationName,,ApplicationARN,application,/,false,true,field,real,asset,
kinesisfirehose.delivery_stream,kinesisfirehose.delivery_stream,kinesisfirehose,DeliveryStreamARN,,,DeliveryStreamARN,,/,false,true,field,real,asset,
kinesis-video,kinesisvideo.stream,kinesisvideo,StreamName,StreamName,,StreamARN,stream,/,false,true,field,real,asset,
kinesisvideo.mapped_resource_configuration,kinesisvideo.mapped_resource_configuration,kinesisvideo,ARN,,,ARN,,/,false,true,field,real,asset,
kinesisvideo.signaling_channel,kinesisvideo.signaling_channel,kinesisvideo,Name,,,Arn,,/,false,true,field,real,asset,
kinesisvideostreams.mapped_resource_configuration,kinesisvideostreams.mapped_resource_configuration,kinesisvideostreams,ARN,,,ARN,,/,false,true,field,real,asset,
kinesisvideostreams.stream,kinesisvideostreams.stream,kinesisvideostreams,StreamARN,,,StreamARN,,/,false,true,field,real,asset,
kms,kms.alias,kms,AliasArn,AliasName,,AliasArn,alias,/,false,true,field,real,asset,
kms-key,kms.key,kms,KeyId,KeyId,,Arn,key,/,false,true,field,real,asset,
lakeformation.data_cells_filter,lakeformation.data_cells_filter,lakeformation,TableCatalogId,,,,data-cells-filter,/,false,true,construct,real,asset,
datalake-location,lakeformation.resource,lakeformation,ResourceArn,ResourceArn,,ResourceArn,,/,false,true,field,real,asset,
lambda.code_signing_config,lambda.code_signing_config,lambda,CodeSigningConfigArn,,,CodeSigningConfigArn,,/,false,true,field,real,asset,
lambda.event_source_mapping,lambda.event_source_mapping,lambda,Id,,,EventSourceMappingArn,,/,false,true,field,real,asset,
lambda,lambda.function,lambda,FunctionName,FunctionName,,FunctionArn,function,:,false,true,field,real,asset,
lambda.function_configuration,lambda.function_configuration,lambda,,,,Arn,,/,false,true,field,real,child,FunctionName
lambda-layer,lambda.layer_version,lambda,LayerName,LayerName,,LayerVersionArn,layer,/,false,true,field,real,asset,
lambda.version,lambda.version,lambda,FunctionArn,,,FunctionArn,,/,false,true,field,real,child,FunctionName
lex-bot,lex-models.bot,lex-models,name,name,,Arn,bot,/,false,true,field,real,asset,
lex-models.intent,lex-models.intent,lex-models,name,,,,intent,/,false,true,construct,real,asset,
lex-models.migration,lex-models.migration,lex-models,migrationId,,,,migration,/,false,true,construct,real,asset,
lex-models.slot_type,lex-models.slot_type,lex-models,name,,,,slot-type,/,false,true,construct,real,asset,
lexv2-models.bot,lexv2-models.bot,lexv2-models,botId,,,,bot,/,false,true,construct,real,asset,
lexv2-models.export,lexv2-models.export,lexv2-models,exportId,,,,export,/,false,true,construct,real,asset,
lexv2-models.import,lexv2-models.import,lexv2-models,importId,,,,import,/,false,true,construct,real,asset,
lexv2-models.test_execution,lexv2-models.test_execution,lexv2-models,testExecutionId,,,,test-execution,/,false,true,construct,real,asset,
lexv2-models.test_set,lexv2-models.test_set,lexv2-models,testSetId,,,,test-set,/,false,true,construct,real,asset,
license-manager.distributed_grant,license-manager.distributed_grant,license-manager,,,,GrantArn,,/,false,true,field,real,child,
license-manager.license_asset_group,license-manager.license_asset_group,license-manager,LicenseAssetGroupArn,,,LicenseAssetGroupArn,,/,false,true,field,real,asset,
license-manager.license_asset_ruleset,license-manager.license_asset_ruleset,license-manager,LicenseAssetRulesetArn,,,LicenseAssetRulesetArn,,/,false,true,field,real,asset,
license-manager.license_configuration,license-manager.license_configuration,license-manager,LicenseConfigurationArn,,,LicenseConfigurationArn,,/,false,true,field,real,child,LicenseConfigurationArn
license-manager.license_configurations_for_organization,license-manager.license_configurations_for_organization,license-manager,Name,,,,license-configurations-for-organization,/,false,true,construct,real,asset,
license-manager.license_manager_report_generator,license-manager.license_manager_report_generator,license-manager,LicenseManagerReportGeneratorArn,,,LicenseManagerReportGeneratorArn,,/,false,true,field,real,child,LicenseManagerReportGeneratorArn
license-manager.received_grant,license-manager.received_grant,license-manager,,,,GrantArn,,/,false,true,field,real,child,
license-manager.token,license-manager.token,license-manager,TokenId,,,,token,/,false,true,construct,real,asset,
license-manager-linux-subscriptions.linux_subscription,license-manager-linux-subscriptions.linux_subscription,license-manager-linux-subscriptions,Name,,,,linux-subscription,/,false,true,construct,real,asset,
license-manager-user-subscriptions.identity_provider,license-manager-user-subscriptions.identity_provider,license-manager-user-subscriptions,IdentityProviderArn,,,IdentityProviderArn,,/,false,true,field,real,asset,
license-manager-user-subscriptions.instance,license-manager-user-subscriptions.instance,license-manager-user-subscriptions,InstanceId,,,,instance,/,false,true,construct,real,asset,
license-manager-user-subscriptions.license_server_endpoint,license-manager-user-subscriptions.license_server_endpoint,license-manager-user-subscriptions,LicenseServerEndpointArn,,,LicenseServerEndpointArn,,/,false,true,field,real,asset,
lightsail.alarm,lightsail.alarm,lightsail,AlarmName,,,AlarmArn,,/,false,true,field,real,asset,
lightsail.bucket,lightsail.bucket,lightsail,BucketName,,,BucketArn,,/,false,true,field,real,asset,
lightsail.certificate,lightsail.certificate,lightsail,CertificateName,,,CertificateArn,,/,false,true,field,real,asset,
lightsail.cloud_formation_stack_record,lightsail.cloud_formation_stack_record,lightsail,arn,,,arn,,/,false,true,field,real,asset,
lightsail.contact_method,lightsail.contact_method,lightsail,arn,,,arn,,/,false,true,field,real,asset,
lightsail.container_service,lightsail.container_service,lightsail,containerServiceName,,,arn,,/,false,true,field,real,asset,
lightsail.disk,lightsail.disk,lightsail,DiskName,,,DiskArn,,/,false,true,field,real,asset,
lightsail.disk_snapshot,lightsail.disk_snapshot,lightsail,DiskSnapshotName,,,DiskSnapshotArn,,/,false,true,field,real,asset,
lightsail.distribution,lightsail.distribution,lightsail,DistributionName,,,DistributionArn,,/,false,true,field,real,asset,
lightsail.domain,lightsail.domain,lightsail,DomainName,,,Arn,,/,false,true,field,real,asset,
lightsail.export_snapshot_record,lightsail.export_snapshot_record,lightsail,arn,,,arn,,/,false,true,field,real,asset,
lightsail.instance,lightsail.instance,lightsail,InstanceName,,,InstanceArn,,/,false,true,field,real,asset,
lightsail.instance_snapshot,lightsail.instance_snapshot,lightsail,InstanceSnapshotName,,,Arn,,/,false,true,field,real,asset,
lightsail.key_pair,lightsail.key_pair,lightsail,arn,,,arn,,/,false,true,field,real,asset,
lightsail-db,lightsail.lightsail_db,lightsail,arn,name,,arn,,/,false,true,field,real,asset,
lightsail-elb,lightsail.load_balancer,lightsail,arn,name,,arn,,/,false,true,field,real,asset,
lightsail.relational_database_snapshot,lightsail.relational_database_snapshot,lightsail,arn,,,arn,,/,false,true,field,real,asset,
lightsail.static_ip,lightsail.static_ip,lightsail,StaticIpName,,,StaticIpArn,,/,false,true,field,real,asset,
location.geofence_collection,location.geofence_collection,location,CollectionName,,,Arn,,/,false,true,field,real,asset,
location.key,location.key,location,KeyArn,,,KeyArn,,/,false,true,field,real,child,KeyName
location.map,location.map,location,MapName,,,Arn,,/,false,true,field,real,asset,
location.place_index,location.place_index,location,IndexName,,,Arn,,/,false,true,field,real,asset,
location.route_calculator,location.route_calculator,location,CalculatorName,,,Arn,,/,false,true,field,real,asset,
location.tracker,location.tracker,location,TrackerName,,,Arn,,/,false,true,field,real,asset,
logs.delivery,logs.delivery,logs,DeliveryId,,,Arn,,/,false,true,field,real,asset,
logs.delivery_destination,logs.delivery_destination,logs,Name,,,Arn,,/,false,true,field,real,asset,
logs.delivery_source,logs.delivery_source,logs,Name,,,Arn,,/,false,true,field,real,asset,
logs.destination,logs.destination,logs,DestinationName,,,Arn,,/,false,true,field,real,asset,
logs.field_index,logs.field_index,logs,fieldIndexName,,,,field-index,/,false,true,construct,real,asset,
logs.integration,logs.integration,logs,IntegrationName,,,,integration,/,false,true,construct,real,asset,
logs.log_anomaly_detector,logs.log_anomaly_detector,logs,AnomalyDetectorArn,,,AnomalyDetectorArn,,/,false,true,field,real,asset,
log-group,logs.log_group,logs,logGroupName,logGroupName,,arn,log-group,/,false,true,field,real,asset,
logs.log_group_field,logs.log_group_field,logs,name,,,,log-group-field,/,false,true,construct,real,asset,
log-metric,logs.metric_filter,logs,filterName,filterName,,,metric-filter,/,false,true,construct,real,asset,
logs.query,logs.query,logs,queryId,,,,query,/,false,true,construct,real,asset,
logs.query_definition,logs.query_definition,logs,QueryDefinitionId,,,,query-definition,/,false,true,construct,real,asset,
logs.resource_policy,logs.resource_policy,logs,PolicyName,,,,resource-policy,/,false,true,construct,real,asset,
logs.scheduled_query,logs.scheduled_query,logs,ScheduledQueryArn,,,ScheduledQueryArn,,/,false,true,field,real,asset,
logs.transformer,logs.transformer,logs,LogGroupIdentifier,,,,transformer,/,false,true,construct,real,asset,
lookoutequipment.dataset,lookoutequipment.dataset,lookoutequipment,DatasetArn,,,DatasetArn,,/,false,true,field,real,child,DatasetName
lookoutequipment.inference_scheduler,lookoutequipment.inference_scheduler,lookoutequipment,InferenceSchedulerName,,,InferenceSchedulerArn,,/,false,true,field,real,asset,
lookoutequipment.label_group,lookoutequipment.label_group,lookoutequipment,LabelGroupArn,,,LabelGroupArn,,/,false,true,field,real,child,LabelGroupName
lookoutequipment.model,lookoutequipment.model,lookoutequipment,ModelArn,,,ModelArn,,/,false,true,field,real,child,ModelName
lookoutequipment.model_version,lookoutequipment.model_version,lookoutequipment,ModelVersionArn,,,ModelVersionArn,,/,false,true,field,real,child,"ModelName,ModelVersion"
lookoutvision.project,lookoutvision.project,lookoutvision,ProjectName,,,Arn,,/,false,true,field,real,asset,
m2.application,m2.application,m2,ApplicationArn,,,ApplicationArn,,/,false,true,field,real,asset,
m2.environment,m2.environment,m2,EnvironmentArn,,,EnvironmentArn,,/,false,true,field,real,asset,
machinelearning.batch_prediction,machinelearning.batch_prediction,machinelearning,BatchPredictionId,,,,batch-prediction,/,false,true,construct,real,asset,
machinelearning.data_source,machinelearning.data_source,machinelearning,DataSourceId,,,,data-source,/,false,true,construct,real,asset,
machinelearning.evaluation,machinelearning.evaluation,machinelearning,EvaluationId,,,,evaluation,/,false,true,construct,real,asset,
ml-model,machinelearning.ml_model,machinelearning,MLModelId,Name,,,mlmodel,/,false,true,construct,real,asset,
macie.allow_list,macie.allow_list,macie,Id,,,Arn,,/,false,true,field,real,asset,
macie.bucket,macie.bucket,macie,bucketArn,,,bucketArn,,/,false,true,field,real,asset,
macie.classification_job,macie.classification_job,macie,name,,,,classification-job,/,false,true,construct,real,asset,
macie.findings_filter,macie.findings_filter,macie,Id,,,Arn,,/,false,true,field,real,asset,
macie2.allow_list,macie2.allow_list,macie2,arn,,,arn,,/,false,true,field,real,child,id
macie2.bucket,macie2.bucket,macie2,bucketArn,,,bucketArn,,/,false,true,field,real,asset,
macie2.custom_data_identifier,macie2.custom_data_identifier,macie2,arn,,,arn,,/,false,true,field,real,child,id
macie2.findings_filter,macie2.findings_filter,macie2,arn,,,arn,,/,false,true,field,real,child,id
macie2.invitation,macie2.invitation,macie2,invitationId,,,,invitation,/,false,true,construct,real,asset,
macie2.managed_data_identifier,macie2.managed_data_identifier,macie2,id,,,,managed-data-identifier,/,false,true,construct,real,asset,
macie2.member,macie2.member,macie2,arn,,,arn,,/,false,true,field,real,child,id
macie2.resource_profile_artifact,macie2.resource_profile_artifact,macie2,arn,,,arn,,/,false,true,field,real,child,resourceArn
macie2.resource_profile_detection,macie2.resource_profile_detection,macie2,arn,,,arn,,/,false,true,field,real,child,resourceArn
mailmanager.addon_instance,mailmanager.addon_instance,mailmanager,AddonInstanceArn,,,AddonInstanceArn,,/,false,true,field,real,asset,
mailmanager.addon_subscription,mailmanager.addon_subscription,mailmanager,AddonSubscriptionArn,,,AddonSubscriptionArn,,/,false,true,field,real,asset,
mailmanager.address_list,mailmanager.address_list,mailmanager,AddressListArn,,,AddressListArn,,/,false,true,field,real,asset,
mailmanager.address_list_import_job,mailmanager.address_list_import_job,mailmanager,Name,,,,address-list-import-job,/,false,true,construct,real,asset,
mailmanager.archive,mailmanager.archive,mailmanager,ArchiveArn,,,ArchiveArn,,/,false,true,field,real,asset,
mailmanager.ingress_point,mailmanager.ingress_point,mailmanager,IngressPointArn,,,IngressPointArn,,/,false,true,field,real,asset,
mailmanager.relay,mailmanager.relay,mailmanager,RelayArn,,,RelayArn,,/,false,true,field,real,asset,
mailmanager.rule_set,mailmanager.rule_set,mailmanager,RuleSetArn,,,RuleSetArn,,/,false,true,field,real,asset,
mailmanager.traffic_policy,mailmanager.traffic_policy,mailmanager,TrafficPolicyArn,,,TrafficPolicyArn,,/,false,true,field,real,asset,
managedblockchain.accessor,managedblockchain.accessor,managedblockchain,Id,,,Arn,,/,false,true,field,real,asset,
managedblockchain.invitation,managedblockchain.invitation,managedblockchain,InvitationId,,,Arn,,/,false,true,field,real,asset,
managedblockchain.member,managedblockchain.member,managedblockchain,MemberId,,,Arn,,/,false,true,field,real,child,NetworkId
managedblockchain.network,managedblockchain.network,managedblockchain,Arn,,,Arn,,/,false,true,field,real,child,NetworkId
managedblockchain.node,managedblockchain.node,managedblockchain,NodeId,,,Arn,,/,false,true,field,real,child,NetworkId
marketplace-catalog.entity,marketplace-catalog.entity,marketplace-catalog,EntityArn,,,EntityArn,,/,false,true,field,real,child,"Catalog,EntityId"
mediaconnect.bridge,mediaconnect.bridge,mediaconnect,BridgeArn,,,BridgeArn,,/,false,true,field,real,asset,
mediaconnect.entitlement,mediaconnect.entitlement,mediaconnect,EntitlementArn,,,EntitlementArn,,/,false,true,field,real,asset,
mediaconnect.flow,mediaconnect.flow,mediaconnect,FlowArn,,,FlowArn,,/,false,true,field,real,asset,
mediaconnect.gateway,mediaconnect.gateway,mediaconnect,GatewayArn,,,GatewayArn,,/,false,true,field,real,asset,
mediaconnect.gateway_instance,mediaconnect.gateway_instance,mediaconnect,GatewayInstanceArn,,,GatewayInstanceArn,,/,false,true,field,real,child,GatewayInstanceArn
mediaconnect.reservation,mediaconnect.reservation,mediaconnect,ReservationArn,,,ReservationArn,,/,false,true,field,real,child,ReservationArn
mediaconnect.router_input,mediaconnect.router_input,mediaconnect,Arn,,,Arn,,/,false,true,field,real,asset,
mediaconnect.router_network_interface,mediaconnect.router_network_interface,mediaconnect,Arn,,,Arn,,/,false,true,field,real,asset,
mediaconnect.router_output,mediaconnect.router_output,mediaconnect,Arn,,,Arn,,/,false,true,field,real,asset,
mediaconvert.job,mediaconvert.job,mediaconvert,Arn,,,Arn,,/,false,true,field,real,child,Id
mediaconvert.job_template,mediaconvert.job_template,mediaconvert,Id,,,Arn,,/,false,true,field,real,asset,
mediaconvert.preset,mediaconvert.preset,mediaconvert,Id,,,Arn,,/,false,true,field,real,asset,
mediaconvert.queue,mediaconvert.queue,mediaconvert,Id,,,Arn,,/,false,true,field,real,asset,
medialive.alert,medialive.alert,medialive,Id,,,,alert,/,false,true,construct,real,asset,
medialive.channel,medialive.channel,medialive,Id,,,Arn,,/,false,true,field,real,asset,
medialive.channel_placement_group,medialive.channel_placement_group,medialive,Id,,,Arn,,/,false,true,field,real,asset,
medialive.cloud_watch_alarm_template,medialive.cloud_watch_alarm_template,medialive,Identifier,,,Arn,,/,false,true,field,real,asset,
medialive.cloud_watch_alarm_template_group,medialive.cloud_watch_alarm_template_group,medialive,Identifier,,,Arn,,/,false,true,field,real,asset,
medialive.cluster,medialive.cluster,medialive,Id,,,Arn,,/,false,true,field,real,asset,
medialive.cluster_alert,medialive.cluster_alert,medialive,Id,,,,cluster-alert,/,false,true,construct,real,asset,
medialive.event_bridge_rule_template,medialive.event_bridge_rule_template,medialive,Identifier,,,Arn,,/,false,true,field,real,asset,
medialive.event_bridge_rule_template_group,medialive.event_bridge_rule_template_group,medialive,Identifier,,,Arn,,/,false,true,field,real,asset,
medialive.input,medialive.input,medialive,Id,,,Arn,,/,false,true,field,real,asset,
medialive.input_device,medialive.input_device,medialive,Arn,,,Arn,,/,false,true,field,real,child,InputDeviceId
medialive.input_security_group,medialive.input_security_group,medialive,Id,,,Arn,,/,false,true,field,real,asset,
medialive.multiplex,medialive.multiplex,medialive,Id,,,Arn,,/,false,true,field,real,asset,
medialive.multiplex_alert,medialive.multiplex_alert,medialive,Id,,,,multiplex-alert,/,false,true,construct,real,asset,
medialive.network,medialive.network,medialive,Id,,,Arn,,/,false,true,field,real,asset,
medialive.node,medialive.node,medialive,Arn,,,Arn,,/,false,true,field,real,asset,
medialive.reservation,medialive.reservation,medialive,ReservationId,,,Arn,,/,false,true,field,real,child,ReservationId
medialive.sdi_source,medialive.sdi_source,medialive,Id,,,Arn,,/,false,true,field,real,asset,
medialive.signal_map,medialive.signal_map,medialive,Identifier,,,Arn,,/,false,true,field,real,asset,
mediapackage.channel,mediapackage.channel,mediapackage,Id,,,Arn,,/,false,true,field,real,asset,
mediapackage.harvest_job,mediapackage.harvest_job,mediapackage,Arn,,,Arn,,/,false,true,field,real,child,Id
mediapackage.origin_endpoint,mediapackage.origin_endpoint,mediapackage,Id,,,Arn,,/,false,true,field,real,asset,
mediapackage-vod.packaging_configuration,mediapackage-vod.packaging_configuration,mediapackage-vod,,,,Arn,,/,false,true,field,real,child,Id
mediapackage-vod.packaging_group,mediapackage-vod.packaging_group,mediapackage-vod,,,,Arn,,/,false,true,field,real,child,Id
mediapackagev2.channel,mediapackagev2.channel,mediapackagev2,Arn,,,Arn,,/,false,true,field,real,child,ChannelGroupName
mediapackagev2.channel_group,mediapackagev2.channel_group,mediapackagev2,Arn,,,Arn,,/,false,true,field,real,asset,
mediapackagev2.harvest_job,mediapackagev2.harvest_job,mediapackagev2,HarvestJobName,,,,harvest-job,/,false,true,construct,real,asset,
mediapackagev2.origin_endpoint,mediapackagev2.origin_endpoint,mediapackagev2,Arn,,,Arn,,/,false,true,field,real,child,"ChannelGroupName,ChannelName"
mediastore.container,mediastore.container,mediastore,Id,,,ARN,,/,false,true,field,real,asset,
mediastore-data.item,mediastore-data.item,mediastore-data,Name,,,,item,/,false,true,construct,real,asset,
mediatailor.channel,mediatailor.channel,mediatailor,ChannelName,,,Arn,,/,false,true,field,real,asset,
mediatailor.channel_schedule,mediatailor.channel_schedule,mediatailor,Arn,,,Arn,,/,false,true,field,real,child,ChannelName
mediatailor.live_source,mediatailor.live_source,mediatailor,LiveSourceName,,,Arn,,/,false,true,field,real,child,SourceLocationName
mediatailor.playback_configuration,mediatailor.playback_configuration,mediatailor,Name,,,PlaybackConfigurationArn,,/,false,true,field,real,asset,
mediatailor.prefetch_schedule,mediatailor.prefetch_schedule,mediatailor,Arn,,,Arn,,/,false,true,field,real,child,"Name,PlaybackConfigurationName"
mediatailor.source_location,mediatailor.source_location,mediatailor,SourceLocationName,,,Arn,,/,false,true,field,real,asset,
mediatailor.vod_source,mediatailor.vod_source,mediatailor,SourceLocationName,,,Arn,,/,false,true,field,real,child,SourceLocationName
medical-imaging.datastore,medical-imaging.datastore,medical-imaging,datastoreArn,,,datastoreArn,,/,false,true,field,real,child,datastoreId
medical-imaging.image_set,medical-imaging.image_set,medical-imaging,imageSetArn,,,imageSetArn,,/,false,true,field,real,child,"datastoreId,imageSetId"
memorydb.acl,memorydb.acl,memorydb,ACLName,,,Arn,,/,false,true,field,real,asset,
memorydb.cluster,memorydb.cluster,memorydb,ClusterName,,,ARN,,/,false,true,field,real,asset,
memorydb.multi_region_cluster,memorydb.multi_region_cluster,memorydb,MultiRegionClusterName,,,ARN,,/,false,true,field,real,asset,
memorydb.multi_region_parameter,memorydb.multi_region_parameter,memorydb,Name,,,,multi-region-parameter,/,false,true,construct,real,asset,
memorydb.multi_region_parameter_group,memorydb.multi_region_parameter_group,memorydb,ARN,,,ARN,,/,false,true,field,real,asset,
memorydb.parameter_group,memorydb.parameter_group,memorydb,ParameterGroupName,,,ARN,,/,false,true,field,real,asset,
memorydb.reserved_node,memorydb.reserved_node,memorydb,ARN,,,ARN,,/,false,true,field,real,asset,
memorydb.service_update,memorydb.service_update,memorydb,ServiceUpdateName,,,,service-update,/,false,true,construct,real,asset,
memorydb.snapshot,memorydb.snapshot,memorydb,ARN,,,ARN,,/,false,true,field,real,asset,
memorydb.subnet_group,memorydb.subnet_group,memorydb,SubnetGroupName,,,ARN,,/,false,true,field,real,asset,
memorydb.user,memorydb.user,memorydb,Name,,,ARN,,/,false,true,field,real,asset,
mgh.progress_update_stream,mgh.progress_update_stream,mgh,ProgressUpdateStreamName,,,,progress-update-stream,/,false,true,construct,real,asset,
mgh.source_resource,mgh.source_resource,mgh,Name,,,,source-resource,/,false,true,construct,real,asset,
mgn.application,mgn.application,mgn,applicationID,,,arn,,/,false,true,field,real,asset,
mgn.connector,mgn.connector,mgn,connectorID,,,arn,,/,false,true,field,real,asset,
mgn.export,mgn.export,mgn,exportID,,,,export,/,false,true,construct,real,asset,
mgn.import,mgn.import,mgn,importID,,,,import,/,false,true,construct,real,asset,
mgn.job,mgn.job,mgn,jobID,,,arn,,/,false,true,field,real,asset,
mgn.launch_configuration_template,mgn.launch_configuration_template,mgn,launchConfigurationTemplateID,,,arn,,/,false,true,field,real,asset,
mgn.replication_configuration_template,mgn.replication_configuration_template,mgn,replicationConfigurationTemplateID,,,arn,,/,false,true,field,real,asset,
mgn.source_server,mgn.source_server,mgn,sourceServerID,,,arn,,/,false,true,field,real,asset,
mgn.vcenter_client,mgn.vcenter_client,mgn,vcenterClientID,,,arn,,/,false,true,field,real,asset,
mgn.wave,mgn.wave,mgn,waveID,,,arn,,/,false,true,field,real,asset,
migration-hub-refactor-spaces.application,migration-hub-refactor-spaces.application,migration-hub-refactor-spaces,,,,Arn,,/,false,true,field,real,child,"ApplicationIdentifier,EnvironmentIdentifier"
migration-hub-refactor-spaces.environment,migration-hub-refactor-spaces.environment,migration-hub-refactor-spaces,,,,Arn,,/,false,true,field,real,child,EnvironmentIdentifier
migration-hub-refactor-spaces.route,migration-hub-refactor-spaces.route,migration-hub-refactor-spaces,RouteId,,,Arn,,/,false,true,field,real,child,"ApplicationIdentifier,EnvironmentIdentifier"
migration-hub-refactor-spaces.service,migration-hub-refactor-spaces.service,migration-hub-refactor-spaces,,,,Arn,,/,false,true,field,real,child,"ApplicationIdentifier,EnvironmentIdentifier,ServiceIdentifier"
migrationhuborchestrator.plugin,migrationhuborchestrator.plugin,migrationhuborchestrator,pluginId,,,,plugin,/,false,true,construct,real,asset,
migrationhuborchestrator.template,migrationhuborchestrator.template,migrationhuborchestrator,templateArn,,,templateArn,,/,false,true,field,real,child,id
migrationhuborchestrator.workflow,migrationhuborchestrator.workflow,migrationhuborchestrator,arn,,,arn,,/,false,true,field,real,child,id
migrationhubstrategy.application_component,migrationhubstrategy.application_component,migrationhubstrategy,id,,,,application-component,/,false,true,construct,real,asset,
migrationhubstrategy.collector,migrationhubstrategy.collector,migrationhubstrategy,collectorId,,,,collector,/,false,true,construct,real,asset,
migrationhubstrategy.server,migrationhubstrategy.server,migrationhubstrategy,id,,,,server,/,false,true,construct,real,asset,
mpa.approval_team,mpa.approval_team,mpa,Arn,,,Arn,,/,false,true,field,real,asset,
mpa.identity_source,mpa.identity_source,mpa,IdentitySourceArn,,,IdentitySourceArn,,/,false,true,field,real,asset,
mpa.policy,mpa.policy,mpa,Arn,,,Arn,,/,false,true,field,real,asset,
mpa.policy_version,mpa.policy_version,mpa,Arn,,,Arn,,/,false,true,field,real,asset,
message-broker,mq.broker,mq,BrokerId,BrokerName,,BrokerArn,,/,false,true,field,real,asset,
message-config,mq.configuration,mq,Id,Name,,Arn,configuration,/,false,true,field,real,asset,
mturk.hi_t,mturk.hi_t,mturk,HITId,,,,hi-t,/,false,true,construct,real,asset,
mturk.qualification_request,mturk.qualification_request,mturk,QualificationRequestId,,,,qualification-request,/,false,true,construct,real,asset,
airflow,mwaa.environment,mwaa,Name,Name,,Arn,environment,/,false,true,field,real,asset,
neptune.db_cluster,neptune.db_cluster,neptune,DBClusterIdentifier,,,DBClusterArn,,/,false,true,field,real,asset,
neptune.db_cluster_endpoint,neptune.db_cluster_endpoint,neptune,DBClusterEndpointArn,,,DBClusterEndpointArn,,/,false,true,field,real,asset,
neptune.db_cluster_parameter_group,neptune.db_cluster_parameter_group,neptune,Name,,,DBClusterParameterGroupArn,,/,false,true,field,real,asset,
neptune.db_cluster_snapshot,neptune.db_cluster_snapshot,neptune,DBClusterSnapshotArn,,,DBClusterSnapshotArn,,/,false,true,field,real,asset,
neptune.db_instance,neptune.db_instance,neptune,DBInstanceIdentifier,,,DBInstanceArn,,/,false,true,field,real,asset,
neptune.db_parameter_group,neptune.db_parameter_group,neptune,Name,,,DBParameterGroupArn,,/,false,true,field,real,asset,
neptune.db_subnet_group,neptune.db_subnet_group,neptune,DBSubnetGroupName,,,DBSubnetGroupArn,,/,false,true,field,real,asset,
neptune.event_subscription,neptune.event_subscription,neptune,SubscriptionName,,,EventSubscriptionArn,,/,false,true,field,real,asset,
neptune.global_cluster,neptune.global_cluster,neptune,GlobalClusterIdentifier,,,GlobalClusterArn,,/,false,true,field,real,asset,
neptunedata.ml_data_processing_job,neptunedata.ml_data_processing_job,neptunedata,arn,,,arn,,/,false,true,field,real,child,id
neptunedata.ml_endpoint,neptunedata.ml_endpoint,neptunedata,arn,,,arn,,/,false,true,field,real,child,id
neptunedata.ml_model_training_job,neptunedata.ml_model_training_job,neptunedata,arn,,,arn,,/,false,true,field,real,child,id
neptunedata.ml_model_transform_job,neptunedata.ml_model_transform_job,neptunedata,arn,,,arn,,/,false,true,field,real,child,id
firewall,network-firewall.firewall,network-firewall,FirewallName,FirewallName,,FirewallArn,firewall,/,false,true,field,real,asset,
network-firewall.firewall_policy,network-firewall.firewall_policy,network-firewall,FirewallPolicyArn,,,FirewallPolicyArn,,/,false,true,field,real,asset,
network-firewall.flow_operation,network-firewall.flow_operation,network-firewall,FlowOperationId,,,,flow-operation,/,false,true,construct,real,asset,
network-firewall.proxy,network-firewall.proxy,network-firewall,ProxyArn,,,ProxyArn,,/,false,true,field,real,asset,
network-firewall.proxy_configuration,network-firewall.proxy_configuration,network-firewall,ProxyConfigurationArn,,,ProxyConfigurationArn,,/,false,true,field,real,asset,
network-firewall.proxy_rule,network-firewall.proxy_rule,network-firewall,ProxyRuleName,,,,proxy-rule,/,false,true,construct,real,asset,
network-firewall.proxy_rule_group,network-firewall.proxy_rule_group,network-firewall,ProxyRuleGroupArn,,,ProxyRuleGroupArn,,/,false,true,field,real,asset,
network-firewall.tls_inspection_configuration,network-firewall.tls_inspection_configuration,network-firewall,TLSInspectionConfigurationArn,,,TLSInspectionConfigurationArn,,/,false,true,field,real,asset,
network-firewall.vpc_endpoint_association,network-firewall.vpc_endpoint_association,network-firewall,VpcEndpointAssociationArn,,,VpcEndpointAssociationArn,,/,false,true,field,real,asset,
networkflowmonitor.monitor,networkflowmonitor.monitor,networkflowmonitor,Arn,,,Arn,,/,false,true,field,real,asset,
networkflowmonitor.scope,networkflowmonitor.scope,networkflowmonitor,scopeArn,,,scopeArn,,/,false,true,field,real,asset,
networkmanager.attachment,networkmanager.attachment,networkmanager,AttachmentId,,,,attachment,/,false,true,construct,real,asset,
networkmanager.connect_attachment,networkmanager.connect_attachment,networkmanager,AttachmentId,,,ResourceArn,,/,false,true,field,real,child,AttachmentId
networkmanager.connect_peer,networkmanager.connect_peer,networkmanager,ConnectPeerId,,,,connect-peer,/,false,true,construct,real,asset,
networkmanager.connection,networkmanager.connection,networkmanager,ConnectionArn,,,ConnectionArn,,/,false,true,field,real,child,GlobalNetworkId
networkmanager.core_network,networkmanager.core_network,networkmanager,CoreNetworkId,,,CoreNetworkArn,,/,false,true,field,real,asset,
networkmanager.core_network_prefix_list_association,networkmanager.core_network_prefix_list_association,networkmanager,CoreNetworkId,,,,core-network-prefix-list-association,/,false,true,construct,real,asset,
networkmanager.device,networkmanager.device,networkmanager,GlobalNetworkId,,,DeviceArn,,/,false,true,field,real,child,GlobalNetworkId
networkmanager.direct_connect_gateway_attachment,networkmanager.direct_connect_gateway_attachment,networkmanager,AttachmentId,,,ResourceArn,,/,false,true,field,real,asset,
networkmanager.global_network,networkmanager.global_network,networkmanager,GlobalNetworkId,,,GlobalNetworkArn,,/,false,true,field,real,asset,
networkmanager.link,networkmanager.link,networkmanager,GlobalNetworkId,,,LinkArn,,/,false,true,field,real,child,GlobalNetworkId
networkmanager.network_resource,networkmanager.network_resource,networkmanager,,,,ResourceArn,,/,false,true,field,real,child,GlobalNetworkId
networkmanager.peering,networkmanager.peering,networkmanager,PeeringId,,,,peering,/,false,true,construct,real,asset,
networkmanager.site,networkmanager.site,networkmanager,GlobalNetworkId,,,SiteArn,,/,false,true,field,real,child,GlobalNetworkId
networkmanager.site_to_site_vpn_attachment,networkmanager.site_to_site_vpn_attachment,networkmanager,AttachmentId,,,ResourceArn,,/,false,true,field,real,child,AttachmentId
networkmanager.transit_gateway_peering,networkmanager.transit_gateway_peering,networkmanager,PeeringId,,,ResourceArn,,/,false,true,field,real,child,PeeringId
networkmanager.transit_gateway_route_table_attachment,networkmanager.transit_gateway_route_table_attachment,networkmanager,AttachmentId,,,ResourceArn,,/,false,true,field,real,child,AttachmentId
networkmanager.vpc_attachment,networkmanager.vpc_attachment,networkmanager,AttachmentId,,,ResourceArn,,/,false,true,field,real,child,AttachmentId
networkmonitor.monitor,networkmonitor.monitor,networkmonitor,monitorArn,,,monitorArn,,/,false,true,field,real,child,monitorName
networkmonitor.probe,networkmonitor.probe,networkmonitor,probeArn,,,probeArn,,/,false,true,field,real,child,"monitorName,probeId"
notifications.channel_association,notifications.channel_association,notifications,Arn,,,Arn,,/,false,true,field,real,asset,
notifications.event_rule,notifications.event_rule,notifications,Arn,,,Arn,,/,false,true,field,real,asset,
notifications.managed_notification_child_event,notifications.managed_notification_child_event,notifications,id,,,,managed-notification-child-event,/,false,true,construct,real,asset,
notifications.managed_notification_configuration,notifications.managed_notification_configuration,notifications,arn,,,arn,,/,false,true,field,real,asset,
notifications.managed_notification_event,notifications.managed_notification_event,notifications,id,,,,managed-notification-event,/,false,true,construct,real,asset,
notifications.notification_configuration,notifications.notification_configuration,notifications,Arn,,,Arn,,/,false,true,field,real,asset,
notifications.notification_event,notifications.notification_event,notifications,id,,,,notification-event,/,false,true,construct,real,asset,
notifications.notification_hub,notifications.notification_hub,notifications,Region,,,,notification-hub,/,false,true,construct,real,asset,
notificationscontacts.email_contact,notificationscontacts.email_contact,notificationscontacts,Arn,,,Arn,,/,false,true,field,real,asset,
oam.attached_link,oam.attached_link,oam,,,,LinkArn,,/,false,true,field,real,child,SinkIdentifier
oam.link,oam.link,oam,Arn,,,Arn,,/,false,true,field,real,asset,
oam.sink,oam.sink,oam,Arn,,,Arn,,/,false,true,field,real,asset,
observabilityadmin.telemetry_rule,observabilityadmin.telemetry_rule,observabilityadmin,RuleArn,,,RuleArn,,/,false,true,field,real,asset,
odb.autonomous_virtual_machine,odb.autonomous_virtual_machine,odb,autonomousVirtualMachineId,,,,autonomous-virtual-machine,/,false,true,construct,real,asset,
odb.cloud_autonomous_vm_cluster,odb.cloud_autonomous_vm_cluster,odb,CloudAutonomousVmClusterArn,,,CloudAutonomousVmClusterArn,,/,false,true,field,real,asset,
odb.cloud_exadata_infrastructure,odb.cloud_exadata_infrastructure,odb,CloudExadataInfrastructureArn,,,CloudExadataInfrastructureArn,,/,false,true,field,real,asset,
odb.cloud_vm_cluster,odb.cloud_vm_cluster,odb,CloudVmClusterArn,,,CloudVmClusterArn,,/,false,true,field,real,asset,
odb.db_node,odb.db_node,odb,dbNodeArn,,,dbNodeArn,,/,false,true,field,real,asset,
odb.db_server,odb.db_server,odb,dbServerId,,,,db-server,/,false,true,construct,real,asset,
odb.db_system_shape,odb.db_system_shape,odb,name,,,,db-system-shape,/,false,true,construct,real,asset,
odb.odb_network,odb.odb_network,odb,OdbNetworkArn,,,OdbNetworkArn,,/,false,true,field,real,asset,
odb.odb_peering_connection,odb.odb_peering_connection,odb,OdbPeeringConnectionArn,,,OdbPeeringConnectionArn,,/,false,true,field,real,asset,
omics.annotation_store,omics.annotation_store,omics,Name,,,StoreArn,,/,false,true,field,real,asset,
omics.annotation_store_version,omics.annotation_store_version,omics,id,,,versionArn,,/,false,true,field,real,child,"name,versionName"
omics.reference_store,omics.reference_store,omics,ReferenceStoreId,,,Arn,,/,false,true,field,real,asset,
omics.run,omics.run,omics,runId,,,arn,,/,false,true,field,real,child,id
omics.run_cach,omics.run_cach,omics,arn,,,arn,,/,false,true,field,real,asset,
omics.run_cache,omics.run_cache,omics,arn,,,arn,,/,false,true,field,real,asset,
omics.run_group,omics.run_group,omics,Id,,,Arn,,/,false,true,field,real,asset,
omics.sequence_store,omics.sequence_store,omics,SequenceStoreId,,,Arn,,/,false,true,field,real,asset,
omics.variant_store,omics.variant_store,omics,Name,,,StoreArn,,/,false,true,field,real,asset,
omics.workflow,omics.workflow,omics,Id,,,Arn,,/,false,true,field,real,asset,
omics.workflow_version,omics.workflow_version,omics,Arn,,,Arn,,/,false,true,field,real,asset,
opensearch.application,opensearch.application,opensearch,applicationArn,,,applicationArn,,/,false,true,field,real,asset,
opensearch.vpc_endpoint,opensearch.vpc_endpoint,opensearch,VpcEndpointId,,,,vpc-endpoint,/,false,true,construct,real,asset,
opensearchserverless.access_policy,opensearchserverless.access_policy,opensearchserverless,Type,,,,access-policy,/,false,true,construct,real,asset,
opensearch-serverless,opensearchserverless.collection,opensearchserverless,id,name,,arn,arn,/,false,true,field,real,asset,
opensearchserverless.index,opensearchserverless.index,opensearchserverless,IndexName,,,,index,/,false,true,construct,real,asset,
opensearchserverless.lifecycle_policy,opensearchserverless.lifecycle_policy,opensearchserverless,Type,,,,lifecycle-policy,/,false,true,construct,real,asset,
opensearchserverless.security_config,opensearchserverless.security_config,opensearchserverless,Id,,,ApplicationArn,,/,false,true,field,real,asset,
opensearchserverless.security_policy,opensearchserverless.security_policy,opensearchserverless,Type,,,,security-policy,/,false,true,construct,real,asset,
opensearchserverless.vpc_endpoint,opensearchserverless.vpc_endpoint,opensearchserverless,Id,,,,vpc-endpoint,/,false,true,construct,real,asset,
organizations.account,organizations.account,organizations,AccountId,,,Arn,,/,false,true,field,real,asset,
organizations.accounts_with_invalid_effective_policy,organizations.accounts_with_invalid_effective_policy,organizations,Arn,,,Arn,,/,false,true,field,real,asset,
organizations.delegated_administrator,organizations.delegated_administrator,organizations,Arn,,,Arn,,/,false,true,field,real,asset,
org-policy,organizations.policy,organizations,Id,Name,,Arn,policy,/,true,true,field,real,asset,
organizations.organization,organizations.organization,organizations,Id,,,Arn,,/,false,true,field,real,singleton,
organizations.outbound_responsibility_transfer,organizations.outbound_responsibility_transfer,organizations,Arn,,,Arn,,/,false,true,field,real,asset,
organizations.policies_for_target,organizations.policies_for_target,organizations,Arn,,,Arn,,/,false,true,field,real,child,TargetId
organizations.resource_policy,organizations.resource_policy,organizations,Id,,,Arn,,/,false,true,field,real,singleton,
organizations.responsibility_transfer,organizations.responsibility_transfer,organizations,Arn,,,Arn,,/,false,true,field,real,asset,
organizations.root,organizations.root,organizations,Arn,,,Arn,,/,false,true,field,real,asset,
organizations.targets_for_policy,organizations.targets_for_policy,organizations,Arn,,,Arn,,/,false,true,field,real,child,PolicyId
osis.pipeline,osis.pipeline,osis,PipelineArn,,,PipelineArn,,/,false,true,field,real,asset,
outposts.capacity_task,outposts.capacity_task,outposts,CapacityTaskId,,,,capacity-task,/,false,true,construct,real,asset,
outposts.outpost,outposts.outpost,outposts,OutpostArn,,,OutpostArn,,/,false,true,field,real,child,OutpostId
outposts.site,outposts.site,outposts,SiteArn,,,SiteArn,,/,false,true,field,real,asset,
panorama.application_instance,panorama.application_instance,panorama,ApplicationInstanceId,,,Arn,,/,false,true,field,real,asset,
panorama.package,panorama.package,panorama,PackageId,,,Arn,,/,false,true,field,real,asset,
panorama.package_version,panorama.package_version,panorama,PackageId,,,PackageArn,,/,false,true,field,real,child,"PackageId,PackageVersion"
partnercentral-channel.channel_handshake,partnercentral-channel.channel_handshake,partnercentral-channel,arn,,,arn,,/,false,true,field,real,asset,
partnercentral-channel.program_management_account,partnercentral-channel.program_management_account,partnercentral-channel,arn,,,arn,,/,false,true,field,real,asset,
partnercentral-channel.relationship,partnercentral-channel.relationship,partnercentral-channel,arn,,,arn,,/,false,true,field,real,asset,
partnercentral-selling.engagement,partnercentral-selling.engagement,partnercentral-selling,Arn,,,Arn,,/,false,true,field,real,asset,
partnercentral-selling.engagement_invitation,partnercentral-selling.engagement_invitation,partnercentral-selling,Arn,,,Arn,,/,false,true,field,real,asset,
partnercentral-selling.opportunity,partnercentral-selling.opportunity,partnercentral-selling,Arn,,,Arn,,/,false,true,field,real,asset,
partnercentral-selling.resource_snapshot,partnercentral-selling.resource_snapshot,partnercentral-selling,Arn,,,Arn,,/,false,true,field,real,asset,
partnercentral-selling.resource_snapshot_job,partnercentral-selling.resource_snapshot_job,partnercentral-selling,Arn,,,Arn,,/,false,true,field,real,asset,
partnercentral-selling.solution,partnercentral-selling.solution,partnercentral-selling,Arn,,,Arn,,/,false,true,field,real,asset,
pcs.cluster,pcs.cluster,pcs,Arn,,,Arn,,/,false,true,field,real,asset,
pcs.compute_node_group,pcs.compute_node_group,pcs,Arn,,,Arn,,/,false,true,field,real,asset,
pcs.queue,pcs.queue,pcs,Arn,,,Arn,,/,false,true,field,real,asset,
personalize.algorithm,personalize.algorithm,personalize,algorithmArn,,,algorithmArn,,/,false,true,field,real,child,algorithmArn
personalize.batch_inference_job,personalize.batch_inference_job,personalize,batchInferenceJobArn,,,batchInferenceJobArn,,/,false,true,field,real,asset,
personalize.batch_segment_job,personalize.batch_segment_job,personalize,batchSegmentJobArn,,,batchSegmentJobArn,,/,false,true,field,real,asset,
personalize.campaign,personalize.campaign,personalize,campaignArn,,,campaignArn,,/,false,true,field,real,asset,
personalize.data_deletion_job,personalize.data_deletion_job,personalize,dataDeletionJobArn,,,dataDeletionJobArn,,/,false,true,field,real,asset,
personalize.dataset,personalize.dataset,personalize,DatasetArn,,,DatasetArn,,/,false,true,field,real,asset,
personalize.dataset_export_job,personalize.dataset_export_job,personalize,datasetExportJobArn,,,datasetExportJobArn,,/,false,true,field,real,asset,
personalize.dataset_group,personalize.dataset_group,personalize,DatasetGroupArn,,,DatasetGroupArn,,/,false,true,field,real,asset,
personalize.dataset_import_job,personalize.dataset_import_job,personalize,datasetImportJobArn,,,datasetImportJobArn,,/,false,true,field,real,asset,
personalize.event_tracker,personalize.event_tracker,personalize,eventTrackerArn,,,eventTrackerArn,,/,false,true,field,real,asset,
personalize.feature_transformation,personalize.feature_transformation,personalize,featureTransformationArn,,,featureTransformationArn,,/,false,true,field,real,child,featureTransformationArn
personalize.filter,personalize.filter,personalize,filterArn,,,filterArn,,/,false,true,field,real,asset,
personalize.metric_attribution,personalize.metric_attribution,personalize,metricAttributionArn,,,metricAttributionArn,,/,false,true,field,real,asset,
personalize.recommender,personalize.recommender,personalize,recommenderArn,,,recommenderArn,,/,false,true,field,real,asset,
personalize.schema,personalize.schema,personalize,SchemaArn,,,SchemaArn,,/,false,true,field,real,asset,
personalize.solution,personalize.solution,personalize,SolutionArn,,,SolutionArn,,/,false,true,field,real,asset,
personalize.solution_version,personalize.solution_version,personalize,solutionVersionArn,,,solutionVersionArn,,/,false,true,field,real,asset,
pinpoint-app,pinpoint.app,pinpoint,Id,Name,,Arn,apps,/,false,true,field,real,singleton,
pinpoint.campaign,pinpoint.campaign,pinpoint,CampaignId,,,Arn,,/,false,true,field,real,child,"ApplicationId,CampaignId"
pinpoint.campaign_version,pinpoint.campaign_version,pinpoint,Arn,,,Arn,,/,false,true,field,real,child,"ApplicationId,CampaignId,Version"
pinpoint.email_template,pinpoint.email_template,pinpoint,Id,,,Arn,,/,false,true,field,real,child,TemplateName
pinpoint.in_app_template,pinpoint.in_app_template,pinpoint,TemplateName,,,Arn,,/,false,true,field,real,child,TemplateName
pinpoint.push_template,pinpoint.push_template,pinpoint,Id,,,Arn,,/,false,true,field,real,child,TemplateName
pinpoint.segment,pinpoint.segment,pinpoint,SegmentId,,,Arn,,/,false,true,field,real,child,"ApplicationId,SegmentId"
pinpoint.segment_version,pinpoint.segment_version,pinpoint,Arn,,,Arn,,/,false,true,field,real,child,"ApplicationId,SegmentId,Version"
pinpoint.sms_template,pinpoint.sms_template,pinpoint,Id,,,Arn,,/,false,true,field,real,child,TemplateName
pinpoint.voice_template,pinpoint.voice_template,pinpoint,Arn,,,Arn,,/,false,true,field,real,child,TemplateName
pinpoint-sms-voice-v2.configuration_set,pinpoint-sms-voice-v2.configuration_set,pinpoint-sms-voice-v2,ConfigurationSetArn,,,ConfigurationSetArn,,/,false,true,field,real,asset,
pinpoint-sms-voice-v2.opt_out_list,pinpoint-sms-voice-v2.opt_out_list,pinpoint-sms-voice-v2,OptOutListArn,,,OptOutListArn,,/,false,true,field,real,asset,
pinpoint-sms-voice-v2.phone_number,pinpoint-sms-voice-v2.phone_number,pinpoint-sms-voice-v2,PhoneNumberArn,,,PhoneNumberArn,,/,false,true,field,real,asset,
pinpoint-sms-voice-v2.pool,pinpoint-sms-voice-v2.pool,pinpoint-sms-voice-v2,PoolArn,,,PoolArn,,/,false,true,field,real,asset,
pinpoint-sms-voice-v2.pool_origination_identity,pinpoint-sms-voice-v2.pool_origination_identity,pinpoint-sms-voice-v2,,,,OriginationIdentityArn,,/,false,true,field,real,child,PoolId
pinpoint-sms-voice-v2.protect_configuration,pinpoint-sms-voice-v2.protect_configuration,pinpoint-sms-voice-v2,ProtectConfigurationArn,,,ProtectConfigurationArn,,/,false,true,field,real,asset,
pinpoint-sms-voice-v2.registration,pinpoint-sms-voice-v2.registration,pinpoint-sms-voice-v2,RegistrationArn,,,RegistrationArn,,/,false,true,field,real,asset,
pinpoint-sms-voice-v2.registration_attachment,pinpoint-sms-voice-v2.registration_attachment,pinpoint-sms-voice-v2,RegistrationAttachmentArn,,,RegistrationAttachmentArn,,/,false,true,field,real,asset,
pinpoint-sms-voice-v2.sender_id,pinpoint-sms-voice-v2.sender_id,pinpoint-sms-voice-v2,SenderIdArn,,,SenderIdArn,,/,false,true,field,real,asset,
pinpoint-sms-voice-v2.verified_destination_number,pinpoint-sms-voice-v2.verified_destination_number,pinpoint-sms-voice-v2,VerifiedDestinationNumberArn,,,VerifiedDestinationNumberArn,,/,false,true,field,real,asset,
pipes.pipe,pipes.pipe,pipes,Name,,,Arn,,/,false,true,field,real,asset,
polly.lexicon,polly.lexicon,polly,Name,,,,lexicon,/,false,true,construct,real,asset,
pricing.price_list,pricing.price_list,pricing,PriceListArn,,,PriceListArn,,/,false,true,field,real,child,"CurrencyCode,EffectiveDate,ServiceCode"
proton.component,proton.component,proton,arn,,,arn,,/,false,true,field,real,child,name
proton.deployment,proton.deployment,proton,arn,,,arn,,/,false,true,field,real,child,id
proton.environment,proton.environment,proton,arn,,,arn,,/,false,true,field,real,child,name
proton.environment_account_connection,proton.environment_account_connection,proton,Arn,,,Arn,,/,false,true,field,real,child,requestedBy
proton.environment_template,proton.environment_template,proton,Arn,,,Arn,,/,false,true,field,real,asset,
proton.environment_template_version,proton.environment_template_version,proton,arn,,,arn,,/,false,true,field,real,child,"majorVersion,minorVersion,templateName"
proton.repository,proton.repository,proton,arn,,,arn,,/,false,true,field,real,child,"name,provider"
proton.service,proton.service,proton,arn,,,arn,,/,false,true,field,real,child,name
proton.service_instance,proton.service_instance,proton,arn,,,arn,,/,false,true,field,real,child,"name,serviceName"
proton.service_template,proton.service_template,proton,Arn,,,Arn,,/,false,true,field,real,asset,
proton.service_template_version,proton.service_template_version,proton,arn,,,arn,,/,false,true,field,real,child,"majorVersion,minorVersion,templateName"
qapps.category,qapps.category,qapps,id,,,,category,/,false,true,construct,real,asset,
qapps.library_item,qapps.library_item,qapps,libraryItemId,,,,library-item,/,false,true,construct,real,asset,
qbusiness.application,qbusiness.application,qbusiness,ApplicationId,,,ApplicationArn,,/,false,true,field,real,asset,
qbusiness.attachment,qbusiness.attachment,qbusiness,attachmentId,,,,attachment,/,false,true,construct,real,asset,
qbusiness.data_accessor,qbusiness.data_accessor,qbusiness,ApplicationId,,,DataAccessorArn,,/,false,true,field,real,asset,
qbusiness.data_source,qbusiness.data_source,qbusiness,ApplicationId,,,DataSourceArn,,/,false,true,field,real,child,"applicationId,indexId"
qbusiness.index,qbusiness.index,qbusiness,ApplicationId,,,IndexArn,,/,false,true,field,real,child,"applicationId,indexId"
qbusiness.plugin,qbusiness.plugin,qbusiness,ApplicationId,,,PluginArn,,/,false,true,field,real,child,applicationId
qbusiness.retriever,qbusiness.retriever,qbusiness,ApplicationId,,,RetrieverArn,,/,false,true,field,real,child,applicationId
qbusiness.subscription,qbusiness.subscription,qbusiness,subscriptionArn,,,subscriptionArn,,/,false,true,field,real,asset,
qbusiness.web_experience,qbusiness.web_experience,qbusiness,ApplicationId,,,WebExperienceArn,,/,false,true,field,real,child,applicationId
qconnect.ai_agent,qconnect.ai_agent,qconnect,aiAgentArn,,,aiAgentArn,,/,false,true,field,real,asset,
qconnect.ai_guardrail,qconnect.ai_guardrail,qconnect,aiGuardrailArn,,,aiGuardrailArn,,/,false,true,field,real,asset,
qconnect.ai_prompt,qconnect.ai_prompt,qconnect,aiPromptArn,,,aiPromptArn,,/,false,true,field,real,asset,
qconnect.assistant,qconnect.assistant,qconnect,assistantArn,,,assistantArn,,/,false,true,field,real,child,assistantId
qconnect.assistant_association,qconnect.assistant_association,qconnect,assistantAssociationArn,,,assistantAssociationArn,,/,false,true,field,real,child,"assistantAssociationId,assistantId"
qconnect.content,qconnect.content,qconnect,contentArn,,,contentArn,,/,false,true,field,real,child,"contentId,knowledgeBaseId"
qconnect.content_association,qconnect.content_association,qconnect,contentAssociationArn,,,contentAssociationArn,,/,false,true,field,real,asset,
qconnect.knowledge_base,qconnect.knowledge_base,qconnect,knowledgeBaseArn,,,knowledgeBaseArn,,/,false,true,field,real,child,knowledgeBaseId
qconnect.message,qconnect.message,qconnect,messageId,,,,message,/,false,true,construct,real,asset,
qconnect.message_template,qconnect.message_template,qconnect,messageTemplateArn,,,messageTemplateArn,,/,false,true,field,real,asset,
qconnect.quick_response,qconnect.quick_response,qconnect,quickResponseArn,,,quickResponseArn,,/,false,true,field,real,child,"knowledgeBaseId,quickResponseId"
qconnect.search_content,qconnect.search_content,qconnect,,,,contentArn,,/,false,true,field,real,child,"knowledgeBaseId,searchExpression"
qconnect.search_session,qconnect.search_session,qconnect,,,,sessionArn,,/,false,true,field,real,child,"assistantId,searchExpression"
qconnect.session,qconnect.session,qconnect,sessionArn,,,sessionArn,,/,false,true,field,real,child,"assistantId,sessionId"
qldb.ListResource,qldb.ListResource,qldb,id,,,,list-resource,/,false,true,construct,real,asset,
qldb,qldb.ledger,qldb,Name,Name,,,ledger,/,false,true,construct,real,asset,
quicksight.dashboard,quicksight.dashboard,quicksight,AwsAccountId,,,Arn,,/,false,true,field,real,child,AwsAccountId
quicksight.data_set,quicksight.data_set,quicksight,AwsAccountId,,,Arn,,/,false,true,field,real,child,AwsAccountId
quicksight-group,quicksight.quicksight_group,quicksight,GroupName,GroupName,,Arn,group,/,false,true,field,real,child,AwsAccountId
quicksight-user,quicksight.quicksight_user,quicksight,UserName,UserName,,Arn,user,/,false,true,field,real,child,AwsAccountId
ram.pending_invitation_resource,ram.pending_invitation_resource,ram,arn,,,arn,,/,false,true,field,real,child,resourceShareInvitationArn
ram.principal,ram.principal,ram,id,,,,principal,/,false,true,construct,real,asset,
ram.replace_permission_associations_work,ram.replace_permission_associations_work,ram,id,,,,replace-permission-associations-work,/,false,true,construct,real,asset,
ram.resource,ram.resource,ram,arn,,,arn,,/,false,true,field,real,asset,
ram.resource_share,ram.resource_share,ram,Arn,,,Arn,,/,false,true,field,real,asset,
ram.resource_share_invitation,ram.resource_share_invitation,ram,resourceShareInvitationArn,,,resourceShareInvitationArn,,/,false,true,field,real,asset,
rbin.rule,rbin.rule,rbin,Arn,,,Arn,,/,false,true,field,real,asset,
rds.blue_green_deployment,rds.blue_green_deployment,rds,BlueGreenDeploymentIdentifier,,,,blue-green-deployment,/,false,true,construct,real,asset,
rds.certificate,rds.certificate,rds,CertificateArn,,,CertificateArn,,/,false,true,field,real,asset,
rds-cluster,rds.db_cluster,rds,DBClusterIdentifier,DBClusterIdentifier,,DBClusterArn,cluster,:,false,true,field,real,asset,
rds.db_cluster_endpoint,rds.db_cluster_endpoint,rds,DBClusterEndpointArn,,,DBClusterEndpointArn,,/,false,true,field,real,asset,
rds-cluster-param-group,rds.db_cluster_parameter_group,rds,DBClusterParameterGroupName,DBClusterParameterGroupName,,DBClusterParameterGroupArn,cluster-pg,/,false,true,field,real,asset,
rds,rds.db_instance,rds,DBInstanceIdentifier,Endpoint.Address,,DBInstanceArn,db,:,false,true,field,real,asset,
rds-param-group,rds.db_parameter_group,rds,DBParameterGroupName,DBParameterGroupName,,DBParameterGroupArn,pg,/,false,true,field,real,asset,
rds-proxy,rds.db_proxy,rds,DBProxyName,DBProxyName,,DBProxyArn,db-proxy,/,false,true,field,real,asset,
rds.db_proxy_endpoint,rds.db_proxy_endpoint,rds,DBProxyEndpointName,,,DBProxyEndpointArn,,/,false,true,field,real,asset,
rds.db_security_group,rds.db_security_group,rds,Id,,,DBSecurityGroupArn,,/,false,true,field,real,asset,
rds.db_shard_group,rds.db_shard_group,rds,DBShardGroupIdentifier,,,,db-shard-group,/,false,true,construct,real,asset,
rds.db_snapshot_tenant_databas,rds.db_snapshot_tenant_databas,rds,Name,,,,db-snapshot-tenant-databas,/,false,true,construct,real,asset,
rds-subnet-group,rds.db_subnet_group,rds,DBSubnetGroupName,DBSubnetGroupName,,DBSubnetGroupArn,subgrp,:,false,true,field,real,asset,
rds-subscription,rds.event_subscription,rds,CustSubscriptionId,CustSubscriptionId,,EventSubscriptionArn,es,/,false,true,field,real,asset,
rds.export_task,rds.export_task,rds,ExportTaskIdentifier,,,,export-task,/,false,true,construct,real,asset,
rds.global_cluster,rds.global_cluster,rds,GlobalClusterIdentifier,,,GlobalClusterArn,,/,false,true,field,real,asset,
rds.integration,rds.integration,rds,IntegrationArn,,,IntegrationArn,,/,false,true,field,real,asset,
rds.option_group,rds.option_group,rds,OptionGroupName,,,OptionGroupArn,,/,false,true,field,real,asset,
rds-cluster-snapshot,rds.rds_cluster_snapshot,rds,DBClusterSnapshotIdentifier,DBClusterSnapshotIdentifier,,DBClusterSnapshotArn,cluster-snapshot,:,false,true,field,real,asset,
rds-reserved,rds.rds_reserved,rds,ReservedDBInstanceId,ReservedDBInstanceId,,ReservedDBInstanceArn,ri,/,false,true,field,real,asset,
rds-snapshot,rds.rds_snapshot,rds,DBSnapshotIdentifier,DBSnapshotIdentifier,,,snapshot,:,false,true,construct,real,asset,
redshift,redshift.cluster,redshift,ClusterIdentifier,ClusterIdentifier,,ClusterNamespaceArn,cluster,:,false,true,field,real,asset,
redshift.cluster_parameter_group,redshift.cluster_parameter_group,redshift,ParameterGroupName,,,,cluster-parameter-group,/,false,true,construct,real,asset,
redshift.cluster_security_group,redshift.cluster_security_group,redshift,Id,,,,cluster-security-group,/,false,true,construct,real,asset,
redshift-subnet-group,redshift.cluster_subnet_group,redshift,ClusterSubnetGroupName,ClusterSubnetGroupName,,,subnetgroup,:,false,true,construct,real,asset,
redshift.endpoint_access,redshift.endpoint_access,redshift,EndpointName,,,,endpoint-access,/,false,true,construct,real,asset,
redshift.endpoint_authorization,redshift.endpoint_authorization,redshift,ClusterIdentifier,,,,endpoint-authorization,/,false,true,construct,real,asset,
redshift.event_subscription,redshift.event_subscription,redshift,SubscriptionName,,,,event-subscription,/,false,true,construct,real,asset,
redshift.hsm_client_certificate,redshift.hsm_client_certificate,redshift,HsmClientCertificateIdentifier,,,,hsm-client-certificate,/,false,true,construct,real,asset,
redshift.hsm_configuration,redshift.hsm_configuration,redshift,HsmConfigurationIdentifier,,,,hsm-configuration,/,false,true,construct,real,asset,
redshift.integration,redshift.integration,redshift,IntegrationArn,,,IntegrationArn,,/,false,true,field,real,asset,
redshift.redshift_idc_application,redshift.redshift_idc_application,redshift,RedshiftIdcApplicationArn,,,RedshiftIdcApplicationArn,,/,false,true,field,real,asset,
redshift-snapshot,redshift.redshift_snapshot,redshift,SnapshotIdentifier,SnapshotIdentifier,,,snapshot,:,false,true,construct,real,asset,
redshift.scheduled_action,redshift.scheduled_action,redshift,ScheduledActionName,,,,scheduled-action,/,false,true,construct,real,asset,
redshift-serverless.managed_workgroup,redshift-serverless.managed_workgroup,redshift-serverless,managedWorkgroupId,,,,managed-workgroup,/,false,true,construct,real,asset,
redshift-serverless.reservation,redshift-serverless.reservation,redshift-serverless,reservationArn,,,reservationArn,,/,false,true,field,real,asset,
redshift-serverless.snapshot_copy_configuration,redshift-serverless.snapshot_copy_configuration,redshift-serverless,snapshotCopyConfigurationArn,,,snapshotCopyConfigurationArn,,/,false,true,field,real,asset,
redshift-serverless.track,redshift-serverless.track,redshift-serverless,trackName,,,,track,/,false,true,construct,real,asset,
rekognition.collection,rekognition.collection,rekognition,CollectionId,,,Arn,,/,false,true,field,real,asset,
rekognition.project,rekognition.project,rekognition,ProjectName,,,Arn,,/,false,true,field,real,asset,
rekognition.stream_processor,rekognition.stream_processor,rekognition,Name,,,Arn,,/,false,true,field,real,asset,
required.resource,required.resource,required,ResourceARN,,,ResourceARN,,/,false,true,field,real,asset,
resiliencehub.app,resiliencehub.app,resiliencehub,AppArn,,,AppArn,,/,false,true,field,real,asset,
resiliencehub.app_input_source,resiliencehub.app_input_source,resiliencehub,,,,sourceArn,,/,false,true,field,real,child,"appArn,appVersion"
resiliencehub.metrics_export,resiliencehub.metrics_export,resiliencehub,metricsExportId,,,,metrics-export,/,false,true,construct,real,asset,
resiliencehub.recommendation_template,resiliencehub.recommendation_template,resiliencehub,recommendationTemplateArn,,,recommendationTemplateArn,,/,false,true,field,real,child,assessmentArn
resiliencehub.resiliency_policy,resiliencehub.resiliency_policy,resiliencehub,PolicyArn,,,PolicyArn,,/,false,true,field,real,asset,
resource-explorer-2.default_view,resource-explorer-2.default_view,resource-explorer-2,,,,ViewArn,,/,false,true,field,real,singleton,
resource-explorer-2.indexes_for_member,resource-explorer-2.indexes_for_member,resource-explorer-2,,,,Arn,,/,false,true,field,real,child,AccountIdList
resource-explorer-2.managed_view,resource-explorer-2.managed_view,resource-explorer-2,ManagedViewArn,,,ManagedViewArn,,/,false,true,field,real,asset,
resource-explorer-2.search,resource-explorer-2.search,resource-explorer-2,,,,Arn,,/,false,true,field,real,child,QueryString
resource-explorer-2.service_index,resource-explorer-2.service_index,resource-explorer-2,Arn,,,Arn,,/,false,true,field,real,asset,
resource-explorer-2.service_view,resource-explorer-2.service_view,resource-explorer-2,ServiceViewArn,,,ServiceViewArn,,/,false,true,field,real,asset,
resource-groups.group_resource,resource-groups.group_resource,resource-groups,Identifier,,,,group-resource,/,false,true,construct,real,asset,
robomaker.fleet,robomaker.fleet,robomaker,Arn,,,Arn,,/,false,true,field,real,asset,
robomaker.robot,robomaker.robot,robomaker,Arn,,,Arn,,/,false,true,field,real,asset,
robomaker.robot_application,robomaker.robot_application,robomaker,Arn,,,Arn,,/,false,true,field,real,asset,
robomaker.simulation_application,robomaker.simulation_application,robomaker,Arn,,,Arn,,/,false,true,field,real,asset,
rolesanywhere.crl,rolesanywhere.crl,rolesanywhere,CrlId,,,crlArn,,/,false,true,field,real,asset,
rolesanywhere.profile,rolesanywhere.profile,rolesanywhere,ProfileId,,,ProfileArn,,/,false,true,field,real,asset,
rolesanywhere.subject,rolesanywhere.subject,rolesanywhere,subjectArn,,,subjectArn,,/,false,true,field,real,child,subjectId
rolesanywhere.trust_anchor,rolesanywhere.trust_anchor,rolesanywhere,TrustAnchorId,,,TrustAnchorArn,,/,false,true,field,real,asset,
route53.cidr_collection,route53.cidr_collection,route53,Id,,,Arn,,/,false,true,field,real,asset,
healthcheck,route53.health_check,route53,Id,Id,,,healthcheck,/,true,true,construct,real,asset,
hostedzone,route53.hosted_zone,route53,Id,Name,,,hostedzone,/,true,true,construct,real,asset,
route53.query_logging_config,route53.query_logging_config,route53,Id,,,,query-logging-config,/,false,true,construct,real,asset,
route53.traffic_policy_instance,route53.traffic_policy_instance,route53,Id,,,,traffic-policy-instance,/,false,true,construct,real,asset,
route53-recovery-cluster.routing_control,route53-recovery-cluster.routing_control,route53-recovery-cluster,RoutingControlArn,,,RoutingControlArn,,/,false,true,field,real,asset,
recovery-cluster,route53-recovery-control-config.cluster,route53-recovery-control-config,ClusterArn,ClusterArn,,ClusterArn,cluster,/,true,true,field,real,asset,
recovery-control-panel,route53-recovery-control-config.control_panel,route53-recovery-control-config,ControlPanelArn,ControlPanelArn,,ControlPanelArn,controlpanel,/,true,true,field,real,asset,
route53-recovery-control-config.routing_control,route53-recovery-control-config.routing_control,route53-recovery-control-config,RoutingControlArn,,,RoutingControlArn,,/,false,true,field,real,child,RoutingControlArn
route53-recovery-control-config.safety_rule,route53-recovery-control-config.safety_rule,route53-recovery-control-config,SafetyRuleArn,,,SafetyRuleArn,,/,false,true,field,real,child,SafetyRuleArn
route53-recovery-readiness.cell,route53-recovery-readiness.cell,route53-recovery-readiness,CellName,,,CellArn,,/,false,true,field,real,asset,
readiness-check,route53-recovery-readiness.readiness_check,route53-recovery-readiness,ReadinessCheckName,ReadinessCheckName,,ReadinessCheckArn,readiness-check,/,true,true,field,real,asset,
route53-recovery-readiness.recovery_group,route53-recovery-readiness.recovery_group,route53-recovery-readiness,RecoveryGroupName,,,RecoveryGroupArn,,/,false,true,field,real,asset,
route53-recovery-readiness.resource_set,route53-recovery-readiness.resource_set,route53-recovery-readiness,ResourceSetName,,,ResourceSetArn,,/,false,true,field,real,asset,
route53-recovery-readiness.rule,route53-recovery-readiness.rule,route53-recovery-readiness,RuleId,,,,rule,/,false,true,construct,real,asset,
route53domains.operation,route53domains.operation,route53domains,OperationId,,,,operation,/,false,true,construct,real,asset,
r53domain,route53domains.r53domain,route53domains,DomainName,DomainName,,,r53domain,/,false,true,construct,real,asset,
route53profiles.profile,route53profiles.profile,route53profiles,Id,,,Arn,,/,false,true,field,real,asset,
route53profiles.profile_association,route53profiles.profile_association,route53profiles,Id,,,Arn,,/,false,true,field,real,asset,
route53profiles.profile_resource_association,route53profiles.profile_resource_association,route53profiles,Id,,,ResourceArn,,/,false,true,field,real,asset,
route53resolver.firewall_domain_list,route53resolver.firewall_domain_list,route53resolver,Id,,,Arn,,/,false,true,field,real,asset,
route53resolver.firewall_rule_group,route53resolver.firewall_rule_group,route53resolver,Id,,,Arn,,/,false,true,field,real,asset,
route53resolver.firewall_rule_group_association,route53resolver.firewall_rule_group_association,route53resolver,Id,,,Arn,,/,false,true,field,real,asset,
route53resolver.outpost_resolver,route53resolver.outpost_resolver,route53resolver,Id,,,Arn,,/,false,true,field,real,asset,
route53resolver.resolver_config,route53resolver.resolver_config,route53resolver,ResourceId,,,,resolver-config,/,false,true,construct,real,asset,
route53resolver.resolver_dnssec_config,route53resolver.resolver_dnssec_config,route53resolver,Id,,,,resolver-dnssec-config,/,false,true,construct,real,asset,
route53resolver.resolver_endpoint,route53resolver.resolver_endpoint,route53resolver,ResolverEndpointId,,,Arn,,/,false,true,field,real,asset,
route53resolver.resolver_query_log_config,route53resolver.resolver_query_log_config,route53resolver,Arn,,,Arn,,/,false,true,field,real,child,ResolverQueryLogConfigId
resolver-logs,route53resolver.resolver_query_logging_config,route53resolver,Id,Name,,Arn,resolver-query-log-config,/,false,true,field,real,asset,
route53resolver.resolver_rule,route53resolver.resolver_rule,route53resolver,ResolverRuleId,,,Arn,,/,false,true,field,real,asset,
route53resolver.resolver_rule_association,route53resolver.resolver_rule_association,route53resolver,Id,,,,resolver-rule-association,/,false,true,construct,real,asset,
rtbfabric.inbound_external_link,rtbfabric.inbound_external_link,rtbfabric,Arn,,,Arn,,/,false,true,field,real,asset,
rtbfabric.link,rtbfabric.link,rtbfabric,Arn,,,Arn,,/,false,true,field,real,asset,
rtbfabric.outbound_external_link,rtbfabric.outbound_external_link,rtbfabric,Arn,,,Arn,,/,false,true,field,real,asset,
rtbfabric.requester_gateway,rtbfabric.requester_gateway,rtbfabric,Arn,,,Arn,,/,false,true,field,real,asset,
rtbfabric.responder_gateway,rtbfabric.responder_gateway,rtbfabric,Arn,,,Arn,,/,false,true,field,real,asset,
rum.app_monitor,rum.app_monitor,rum,Name,,,,app-monitor,/,false,true,construct,real,asset,
rum.rum_metrics_destination,rum.rum_metrics_destination,rum,,,,DestinationArn,,/,false,true,field,real,child,AppMonitorName
s3-access-point,s3.access_point,s3,Name,Name,,AccessPointArn,accesspoint,/,false,true,field,real,asset,
s3,s3.bucket,s3,Name,Name,,Arn,,/,false,true,field,real,asset,
s3-directory,s3.directory_bucket,s3,Name,Name,,Arn,bucket,/,false,true,field,real,asset,
s3-access-point-multi,s3.multi_region_access_point,s3,Name,Name,,,accesspoint,/,false,true,construct,real,asset,
s3-storage-lens,s3.storage_lens,s3,Id,Id,,StorageLensArn,storage-lens,/,false,true,field,real,asset,
s3control.access_grant,s3control.access_grant,s3control,AccessGrantArn,,,AccessGrantArn,,/,false,true,field,real,child,"AccessGrantId,AccountId"
s3control.access_grants_instance,s3control.access_grants_instance,s3control,AccessGrantsInstanceArn,,,AccessGrantsInstanceArn,,/,false,true,field,real,child,AccountId
s3control.access_grants_location,s3control.access_grants_location,s3control,AccessGrantsLocationArn,,,AccessGrantsLocationArn,,/,false,true,field,real,child,"AccessGrantsLocationId,AccountId"
s3control.access_point,s3control.access_point,s3control,AccessPointArn,,,AccessPointArn,,/,false,true,field,real,child,"AccountId,Name"
s3control.access_points_for_directory_bucket,s3control.access_points_for_directory_bucket,s3control,Name,,,,access-points-for-directory-bucket,/,false,true,construct,real,asset,
s3control.job,s3control.job,s3control,JobArn,,,JobArn,,/,false,true,field,real,child,"AccountId,JobId"
s3control.regional_bucket,s3control.regional_bucket,s3control,,,,BucketArn,,/,false,true,field,real,child,AccountId
s3control.storage_lens_configuration,s3control.storage_lens_configuration,s3control,Arn,,,Arn,,/,false,true,field,real,child,"AccountId,ConfigId"
s3control.storage_lens_group,s3control.storage_lens_group,s3control,StorageLensGroupArn,,,StorageLensGroupArn,,/,false,true,field,real,child,"AccountId,Name"
s3express.directory_bucket,s3express.directory_bucket,s3express,Name,,,,directory-bucket,/,false,true,construct,real,asset,
s3outposts.endpoint,s3outposts.endpoint,s3outposts,Arn,,,Arn,,/,false,true,field,real,asset,
s3outposts.shared_endpoint,s3outposts.shared_endpoint,s3outposts,,,,EndpointArn,,/,false,true,field,real,child,OutpostId
s3tables.table,s3tables.table,s3tables,TableBucketARN,,,TableBucketARN,,/,false,true,field,real,asset,
s3tables.table_bucket,s3tables.table_bucket,s3tables,TableBucketARN,,,TableBucketARN,,/,false,true,field,real,asset,
s3tables.table_bucket_metrics_configuration,s3tables.table_bucket_metrics_configuration,s3tables,id,,,,table-bucket-metrics-configuration,/,false,true,construct,real,asset,
s3tables.table_bucket_policy,s3tables.table_bucket_policy,s3tables,TableBucketARN,,,TableBucketARN,,/,false,true,field,real,asset,
s3tables.table_policy,s3tables.table_policy,s3tables,TableARN,,,TableBucketARN,,/,false,true,field,real,asset,
s3vectors.index,s3vectors.index,s3vectors,IndexArn,,,IndexArn,,/,false,true,field,real,asset,
s3vectors.vector_bucket,s3vectors.vector_bucket,s3vectors,VectorBucketArn,,,VectorBucketArn,,/,false,true,field,real,asset,
s3vectors.vector_bucket_policy,s3vectors.vector_bucket_policy,s3vectors,VectorBucketArn,,,VectorBucketArn,,/,false,true,field,real,asset,
sagemaker.action,sagemaker.action,sagemaker,Arn,,,Arn,,/,false,true,field,real,asset,
sagemaker.algorithm,sagemaker.algorithm,sagemaker,AlgorithmArn,,,AlgorithmArn,,/,false,true,field,real,asset,
sagemaker.app,sagemaker.app,sagemaker,AppName,,,AppArn,,/,false,true,field,real,asset,
sagemaker.app_image_config,sagemaker.app_image_config,sagemaker,AppImageConfigName,,,AppImageConfigArn,,/,false,true,field,real,asset,
sagemaker.cluster,sagemaker.cluster,sagemaker,ClusterArn,,,ClusterArn,,/,false,true,field,real,asset,
sagemaker.code_repository,sagemaker.code_repository,sagemaker,Id,,,CodeRepositoryArn,,/,false,true,field,real,asset,
sagemaker.context,sagemaker.context,sagemaker,Arn,,,Arn,,/,false,true,field,real,asset,
sagemaker.data_quality_job_definition,sagemaker.data_quality_job_definition,sagemaker,JobDefinitionArn,,,JobDefinitionArn,,/,false,true,field,real,asset,
sagemaker.device,sagemaker.device,sagemaker,DeviceName,,,DeviceArn,,/,false,true,field,real,asset,
sagemaker.device_fleet,sagemaker.device_fleet,sagemaker,DeviceFleetName,,,DeviceFleetArn,,/,false,true,field,real,asset,
sagemaker.domain,sagemaker.domain,sagemaker,DomainId,,,DomainArn,,/,false,true,field,real,asset,
sagemaker-endpoint,sagemaker.endpoint,sagemaker,EndpointArn,EndpointName,,EndpointArn,,/,false,true,field,real,asset,
sagemaker-endpoint-config,sagemaker.endpoint_config,sagemaker,EndpointConfigArn,EndpointConfigName,,EndpointConfigArn,,/,false,true,field,real,asset,
sagemaker.experiment,sagemaker.experiment,sagemaker,Arn,,,Arn,,/,false,true,field,real,asset,
sagemaker.feature_group,sagemaker.feature_group,sagemaker,FeatureGroupName,,,FeatureGroupArn,,/,false,true,field,real,asset,
sagemaker.hub,sagemaker.hub,sagemaker,HubArn,,,HubArn,,/,false,true,field,real,asset,
sagemaker.image,sagemaker.image,sagemaker,ImageArn,,,ImageArn,,/,false,true,field,real,asset,
sagemaker.inference_component,sagemaker.inference_component,sagemaker,InferenceComponentArn,,,InferenceComponentArn,,/,false,true,field,real,asset,
sagemaker.inference_experiment,sagemaker.inference_experiment,sagemaker,Name,,,Arn,,/,false,true,field,real,asset,
sagemaker-model,sagemaker.model,sagemaker,ModelArn,ModelName,,ModelArn,,/,false,true,field,real,asset,
sagemaker.model_bias_job_definition,sagemaker.model_bias_job_definition,sagemaker,JobDefinitionArn,,,JobDefinitionArn,,/,false,true,field,real,asset,
sagemaker.model_card,sagemaker.model_card,sagemaker,ModelCardName,,,ModelCardArn,,/,false,true,field,real,asset,
sagemaker.model_explainability_job_definition,sagemaker.model_explainability_job_definition,sagemaker,JobDefinitionArn,,,JobDefinitionArn,,/,false,true,field,real,asset,
sagemaker.model_package,sagemaker.model_package,sagemaker,ModelPackageArn,,,ModelPackageArn,,/,false,true,field,real,asset,
sagemaker.model_package_group,sagemaker.model_package_group,sagemaker,ModelPackageGroupArn,,,ModelPackageGroupArn,,/,false,true,field,real,asset,
sagemaker.model_quality_job_definition,sagemaker.model_quality_job_definition,sagemaker,JobDefinitionArn,,,JobDefinitionArn,,/,false,true,field,real,asset,
sagemaker.monitoring_schedule,sagemaker.monitoring_schedule,sagemaker,MonitoringScheduleArn,,,MonitoringScheduleArn,,/,false,true,field,real,asset,
sagemaker-notebook,sagemaker.notebook_instance,sagemaker,NotebookInstanceArn,NotebookInstanceName,,NotebookInstanceArn,,/,false,true,field,real,asset,
sagemaker.notebook_instance_lifecycle_config,sagemaker.notebook_instance_lifecycle_config,sagemaker,Id,,,NotebookInstanceLifecycleConfigArn,,/,false,true,field,real,asset,
sagemaker.pipeline,sagemaker.pipeline,sagemaker,PipelineName,,,PipelineArn,,/,false,true,field,real,asset,
sagemaker.processing_job,sagemaker.processing_job,sagemaker,ProcessingJobArn,,,ProcessingJobArn,,/,false,true,field,real,asset,
sagemaker.project,sagemaker.project,sagemaker,ProjectArn,,,ProjectArn,,/,false,true,field,real,asset,
sagemaker-job,sagemaker.sagemaker_job,sagemaker,TrainingJobArn,TrainingJobName,,TrainingJobArn,,/,false,true,field,real,asset,
sagemaker.space,sagemaker.space,sagemaker,DomainId,,,SpaceArn,,/,false,true,field,real,asset,
sagemaker.studio_lifecycle_config,sagemaker.studio_lifecycle_config,sagemaker,StudioLifecycleConfigName,,,StudioLifecycleConfigArn,,/,false,true,field,real,asset,
sagemaker.trial_component,sagemaker.trial_component,sagemaker,TrialComponentArn,,,TrialComponentArn,,/,false,true,field,real,asset,
sagemaker.user_profile,sagemaker.user_profile,sagemaker,UserProfileName,,,UserProfileArn,,/,false,true,field,real,asset,
sagemaker.workforce,sagemaker.workforce,sagemaker,WorkforceArn,,,WorkforceArn,,/,false,true,field,real,asset,
sagemaker.workteam,sagemaker.workteam,sagemaker,Id,,,WorkteamArn,,/,false,true,field,real,asset,
savingsplans.savings_plan,savingsplans.savings_plan,savingsplans,savingsPlanArn,,,savingsPlanArn,,/,false,true,field,real,asset,
scheduler.schedule,scheduler.schedule,scheduler,Name,,,Arn,,/,false,true,field,real,asset,
scheduler.schedule_group,scheduler.schedule_group,scheduler,Name,,,Arn,,/,false,true,field,real,asset,
schemas.discoverer,schemas.discoverer,schemas,DiscovererArn,,,DiscovererArn,,/,false,true,field,real,child,DiscovererId
schemas.registry,schemas.registry,schemas,RegistryArn,,,RegistryArn,,/,false,true,field,real,child,RegistryName
schemas.schema,schemas.schema,schemas,SchemaArn,,,SchemaArn,,/,false,true,field,real,child,"RegistryName,SchemaName"
sdb.domain,sdb.domain,sdb,Id,,,,domain,/,false,true,construct,real,asset,
secrets-manager,secretsmanager.secret,secretsmanager,Name,Name,,ARN,,/,false,true,field,real,asset,
security-ir.case,security-ir.case,security-ir,caseArn,,,caseArn,,/,false,true,field,real,asset,
security-ir.comment,security-ir.comment,security-ir,commentId,,,,comment,/,false,true,construct,real,asset,
security-ir.investigation,security-ir.investigation,security-ir,investigationId,,,,investigation,/,false,true,construct,real,asset,
security-ir.membership,security-ir.membership,security-ir,membershipArn,,,membershipArn,,/,false,true,field,real,asset,
securityhub.action_target,securityhub.action_target,securityhub,ActionTargetArn,,,ActionTargetArn,,/,false,true,field,real,asset,
securityhub.automation_rule,securityhub.automation_rule,securityhub,RuleArn,,,RuleArn,,/,false,true,field,real,asset,
securityhub.configuration_policy,securityhub.configuration_policy,securityhub,Arn,,,Arn,,/,false,true,field,real,asset,
securityhub.connector,securityhub.connector,securityhub,ConnectorArn,,,ConnectorArn,,/,false,true,field,real,asset,
securityhub.finding_aggregator,securityhub.finding_aggregator,securityhub,FindingAggregatorArn,,,FindingAggregatorArn,,/,false,true,field,real,asset,
securityhub.hub,securityhub.hub,securityhub,ARN,,,ARN,,/,false,true,field,real,singleton,
securityhub.standard,securityhub.standard,securityhub,StandardsArn,,,StandardsArn,,/,false,true,field,real,asset,
securitylake.data_lake,securitylake.data_lake,securitylake,Arn,,,Arn,,/,false,true,field,real,asset,
securitylake.subscriber,securitylake.subscriber,securitylake,SubscriberArn,,,SubscriberArn,,/,false,true,field,real,asset,
serverless-app,serverlessrepo.serverless_app,serverlessrepo,ApplicationId,Name,,ApplicationId,,/,false,true,field,real,asset,
service-quota-request,service-quotas.service_quota_request,service-quotas,Id,Id,,,request,/,false,true,construct,real,asset,
servicecatalog.accepted_portfolio_share,servicecatalog.accepted_portfolio_share,servicecatalog,PortfolioId,,,ARN,,/,false,true,field,real,asset,
catalog-portfolio,servicecatalog.portfolio,servicecatalog,Id,DisplayName,,ARN,portfolio,/,false,true,field,real,asset,
servicecatalog.service_action,servicecatalog.service_action,servicecatalog,Id,,,,service-action,/,false,true,construct,real,asset,
servicecatalog.tag_option,servicecatalog.tag_option,servicecatalog,Id,,,,tag-option,/,false,true,construct,real,asset,
servicecatalog-appregistry.associated_resource,servicecatalog-appregistry.associated_resource,servicecatalog-appregistry,arn,,,arn,,/,false,true,field,real,child,"application,resource"
servicecatalog-appregistry.attribute_groups_for_application,servicecatalog-appregistry.attribute_groups_for_application,servicecatalog-appregistry,arn,,,arn,,/,false,true,field,real,child,application
servicediscovery.namespace,servicediscovery.namespace,servicediscovery,Arn,,,Arn,,/,false,true,field,real,child,Id
servicediscovery.service,servicediscovery.service,servicediscovery,Id,,,Arn,,/,false,true,field,real,asset,
ses.active_receipt_rule_set,ses.active_receipt_rule_set,ses,Name,,,,active-receipt-rule-set,/,false,true,construct,real,asset,
ses.configuration_set,ses.configuration_set,ses,Name,,,,configuration-set,/,false,true,construct,real,asset,
ses.custom_verification_email_template,ses.custom_verification_email_template,ses,TemplateName,,,,custom-verification-email-template,/,false,true,construct,real,asset,
ses-email-identity,ses.email_identity,ses,IdentityName,IdentityName,,,identity,/,false,true,construct,real,asset,
ses.receipt_filter,ses.receipt_filter,ses,Id,,,,receipt-filter,/,false,true,construct,real,asset,
ses.receipt_rule_set,ses.receipt_rule_set,ses,Id,,,,receipt-rule-set,/,false,true,construct,real,asset,
ses.template,ses.template,ses,Id,,,,template,/,false,true,construct,real,asset,
sesv2.tenant,sesv2.tenant,sesv2,TenantArn,,,TenantArn,,/,false,true,field,real,asset,
shield.drt_access,shield.drt_access,shield,AccountId,,,,drt-access,/,false,true,construct,real,asset,
shield.protection,shield.protection,shield,ProtectionArn,,,ResourceArn,,/,false,true,field,real,asset,
shield.protection_group,shield.protection_group,shield,ProtectionGroupArn,,,ProtectionGroupArn,,/,false,true,field,real,asset,
shield.subscription,shield.subscription,shield,SubscriptionArn,,,SubscriptionArn,,/,false,true,field,real,singleton,
signer.signing_profile,signer.signing_profile,signer,Arn,,,Arn,,/,false,true,field,real,asset,
simspaceweaver.simulation,simspaceweaver.simulation,simspaceweaver,Name,,,Arn,,/,false,true,field,real,asset,
snow-device-management.device_resource,snow-device-management.device_resource,snow-device-management,arn,,,arn,,/,false,true,field,real,child,managedDeviceId
snow-device-management.task,snow-device-management.task,snow-device-management,taskArn,,,taskArn,,/,false,true,field,real,child,taskId
snowball.compatible_image,snowball.compatible_image,snowball,Name,,,,compatible-image,/,false,true,construct,real,asset,
snowball.long_term_pricing,snowball.long_term_pricing,snowball,LongTermPricingId,,,,long-term-pricing,/,false,true,construct,real,asset,
snowball.pickup_location,snowball.pickup_location,snowball,Name,,,,pickup-location,/,false,true,construct,real,asset,
snowball,snowball.snowball,snowball,JobId,Description,,,snowball,/,false,true,construct,real,asset,
snowball-cluster,snowball.snowball_cluster,snowball,ClusterId,Description,,,snowball-cluster,/,false,true,construct,real,asset,
sns.platform_application,sns.platform_application,sns,PlatformApplicationArn,,,PlatformApplicationArn,,/,false,true,field,real,asset,
sns-subscription,sns.subscription,sns,SubscriptionArn,SubscriptionArn,,SubscriptionArn,,/,false,true,field,real,asset,
sns,sns.topic,sns,TopicArn,DisplayName,,TopicArn,,/,false,true,field,real,asset,
socialmessaging.linked_whats_app_business_account,socialmessaging.linked_whats_app_business_account,socialmessaging,arn,,,arn,,/,false,true,field,real,asset,
socialmessaging.linked_whats_app_business_account_phone_number,socialmessaging.linked_whats_app_business_account_phone_number,socialmessaging,arn,,,arn,,/,false,true,field,real,asset,
sqs,sqs.queue,sqs,QueueUrl,QueueUrl,,QueueArn,,/,false,true,field,real,asset,
ssm.automation_execution,ssm.automation_execution,ssm,AutomationExecutionId,,,,automation-execution,/,false,true,construct,real,asset,
ssm-document,ssm.document,ssm,Name,Name,,,document,/,false,true,construct,real,asset,
ssm.maintenance_window,ssm.maintenance_window,ssm,WindowId,,,,maintenance-window,/,false,true,construct,real,asset,
ssm.maintenance_window_schedule,ssm.maintenance_window_schedule,ssm,Name,,,,maintenance-window-schedule,/,false,true,construct,real,asset,
ssm.node,ssm.node,ssm,Id,,,,node,/,false,true,construct,real,asset,
ssm.ops_item,ssm.ops_item,ssm,OpsItemArn,,,OpsItemArn,,/,false,true,field,real,asset,
ssm-parameter,ssm.parameter,ssm,Name,Name,,Arn,parameter,/,false,true,field,real,asset,
ssm.patch_baseline,ssm.patch_baseline,ssm,BaselineId,,,,patchbaseline,/,false,true,construct,real,asset,
ssm.resource_data_sync,ssm.resource_data_sync,ssm,SyncName,,,,resource-data-sync,/,false,true,construct,real,asset,
ssm-managed-instance,ssm.ssm_managed_instance,ssm,InstanceId,Name,,,managed-instance,/,false,true,construct,real,asset,
ssm-patch-group,ssm.ssm_patch_group,ssm,PatchGroup,PatchGroup,,,ssm-patch-group,/,false,true,construct,real,asset,
ssm-contacts.engagement,ssm-contacts.engagement,ssm-contacts,EngagementArn,,,EngagementArn,,/,false,true,field,real,child,EngagementId
ssm-contacts.page,ssm-contacts.page,ssm-contacts,PageArn,,,PageArn,,/,false,true,field,real,child,PageId
ssm-contacts.pages_by_contact,ssm-contacts.pages_by_contact,ssm-contacts,,,,ContactArn,,/,false,true,field,real,child,ContactId
ssm-contacts.pages_by_engagement,ssm-contacts.pages_by_engagement,ssm-contacts,,,,EngagementArn,,/,false,true,field,real,child,EngagementId
ssm-incidents.incident_record,ssm-incidents.incident_record,ssm-incidents,arn,,,arn,,/,false,true,field,real,child,arn
ssm-quicksetup.configuration,ssm-quicksetup.configuration,ssm-quicksetup,Id,,,,configuration,/,false,true,construct,real,asset,
ssm-sap.application,ssm-sap.application,ssm-sap,Arn,,,Arn,,/,false,true,field,real,singleton,
ssm-sap.configuration_check_definition,ssm-sap.configuration_check_definition,ssm-sap,Id,,,,configuration-check-definition,/,false,true,construct,real,asset,
ssm-sap.configuration_check_operation,ssm-sap.configuration_check_operation,ssm-sap,Id,,,,configuration-check-operation,/,false,true,construct,real,asset,
ssm-sap.databas,ssm-sap.databas,ssm-sap,Arn,,,Arn,,/,false,true,field,real,asset,
sso.instance,sso.instance,sso,InstanceArn,,,InstanceArn,,/,false,true,field,real,asset,
sso.permission_set,sso.permission_set,sso,InstanceArn,,,PermissionSetArn,,/,false,true,field,real,asset,
sso-admin.application,sso-admin.application,sso-admin,ApplicationArn,,,ApplicationArn,,/,false,true,field,real,child,ApplicationArn
sso-admin.application_provider,sso-admin.application_provider,sso-admin,ApplicationProviderArn,,,ApplicationProviderArn,,/,false,true,field,real,child,ApplicationProviderArn
sso-admin.instance,sso-admin.instance,sso-admin,InstanceArn,,,InstanceArn,,/,false,true,field,real,child,InstanceArn
sso-admin.managed_policies_in_permission_set,sso-admin.managed_policies_in_permission_set,sso-admin,Arn,,,Arn,,/,false,true,field,real,child,"InstanceArn,PermissionSetArn"
sso-admin.trusted_token_issuer,sso-admin.trusted_token_issuer,sso-admin,TrustedTokenIssuerArn,,,TrustedTokenIssuerArn,,/,false,true,field,real,child,TrustedTokenIssuerArn
stepfunctions.activity,stepfunctions.activity,stepfunctions,Arn,,,Arn,,/,false,true,field,real,asset,
stepfunctions.execution,stepfunctions.execution,stepfunctions,executionArn,,,executionArn,,/,false,true,field,real,child,executionArn
stepfunctions.map_run,stepfunctions.map_run,stepfunctions,mapRunArn,,,mapRunArn,,/,false,true,field,real,child,mapRunArn
step-machine,stepfunctions.state_machine,stepfunctions,stateMachineArn,name,,stateMachineArn,stateMachine,/,false,true,field,real,asset,
stepfunctions.state_machine_alias,stepfunctions.state_machine_alias,stepfunctions,Arn,,,Arn,,/,false,true,field,real,child,stateMachineAliasArn
stepfunctions.state_machine_version,stepfunctions.state_machine_version,stepfunctions,Arn,,,Arn,,/,false,true,field,real,child,stateMachineArn
storagegateway.file_system_association,storagegateway.file_system_association,storagegateway,FileSystemAssociationARN,,,FileSystemAssociationARN,,/,false,true,field,real,asset,
storagegateway.nfs_file_share,storagegateway.nfs_file_share,storagegateway,,,,FileShareARN,,/,false,true,field,real,child,FileShareARNList
storage-gateway,storagegateway.storage_gateway,storagegateway,GatewayARN,GatewayName,,GatewayARN,gateway,/,false,true,field,real,asset,
storagegateway.tape_pool,storagegateway.tape_pool,storagegateway,PoolARN,,,PoolARN,,/,false,true,field,real,asset,
storagegateway.volume,storagegateway.volume,storagegateway,VolumeARN,,,VolumeARN,,/,false,true,field,real,asset,
sts.caller_identity,sts.caller_identity,sts,Arn,,,Arn,,/,false,true,field,real,singleton,
supplychain.data_integration_flow,supplychain.data_integration_flow,supplychain,name,,,,data-integration-flow,/,false,true,construct,real,asset,
supplychain.data_lake_dataset,supplychain.data_lake_dataset,supplychain,arn,,,arn,,/,false,true,field,real,asset,
supplychain.data_lake_namespace,supplychain.data_lake_namespace,supplychain,arn,,,arn,,/,false,true,field,real,asset,
supplychain.instance,supplychain.instance,supplychain,instanceId,,,,instance,/,false,true,construct,real,asset,
advisor-check,support.advisor_check,support,checkId,checkId,,,checks,/,false,true,construct,real,child,language
support.service,support.service,support,name,,,,service,/,false,true,construct,real,asset,
support.severity_level,support.severity_level,support,name,,,,severity-level,/,false,true,construct,real,asset,
support-case,support.support_case,support,caseId,displayId,,,support-case,/,true,true,construct,real,asset,
swf.domain,swf.domain,swf,arn,,,arn,,/,false,true,field,real,child,name
swf-domain,swf.swf_domain,swf,name,name,,arn,,/,false,true,field,real,child,registrationStatus
synthetics.associated_group,synthetics.associated_group,synthetics,Arn,,,Arn,,/,false,true,field,real,child,ResourceArn
synthetics.canary,synthetics.canary,synthetics,Name,,,SourceLocationArn,,/,false,true,field,real,asset,
synthetics.group,synthetics.group,synthetics,Name,,,Arn,,/,false,true,field,real,asset,
textract.adapter,textract.adapter,textract,AdapterId,,,,adapter,/,false,true,construct,real,asset,
timestream.scheduled_query,timestream.scheduled_query,timestream,Arn,,,Arn,,/,false,true,field,real,asset,
timestream-influxdb.db_cluster,timestream-influxdb.db_cluster,timestream-influxdb,arn,,,arn,,/,false,true,field,real,asset,
timestream-influxdb.db_instance,timestream-influxdb.db_instance,timestream-influxdb,arn,,,arn,,/,false,true,field,real,asset,
timestream-influxdb.db_instances_for_cluster,timestream-influxdb.db_instances_for_cluster,timestream-influxdb,arn,,,arn,,/,false,true,field,real,asset,
timestream-influxdb.db_parameter_group,timestream-influxdb.db_parameter_group,timestream-influxdb,arn,,,arn,,/,false,true,field,real,asset,
timestream-database,timestream-write.timestream_database,timestream-write,Arn,DatabaseName,,Arn,,/,false,true,field,real,asset,
timestream-table,timestream-write.timestream_table,timestream-write,Arn,TableName,,Arn,,/,false,true,field,real,asset,
tnb.sol_function_instance,tnb.sol_function_instance,tnb,,,,arn,,/,false,true,field,real,child,vnfInstanceId
tnb.sol_function_package,tnb.sol_function_package,tnb,,,,arn,,/,false,true,field,real,child,vnfPkgId
tnb.sol_network_instance,tnb.sol_network_instance,tnb,,,,arn,,/,false,true,field,real,child,nsInstanceId
tnb.sol_network_package,tnb.sol_network_package,tnb,arn,,,arn,,/,false,true,field,real,asset,
transcribe.call_analytics_job,transcribe.call_analytics_job,transcribe,CallAnalyticsJobName,,,,call-analytics-job,/,false,true,construct,real,asset,
transcribe.medical_scribe_job,transcribe.medical_scribe_job,transcribe,MedicalScribeJobName,,,,medical-scribe-job,/,false,true,construct,real,asset,
transcribe.medical_transcription_job,transcribe.medical_transcription_job,transcribe,MedicalTranscriptionJobName,,,,medical-transcription-job,/,false,true,construct,real,asset,
transcribe.transcription_job,transcribe.transcription_job,transcribe,TranscriptionJobName,,,,transcription-job,/,false,true,construct,real,asset,
transcribe.vocabulary,transcribe.vocabulary,transcribe,VocabularyName,,,,vocabulary,/,false,true,construct,real,asset,
transcribe.vocabulary_filter,transcribe.vocabulary_filter,transcribe,Arn,,,Arn,,/,false,true,field,real,asset,
transfer.certificate,transfer.certificate,transfer,CertificateId,,,Arn,,/,false,true,field,real,asset,
transfer.connector,transfer.connector,transfer,ConnectorId,,,Arn,,/,false,true,field,real,asset,
transfer.profile,transfer.profile,transfer,ProfileId,,,Arn,,/,false,true,field,real,asset,
transfer-server,transfer.server,transfer,ServerId,ServerId,,Arn,server,/,false,true,field,real,asset,
transfer.workflow,transfer.workflow,transfer,WorkflowId,,,Arn,,/,false,true,field,real,asset,
translate.parallel_data,translate.parallel_data,translate,Arn,,,Arn,,/,false,true,field,real,asset,
translate.terminology,translate.terminology,translate,Arn,,,Arn,,/,false,true,field,real,asset,
trustedadvisor.check,trustedadvisor.check,trustedadvisor,arn,,,arn,,/,false,true,field,real,asset,
trustedadvisor.organization_recommendation_resource,trustedadvisor.organization_recommendation_resource,trustedadvisor,arn,,,arn,,/,false,true,field,real,child,organizationRecommendationIdentifier
trustedadvisor.recommendation_resource,trustedadvisor.recommendation_resource,trustedadvisor,arn,,,arn,,/,false,true,field,real,child,recommendationIdentifier
verifiedpermissions.policy_store,verifiedpermissions.policy_store,verifiedpermissions,PolicyStoreId,,,Arn,,/,false,true,field,real,asset,
virtualmachine.virtual_machine,virtualmachine.virtual_machine,virtualmachine,Name,,,,virtual-machine,/,false,true,construct,real,asset,
vpc.carrier_gateway,vpc.carrier_gateway,vpc,CarrierGatewayId,,,,carrier-gateway,/,false,true,construct,real,asset,
vpc.customer_gateway,vpc.customer_gateway,vpc,CustomerGatewayId,,,,customer-gateway,/,false,true,construct,real,asset,
vpc.egress_only_internet_gateway,vpc.egress_only_internet_gateway,vpc,EgressOnlyInternetGatewayId,,,,egress-only-internet-gateway,/,false,true,construct,real,asset,
vpc.internet_gateway,vpc.internet_gateway,vpc,InternetGatewayId,,,,internet-gateway,/,false,true,construct,real,asset,
vpc.nat_gateway,vpc.nat_gateway,vpc,NatGatewayId,,,,nat-gateway,/,false,true,construct,real,asset,
vpc.network_acl,vpc.network_acl,vpc,NetworkAclId,,,,network-acl,/,false,true,construct,real,asset,
vpc.route_table,vpc.route_table,vpc,RouteTableId,,,,route-table,/,false,true,construct,real,asset,
vpc.security_group,vpc.security_group,vpc,SecurityGroupArn,,,SecurityGroupArn,,/,false,true,field,real,asset,
vpc.subnet,vpc.subnet,vpc,SubnetArn,,,SubnetArn,,/,false,true,field,real,asset,
vpc.vpc,vpc.vpc,vpc,VpcId,,,,vpc,/,false,true,construct,real,asset,
vpc.vpc_endpoint,vpc.vpc_endpoint,vpc,VpcEndpointId,,,,vpc-endpoint,/,false,true,construct,real,asset,
vpc.vpc_peering_connection,vpc.vpc_peering_connection,vpc,VpcPeeringConnectionId,,,,vpc-peering-connection,/,false,true,construct,real,asset,
vpc.vpn_gateway,vpc.vpn_gateway,vpc,VpnGatewayId,,,,vpn-gateway,/,false,true,construct,real,asset,
vpc-lattice.resource_endpoint_association,vpc-lattice.resource_endpoint_association,vpc-lattice,arn,,,arn,,/,false,true,field,real,asset,
vpc-lattice.service_network_vpc_endpoint_association,vpc-lattice.service_network_vpc_endpoint_association,vpc-lattice,id,,,,service-network-vpc-endpoint-association,/,false,true,construct,real,asset,
vpcflowlogs.flow_log,vpcflowlogs.flow_log,vpcflowlogs,FlowLogId,,,,flow-log,/,false,true,construct,real,asset,
vpn.ListResource,vpn.ListResource,vpn,id,,,,list-resource,/,false,true,construct,real,asset,
waf.byte_match_set,waf.byte_match_set,waf,Id,,,,byte-match-set,/,false,true,construct,real,asset,
waf.ip_set,waf.ip_set,waf,Id,,,,ip-set,/,false,true,construct,real,asset,
waf.rule,waf.rule,waf,Id,,,,rule,/,false,true,construct,real,asset,
waf.size_constraint_set,waf.size_constraint_set,waf,Id,,,,size-constraint-set,/,false,true,construct,real,asset,
waf.sql_injection_match_set,waf.sql_injection_match_set,waf,Id,,,,sql-injection-match-set,/,false,true,construct,real,asset,
waf,waf.web_acl,waf,WebACLId,Name,,,webacl,/,true,true,construct,real,asset,
waf.xss_match_set,waf.xss_match_set,waf,Id,,,,xss-match-set,/,false,true,construct,real,asset,
waf-regional.byte_match_set,waf-regional.byte_match_set,waf-regional,Id,,,,byte-match-set,/,false,true,construct,real,asset,
waf-regional.geo_match_set,waf-regional.geo_match_set,waf-regional,Id,,,,geo-match-set,/,false,true,construct,real,asset,
waf-regional.ip_set,waf-regional.ip_set,waf-regional,Id,,,,ip-set,/,false,true,construct,real,asset,
waf-regional.rate_based_rule,waf-regional.rate_based_rule,waf-regional,Id,,,,rate-based-rule,/,false,true,construct,real,asset,
waf-regional.regex_pattern_set,waf-regional.regex_pattern_set,waf-regional,Id,,,,regex-pattern-set,/,false,true,construct,real,asset,
waf-regional.rule,waf-regional.rule,waf-regional,Id,,,,rule,/,false,true,construct,real,asset,
waf-regional.size_constraint_set,waf-regional.size_constraint_set,waf-regional,Id,,,,size-constraint-set,/,false,true,construct,real,asset,
waf-regional.sql_injection_match_set,waf-regional.sql_injection_match_set,waf-regional,Id,,,,sql-injection-match-set,/,false,true,construct,real,asset,
waf-regional.subscribed_rule_group,waf-regional.subscribed_rule_group,waf-regional,Name,,,,subscribed-rule-group,/,false,true,construct,real,asset,
waf-regional,waf-regional.web_acl,waf-regional,WebACLId,Name,,WebACLArn,webacl,/,false,true,field,real,asset,
waf-regional.xss_match_set,waf-regional.xss_match_set,waf-regional,Id,,,,xss-match-set,/,false,true,construct,real,asset,
wafv2.ip_set,wafv2.ip_set,wafv2,Name,,,Arn,,/,false,true,field,real,asset,
wafv2.logging_configuration,wafv2.logging_configuration,wafv2,ResourceArn,,,ResourceArn,,/,false,true,field,real,asset,
wafv2.regex_pattern_set,wafv2.regex_pattern_set,wafv2,Name,,,Arn,,/,false,true,field,real,asset,
wafv2.rule_group,wafv2.rule_group,wafv2,Name,,,Arn,,/,false,true,field,real,asset,
wafv2,wafv2.web_acl,wafv2,Id,Name,,ARN,webacl,/,false,true,field,real,asset,
wellarchitected.profile,wellarchitected.profile,wellarchitected,ProfileArn,,,ProfileArn,,/,false,true,field,real,asset,
wellarchitected.review_template,wellarchitected.review_template,wellarchitected,TemplateArn,,,TemplateArn,,/,false,true,field,real,asset,
wellarchitected.share_invitation,wellarchitected.share_invitation,wellarchitected,ShareInvitationId,,,,share-invitation,/,false,true,construct,real,asset,
wellarchitected.workload,wellarchitected.workload,wellarchitected,WorkloadArn,,,WorkloadArn,,/,false,true,field,real,child,WorkloadId
wisdom.assistant,wisdom.assistant,wisdom,AssistantId,,,AssistantArn,,/,false,true,field,real,asset,
wisdom.assistant_association,wisdom.assistant_association,wisdom,AssistantAssociationId,,,AssistantAssociationArn,,/,false,true,field,real,child,assistantId
wisdom.content,wisdom.content,wisdom,contentArn,,,contentArn,,/,false,true,field,real,child,"contentId,knowledgeBaseId"
wisdom.knowledge_base,wisdom.knowledge_base,wisdom,KnowledgeBaseId,,,KnowledgeBaseArn,,/,false,true,field,real,child,knowledgeBaseId
wisdom.quick_response,wisdom.quick_response,wisdom,QuickResponseArn,,,QuickResponseArn,,/,false,true,field,real,child,"knowledgeBaseId,quickResponseId"
wisdom.search_content,wisdom.search_content,wisdom,,,,contentArn,,/,false,true,field,real,child,"knowledgeBaseId,searchExpression"
wisdom.search_session,wisdom.search_session,wisdom,,,,sessionArn,,/,false,true,field,real,child,"assistantId,searchExpression"
wisdom.session,wisdom.session,wisdom,sessionArn,,,sessionArn,,/,false,true,field,real,child,"assistantId,sessionId"
workdocs.resource,workdocs.resource,workdocs,Id,,,,resource,/,false,true,construct,real,asset,
workdocs.user,workdocs.user,workdocs,Username,,,,user,/,false,true,construct,real,asset,
workflows.activity,workflows.activity,workflows,activityArn,,,activityArn,,/,false,true,field,real,asset,
workflows.execution,workflows.execution,workflows,executionArn,,,executionArn,,/,false,true,field,real,asset,
workflows.state_machine,workflows.state_machine,workflows,stateMachineArn,,,stateMachineArn,,/,false,true,field,real,asset,
workmail.organization,workmail.organization,workmail,OrganizationId,,,ARN,,/,false,true,field,real,child,OrganizationId
workmail.personal_access_token,workmail.personal_access_token,workmail,PersonalAccessTokenId,,,,personal-access-token,/,false,true,construct,real,asset,
workspaces,workspaces.workspace,workspaces,WorkspaceId,WorkspaceId,,,workspace,/,false,true,construct,real,asset,
workspaces-directory,workspaces.workspaces_directory,workspaces,DirectoryId,DirectoryName,,,directory,/,false,true,construct,real,asset,
workspaces.workspaces_pool,workspaces.workspaces_pool,workspaces,PoolId,,,PoolArn,,/,false,true,field,real,asset,
workspaces-instances.region,workspaces-instances.region,workspaces-instances,RegionName,,,,region,/,false,true,construct,real,asset,
workspaces-thin-client.device,workspaces-thin-client.device,workspaces-thin-client,arn,,,arn,,/,false,true,field,real,child,id
workspaces-thin-client.software_set,workspaces-thin-client.software_set,workspaces-thin-client,arn,,,arn,,/,false,true,field,real,child,id
workspaces-web.session,workspaces-web.session,workspaces-web,sessionId,,,,session,/,false,true,construct,real,asset,
workspaces-web,workspaces-web.workspaces_web,workspaces-web,portalArn,displayName,,portalArn,portal,/,false,true,field,real,asset,
xray-group,xray.group,xray,GroupName,GroupName,,GroupARN,group,/,false,true,field,real,singleton,
xray.resource_policy,xray.resource_policy,xray,PolicyName,,,,resource-policy,/,false,true,construct,real,asset,
xray-rule,xray.sampling_rule,xray,RuleName,RuleName,,RuleARN,sampling-rule,/,false,true,field,real,asset,
accessanalyzer.analyzed_resource,accessanalyzer.analyzed_resource,accessanalyzer,,,,,,/,false,true,synthetic,synthetic,child,"analyzerArn,resourceArn"
accessanalyzer.archive_rule,accessanalyzer.archive_rule,accessanalyzer,,,,,,/,false,true,synthetic,synthetic,child,"analyzerName,ruleName"
accessanalyzer.finding,accessanalyzer.finding,accessanalyzer,,,,,,/,false,true,synthetic,synthetic,child,"analyzerArn,id"
accessanalyzer.generated_policy,accessanalyzer.generated_policy,accessanalyzer,,,,,,/,false,true,synthetic,synthetic,child,jobId
amp.alert_manager_definition,amp.alert_manager_definition,amp,,,,,,/,false,true,synthetic,synthetic,child,workspaceId
amp.default_scraper_configuration,amp.default_scraper_configuration,amp,,,,,,/,false,true,synthetic,synthetic,singleton,
amp.logging_configuration,amp.logging_configuration,amp,,,,,,/,false,true,synthetic,synthetic,child,workspaceId
amplify.artifact_url,amplify.artifact_url,amplify,,,,,,/,false,true,synthetic,synthetic,child,artifactId
amplifybackend.backend,amplifybackend.backend,amplifybackend,,,,,,/,false,true,synthetic,synthetic,child,AppId
amplifybackend.backend_api,amplifybackend.backend_api,amplifybackend,,,,,,/,false,true,synthetic,synthetic,child,"AppId,BackendEnvironmentName,ResourceName"
amplifybackend.backend_api_model,amplifybackend.backend_api_model,amplifybackend,,,,,,/,false,true,synthetic,synthetic,child,"AppId,BackendEnvironmentName,ResourceName"
amplifybackend.backend_auth,amplifybackend.backend_auth,amplifybackend,,,,,,/,false,true,synthetic,synthetic,child,"AppId,BackendEnvironmentName,ResourceName"
amplifybackend.backend_job,amplifybackend.backend_job,amplifybackend,,,,,,/,false,true,synthetic,synthetic,child,"AppId,BackendEnvironmentName,JobId"
amplifybackend.backend_storage,amplifybackend.backend_storage,amplifybackend,,,,,,/,false,true,synthetic,synthetic,child,"AppId,BackendEnvironmentName,ResourceName"
amplifybackend.token,amplifybackend.token,amplifybackend,,,,,,/,false,true,synthetic,synthetic,child,"AppId,SessionId"
apigatewaymanagementapi.connection,apigatewaymanagementapi.connection,apigatewaymanagementapi,,,,,,/,false,true,synthetic,synthetic,child,ConnectionId
appconfig.configuration,appconfig.configuration,appconfig,,,,,,/,false,true,synthetic,synthetic,child,"Application,ClientId,Configuration,Environment"
appconfigdata.latest_configuration,appconfigdata.latest_configuration,appconfigdata,,,,,,/,false,true,synthetic,synthetic,child,ConfigurationToken
appflow.connector_entity,appflow.connector_entity,appflow,,,,,,/,false,true,synthetic,synthetic,child,connectorEntityName
appflow.flow_execution_record,appflow.flow_execution_record,appflow,,,,,,/,false,true,synthetic,synthetic,child,flowName
application-autoscaling.scaling_activity,application-autoscaling.scaling_activity,application-autoscaling,,,,,,/,false,true,synthetic,synthetic,child,ServiceNamespace
application-insights.component_configuration,application-insights.component_configuration,application-insights,,,,,,/,false,true,synthetic,synthetic,child,"ComponentName,ResourceGroupName"
application-insights.log_pattern,application-insights.log_pattern,application-insights,,,,,,/,false,true,synthetic,synthetic,child,"PatternName,PatternSetName,ResourceGroupName"
application-insights.log_pattern_set,application-insights.log_pattern_set,application-insights,,,,,,/,false,true,synthetic,synthetic,child,ResourceGroupName
applicationcostprofiler.report_definition,applicationcostprofiler.report_definition,applicationcostprofiler,,,,,,/,false,true,synthetic,synthetic,child,reportId
apprunner.custom_domain,apprunner.custom_domain,apprunner,,,,,,/,false,true,synthetic,synthetic,child,ServiceArn
auditmanager.account_status,auditmanager.account_status,auditmanager,,,,,,/,false,true,synthetic,synthetic,singleton,
auditmanager.assessment_report_url,auditmanager.assessment_report_url,auditmanager,,,,,,/,false,true,synthetic,synthetic,child,"assessmentId,assessmentReportId"
auditmanager.change_log,auditmanager.change_log,auditmanager,,,,,,/,false,true,synthetic,synthetic,child,assessmentId
auditmanager.evidence_file_upload_url,auditmanager.evidence_file_upload_url,auditmanager,,,,,,/,false,true,synthetic,synthetic,child,fileName
auditmanager.insights_by_assessment,auditmanager.insights_by_assessment,auditmanager,,,,,,/,false,true,synthetic,synthetic,child,assessmentId
auditmanager.keywords_for_data_source,auditmanager.keywords_for_data_source,auditmanager,,,,,,/,false,true,synthetic,synthetic,child,source
auditmanager.organization_admin_account,auditmanager.organization_admin_account,auditmanager,,,,,,/,false,true,synthetic,synthetic,singleton,
auditmanager.setting,auditmanager.setting,auditmanager,,,,,,/,false,true,synthetic,synthetic,child,attribute
autoscaling-plans.scaling_plan_resource,autoscaling-plans.scaling_plan_resource,autoscaling-plans,,,,,,/,false,true,synthetic,synthetic,child,"ScalingPlanName,ScalingPlanVersion"
autoscaling-plans.scaling_plan_resource_forecast_data,autoscaling-plans.scaling_plan_resource_forecast_data,autoscaling-plans,,,,,,/,false,true,synthetic,synthetic,child,"EndTime,ForecastDataType,ResourceId,ScalableDimension,ScalingPlanName,ScalingPlanVersion,ServiceNamespace,StartTime"
b2bi.transformer_job,b2bi.transformer_job,b2bi,,,,,,/,false,true,synthetic,synthetic,child,"transformerId,transformerJobId"
backup.backup_plan_version,backup.backup_plan_version,backup,,,,,,/,false,true,synthetic,synthetic,child,BackupPlanId
backup.backup_vault_access_policy,backup.backup_vault_access_policy,backup,,,,,,/,false,true,synthetic,synthetic,child,BackupVaultName
backup.backup_vault_notification,backup.backup_vault_notification,backup,,,,,,/,false,true,synthetic,synthetic,child,BackupVaultName
backup.recovery_points_by_resource,backup.recovery_points_by_resource,backup,,,,,,/,false,true,synthetic,synthetic,child,ResourceArn
backup.restore_jobs_by_protected_resource,backup.restore_jobs_by_protected_resource,backup,,,,,,/,false,true,synthetic,synthetic,child,ResourceArn
backup-gateway.bandwidth_rate_limit_schedule,backup-gateway.bandwidth_rate_limit_schedule,backup-gateway,,,,,,/,false,true,synthetic,synthetic,child,GatewayArn
backup-gateway.hypervisor_property_mapping,backup-gateway.hypervisor_property_mapping,backup-gateway,,,,,,/,false,true,synthetic,synthetic,child,HypervisorArn
bedrock.custom_model,bedrock.custom_model,bedrock,,,,,,/,false,true,synthetic,synthetic,child,modelIdentifier
bedrock.model_invocation_logging_configuration,bedrock.model_invocation_logging_configuration,bedrock,,,,,,/,false,true,synthetic,synthetic,singleton,
billingconductor.account_association,billingconductor.account_association,billingconductor,,,,,,/,false,true,synthetic,synthetic,child,
budgets.budget_action,budgets.budget_action,budgets,,,,,,/,false,true,synthetic,synthetic,child,"AccountId,ActionId,BudgetName"
budgets.notifications_for_budget,budgets.notifications_for_budget,budgets,,,,,,/,false,true,synthetic,synthetic,child,"AccountId,BudgetName"
ce.approximate_usage_record,ce.approximate_usage_record,ce,,,,,,/,false,true,synthetic,synthetic,child,"ApproximationDimension,Granularity"
ce.cost_and_usage_with_resource,ce.cost_and_usage_with_resource,ce,,,,,,/,false,true,synthetic,synthetic,child,"Granularity,TimePeriod"
ce.dimension_value,ce.dimension_value,ce,,,,,,/,false,true,synthetic,synthetic,child,"Dimension,TimePeriod"
ce.reservation_coverage,ce.reservation_coverage,ce,,,,,,/,false,true,synthetic,synthetic,child,TimePeriod
ce.reservation_utilization,ce.reservation_utilization,ce,,,,,,/,false,true,synthetic,synthetic,child,TimePeriod
ce.savings_plan_purchase_recommendation_detail,ce.savings_plan_purchase_recommendation_detail,ce,,,,,,/,false,true,synthetic,synthetic,child,RecommendationDetailId
ce.savings_plans_coverage,ce.savings_plans_coverage,ce,,,,,,/,false,true,synthetic,synthetic,child,TimePeriod
ce.savings_plans_utilization,ce.savings_plans_utilization,ce,,,,,,/,false,true,synthetic,synthetic,child,TimePeriod
ce.savings_plans_utilization_detail,ce.savings_plans_utilization_detail,ce,,,,,,/,false,true,synthetic,synthetic,child,TimePeriod
chime.events_configuration,chime.events_configuration,chime,,,,,,/,false,true,synthetic,synthetic,child,"AccountId,BotId"
chime.global_setting,chime.global_setting,chime,,,,,,/,false,true,synthetic,synthetic,singleton,
chime.phone_number_setting,chime.phone_number_setting,chime,,,,,,/,false,true,synthetic,synthetic,singleton,
chime.retention_setting,chime.retention_setting,chime,,,,,,/,false,true,synthetic,synthetic,child,AccountId
chime.room_membership,chime.room_membership,chime,,,,,,/,false,true,synthetic,synthetic,child,"AccountId,RoomId"
chime.user_setting,chime.user_setting,chime,,,,,,/,false,true,synthetic,synthetic,child,"AccountId,UserId"
chime-sdk-identity.app_instance_retention_setting,chime-sdk-identity.app_instance_retention_setting,chime-sdk-identity,,,,,,/,false,true,synthetic,synthetic,child,AppInstanceArn
chime-sdk-media-pipelines.media_capture_pipeline,chime-sdk-media-pipelines.media_capture_pipeline,chime-sdk-media-pipelines,,,,,,/,false,true,synthetic,synthetic,child,MediaPipelineId
chime-sdk-media-pipelines.media_pipeline_kinesis_video_stream_pool,chime-sdk-media-pipelines.media_pipeline_kinesis_video_stream_pool,chime-sdk-media-pipelines,,,,,,/,false,true,synthetic,synthetic,child,Identifier
chime-sdk-messaging.channel_memberships_for_app_instance_user,chime-sdk-messaging.channel_memberships_for_app_instance_user,chime-sdk-messaging,,,,,,/,false,true,synthetic,synthetic,child,ChimeBearer
chime-sdk-messaging.channel_message_status,chime-sdk-messaging.channel_message_status,chime-sdk-messaging,,,,,,/,false,true,synthetic,synthetic,child,"ChannelArn,ChimeBearer,MessageId"
chime-sdk-messaging.channels_moderated_by_app_instance_user,chime-sdk-messaging.channels_moderated_by_app_instance_user,chime-sdk-messaging,,,,,,/,false,true,synthetic,synthetic,child,ChimeBearer
chime-sdk-messaging.messaging_session_endpoint,chime-sdk-messaging.messaging_session_endpoint,chime-sdk-messaging,,,,,,/,false,true,synthetic,synthetic,singleton,
chime-sdk-messaging.messaging_streaming_configuration,chime-sdk-messaging.messaging_streaming_configuration,chime-sdk-messaging,,,,,,/,false,true,synthetic,synthetic,child,AppInstanceArn
chime-sdk-voice.global_setting,chime-sdk-voice.global_setting,chime-sdk-voice,,,,,,/,false,true,synthetic,synthetic,singleton,
chime-sdk-voice.phone_number_setting,chime-sdk-voice.phone_number_setting,chime-sdk-voice,,,,,,/,false,true,synthetic,synthetic,singleton,
chime-sdk-voice.sip_media_application_alexa_skill_configuration,chime-sdk-voice.sip_media_application_alexa_skill_configuration,chime-sdk-voice,,,,,,/,false,true,synthetic,synthetic,child,SipMediaApplicationId
chime-sdk-voice.sip_media_application_logging_configuration,chime-sdk-voice.sip_media_application_logging_configuration,chime-sdk-voice,,,,,,/,false,true,synthetic,synthetic,child,SipMediaApplicationId
chime-sdk-voice.voice_connector_emergency_calling_configuration,chime-sdk-voice.voice_connector_emergency_calling_configuration,chime-sdk-voice,,,,,,/,false,true,synthetic,synthetic,child,VoiceConnectorId
chime-sdk-voice.voice_connector_logging_configuration,chime-sdk-voice.voice_connector_logging_configuration,chime-sdk-voice,,,,,,/,false,true,synthetic,synthetic,child,VoiceConnectorId
chime-sdk-voice.voice_connector_origination,chime-sdk-voice.voice_connector_origination,chime-sdk-voice,,,,,,/,false,true,synthetic,synthetic,child,VoiceConnectorId
chime-sdk-voice.voice_connector_proxy,chime-sdk-voice.voice_connector_proxy,chime-sdk-voice,,,,,,/,false,true,synthetic,synthetic,child,VoiceConnectorId
chime-sdk-voice.voice_connector_streaming_configuration,chime-sdk-voice.voice_connector_streaming_configuration,chime-sdk-voice,,,,,,/,false,true,synthetic,synthetic,child,VoiceConnectorId
chime-sdk-voice.voice_connector_termination,chime-sdk-voice.voice_connector_termination,chime-sdk-voice,,,,,,/,false,true,synthetic,synthetic,child,VoiceConnectorId
chime-sdk-voice.voice_connector_termination_credential,chime-sdk-voice.voice_connector_termination_credential,chime-sdk-voice,,,,,,/,false,true,synthetic,synthetic,child,VoiceConnectorId
chime-sdk-voice.voice_connector_termination_health,chime-sdk-voice.voice_connector_termination_health,chime-sdk-voice,,,,,,/,false,true,synthetic,synthetic,child,VoiceConnectorId
cleanrooms.configured_table_analysis_rule,cleanrooms.configured_table_analysis_rule,cleanrooms,,,,,,/,false,true,synthetic,synthetic,child,"analysisRuleType,configuredTableIdentifier"
cleanrooms.member,cleanrooms.member,cleanrooms,,,,,,/,false,true,synthetic,synthetic,child,collaborationIdentifier
cleanroomsml.configured_audience_model_policy,cleanroomsml.configured_audience_model_policy,cleanroomsml,,,,,,/,false,true,synthetic,synthetic,child,configuredAudienceModelArn
cloud9.environment_status,cloud9.environment_status,cloud9,,,,,,/,false,true,synthetic,synthetic,child,environmentId
clouddirectory.applied_schema_version,clouddirectory.applied_schema_version,clouddirectory,,,,,,/,false,true,synthetic,synthetic,child,SchemaArn
clouddirectory.attached_indice,clouddirectory.attached_indice,clouddirectory,,,,,,/,false,true,synthetic,synthetic,child,"DirectoryArn,TargetReference"
clouddirectory.incoming_typed_link,clouddirectory.incoming_typed_link,clouddirectory,,,,,,/,false,true,synthetic,synthetic,child,"DirectoryArn,ObjectReference"
clouddirectory.index,clouddirectory.index,clouddirectory,,,,,,/,false,true,synthetic,synthetic,child,"DirectoryArn,IndexReference"
clouddirectory.object_children,clouddirectory.object_children,clouddirectory,,,,,,/,false,true,synthetic,synthetic,child,"DirectoryArn,ObjectReference"
clouddirectory.object_information,clouddirectory.object_information,clouddirectory,,,,,,/,false,true,synthetic,synthetic,child,"DirectoryArn,ObjectReference"
clouddirectory.object_parent,clouddirectory.object_parent,clouddirectory,,,,,,/,false,true,synthetic,synthetic,child,"DirectoryArn,ObjectReference"
clouddirectory.object_parent_path,clouddirectory.object_parent_path,clouddirectory,,,,,,/,false,true,synthetic,synthetic,child,"DirectoryArn,ObjectReference"
clouddirectory.outgoing_typed_link,clouddirectory.outgoing_typed_link,clouddirectory,,,,,,/,false,true,synthetic,synthetic,child,"DirectoryArn,ObjectReference"
cloudformation.publisher,cloudformation.publisher,cloudformation,PublisherId,,,,,/,false,true,synthetic,synthetic,singleton,
cloudfront.cache_policy,cloudfront.cache_policy,cloudfront,Id,,,,,/,false,true,synthetic,synthetic,singleton,
cloudfront.cloud_front_origin_access_identity,cloudfront.cloud_front_origin_access_identity,cloudfront,Id,,,,,/,false,true,synthetic,synthetic,singleton,
cloudfront.continuous_deployment_policy,cloudfront.continuous_deployment_policy,cloudfront,Id,,,,,/,false,true,synthetic,synthetic,singleton,
cloudfront.distribution_config,cloudfront.distribution_config,cloudfront,,,,,,/,false,true,synthetic,synthetic,child,Id
cloudfront.key_group,cloudfront.key_group,cloudfront,Id,,,,,/,false,true,synthetic,synthetic,singleton,
cloudfront.origin_request_policy,cloudfront.origin_request_policy,cloudfront,Id,,,,,/,false,true,synthetic,synthetic,singleton,
cloudfront.public_key,cloudfront.public_key,cloudfront,Id,,,,,/,false,true,synthetic,synthetic,singleton,
cloudfront.response_headers_policy,cloudfront.response_headers_policy,cloudfront,Id,,,,,/,false,true,synthetic,synthetic,singleton,
cloudfront-keyvaluestore.key,cloudfront-keyvaluestore.key,cloudfront-keyvaluestore,,,,,,/,false,true,synthetic,synthetic,child,"Key,KvsARN"
cloudfront-keyvaluestore.key_value_store,cloudfront-keyvaluestore.key_value_store,cloudfront-keyvaluestore,,,,,,/,false,true,synthetic,synthetic,child,KvsARN
cloudhsm.config,cloudhsm.config,cloudhsm,,,,,,/,false,true,synthetic,synthetic,child,"ClientArn,ClientVersion,HapgList"
cloudsearch.analysis_scheme,cloudsearch.analysis_scheme,cloudsearch,,,,,,/,false,true,synthetic,synthetic,child,DomainName
cloudsearch.availability_option,cloudsearch.availability_option,cloudsearch,,,,,,/,false,true,synthetic,synthetic,child,DomainName
cloudsearch.domain_endpoint_option,cloudsearch.domain_endpoint_option,cloudsearch,,,,,,/,false,true,synthetic,synthetic,child,DomainName
cloudsearch.domain_name,cloudsearch.domain_name,cloudsearch,,,,,,/,false,true,synthetic,synthetic,singleton,
cloudsearch.expression,cloudsearch.expression,cloudsearch,,,,,,/,false,true,synthetic,synthetic,child,DomainName
cloudsearch.index_field,cloudsearch.index_field,cloudsearch,,,,,,/,false,true,synthetic,synthetic,child,DomainName
cloudsearch.scaling_parameter,cloudsearch.scaling_parameter,cloudsearch,,,,,,/,false,true,synthetic,synthetic,child,DomainName
cloudsearch.service_access_policy,cloudsearch.service_access_policy,cloudsearch,,,,,,/,false,true,synthetic,synthetic,child,DomainName
cloudsearch.suggester,cloudsearch.suggester,cloudsearch,,,,,,/,false,true,synthetic,synthetic,child,DomainName
cloudsearchdomain.search,cloudsearchdomain.search,cloudsearchdomain,,,,,,/,false,true,synthetic,synthetic,child,query
cloudtrail.event_selector,cloudtrail.event_selector,cloudtrail,,,,,,/,false,true,synthetic,synthetic,child,TrailName
cloudwatch.alarms_for_metric,cloudwatch.alarms_for_metric,cloudwatch,,,,,,/,false,true,synthetic,synthetic,child,MetricName
codecatalyst.source_repository_clone_url,codecatalyst.source_repository_clone_url,codecatalyst,,,,,,/,false,true,synthetic,synthetic,child,"projectName,sourceRepositoryName,spaceName"
codecatalyst.subscription,codecatalyst.subscription,codecatalyst,,,,,,/,false,true,synthetic,synthetic,child,spaceName
codecatalyst.user_detail,codecatalyst.user_detail,codecatalyst,,,,,,/,false,true,synthetic,synthetic,singleton,
codecommit.blob,codecommit.blob,codecommit,,,,,,/,false,true,synthetic,synthetic,child,"blobId,repositoryName"
codecommit.branch,codecommit.branch,codecommit,branchName,,,,,/,false,true,synthetic,synthetic,singleton,
codecommit.comment_reaction,codecommit.comment_reaction,codecommit,,,,,,/,false,true,synthetic,synthetic,child,commentId
codecommit.comments_for_compared_commit,codecommit.comments_for_compared_commit,codecommit,,,,,,/,false,true,synthetic,synthetic,child,"afterCommitId,repositoryName"
codecommit.comments_for_pull_request,codecommit.comments_for_pull_request,codecommit,,,,,,/,false,true,synthetic,synthetic,child,pullRequestId
codecommit.difference,codecommit.difference,codecommit,,,,,,/,false,true,synthetic,synthetic,child,"afterCommitSpecifier,repositoryName"
codecommit.file,codecommit.file,codecommit,,,,,,/,false,true,synthetic,synthetic,child,"filePath,repositoryName"
codecommit.file_commit_history,codecommit.file_commit_history,codecommit,,,,,,/,false,true,synthetic,synthetic,child,"filePath,repositoryName"
codecommit.folder,codecommit.folder,codecommit,,,,,,/,false,true,synthetic,synthetic,child,"folderPath,repositoryName"
codecommit.merge_commit,codecommit.merge_commit,codecommit,,,,,,/,false,true,synthetic,synthetic,child,"destinationCommitSpecifier,repositoryName,sourceCommitSpecifier"
codecommit.merge_conflict,codecommit.merge_conflict,codecommit,,,,,,/,false,true,synthetic,synthetic,child,"destinationCommitSpecifier,filePath,mergeOption,repositoryName,sourceCommitSpecifier"
codecommit.pull_request_approval_state,codecommit.pull_request_approval_state,codecommit,,,,,,/,false,true,synthetic,synthetic,child,"pullRequestId,revisionId"
codecommit.pull_request_event,codecommit.pull_request_event,codecommit,,,,,,/,false,true,synthetic,synthetic,child,pullRequestId
codecommit.pull_request_override_state,codecommit.pull_request_override_state,codecommit,,,,,,/,false,true,synthetic,synthetic,child,"pullRequestId,revisionId"
codedeploy.application_revision,codedeploy.application_revision,codedeploy,,,,,,/,false,true,synthetic,synthetic,child,"applicationName,revision"
codedeploy.deployment_instance,codedeploy.deployment_instance,codedeploy,,,,,,/,false,true,synthetic,synthetic,child,"deploymentId,instanceId"
codedeploy.deployment_target,codedeploy.deployment_target,codedeploy,,,,,,/,false,true,synthetic,synthetic,child,"deploymentId,targetId"
codedeploy.on_premises_instance,codedeploy.on_premises_instance,codedeploy,,,,,,/,false,true,synthetic,synthetic,child,instanceName
codeguru-reviewer.recommendation_feedback,codeguru-reviewer.recommendation_feedback,codeguru-reviewer,,,,,,/,false,true,synthetic,synthetic,child,"CodeReviewArn,RecommendationId"
codeguru-security.findings_metric,codeguru-security.findings_metric,codeguru-security,,,,,,/,false,true,synthetic,synthetic,child,"endDate,startDate"
codeguruprofiler.notification_configuration,codeguruprofiler.notification_configuration,codeguruprofiler,,,,,,/,false,true,synthetic,synthetic,child,profilingGroupName
codeguruprofiler.policy,codeguruprofiler.policy,codeguruprofiler,,,,,,/,false,true,synthetic,synthetic,child,profilingGroupName
codeguruprofiler.profile,codeguruprofiler.profile,codeguruprofiler,,,,,,/,false,true,synthetic,synthetic,child,profilingGroupName
codeguruprofiler.profile_time,codeguruprofiler.profile_time,codeguruprofiler,,,,,,/,false,true,synthetic,synthetic,child,"endTime,period,profilingGroupName,startTime"
codepipeline.deploy_action_execution_target,codepipeline.deploy_action_execution_target,codepipeline,,,,,,/,false,true,synthetic,synthetic,child,
codepipeline.pipeline_state,codepipeline.pipeline_state,codepipeline,,,,,,/,false,true,synthetic,synthetic,child,name
codestar-connections.repository_sync_definition,codestar-connections.repository_sync_definition,codestar-connections,,,,,,/,false,true,synthetic,synthetic,child,"RepositoryLinkId,SyncType"
codestar-connections.repository_sync_status,codestar-connections.repository_sync_status,codestar-connections,,,,,,/,false,true,synthetic,synthetic,child,"Branch,RepositoryLinkId,SyncType"
codestar-connections.resource_sync_status,codestar-connections.resource_sync_status,codestar-connections,,,,,,/,false,true,synthetic,synthetic,child,"ResourceName,SyncType"
cognito-identity.credentials_for_identity,cognito-identity.credentials_for_identity,cognito-identity,,,,,,/,false,true,synthetic,synthetic,child,IdentityId
cognito-identity.id,cognito-identity.id,cognito-identity,,,,,,/,false,true,synthetic,synthetic,child,IdentityPoolId
cognito-identity.identity_pool_role,cognito-identity.identity_pool_role,cognito-identity,,,,,,/,false,true,synthetic,synthetic,child,IdentityPoolId
cognito-identity.open_id_token,cognito-identity.open_id_token,cognito-identity,,,,,,/,false,true,synthetic,synthetic,child,IdentityId
cognito-identity.open_id_token_for_developer_identity,cognito-identity.open_id_token_for_developer_identity,cognito-identity,,,,,,/,false,true,synthetic,synthetic,child,"IdentityPoolId,Logins"
cognito-identity.principal_tag_attribute_map,cognito-identity.principal_tag_attribute_map,cognito-identity,,,,,,/,false,true,synthetic,synthetic,child,"IdentityPoolId,IdentityProviderName"
cognito-idp.csv_header,cognito-idp.csv_header,cognito-idp,,,,,,/,false,true,synthetic,synthetic,child,UserPoolId
cognito-idp.device,cognito-idp.device,cognito-idp,,,,,,/,false,true,synthetic,synthetic,child,DeviceKey
cognito-idp.identity_provider,cognito-idp.identity_provider,cognito-idp,,,,,,/,false,true,synthetic,synthetic,child,"ProviderName,UserPoolId"
cognito-idp.identity_provider_by_identifier,cognito-idp.identity_provider_by_identifier,cognito-idp,,,,,,/,false,true,synthetic,synthetic,child,"IdpIdentifier,UserPoolId"
cognito-idp.log_delivery_configuration,cognito-idp.log_delivery_configuration,cognito-idp,,,,,,/,false,true,synthetic,synthetic,child,UserPoolId
cognito-idp.risk_configuration,cognito-idp.risk_configuration,cognito-idp,,,,,,/,false,true,synthetic,synthetic,child,UserPoolId
cognito-idp.signing_certificate,cognito-idp.signing_certificate,cognito-idp,,,,,,/,false,true,synthetic,synthetic,child,UserPoolId
cognito-idp.ui_customization,cognito-idp.ui_customization,cognito-idp,,,,,,/,false,true,synthetic,synthetic,child,UserPoolId
cognito-idp.user_attribute_verification_code,cognito-idp.user_attribute_verification_code,cognito-idp,,,,,,/,false,true,synthetic,synthetic,child,"AccessToken,AttributeName"
cognito-idp.user_import_job,cognito-idp.user_import_job,cognito-idp,,,,,,/,false,true,synthetic,synthetic,child,"JobId,UserPoolId"
cognito-idp.user_pool_client,cognito-idp.user_pool_client,cognito-idp,,,,,,/,false,true,synthetic,synthetic,child,"ClientId,UserPoolId"
cognito-idp.user_pool_domain,cognito-idp.user_pool_domain,cognito-idp,,,,,,/,false,true,synthetic,synthetic,child,Domain
cognito-idp.user_pool_mfa_config,cognito-idp.user_pool_mfa_config,cognito-idp,,,,,,/,false,true,synthetic,synthetic,child,UserPoolId
cognito-idp.users_in_group,cognito-idp.users_in_group,cognito-idp,,,,,,/,false,true,synthetic,synthetic,child,"GroupName,UserPoolId"
cognito-sync.bulk_publish_detail,cognito-sync.bulk_publish_detail,cognito-sync,,,,,,/,false,true,synthetic,synthetic,child,IdentityPoolId
cognito-sync.cognito_event,cognito-sync.cognito_event,cognito-sync,,,,,,/,false,true,synthetic,synthetic,child,IdentityPoolId
cognito-sync.identity_pool_configuration,cognito-sync.identity_pool_configuration,cognito-sync,,,,,,/,false,true,synthetic,synthetic,child,IdentityPoolId
cognito-sync.record,cognito-sync.record,cognito-sync,,,,,,/,false,true,synthetic,synthetic,child,"DatasetName,IdentityId,IdentityPoolId"
comprehend.resource_policy,comprehend.resource_policy,comprehend,,,,,,/,false,true,synthetic,synthetic,child,ResourceArn
comprehendmedical.entities_detection_v2_job,comprehendmedical.entities_detection_v2_job,comprehendmedical,,,,,,/,false,true,synthetic,synthetic,child,JobId
comprehendmedical.icd10_cm_inference_job,comprehendmedical.icd10_cm_inference_job,comprehendmedical,,,,,,/,false,true,synthetic,synthetic,child,JobId
comprehendmedical.phi_detection_job,comprehendmedical.phi_detection_job,comprehendmedical,,,,,,/,false,true,synthetic,synthetic,child,JobId
comprehendmedical.rx_norm_inference_job,comprehendmedical.rx_norm_inference_job,comprehendmedical,,,,,,/,false,true,synthetic,synthetic,child,JobId
comprehendmedical.snomedct_inference_job,comprehendmedical.snomedct_inference_job,comprehendmedical,,,,,,/,false,true,synthetic,synthetic,child,JobId
compute-optimizer.ec2_recommendation_projected_metric,compute-optimizer.ec2_recommendation_projected_metric,compute-optimizer,,,,,,/,false,true,synthetic,synthetic,child,"endTime,instanceArn,period,startTime,stat"
compute-optimizer.ecs_service_recommendation_projected_metric,compute-optimizer.ecs_service_recommendation_projected_metric,compute-optimizer,,,,,,/,false,true,synthetic,synthetic,child,"endTime,period,serviceArn,startTime,stat"
compute-optimizer.enrollment_status,compute-optimizer.enrollment_status,compute-optimizer,,,,,,/,false,true,synthetic,synthetic,singleton,
compute-optimizer.recommendation_preference,compute-optimizer.recommendation_preference,compute-optimizer,,,,,,/,false,true,synthetic,synthetic,asset,
connect.analytics_data_association,connect.analytics_data_association,connect,,,,,,/,false,true,synthetic,synthetic,child,InstanceId
connect.bot,connect.bot,connect,,,,,,/,false,true,synthetic,synthetic,child,"InstanceId,LexVersion"
connect.contact_evaluation,connect.contact_evaluation,connect,,,,,,/,false,true,synthetic,synthetic,child,"EvaluationId,InstanceId"
connect.contact_reference,connect.contact_reference,connect,,,,,,/,false,true,synthetic,synthetic,child,"ContactId,InstanceId,ReferenceTypes"
connect.current_metric_data,connect.current_metric_data,connect,,,,,,/,false,true,synthetic,synthetic,child,"CurrentMetrics,InstanceId"
connect.current_user_data,connect.current_user_data,connect,,,,,,/,false,true,synthetic,synthetic,child,InstanceId
connect.default_vocabulary,connect.default_vocabulary,connect,,,,,,/,false,true,synthetic,synthetic,child,InstanceId
connect.evaluation_form_version,connect.evaluation_form_version,connect,,,,,,/,false,true,synthetic,synthetic,child,"EvaluationFormId,InstanceId"
connect.federation_token,connect.federation_token,connect,,,,,,/,false,true,synthetic,synthetic,child,InstanceId
connect.flow_association,connect.flow_association,connect,,,,,,/,false,true,synthetic,synthetic,child,"InstanceId,ResourceId"
connect.lex_bot,connect.lex_bot,connect,,,,,,/,false,true,synthetic,synthetic,child,InstanceId
connect.metric_data,connect.metric_data,connect,,,,,,/,false,true,synthetic,synthetic,child,"EndTime,HistoricalMetrics,InstanceId,StartTime"
connect.metric_data_v2,connect.metric_data_v2,connect,,,,,,/,false,true,synthetic,synthetic,child,"EndTime,Metrics,ResourceArn,StartTime"
connect.prompt_file,connect.prompt_file,connect,,,,,,/,false,true,synthetic,synthetic,child,"InstanceId,PromptId"
connect.realtime_contact_analysis_segments_v2,connect.realtime_contact_analysis_segments_v2,connect,,,,,,/,false,true,synthetic,synthetic,child,"ContactId,InstanceId,OutputType,SegmentTypes"
connect.security_profile_application,connect.security_profile_application,connect,,,,,,/,false,true,synthetic,synthetic,child,"InstanceId,SecurityProfileId"
connect.traffic_distribution_group_user,connect.traffic_distribution_group_user,connect,,,,,,/,false,true,synthetic,synthetic,child,TrafficDistributionGroupId
connect.use_cas,connect.use_cas,connect,,,,,,/,false,true,synthetic,synthetic,child,"InstanceId,IntegrationAssociationId"
connect.user_proficiency,connect.user_proficiency,connect,,,,,,/,false,true,synthetic,synthetic,child,"InstanceId,UserId"
connect-contact-lens.realtime_contact_analysis_segment,connect-contact-lens.realtime_contact_analysis_segment,connect-contact-lens,,,,,,/,false,true,synthetic,synthetic,child,"ContactId,InstanceId"
connectcampaigns.campaign_state,connectcampaigns.campaign_state,connectcampaigns,,,,,,/,false,true,synthetic,synthetic,child,id
connectcampaigns.campaign_state_batch,connectcampaigns.campaign_state_batch,connectcampaigns,,,,,,/,false,true,synthetic,synthetic,child,campaignIds
connectcampaigns.connect_instance_config,connectcampaigns.connect_instance_config,connectcampaigns,,,,,,/,false,true,synthetic,synthetic,child,connectInstanceId
connectcampaigns.instance_onboarding_job_status,connectcampaigns.instance_onboarding_job_status,connectcampaigns,,,,,,/,false,true,synthetic,synthetic,child,connectInstanceId
connectcases.case,connectcases.case,connectcases,,,,,,/,false,true,synthetic,synthetic,child,"caseId,domainId,fields"
connectcases.case_audit_event,connectcases.case_audit_event,connectcases,,,,,,/,false,true,synthetic,synthetic,child,"caseId,domainId"
connectcases.case_event_configuration,connectcases.case_event_configuration,connectcases,,,,,,/,false,true,synthetic,synthetic,child,domainId
connectcases.cases_for_contact,connectcases.cases_for_contact,connectcases,,,,,,/,false,true,synthetic,synthetic,child,"contactArn,domainId"
connectcases.search_cas,connectcases.search_cas,connectcases,,,,,,/,false,true,synthetic,synthetic,child,domainId
connectcases.search_related_item,connectcases.search_related_item,connectcases,,,,,,/,false,true,synthetic,synthetic,child,"caseId,domainId"
connectparticipant.attachment,connectparticipant.attachment,connectparticipant,,,,,,/,false,true,synthetic,synthetic,child,"AttachmentId,ConnectionToken"
cost-optimization-hub.preference,cost-optimization-hub.preference,cost-optimization-hub,,,,,,/,false,true,synthetic,synthetic,singleton,
customer-profiles.account_integration,customer-profiles.account_integration,customer-profiles,,,,,,/,false,true,synthetic,synthetic,child,Uri
customer-profiles.calculated_attribute_for_profile,customer-profiles.calculated_attribute_for_profile,customer-profiles,,,,,,/,false,true,synthetic,synthetic,child,"CalculatedAttributeName,DomainName,ProfileId"
customer-profiles.calculated_attributes_for_profile,customer-profiles.calculated_attributes_for_profile,customer-profiles,,,,,,/,false,true,synthetic,synthetic,child,"DomainName,ProfileId"
customer-profiles.identity_resolution_job,customer-profiles.identity_resolution_job,customer-profiles,,,,,,/,false,true,synthetic,synthetic,child,"DomainName,JobId"
customer-profiles.profile_object,customer-profiles.profile_object,customer-profiles,,,,,,/,false,true,synthetic,synthetic,child,"DomainName,ObjectTypeName,ProfileId"
customer-profiles.profile_object_type_template,customer-profiles.profile_object_type_template,customer-profiles,,,,,,/,false,true,synthetic,synthetic,child,TemplateId
customer-profiles.rule_based_match,customer-profiles.rule_based_match,customer-profiles,,,,,,/,false,true,synthetic,synthetic,child,DomainName
customer-profiles.segment_membership,customer-profiles.segment_membership,customer-profiles,,,,,,/,false,true,synthetic,synthetic,child,
customer-profiles.similar_profile,customer-profiles.similar_profile,customer-profiles,,,,,,/,false,true,synthetic,synthetic,child,"DomainName,MatchType,SearchKey,SearchValue"
customer-profiles.workflow_step,customer-profiles.workflow_step,customer-profiles,,,,,,/,false,true,synthetic,synthetic,child,"DomainName,WorkflowId"
dataexchange.job,dataexchange.job,dataexchange,,,,,,/,false,true,synthetic,synthetic,child,JobId
datapipeline.query_object,datapipeline.query_object,datapipeline,,,,,,/,false,true,synthetic,synthetic,child,"pipelineId,sphere"
datazone.asset_revision,datazone.asset_revision,datazone,,,,,,/,false,true,synthetic,synthetic,child,"domainIdentifier,identifier"
datazone.data_source_run_activity,datazone.data_source_run_activity,datazone,,,,,,/,false,true,synthetic,synthetic,child,"domainIdentifier,identifier"
datazone.iam_portal_login_url,datazone.iam_portal_login_url,datazone,,,,,,/,false,true,synthetic,synthetic,child,domainIdentifier
datazone.notification,datazone.notification,datazone,,,,,,/,false,true,synthetic,synthetic,child,domainIdentifier
datazone.search,datazone.search,datazone,,,,,,/,false,true,synthetic,synthetic,child,"domainIdentifier,searchScope"
datazone.search_group_profile,datazone.search_group_profile,datazone,,,,,,/,false,true,synthetic,synthetic,child,"domainIdentifier,groupType"
datazone.search_listing,datazone.search_listing,datazone,,,,,,/,false,true,synthetic,synthetic,child,domainIdentifier
datazone.search_type,datazone.search_type,datazone,,,,,,/,false,true,synthetic,synthetic,child,"domainIdentifier,managed,searchScope"
datazone.search_user_profile,datazone.search_user_profile,datazone,,,,,,/,false,true,synthetic,synthetic,child,"domainIdentifier,userType"
datazone.subscription_request,datazone.subscription_request,datazone,,,,,,/,false,true,synthetic,synthetic,child,domainIdentifier
detective.member,detective.member,detective,,,,,,/,false,true,synthetic,synthetic,child,GraphArn
devicefarm.offering_status,devicefarm.offering_status,devicefarm,,,,,,/,false,true,synthetic,synthetic,singleton,
devicefarm.test_grid_session_action,devicefarm.test_grid_session_action,devicefarm,,,,,,/,false,true,synthetic,synthetic,child,sessionArn
devicefarm.test_grid_session_artifact,devicefarm.test_grid_session_artifact,devicefarm,,,,,,/,false,true,synthetic,synthetic,child,sessionArn
devicefarm.unique_problem,devicefarm.unique_problem,devicefarm,,,,,,/,false,true,synthetic,synthetic,child,arn
devops-guru.account_health,devops-guru.account_health,devops-guru,,,,,,/,false,true,synthetic,synthetic,singleton,
devops-guru.account_overview,devops-guru.account_overview,devops-guru,,,,,,/,false,true,synthetic,synthetic,child,FromTime
devops-guru.anomalous_log_group,devops-guru.anomalous_log_group,devops-guru,,,,,,/,false,true,synthetic,synthetic,child,InsightId
devops-guru.event,devops-guru.event,devops-guru,,,,,,/,false,true,synthetic,synthetic,asset,
devops-guru.event_sources_config,devops-guru.event_sources_config,devops-guru,,,,,,/,false,true,synthetic,synthetic,singleton,
devops-guru.feedback,devops-guru.feedback,devops-guru,Id,,,,,/,false,true,synthetic,synthetic,singleton,
devops-guru.organization_health,devops-guru.organization_health,devops-guru,,,,,,/,false,true,synthetic,synthetic,singleton,
devops-guru.organization_overview,devops-guru.organization_overview,devops-guru,,,,,,/,false,true,synthetic,synthetic,child,FromTime
devops-guru.organization_resource_collection_health,devops-guru.organization_resource_collection_health,devops-guru,,,,,,/,false,true,synthetic,synthetic,child,OrganizationResourceCollectionType
devops-guru.resource_collection_health,devops-guru.resource_collection_health,devops-guru,,,,,,/,false,true,synthetic,synthetic,child,ResourceCollectionType
devops-guru.service_integration,devops-guru.service_integration,devops-guru,,,,,,/,false,true,synthetic,synthetic,singleton,
discovery.batch_delete_configuration_task,discovery.batch_delete_configuration_task,discovery,,,,,,/,false,true,synthetic,synthetic,child,taskId
discovery.configuration,discovery.configuration,discovery,,,,,,/,false,true,synthetic,synthetic,child,configurationIds
discovery.server_neighbor,discovery.server_neighbor,discovery,,,,,,/,false,true,synthetic,synthetic,child,configurationId
docdb-elastic.cluster_snapshot,docdb-elastic.cluster_snapshot,docdb-elastic,,,,,,/,false,true,synthetic,synthetic,child,snapshotArn
ds.client_authentication_setting,ds.client_authentication_setting,ds,,,,,,/,false,true,synthetic,synthetic,child,DirectoryId
ds.conditional_forwarder,ds.conditional_forwarder,ds,,,,,,/,false,true,synthetic,synthetic,child,DirectoryId
ds.ip_route,ds.ip_route,ds,,,,,,/,false,true,synthetic,synthetic,child,DirectoryId
ds.ldaps_setting,ds.ldaps_setting,ds,,,,,,/,false,true,synthetic,synthetic,child,DirectoryId
ds.update_directory,ds.update_directory,ds,,,,,,/,false,true,synthetic,synthetic,child,"DirectoryId,UpdateType"
dynamodb.continuous_backup,dynamodb.continuous_backup,dynamodb,,,,,,/,false,true,synthetic,synthetic,child,TableName
dynamodb.table_replica_auto_scaling,dynamodb.table_replica_auto_scaling,dynamodb,,,,,,/,false,true,synthetic,synthetic,child,TableName
dynamodbstreams.record,dynamodbstreams.record,dynamodbstreams,,,,,,/,false,true,synthetic,synthetic,child,ShardIterator
dynamodbstreams.shard_iterator,dynamodbstreams.shard_iterator,dynamodbstreams,,,,,,/,false,true,synthetic,synthetic,child,"ShardId,ShardIteratorType,StreamArn"
ec2.ebs_encryption_by_default,ec2.ebs_encryption_by_default,ec2,,,,,,/,false,true,synthetic,synthetic,singleton,
ec2.iam_instance_profile_association,ec2.iam_instance_profile_association,ec2,,,,,,/,false,true,synthetic,synthetic,child,
ec2.launch_template_data,ec2.launch_template_data,ec2,,,,,,/,false,true,synthetic,synthetic,child,InstanceId
ec2.serial_console_access_status,ec2.serial_console_access_status,ec2,,,,,,/,false,true,synthetic,synthetic,singleton,
ecr.lifecycle_policy,ecr.lifecycle_policy,ecr,,,,,,/,false,true,synthetic,synthetic,child,repositoryName
ecr.registry,ecr.registry,ecr,registryId,,,,,/,false,true,synthetic,synthetic,singleton,
ecr.registry_policy,ecr.registry_policy,ecr,RegistryId,,,,,/,false,true,synthetic,synthetic,singleton,
ecr.registry_scanning_configuration,ecr.registry_scanning_configuration,ecr,RegistryId,,,,,/,false,true,synthetic,synthetic,singleton,
ecr.repository_policy,ecr.repository_policy,ecr,,,,,,/,false,true,synthetic,synthetic,child,repositoryName
ecr-public.authorization_token,ecr-public.authorization_token,ecr-public,,,,,,/,false,true,synthetic,synthetic,singleton,
ecr-public.image,ecr-public.image,ecr-public,,,,,,/,false,true,synthetic,synthetic,child,repositoryName
ecr-public.registry_catalog_data,ecr-public.registry_catalog_data,ecr-public,,,,,,/,false,true,synthetic,synthetic,singleton,
ecr-public.repository_catalog_data,ecr-public.repository_catalog_data,ecr-public,,,,,,/,false,true,synthetic,synthetic,child,repositoryName
ecr-public.repository_policy,ecr-public.repository_policy,ecr-public,,,,,,/,false,true,synthetic,synthetic,child,repositoryName
efs.backup_policy,efs.backup_policy,efs,,,,,,/,false,true,synthetic,synthetic,child,FileSystemId
efs.file_system_policy,efs.file_system_policy,efs,,,,,,/,false,true,synthetic,synthetic,child,FileSystemId
efs.lifecycle_configuration,efs.lifecycle_configuration,efs,,,,,,/,false,true,synthetic,synthetic,child,FileSystemId
elasticbeanstalk.configuration_setting,elasticbeanstalk.configuration_setting,elasticbeanstalk,,,,,,/,false,true,synthetic,synthetic,child,ApplicationName
elbv2.target_health,elbv2.target_health,elbv2,,,,,,/,false,true,synthetic,synthetic,child,TargetGroupArn
emr.auto_termination_policy,emr.auto_termination_policy,emr,,,,,,/,false,true,synthetic,synthetic,child,ClusterId
emr.block_public_access_configuration,emr.block_public_access_configuration,emr,,,,,,/,false,true,synthetic,synthetic,singleton,
emr.cluster_session_credential,emr.cluster_session_credential,emr,,,,,,/,false,true,synthetic,synthetic,child,ClusterId
emr.managed_scaling_policy,emr.managed_scaling_policy,emr,,,,,,/,false,true,synthetic,synthetic,child,ClusterId
emr.notebook_execution,emr.notebook_execution,emr,,,,,,/,false,true,synthetic,synthetic,child,NotebookExecutionId
emr-containers.managed_endpoint_session_credential,emr-containers.managed_endpoint_session_credential,emr-containers,,,,,,/,false,true,synthetic,synthetic,child,"credentialType,endpointIdentifier,executionRoleArn,virtualClusterIdentifier"
emr-serverless.dashboard_for_job_run,emr-serverless.dashboard_for_job_run,emr-serverless,,,,,,/,false,true,synthetic,synthetic,child,"applicationId,jobRunId"
entityresolution.id_mapping_job,entityresolution.id_mapping_job,entityresolution,,,,,,/,false,true,synthetic,synthetic,child,"jobId,workflowName"
entityresolution.match_id,entityresolution.match_id,entityresolution,,,,,,/,false,true,synthetic,synthetic,child,"record,workflowName"
entityresolution.matching_job,entityresolution.matching_job,entityresolution,,,,,,/,false,true,synthetic,synthetic,child,"jobId,workflowName"
es.domain_auto_tune,es.domain_auto_tune,es,,,,,,/,false,true,synthetic,synthetic,child,DomainName
es.domain_change_progress,es.domain_change_progress,es,,,,,,/,false,true,synthetic,synthetic,child,DomainName
es.elasticsearch_domain_config,es.elasticsearch_domain_config,es,,,,,,/,false,true,synthetic,synthetic,child,DomainName
es.packages_for_domain,es.packages_for_domain,es,,,,,,/,false,true,synthetic,synthetic,child,DomainName
es.upgrade_history,es.upgrade_history,es,,,,,,/,false,true,synthetic,synthetic,child,DomainName
es.upgrade_status,es.upgrade_status,es,,,,,,/,false,true,synthetic,synthetic,child,DomainName
es.vpc_endpoint_access,es.vpc_endpoint_access,es,,,,,,/,false,true,synthetic,synthetic,child,DomainName
events.partner_event_source_account,events.partner_event_source_account,events,,,,,,/,false,true,synthetic,synthetic,child,EventSourceName
finspace.kx_changeset,finspace.kx_changeset,finspace,,,,,,/,false,true,synthetic,synthetic,child,"changesetId,databaseName,environmentId"
finspace.kx_cluster,finspace.kx_cluster,finspace,,,,,,/,false,true,synthetic,synthetic,child,"clusterName,environmentId"
finspace.kx_cluster_node,finspace.kx_cluster_node,finspace,,,,,,/,false,true,synthetic,synthetic,child,"clusterName,environmentId"
finspace.kx_connection_string,finspace.kx_connection_string,finspace,,,,,,/,false,true,synthetic,synthetic,child,"clusterName,environmentId,userArn"
finspace.kx_databas,finspace.kx_databas,finspace,,,,,,/,false,true,synthetic,synthetic,child,environmentId
finspace.kx_dataview,finspace.kx_dataview,finspace,,,,,,/,false,true,synthetic,synthetic,child,"databaseName,dataviewName,environmentId"
finspace.kx_scaling_group,finspace.kx_scaling_group,finspace,,,,,,/,false,true,synthetic,synthetic,child,"environmentId,scalingGroupName"
finspace.kx_volume,finspace.kx_volume,finspace,,,,,,/,false,true,synthetic,synthetic,child,"environmentId,volumeName"
finspace-data.external_data_view_access_detail,finspace-data.external_data_view_access_detail,finspace-data,,,,,,/,false,true,synthetic,synthetic,child,"dataViewId,datasetId"
finspace-data.programmatic_access_credential,finspace-data.programmatic_access_credential,finspace-data,,,,,,/,false,true,synthetic,synthetic,child,environmentId
finspace-data.users_by_permission_group,finspace-data.users_by_permission_group,finspace-data,,,,,,/,false,true,synthetic,synthetic,child,permissionGroupId
finspace-data.working_location,finspace-data.working_location,finspace-data,,,,,,/,false,true,synthetic,synthetic,singleton,
fis.experiment_resolved_target,fis.experiment_resolved_target,fis,,,,,,/,false,true,synthetic,synthetic,child,experimentId
fis.target_resource_type,fis.target_resource_type,fis,,,,,,/,false,true,synthetic,synthetic,asset,
fms.admin_account,fms.admin_account,fms,,,,,,/,false,true,synthetic,synthetic,singleton,
fms.admin_scope,fms.admin_scope,fms,,,,,,/,false,true,synthetic,synthetic,child,AdminAccount
fms.compliance_detail,fms.compliance_detail,fms,,,,,,/,false,true,synthetic,synthetic,child,"MemberAccount,PolicyId"
fms.compliance_status,fms.compliance_status,fms,,,,,,/,false,true,synthetic,synthetic,child,PolicyId
fms.protection_status,fms.protection_status,fms,,,,,,/,false,true,synthetic,synthetic,child,PolicyId
fms.resource_set_resource,fms.resource_set_resource,fms,,,,,,/,false,true,synthetic,synthetic,child,Identifier
fms.third_party_firewall_association_status,fms.third_party_firewall_association_status,fms,,,,,,/,false,true,synthetic,synthetic,child,ThirdPartyFirewall
fms.third_party_firewall_firewall_policy,fms.third_party_firewall_firewall_policy,fms,,,,,,/,false,true,synthetic,synthetic,child,ThirdPartyFirewall
fms.violation_detail,fms.violation_detail,fms,,,,,,/,false,true,synthetic,synthetic,child,"MemberAccount,PolicyId,ResourceId"
gamelift.compute_access,gamelift.compute_access,gamelift,,,,,,/,false,true,synthetic,synthetic,child,"ComputeName,FleetId"
gamelift.compute_auth_token,gamelift.compute_auth_token,gamelift,,,,,,/,false,true,synthetic,synthetic,child,"ComputeName,FleetId"
gamelift.fleet_event,gamelift.fleet_event,gamelift,,,,,,/,false,true,synthetic,synthetic,child,FleetId
gamelift.fleet_location_capacity,gamelift.fleet_location_capacity,gamelift,,,,,,/,false,true,synthetic,synthetic,child,"FleetId,Location"
gamelift.fleet_location_utilization,gamelift.fleet_location_utilization,gamelift,,,,,,/,false,true,synthetic,synthetic,child,"FleetId,Location"
gamelift.fleet_port_setting,gamelift.fleet_port_setting,gamelift,,,,,,/,false,true,synthetic,synthetic,child,FleetId
gamelift.game_server_instance,gamelift.game_server_instance,gamelift,,,,,,/,false,true,synthetic,synthetic,child,GameServerGroupName
gamelift.game_session_log_url,gamelift.game_session_log_url,gamelift,,,,,,/,false,true,synthetic,synthetic,child,GameSessionId
gamelift.game_session_placement,gamelift.game_session_placement,gamelift,,,,,,/,false,true,synthetic,synthetic,child,PlacementId
gamelift.instance_access,gamelift.instance_access,gamelift,,,,,,/,false,true,synthetic,synthetic,child,"FleetId,InstanceId"
gamelift.matchmaking,gamelift.matchmaking,gamelift,,,,,,/,false,true,synthetic,synthetic,child,TicketIds
gamelift.runtime_configuration,gamelift.runtime_configuration,gamelift,,,,,,/,false,true,synthetic,synthetic,child,FleetId
gamelift.scaling_policy,gamelift.scaling_policy,gamelift,,,,,,/,false,true,synthetic,synthetic,child,FleetId
glacier.data_retrieval_policy,glacier.data_retrieval_policy,glacier,,,,,,/,false,true,synthetic,synthetic,child,accountId
glacier.vault_access_policy,glacier.vault_access_policy,glacier,,,,,,/,false,true,synthetic,synthetic,child,"accountId,vaultName"
glacier.vault_lock,glacier.vault_lock,glacier,,,,,,/,false,true,synthetic,synthetic,child,"accountId,vaultName"
glue.schema_version,glue.schema_version,glue,VersionId,,,,,/,false,true,synthetic,synthetic,singleton,
grafana.workspace_configuration,grafana.workspace_configuration,grafana,,,,,,/,false,true,synthetic,synthetic,child,workspaceId
greengrass.bulk_deployment_status,greengrass.bulk_deployment_status,greengrass,,,,,,/,false,true,synthetic,synthetic,child,BulkDeploymentId
greengrass.deployment_status,greengrass.deployment_status,greengrass,,,,,,/,false,true,synthetic,synthetic,child,"DeploymentId,GroupId"
greengrass.group_certificate_configuration,greengrass.group_certificate_configuration,greengrass,,,,,,/,false,true,synthetic,synthetic,child,GroupId
greengrass.service_role_for_account,greengrass.service_role_for_account,greengrass,,,,,,/,false,true,synthetic,synthetic,singleton,
greengrass.thing_runtime_configuration,greengrass.thing_runtime_configuration,greengrass,,,,,,/,false,true,synthetic,synthetic,child,ThingName
greengrassv2.client_devices_associated_with_core_device,greengrassv2.client_devices_associated_with_core_device,greengrassv2,,,,,,/,false,true,synthetic,synthetic,child,coreDeviceThingName
greengrassv2.component_version_artifact,greengrassv2.component_version_artifact,greengrassv2,,,,,,/,false,true,synthetic,synthetic,child,"arn,artifactName"
greengrassv2.core_device,greengrassv2.core_device,greengrassv2,,,,,,/,false,true,synthetic,synthetic,child,coreDeviceThingName
greengrassv2.effective_deployment,greengrassv2.effective_deployment,greengrassv2,,,,,,/,false,true,synthetic,synthetic,child,coreDeviceThingName
greengrassv2.installed_component,greengrassv2.installed_component,greengrassv2,,,,,,/,false,true,synthetic,synthetic,child,coreDeviceThingName
greengrassv2.service_role_for_account,greengrassv2.service_role_for_account,greengrassv2,,,,,,/,false,true,synthetic,synthetic,singleton,
groundstation.agent_configuration,groundstation.agent_configuration,groundstation,,,,,,/,false,true,synthetic,synthetic,child,agentId
guardduty.malware_scan,guardduty.malware_scan,guardduty,,,,,,/,false,true,synthetic,synthetic,child,DetectorId
guardduty.member_detector,guardduty.member_detector,guardduty,,,,,,/,false,true,synthetic,synthetic,child,"AccountIds,DetectorId"
health.affected_accounts_for_organization,health.affected_accounts_for_organization,health,,,,,,/,false,true,synthetic,synthetic,child,eventArn
health.entity_aggregates_for_organization,health.entity_aggregates_for_organization,health,,,,,,/,false,true,synthetic,synthetic,child,eventArns
health.event_aggregate,health.event_aggregate,health,,,,,,/,false,true,synthetic,synthetic,child,aggregateField
health.event_detail,health.event_detail,health,,,,,,/,false,true,synthetic,synthetic,child,eventArns
health.event_details_for_organization,health.event_details_for_organization,health,,,,,,/,false,true,synthetic,synthetic,child,organizationEventDetailFilters
health.health_service_status_for_organization,health.health_service_status_for_organization,health,,,,,,/,false,true,synthetic,synthetic,singleton,
healthlake.fhir_export_job,healthlake.fhir_export_job,healthlake,,,,,,/,false,true,synthetic,synthetic,child,"DatastoreId,JobId"
healthlake.fhir_import_job,healthlake.fhir_import_job,healthlake,,,,,,/,false,true,synthetic,synthetic,child,"DatastoreId,JobId"
iam.account_password_policy,iam.account_password_policy,iam,,,,,,/,false,true,synthetic,synthetic,singleton,
iam.open_id_connect_provider,iam.open_id_connect_provider,iam,,,,,,/,false,true,synthetic,synthetic,child,OpenIDConnectProviderArn
iam.policy_version,iam.policy_version,iam,,,,,,/,false,true,synthetic,synthetic,child,"PolicyArn,VersionId"
imagebuilder.component_policy,imagebuilder.component_policy,imagebuilder,,,,,,/,false,true,synthetic,synthetic,child,componentArn
imagebuilder.container_recipe_policy,imagebuilder.container_recipe_policy,imagebuilder,,,,,,/,false,true,synthetic,synthetic,child,containerRecipeArn
imagebuilder.image_package,imagebuilder.image_package,imagebuilder,,,,,,/,false,true,synthetic,synthetic,child,imageBuildVersionArn
imagebuilder.image_policy,imagebuilder.image_policy,imagebuilder,,,,,,/,false,true,synthetic,synthetic,child,imageArn
imagebuilder.image_recipe_policy,imagebuilder.image_recipe_policy,imagebuilder,,,,,,/,false,true,synthetic,synthetic,child,imageRecipeArn
imagebuilder.lifecycle_execution_resource,imagebuilder.lifecycle_execution_resource,imagebuilder,,,,,,/,false,true,synthetic,synthetic,child,lifecycleExecutionId
importexport.shipping_label,importexport.shipping_label,importexport,,,,,,/,false,true,synthetic,synthetic,child,jobIds
importexport.status,importexport.status,importexport,,,,,,/,false,true,synthetic,synthetic,child,JobId
inspector-scan.scan_sbom,inspector-scan.scan_sbom,inspector-scan,,,,,,/,false,true,synthetic,synthetic,child,sbom
inspector2.findings_report_status,inspector2.findings_report_status,inspector2,,,,,,/,false,true,synthetic,synthetic,singleton,
inspector2.organization_configuration,inspector2.organization_configuration,inspector2,,,,,,/,false,true,synthetic,synthetic,singleton,
internetmonitor.health_event,internetmonitor.health_event,internetmonitor,,,,,,/,false,true,synthetic,synthetic,child,"EventId,MonitorName"
internetmonitor.query_status,internetmonitor.query_status,internetmonitor,,,,,,/,false,true,synthetic,synthetic,child,"MonitorName,QueryId"
iot.account_audit_configuration,iot.account_audit_configuration,iot,AccountId,,,,,/,false,true,synthetic,synthetic,singleton,
iot.audit_mitigation_actions_execution,iot.audit_mitigation_actions_execution,iot,,,,,,/,false,true,synthetic,synthetic,child,"findingId,taskId"
iot.audit_suppression,iot.audit_suppression,iot,,,,,,/,false,true,synthetic,synthetic,child,"checkName,resourceIdentifier"
iot.audit_task,iot.audit_task,iot,,,,,,/,false,true,synthetic,synthetic,child,taskId
iot.buckets_aggregation,iot.buckets_aggregation,iot,,,,,,/,false,true,synthetic,synthetic,child,"aggregationField,bucketsAggregationType,queryString"
iot.cardinality,iot.cardinality,iot,,,,,,/,false,true,synthetic,synthetic,child,queryString
iot.certificates_by_ca,iot.certificates_by_ca,iot,,,,,,/,false,true,synthetic,synthetic,child,caCertificateId
iot.default_authorizer,iot.default_authorizer,iot,,,,,,/,false,true,synthetic,synthetic,singleton,
iot.detect_mitigation_actions_task,iot.detect_mitigation_actions_task,iot,,,,,,/,false,true,synthetic,synthetic,child,taskId
iot.endpoint,iot.endpoint,iot,,,,,,/,false,true,synthetic,synthetic,singleton,
iot.event_configuration,iot.event_configuration,iot,,,,,,/,false,true,synthetic,synthetic,singleton,
iot.indexing_configuration,iot.indexing_configuration,iot,,,,,,/,false,true,synthetic,synthetic,singleton,
iot.job_document,iot.job_document,iot,,,,,,/,false,true,synthetic,synthetic,child,jobId
iot.job_execution,iot.job_execution,iot,,,,,,/,false,true,synthetic,synthetic,child,"jobId,thingName"
iot.job_executions_for_job,iot.job_executions_for_job,iot,,,,,,/,false,true,synthetic,synthetic,child,jobId
iot.job_executions_for_thing,iot.job_executions_for_thing,iot,,,,,,/,false,true,synthetic,synthetic,child,thingName
iot.logging_option,iot.logging_option,iot,,,,,,/,false,true,synthetic,synthetic,singleton,
iot.managed_job_template,iot.managed_job_template,iot,,,,,,/,false,true,synthetic,synthetic,child,templateName
iot.metric_value,iot.metric_value,iot,,,,,,/,false,true,synthetic,synthetic,child,"endTime,metricName,startTime,thingName"
iot.package_configuration,iot.package_configuration,iot,,,,,,/,false,true,synthetic,synthetic,singleton,
iot.percentile,iot.percentile,iot,,,,,,/,false,true,synthetic,synthetic,child,queryString
iot.policy_principal,iot.policy_principal,iot,,,,,,/,false,true,synthetic,synthetic,child,policyName
iot.principal_thing,iot.principal_thing,iot,,,,,,/,false,true,synthetic,synthetic,child,principal
iot.provisioning_template_version,iot.provisioning_template_version,iot,,,,,,/,false,true,synthetic,synthetic,child,"templateName,versionId"
iot.registration_code,iot.registration_code,iot,,,,,,/,false,true,synthetic,synthetic,singleton,
iot.search_index,iot.search_index,iot,,,,,,/,false,true,synthetic,synthetic,child,queryString
iot.security_profiles_for_target,iot.security_profiles_for_target,iot,,,,,,/,false,true,synthetic,synthetic,child,securityProfileTargetArn
iot.targets_for_policy,iot.targets_for_policy,iot,,,,,,/,false,true,synthetic,synthetic,child,policyName
iot.thing_groups_for_thing,iot.thing_groups_for_thing,iot,,,,,,/,false,true,synthetic,synthetic,child,thingName
iot.thing_principal,iot.thing_principal,iot,,,,,,/,false,true,synthetic,synthetic,child,thingName
iot.thing_registration_task,iot.thing_registration_task,iot,,,,,,/,false,true,synthetic,synthetic,child,taskId
iot.things_in_billing_group,iot.things_in_billing_group,iot,,,,,,/,false,true,synthetic,synthetic,child,billingGroupName
iot.things_in_thing_group,iot.things_in_thing_group,iot,,,,,,/,false,true,synthetic,synthetic,child,thingGroupName
iot.v2_logging_option,iot.v2_logging_option,iot,,,,,,/,false,true,synthetic,synthetic,singleton,
iot.violation_event,iot.violation_event,iot,,,,,,/,false,true,synthetic,synthetic,child,"endTime,startTime"
iot-data.named_shadows_for_thing,iot-data.named_shadows_for_thing,iot-data,,,,,,/,false,true,synthetic,synthetic,child,thingName
iot-data.retained_message,iot-data.retained_message,iot-data,,,,,,/,false,true,synthetic,synthetic,child,topic
iot-data.thing_shadow,iot-data.thing_shadow,iot-data,,,,,,/,false,true,synthetic,synthetic,child,thingName
iot-jobs-data.job_execution,iot-jobs-data.job_execution,iot-jobs-data,,,,,,/,false,true,synthetic,synthetic,child,"jobId,thingName"
iot-jobs-data.pending_job_execution,iot-jobs-data.pending_job_execution,iot-jobs-data,,,,,,/,false,true,synthetic,synthetic,child,thingName
iot-managed-integrations.managed_thing_account_association,iot-managed-integrations.managed_thing_account_association,iot-managed-integrations,,,,,,/,false,true,synthetic,synthetic,child,
iotanalytics.dataset_content,iotanalytics.dataset_content,iotanalytics,,,,,,/,false,true,synthetic,synthetic,child,datasetName
iotanalytics.logging_option,iotanalytics.logging_option,iotanalytics,,,,,,/,false,true,synthetic,synthetic,singleton,
iotdeviceadvisor.endpoint,iotdeviceadvisor.endpoint,iotdeviceadvisor,,,,,,/,false,true,synthetic,synthetic,singleton,
iotevents.alarm_model_version,iotevents.alarm_model_version,iotevents,,,,,,/,false,true,synthetic,synthetic,child,alarmModelName
iotevents.detector_model_analysis,iotevents.detector_model_analysis,iotevents,,,,,,/,false,true,synthetic,synthetic,child,analysisId
iotevents.detector_model_version,iotevents.detector_model_version,iotevents,,,,,,/,false,true,synthetic,synthetic,child,detectorModelName
iotevents.logging_option,iotevents.logging_option,iotevents,,,,,,/,false,true,synthetic,synthetic,singleton,
iotevents-data.alarm,iotevents-data.alarm,iotevents-data,,,,,,/,false,true,synthetic,synthetic,child,alarmModelName
iotevents-data.detector,iotevents-data.detector,iotevents-data,,,,,,/,false,true,synthetic,synthetic,child,detectorModelName
iotfleetwise.decoder_manifest_network_interface,iotfleetwise.decoder_manifest_network_interface,iotfleetwise,,,,,,/,false,true,synthetic,synthetic,child,name
iotfleetwise.decoder_manifest_signal,iotfleetwise.decoder_manifest_signal,iotfleetwise,,,,,,/,false,true,synthetic,synthetic,child,name
iotfleetwise.encryption_configuration,iotfleetwise.encryption_configuration,iotfleetwise,,,,,,/,false,true,synthetic,synthetic,singleton,
iotfleetwise.fleets_for_vehicle,iotfleetwise.fleets_for_vehicle,iotfleetwise,,,,,,/,false,true,synthetic,synthetic,child,vehicleName
iotfleetwise.logging_option,iotfleetwise.logging_option,iotfleetwise,,,,,,/,false,true,synthetic,synthetic,singleton,
iotfleetwise.model_manifest_node,iotfleetwise.model_manifest_node,iotfleetwise,,,,,,/,false,true,synthetic,synthetic,child,name
iotfleetwise.register_account_status,iotfleetwise.register_account_status,iotfleetwise,,,,,,/,false,true,synthetic,synthetic,singleton,
iotfleetwise.signal_catalog_node,iotfleetwise.signal_catalog_node,iotfleetwise,,,,,,/,false,true,synthetic,synthetic,child,name
iotfleetwise.vehicle_status,iotfleetwise.vehicle_status,iotfleetwise,,,,,,/,false,true,synthetic,synthetic,child,vehicleName
iotfleetwise.vehicles_in_fleet,iotfleetwise.vehicles_in_fleet,iotfleetwise,,,,,,/,false,true,synthetic,synthetic,child,fleetId
iotsitewise.asset_property_aggregate,iotsitewise.asset_property_aggregate,iotsitewise,,,,,,/,false,true,synthetic,synthetic,child,"aggregateTypes,endDate,resolution,startDate"
iotsitewise.asset_property_value,iotsitewise.asset_property_value,iotsitewise,,,,,,/,false,true,synthetic,synthetic,singleton,
iotsitewise.asset_relationship,iotsitewise.asset_relationship,iotsitewise,,,,,,/,false,true,synthetic,synthetic,child,"assetId,traversalType"
iotsitewise.bulk_import_job,iotsitewise.bulk_import_job,iotsitewise,,,,,,/,false,true,synthetic,synthetic,child,jobId
iotsitewise.composition_relationship,iotsitewise.composition_relationship,iotsitewise,,,,,,/,false,true,synthetic,synthetic,child,assetModelId
iotsitewise.default_encryption_configuration,iotsitewise.default_encryption_configuration,iotsitewise,,,,,,/,false,true,synthetic,synthetic,singleton,
iotsitewise.gateway_capability_configuration,iotsitewise.gateway_capability_configuration,iotsitewise,,,,,,/,false,true,synthetic,synthetic,child,"capabilityNamespace,gatewayId"
iotsitewise.interpolated_asset_property_value,iotsitewise.interpolated_asset_property_value,iotsitewise,,,,,,/,false,true,synthetic,synthetic,child,"endTimeInSeconds,intervalInSeconds,quality,startTimeInSeconds"
iotsitewise.logging_option,iotsitewise.logging_option,iotsitewise,,,,,,/,false,true,synthetic,synthetic,singleton,
iotsitewise.project_asset,iotsitewise.project_asset,iotsitewise,,,,,,/,false,true,synthetic,synthetic,child,projectId
iotsitewise.storage_configuration,iotsitewise.storage_configuration,iotsitewise,,,,,,/,false,true,synthetic,synthetic,singleton,
iotsitewise.time_sery,iotsitewise.time_sery,iotsitewise,,,,,,/,false,true,synthetic,synthetic,singleton,
iotthingsgraph.flow_execution_message,iotthingsgraph.flow_execution_message,iotthingsgraph,,,,,,/,false,true,synthetic,synthetic,child,flowExecutionId
iotthingsgraph.namespace_deletion_status,iotthingsgraph.namespace_deletion_status,iotthingsgraph,,,,,,/,false,true,synthetic,synthetic,singleton,
iotthingsgraph.search_flow_execution,iotthingsgraph.search_flow_execution,iotthingsgraph,,,,,,/,false,true,synthetic,synthetic,child,systemInstanceId
iotthingsgraph.upload_status,iotthingsgraph.upload_status,iotthingsgraph,,,,,,/,false,true,synthetic,synthetic,child,uploadId
iottwinmaker.property_value,iottwinmaker.property_value,iottwinmaker,,,,,,/,false,true,synthetic,synthetic,child,"selectedProperties,workspaceId"
iottwinmaker.property_value_history,iottwinmaker.property_value_history,iottwinmaker,,,,,,/,false,true,synthetic,synthetic,child,"selectedProperties,workspaceId"
iottwinmaker.sync_resource,iottwinmaker.sync_resource,iottwinmaker,,,,,,/,false,true,synthetic,synthetic,child,"syncSource,workspaceId"
iotwireless.devices_for_wireless_device_import_task,iotwireless.devices_for_wireless_device_import_task,iotwireless,,,,,,/,false,true,synthetic,synthetic,child,Id
iotwireless.event_configuration_by_resource_type,iotwireless.event_configuration_by_resource_type,iotwireless,,,,,,/,false,true,synthetic,synthetic,singleton,
iotwireless.multicast_group_session,iotwireless.multicast_group_session,iotwireless,,,,,,/,false,true,synthetic,synthetic,child,Id
iotwireless.position,iotwireless.position,iotwireless,,,,,,/,false,true,synthetic,synthetic,child,ResourceIdentifier
iotwireless.position_configuration,iotwireless.position_configuration,iotwireless,,,,,,/,false,true,synthetic,synthetic,child,ResourceIdentifier
iotwireless.queued_message,iotwireless.queued_message,iotwireless,,,,,,/,false,true,synthetic,synthetic,child,Id
iotwireless.resource_event_configuration,iotwireless.resource_event_configuration,iotwireless,,,,,,/,false,true,synthetic,synthetic,child,"Identifier,IdentifierType"
iotwireless.resource_log_level,iotwireless.resource_log_level,iotwireless,,,,,,/,false,true,synthetic,synthetic,child,ResourceIdentifier
iotwireless.resource_position,iotwireless.resource_position,iotwireless,,,,,,/,false,true,synthetic,synthetic,child,ResourceIdentifier
iotwireless.service_endpoint,iotwireless.service_endpoint,iotwireless,,,,,,/,false,true,synthetic,synthetic,singleton,
iotwireless.wireless_gateway_certificate,iotwireless.wireless_gateway_certificate,iotwireless,,,,,,/,false,true,synthetic,synthetic,child,Id
iotwireless.wireless_gateway_firmware_information,iotwireless.wireless_gateway_firmware_information,iotwireless,,,,,,/,false,true,synthetic,synthetic,child,Id
iotwireless.wireless_gateway_task,iotwireless.wireless_gateway_task,iotwireless,,,,,,/,false,true,synthetic,synthetic,child,Id
ivs-realtime.stage_session,ivs-realtime.stage_session,ivs-realtime,,,,,,/,false,true,synthetic,synthetic,child,"sessionId,stageArn"
kafka.bootstrap_broker,kafka.bootstrap_broker,kafka,,,,,,/,false,true,synthetic,synthetic,child,ClusterArn
kafka.cluster_operation,kafka.cluster_operation,kafka,,,,,,/,false,true,synthetic,synthetic,child,ClusterOperationArn
kafka.cluster_operation_v2,kafka.cluster_operation_v2,kafka,,,,,,/,false,true,synthetic,synthetic,child,ClusterOperationArn
kafka.cluster_operations_v2,kafka.cluster_operations_v2,kafka,,,,,,/,false,true,synthetic,synthetic,child,ClusterArn
kafka.cluster_v2,kafka.cluster_v2,kafka,,,,,,/,false,true,synthetic,synthetic,child,ClusterArn
kendra.groups_older_than_ordering_id,kendra.groups_older_than_ordering_id,kendra,,,,,,/,false,true,synthetic,synthetic,child,"IndexId,OrderingId"
kendra.principal_mapping,kendra.principal_mapping,kendra,,,,,,/,false,true,synthetic,synthetic,child,"GroupId,IndexId"
kendra.query_suggestions_config,kendra.query_suggestions_config,kendra,,,,,,/,false,true,synthetic,synthetic,child,IndexId
kendra.snapshot,kendra.snapshot,kendra,,,,,,/,false,true,synthetic,synthetic,child,"IndexId,Interval,MetricType"
kinesis-video-archived-media.clip,kinesis-video-archived-media.clip,kinesis-video-archived-media,,,,,,/,false,true,synthetic,synthetic,child,ClipFragmentSelector
kinesis-video-archived-media.dash_streaming_session_url,kinesis-video-archived-media.dash_streaming_session_url,kinesis-video-archived-media,,,,,,/,false,true,synthetic,synthetic,singleton,
kinesis-video-archived-media.hls_streaming_session_url,kinesis-video-archived-media.hls_streaming_session_url,kinesis-video-archived-media,,,,,,/,false,true,synthetic,synthetic,singleton,
kinesis-video-archived-media.image,kinesis-video-archived-media.image,kinesis-video-archived-media,,,,,,/,false,true,synthetic,synthetic,child,"EndTimestamp,Format,ImageSelectorType,StartTimestamp"
kinesis-video-archived-media.media_for_fragment_list,kinesis-video-archived-media.media_for_fragment_list,kinesis-video-archived-media,,,,,,/,false,true,synthetic,synthetic,child,Fragments
kinesis-video-media.media,kinesis-video-media.media,kinesis-video-media,,,,,,/,false,true,synthetic,synthetic,child,StartSelector
kinesis-video-signaling.ice_server_config,kinesis-video-signaling.ice_server_config,kinesis-video-signaling,,,,,,/,false,true,synthetic,synthetic,child,ChannelARN
kinesisanalyticsv2.application_snapshot,kinesisanalyticsv2.application_snapshot,kinesisanalyticsv2,,,,,,/,false,true,synthetic,synthetic,child,"ApplicationName,SnapshotName"
kinesisvideo.data_endpoint,kinesisvideo.data_endpoint,kinesisvideo,,,,,,/,false,true,synthetic,synthetic,child,APIName
kinesisvideo.edge_agent_configuration,kinesisvideo.edge_agent_configuration,kinesisvideo,,,,,,/,false,true,synthetic,synthetic,child,HubDeviceArn
kinesisvideo.edge_configuration,kinesisvideo.edge_configuration,kinesisvideo,,,,,,/,false,true,synthetic,synthetic,singleton,
kinesisvideo.image_generation_configuration,kinesisvideo.image_generation_configuration,kinesisvideo,,,,,,/,false,true,synthetic,synthetic,singleton,
kinesisvideo.media_storage_configuration,kinesisvideo.media_storage_configuration,kinesisvideo,,,,,,/,false,true,synthetic,synthetic,singleton,
kinesisvideo.notification_configuration,kinesisvideo.notification_configuration,kinesisvideo,,,,,,/,false,true,synthetic,synthetic,singleton,
kinesisvideo.signaling_channel_endpoint,kinesisvideo.signaling_channel_endpoint,kinesisvideo,,,,,,/,false,true,synthetic,synthetic,child,ChannelARN
kinesisvideo.tags_for_stream,kinesisvideo.tags_for_stream,kinesisvideo,,,,,,/,false,true,synthetic,synthetic,singleton,
kms.key_policy,kms.key_policy,kms,,,,,,/,false,true,synthetic,synthetic,child,"KeyId,PolicyName"
kms.key_rotation_status,kms.key_rotation_status,kms,,,,,,/,false,true,synthetic,synthetic,child,KeyId
lakeformation.data_lake_settings,lakeformation.data_lake_settings,lakeformation,Id,,,,,/,false,true,synthetic,synthetic,singleton,
lakeformation.lake_formation_identity_center_configuration,lakeformation.lake_formation_identity_center_configuration,lakeformation,,,,,,/,false,true,synthetic,synthetic,singleton,
lambda.function_concurrency,lambda.function_concurrency,lambda,,,,,,/,false,true,synthetic,synthetic,child,FunctionName
lambda.function_url_config,lambda.function_url_config,lambda,,,,,,/,false,true,synthetic,synthetic,child,FunctionName
lambda.layer_version_policy,lambda.layer_version_policy,lambda,,,,,,/,false,true,synthetic,synthetic,child,"LayerName,VersionNumber"
lambda.policy,lambda.policy,lambda,,,,,,/,false,true,synthetic,synthetic,child,FunctionName
lexv2-models.resource_policy,lexv2-models.resource_policy,lexv2-models,,,,,,/,false,true,synthetic,synthetic,child,resourceArn
lexv2-runtime.session,lexv2-runtime.session,lexv2-runtime,,,,,,/,false,true,synthetic,synthetic,child,"botAliasId,botId,localeId,sessionId"
license-manager.access_token,license-manager.access_token,license-manager,,,,,,/,false,true,synthetic,synthetic,child,Token
license-manager.associations_for_license_configuration,license-manager.associations_for_license_configuration,license-manager,,,,,,/,false,true,synthetic,synthetic,child,LicenseConfigurationArn
license-manager.failures_for_license_configuration_operation,license-manager.failures_for_license_configuration_operation,license-manager,,,,,,/,false,true,synthetic,synthetic,child,LicenseConfigurationArn
license-manager.license_specifications_for_resource,license-manager.license_specifications_for_resource,license-manager,,,,,,/,false,true,synthetic,synthetic,child,ResourceArn
license-manager.license_version,license-manager.license_version,license-manager,,,,,,/,false,true,synthetic,synthetic,child,LicenseArn
license-manager.received_grants_for_organization,license-manager.received_grants_for_organization,license-manager,,,,,,/,false,true,synthetic,synthetic,child,LicenseArn
license-manager.service_setting,license-manager.service_setting,license-manager,,,,,,/,false,true,synthetic,synthetic,singleton,
license-manager.usage_for_license_configuration,license-manager.usage_for_license_configuration,license-manager,,,,,,/,false,true,synthetic,synthetic,child,LicenseConfigurationArn
license-manager-user-subscriptions.product_subscription,license-manager-user-subscriptions.product_subscription,license-manager-user-subscriptions,,,,,,/,false,true,synthetic,synthetic,child,"IdentityProvider,Product"
license-manager-user-subscriptions.user_association,license-manager-user-subscriptions.user_association,license-manager-user-subscriptions,,,,,,/,false,true,synthetic,synthetic,child,"IdentityProvider,InstanceId"
location.device_position,location.device_position,location,,,,,,/,false,true,synthetic,synthetic,child,"DeviceId,TrackerName"
location.device_position_history,location.device_position_history,location,,,,,,/,false,true,synthetic,synthetic,child,"DeviceId,TrackerName"
location.map_glyph,location.map_glyph,location,,,,,,/,false,true,synthetic,synthetic,child,"FontStack,FontUnicodeRange,MapName"
location.map_sprite,location.map_sprite,location,,,,,,/,false,true,synthetic,synthetic,child,"FileName,MapName"
location.map_style_descriptor,location.map_style_descriptor,location,,,,,,/,false,true,synthetic,synthetic,child,MapName
location.map_tile,location.map_tile,location,,,,,,/,false,true,synthetic,synthetic,child,"MapName,X,Y,Z"
location.search_place_index_for_position,location.search_place_index_for_position,location,,,,,,/,false,true,synthetic,synthetic,child,"IndexName,Position"
location.search_place_index_for_suggestion,location.search_place_index_for_suggestion,location,,,,,,/,false,true,synthetic,synthetic,child,"IndexName,Text"
location.search_place_index_for_text,location.search_place_index_for_text,location,,,,,,/,false,true,synthetic,synthetic,child,"IndexName,Text"
logs.data_protection_policy,logs.data_protection_policy,logs,,,,,,/,false,true,synthetic,synthetic,child,logGroupIdentifier
logs.delivery_destination_policy,logs.delivery_destination_policy,logs,,,,,,/,false,true,synthetic,synthetic,child,deliveryDestinationName
logs.log_event,logs.log_event,logs,,,,,,/,false,true,synthetic,synthetic,child,logStreamName
logs.log_record,logs.log_record,logs,,,,,,/,false,true,synthetic,synthetic,child,logRecordPointer
logs.tags_log_group,logs.tags_log_group,logs,,,,,,/,false,true,synthetic,synthetic,child,logGroupName
lookoutequipment.data_ingestion_job,lookoutequipment.data_ingestion_job,lookoutequipment,,,,,,/,false,true,synthetic,synthetic,child,JobId
lookoutequipment.inference_event,lookoutequipment.inference_event,lookoutequipment,,,,,,/,false,true,synthetic,synthetic,child,"InferenceSchedulerName,IntervalEndTime,IntervalStartTime"
lookoutequipment.inference_execution,lookoutequipment.inference_execution,lookoutequipment,,,,,,/,false,true,synthetic,synthetic,child,InferenceSchedulerName
lookoutequipment.resource_policy,lookoutequipment.resource_policy,lookoutequipment,,,,,,/,false,true,synthetic,synthetic,child,ResourceArn
lookoutequipment.retraining_scheduler,lookoutequipment.retraining_scheduler,lookoutequipment,,,,,,/,false,true,synthetic,synthetic,child,ModelName
m2.batch_job_definition,m2.batch_job_definition,m2,,,,,,/,false,true,synthetic,synthetic,child,applicationId
m2.batch_job_execution,m2.batch_job_execution,m2,,,,,,/,false,true,synthetic,synthetic,child,"applicationId,executionId"
m2.data_set_import_history,m2.data_set_import_history,m2,,,,,,/,false,true,synthetic,synthetic,child,applicationId
m2.data_set_import_task,m2.data_set_import_task,m2,,,,,,/,false,true,synthetic,synthetic,child,"applicationId,taskId"
m2.signed_bluinsights_url,m2.signed_bluinsights_url,m2,,,,,,/,false,true,synthetic,synthetic,singleton,
macie2.administrator_account,macie2.administrator_account,macie2,,,,,,/,false,true,synthetic,synthetic,singleton,
macie2.automated_discovery_configuration,macie2.automated_discovery_configuration,macie2,,,,,,/,false,true,synthetic,synthetic,singleton,
macie2.classification_export_configuration,macie2.classification_export_configuration,macie2,,,,,,/,false,true,synthetic,synthetic,singleton,
macie2.findings_publication_configuration,macie2.findings_publication_configuration,macie2,,,,,,/,false,true,synthetic,synthetic,singleton,
macie2.invitations_count,macie2.invitations_count,macie2,,,,,,/,false,true,synthetic,synthetic,singleton,
macie2.macie_session,macie2.macie_session,macie2,,,,,,/,false,true,synthetic,synthetic,singleton,
macie2.master_account,macie2.master_account,macie2,,,,,,/,false,true,synthetic,synthetic,singleton,
macie2.organization_configuration,macie2.organization_configuration,macie2,,,,,,/,false,true,synthetic,synthetic,singleton,
macie2.resource_profile,macie2.resource_profile,macie2,,,,,,/,false,true,synthetic,synthetic,child,resourceArn
macie2.reveal_configuration,macie2.reveal_configuration,macie2,,,,,,/,false,true,synthetic,synthetic,singleton,
macie2.sensitive_data_occurrence,macie2.sensitive_data_occurrence,macie2,,,,,,/,false,true,synthetic,synthetic,child,findingId
macie2.sensitive_data_occurrences_availability,macie2.sensitive_data_occurrences_availability,macie2,,,,,,/,false,true,synthetic,synthetic,child,findingId
managedblockchain.proposal_vote,managedblockchain.proposal_vote,managedblockchain,,,,,,/,false,true,synthetic,synthetic,child,"NetworkId,ProposalId"
managedblockchain-query.token_balance,managedblockchain-query.token_balance,managedblockchain-query,,,,,,/,false,true,synthetic,synthetic,child,"ownerIdentifier,tokenIdentifier"
managedblockchain-query.transaction_event,managedblockchain-query.transaction_event,managedblockchain-query,,,,,,/,false,true,synthetic,synthetic,child,"network,transactionHash"
marketplace-agreement.agreement_term,marketplace-agreement.agreement_term,marketplace-agreement,,,,,,/,false,true,synthetic,synthetic,child,agreementId
marketplace-catalog.change_set,marketplace-catalog.change_set,marketplace-catalog,,,,,,/,false,true,synthetic,synthetic,child,"Catalog,ChangeSetId"
marketplace-catalog.resource_policy,marketplace-catalog.resource_policy,marketplace-catalog,,,,,,/,false,true,synthetic,synthetic,child,ResourceArn
marketplace-entitlement.entitlement,marketplace-entitlement.entitlement,marketplace-entitlement,,,,,,/,false,true,synthetic,synthetic,child,ProductCode
mediaconvert.policy,mediaconvert.policy,mediaconvert,,,,,,/,false,true,synthetic,synthetic,singleton,
medialive.input_device_thumbnail,medialive.input_device_thumbnail,medialive,,,,,,/,false,true,synthetic,synthetic,child,"Accept,InputDeviceId"
medialive.multiplex_program,medialive.multiplex_program,medialive,,,,,,/,false,true,synthetic,synthetic,child,"MultiplexId,ProgramName"
medialive.schedule,medialive.schedule,medialive,,,,,,/,false,true,synthetic,synthetic,child,ChannelId
medialive.thumbnail,medialive.thumbnail,medialive,,,,,,/,false,true,synthetic,synthetic,child,"ChannelId,PipelineId,ThumbnailType"
mediapackage-vod.asset,mediapackage-vod.asset,mediapackage-vod,,,,,,/,false,true,synthetic,synthetic,child,Id
mediastore.container_policy,mediastore.container_policy,mediastore,,,,,,/,false,true,synthetic,synthetic,child,ContainerName
mediastore.cors_policy,mediastore.cors_policy,mediastore,,,,,,/,false,true,synthetic,synthetic,child,ContainerName
mediastore.lifecycle_policy,mediastore.lifecycle_policy,mediastore,,,,,,/,false,true,synthetic,synthetic,child,ContainerName
mediastore.metric_policy,mediastore.metric_policy,mediastore,,,,,,/,false,true,synthetic,synthetic,child,ContainerName
mediastore-data.object,mediastore-data.object,mediastore-data,,,,,,/,false,true,synthetic,synthetic,child,Path
mediatailor.alert,mediatailor.alert,mediatailor,,,,,,/,false,true,synthetic,synthetic,child,ResourceArn
medical-imaging.dicom_import_job,medical-imaging.dicom_import_job,medical-imaging,,,,,,/,false,true,synthetic,synthetic,child,"datastoreId,jobId"
medical-imaging.image_frame,medical-imaging.image_frame,medical-imaging,,,,,,/,false,true,synthetic,synthetic,child,"datastoreId,imageFrameInformation,imageSetId"
medical-imaging.image_set_version,medical-imaging.image_set_version,medical-imaging,,,,,,/,false,true,synthetic,synthetic,child,"datastoreId,imageSetId"
medical-imaging.search_image_set,medical-imaging.search_image_set,medical-imaging,,,,,,/,false,true,synthetic,synthetic,child,datastoreId
mgh.application_state,mgh.application_state,mgh,,,,,,/,false,true,synthetic,synthetic,child,ApplicationId
mgh.discovered_resource,mgh.discovered_resource,mgh,,,,,,/,false,true,synthetic,synthetic,child,"MigrationTaskName,ProgressUpdateStream"
mgn.export_error,mgn.export_error,mgn,,,,,,/,false,true,synthetic,synthetic,child,exportID
mgn.import_error,mgn.import_error,mgn,,,,,,/,false,true,synthetic,synthetic,child,importID
mgn.job_log_item,mgn.job_log_item,mgn,,,,,,/,false,true,synthetic,synthetic,child,jobID
mgn.source_server_action,mgn.source_server_action,mgn,,,,,,/,false,true,synthetic,synthetic,child,sourceServerID
mgn.template_action,mgn.template_action,mgn,,,,,,/,false,true,synthetic,synthetic,child,launchConfigurationTemplateID
migration-hub-refactor-spaces.environment_vpc,migration-hub-refactor-spaces.environment_vpc,migration-hub-refactor-spaces,,,,,,/,false,true,synthetic,synthetic,child,EnvironmentIdentifier
migration-hub-refactor-spaces.resource_policy,migration-hub-refactor-spaces.resource_policy,migration-hub-refactor-spaces,,,,,,/,false,true,synthetic,synthetic,child,Identifier
migrationhub-config.home_region,migrationhub-config.home_region,migrationhub-config,,,,,,/,false,true,synthetic,synthetic,singleton,
migrationhubstrategy.application_component_strategy,migrationhubstrategy.application_component_strategy,migrationhubstrategy,,,,,,/,false,true,synthetic,synthetic,child,applicationComponentId
migrationhubstrategy.latest_assessment_id,migrationhubstrategy.latest_assessment_id,migrationhubstrategy,id,,,,,/,false,true,synthetic,synthetic,singleton,
migrationhubstrategy.portfolio_preference,migrationhubstrategy.portfolio_preference,migrationhubstrategy,,,,,,/,false,true,synthetic,synthetic,singleton,
migrationhubstrategy.server_strategy,migrationhubstrategy.server_strategy,migrationhubstrategy,,,,,,/,false,true,synthetic,synthetic,child,serverId
mturk.account_balance,mturk.account_balance,mturk,,,,,,/,false,true,synthetic,synthetic,singleton,
mturk.assignments_for_hit,mturk.assignments_for_hit,mturk,,,,,,/,false,true,synthetic,synthetic,child,HITId
mturk.file_upload_url,mturk.file_upload_url,mturk,,,,,,/,false,true,synthetic,synthetic,child,"AssignmentId,QuestionIdentifier"
mturk.hi_ts_for_qualification_type,mturk.hi_ts_for_qualification_type,mturk,,,,,,/,false,true,synthetic,synthetic,child,QualificationTypeId
mturk.qualification_score,mturk.qualification_score,mturk,,,,,,/,false,true,synthetic,synthetic,child,"QualificationTypeId,WorkerId"
mturk.review_policy_results_for_hit,mturk.review_policy_results_for_hit,mturk,,,,,,/,false,true,synthetic,synthetic,child,HITId
mturk.workers_with_qualification_type,mturk.workers_with_qualification_type,mturk,,,,,,/,false,true,synthetic,synthetic,child,QualificationTypeId
neptune-graph.import_task,neptune-graph.import_task,neptune-graph,,,,,,/,false,true,synthetic,synthetic,child,taskIdentifier
neptunedata.engine_status,neptunedata.engine_status,neptunedata,,,,,,/,false,true,synthetic,synthetic,singleton,
neptunedata.gremlin_query_status,neptunedata.gremlin_query_status,neptunedata,,,,,,/,false,true,synthetic,synthetic,child,queryId
neptunedata.loader_job,neptunedata.loader_job,neptunedata,,,,,,/,false,true,synthetic,synthetic,singleton,
neptunedata.loader_job_status,neptunedata.loader_job_status,neptunedata,,,,,,/,false,true,synthetic,synthetic,child,loadId
neptunedata.open_cypher_query_status,neptunedata.open_cypher_query_status,neptunedata,,,,,,/,false,true,synthetic,synthetic,child,queryId
network-firewall.resource_policy,network-firewall.resource_policy,network-firewall,,,,,,/,false,true,synthetic,synthetic,child,ResourceArn
networkmanager.attachment_routing_policy_association,networkmanager.attachment_routing_policy_association,networkmanager,,,,,,/,false,true,synthetic,synthetic,child,
networkmanager.connect_peer_association,networkmanager.connect_peer_association,networkmanager,,,,,,/,false,true,synthetic,synthetic,child,GlobalNetworkId
networkmanager.core_network_change_event,networkmanager.core_network_change_event,networkmanager,,,,,,/,false,true,synthetic,synthetic,child,"CoreNetworkId,PolicyVersionId"
networkmanager.core_network_policy,networkmanager.core_network_policy,networkmanager,,,,,,/,false,true,synthetic,synthetic,child,CoreNetworkId
networkmanager.core_network_policy_version,networkmanager.core_network_policy_version,networkmanager,,,,,,/,false,true,synthetic,synthetic,child,CoreNetworkId
networkmanager.network_resource_count,networkmanager.network_resource_count,networkmanager,,,,,,/,false,true,synthetic,synthetic,child,GlobalNetworkId
networkmanager.network_resource_relationship,networkmanager.network_resource_relationship,networkmanager,,,,,,/,false,true,synthetic,synthetic,child,GlobalNetworkId
networkmanager.network_route,networkmanager.network_route,networkmanager,,,,,,/,false,true,synthetic,synthetic,child,"GlobalNetworkId,RouteTableIdentifier"
networkmanager.network_telemetry,networkmanager.network_telemetry,networkmanager,,,,,,/,false,true,synthetic,synthetic,child,GlobalNetworkId
networkmanager.organization_service_access_status,networkmanager.organization_service_access_status,networkmanager,,,,,,/,false,true,synthetic,synthetic,singleton,
networkmanager.resource_policy,networkmanager.resource_policy,networkmanager,,,,,,/,false,true,synthetic,synthetic,child,ResourceArn
networkmanager.route_analysis,networkmanager.route_analysis,networkmanager,,,,,,/,false,true,synthetic,synthetic,child,"GlobalNetworkId,RouteAnalysisId"
networkmanager.transit_gateway_connect_peer_association,networkmanager.transit_gateway_connect_peer_association,networkmanager,,,,,,/,false,true,synthetic,synthetic,child,GlobalNetworkId
oam.sink_policy,oam.sink_policy,oam,,,,,,/,false,true,synthetic,synthetic,child,SinkIdentifier
omics.read_set,omics.read_set,omics,,,,,,/,false,true,synthetic,synthetic,child,"id,partNumber,sequenceStoreId"
omics.read_set_upload_part,omics.read_set_upload_part,omics,,,,,,/,false,true,synthetic,synthetic,child,"partSource,sequenceStoreId,uploadId"
omics.reference,omics.reference,omics,,,,,,/,false,true,synthetic,synthetic,child,"id,partNumber,referenceStoreId"
opensearchserverless.policies_stat,opensearchserverless.policies_stat,opensearchserverless,,,,,,/,false,true,synthetic,synthetic,singleton,
organizations.effective_policy,organizations.effective_policy,organizations,,,,,,/,false,true,synthetic,synthetic,child,PolicyType
osis.pipeline_blueprint,osis.pipeline_blueprint,osis,,,,,,/,false,true,synthetic,synthetic,child,BlueprintName
osis.pipeline_change_progress,osis.pipeline_change_progress,osis,,,,,,/,false,true,synthetic,synthetic,child,PipelineName
outposts.site_address,outposts.site_address,outposts,,,,,,/,false,true,synthetic,synthetic,child,"AddressType,SiteId"
panorama.application_instance_node_instance,panorama.application_instance_node_instance,panorama,,,,,,/,false,true,synthetic,synthetic,child,ApplicationInstanceId
panorama.device_job,panorama.device_job,panorama,,,,,,/,false,true,synthetic,synthetic,child,JobId
panorama.node_from_template_job,panorama.node_from_template_job,panorama,,,,,,/,false,true,synthetic,synthetic,child,JobId
panorama.package_import_job,panorama.package_import_job,panorama,,,,,,/,false,true,synthetic,synthetic,child,JobId
partnercentral-selling.engagement_resource_association,partnercentral-selling.engagement_resource_association,partnercentral-selling,,,,,,/,false,true,synthetic,synthetic,child,
payment-cryptography.alia,payment-cryptography.alia,payment-cryptography,,,,,,/,false,true,synthetic,synthetic,child,AliasName
payment-cryptography.parameters_for_export,payment-cryptography.parameters_for_export,payment-cryptography,,,,,,/,false,true,synthetic,synthetic,child,"KeyMaterialType,SigningKeyAlgorithm"
payment-cryptography.parameters_for_import,payment-cryptography.parameters_for_import,payment-cryptography,,,,,,/,false,true,synthetic,synthetic,child,"KeyMaterialType,WrappingKeyAlgorithm"
payment-cryptography.public_key_certificate,payment-cryptography.public_key_certificate,payment-cryptography,,,,,,/,false,true,synthetic,synthetic,child,KeyIdentifier
personalize-runtime.personalized_ranking,personalize-runtime.personalized_ranking,personalize-runtime,,,,,,/,false,true,synthetic,synthetic,child,"campaignArn,inputList,userId"
pi.dimension_key,pi.dimension_key,pi,,,,,,/,false,true,synthetic,synthetic,child,"EndTime,GroupBy,Identifier,Metric,ServiceType,StartTime"
pi.dimension_key_detail,pi.dimension_key_detail,pi,,,,,,/,false,true,synthetic,synthetic,child,"Group,GroupIdentifier,Identifier,ServiceType"
pinpoint.application_date_range_kpi,pinpoint.application_date_range_kpi,pinpoint,,,,,,/,false,true,synthetic,synthetic,child,"ApplicationId,KpiName"
pinpoint.campaign_activity,pinpoint.campaign_activity,pinpoint,,,,,,/,false,true,synthetic,synthetic,child,"ApplicationId,CampaignId"
pinpoint.campaign_date_range_kpi,pinpoint.campaign_date_range_kpi,pinpoint,,,,,,/,false,true,synthetic,synthetic,child,"ApplicationId,CampaignId,KpiName"
pinpoint.channel,pinpoint.channel,pinpoint,,,,,,/,false,true,synthetic,synthetic,child,ApplicationId
pinpoint.in_app_message,pinpoint.in_app_message,pinpoint,,,,,,/,false,true,synthetic,synthetic,child,"ApplicationId,EndpointId"
pinpoint.journey_date_range_kpi,pinpoint.journey_date_range_kpi,pinpoint,,,,,,/,false,true,synthetic,synthetic,child,"ApplicationId,JourneyId,KpiName"
pinpoint.journey_execution_activity_metric,pinpoint.journey_execution_activity_metric,pinpoint,,,,,,/,false,true,synthetic,synthetic,child,"ApplicationId,JourneyActivityId,JourneyId"
pinpoint.journey_execution_metric,pinpoint.journey_execution_metric,pinpoint,,,,,,/,false,true,synthetic,synthetic,child,"ApplicationId,JourneyId"
pinpoint.journey_run,pinpoint.journey_run,pinpoint,,,,,,/,false,true,synthetic,synthetic,child,"ApplicationId,JourneyId"
pinpoint.journey_run_execution_activity_metric,pinpoint.journey_run_execution_activity_metric,pinpoint,,,,,,/,false,true,synthetic,synthetic,child,"ApplicationId,JourneyActivityId,JourneyId,RunId"
pinpoint.journey_run_execution_metric,pinpoint.journey_run_execution_metric,pinpoint,,,,,,/,false,true,synthetic,synthetic,child,"ApplicationId,JourneyId,RunId"
pinpoint.segment_export_job,pinpoint.segment_export_job,pinpoint,,,,,,/,false,true,synthetic,synthetic,child,"ApplicationId,SegmentId"
pinpoint.segment_import_job,pinpoint.segment_import_job,pinpoint,,,,,,/,false,true,synthetic,synthetic,child,"ApplicationId,SegmentId"
pinpoint.template,pinpoint.template,pinpoint,,,,,,/,false,true,synthetic,synthetic,singleton,
pinpoint.template_version,pinpoint.template_version,pinpoint,,,,,,/,false,true,synthetic,synthetic,child,"TemplateName,TemplateType"
pinpoint.user_endpoint,pinpoint.user_endpoint,pinpoint,,,,,,/,false,true,synthetic,synthetic,child,"ApplicationId,UserId"
pinpoint-email.account,pinpoint-email.account,pinpoint-email,,,,,,/,false,true,synthetic,synthetic,singleton,
pinpoint-email.dedicated_ip,pinpoint-email.dedicated_ip,pinpoint-email,,,,,,/,false,true,synthetic,synthetic,child,Ip
pinpoint-email.domain_deliverability_campaign,pinpoint-email.domain_deliverability_campaign,pinpoint-email,,,,,,/,false,true,synthetic,synthetic,child,CampaignId
pinpoint-email.email_identity,pinpoint-email.email_identity,pinpoint-email,,,,,,/,false,true,synthetic,synthetic,child,EmailIdentity
pinpoint-sms-voice-v2.keyword,pinpoint-sms-voice-v2.keyword,pinpoint-sms-voice-v2,,,,,,/,false,true,synthetic,synthetic,child,OriginationIdentity
pinpoint-sms-voice-v2.opted_out_number,pinpoint-sms-voice-v2.opted_out_number,pinpoint-sms-voice-v2,,,,,,/,false,true,synthetic,synthetic,child,OptOutListName
pinpoint-sms-voice-v2.registration_association,pinpoint-sms-voice-v2.registration_association,pinpoint-sms-voice-v2,,,,,,/,false,true,synthetic,synthetic,child,RegistrationId
pinpoint-sms-voice-v2.registration_field_definition,pinpoint-sms-voice-v2.registration_field_definition,pinpoint-sms-voice-v2,,,,,,/,false,true,synthetic,synthetic,child,RegistrationType
pinpoint-sms-voice-v2.registration_field_value,pinpoint-sms-voice-v2.registration_field_value,pinpoint-sms-voice-v2,,,,,,/,false,true,synthetic,synthetic,child,RegistrationId
pinpoint-sms-voice-v2.registration_section_definition,pinpoint-sms-voice-v2.registration_section_definition,pinpoint-sms-voice-v2,,,,,,/,false,true,synthetic,synthetic,child,RegistrationType
pinpoint-sms-voice-v2.registration_version,pinpoint-sms-voice-v2.registration_version,pinpoint-sms-voice-v2,,,,,,/,false,true,synthetic,synthetic,child,RegistrationId
pricing.attribute_value,pricing.attribute_value,pricing,,,,,,/,false,true,synthetic,synthetic,child,"AttributeName,ServiceCode"
pricing.price_list_file_url,pricing.price_list_file_url,pricing,,,,,,/,false,true,synthetic,synthetic,child,"FileFormat,PriceListArn"
pricing.product,pricing.product,pricing,,,,,,/,false,true,synthetic,synthetic,child,ServiceCode
proton.component_output,proton.component_output,proton,,,,,,/,false,true,synthetic,synthetic,child,componentName
proton.environment_output,proton.environment_output,proton,,,,,,/,false,true,synthetic,synthetic,child,environmentName
proton.repository_sync_definition,proton.repository_sync_definition,proton,,,,,,/,false,true,synthetic,synthetic,child,"repositoryName,repositoryProvider,syncType"
proton.repository_sync_status,proton.repository_sync_status,proton,,,,,,/,false,true,synthetic,synthetic,child,"branch,repositoryName,repositoryProvider,syncType"
proton.service_instance_output,proton.service_instance_output,proton,,,,,,/,false,true,synthetic,synthetic,child,"serviceInstanceName,serviceName"
proton.service_instance_sync_status,proton.service_instance_sync_status,proton,,,,,,/,false,true,synthetic,synthetic,child,"serviceInstanceName,serviceName"
proton.service_pipeline_output,proton.service_pipeline_output,proton,,,,,,/,false,true,synthetic,synthetic,child,serviceName
proton.service_sync_config,proton.service_sync_config,proton,,,,,,/,false,true,synthetic,synthetic,child,serviceName
proton.template_sync_config,proton.template_sync_config,proton,,,,,,/,false,true,synthetic,synthetic,child,"templateName,templateType"
proton.template_sync_status,proton.template_sync_status,proton,,,,,,/,false,true,synthetic,synthetic,child,"templateName,templateType,templateVersion"
qbusiness.data_source_sync_job,qbusiness.data_source_sync_job,qbusiness,,,,,,/,false,true,synthetic,synthetic,child,"applicationId,dataSourceId,indexId"
qbusiness.document,qbusiness.document,qbusiness,,,,,,/,false,true,synthetic,synthetic,child,"applicationId,indexId"
qbusiness.group,qbusiness.group,qbusiness,,,,,,/,false,true,synthetic,synthetic,child,"applicationId,groupName,indexId"
qbusiness.indice,qbusiness.indice,qbusiness,,,,,,/,false,true,synthetic,synthetic,child,applicationId
qconnect.query_assistant,qconnect.query_assistant,qconnect,,,,,,/,false,true,synthetic,synthetic,child,"assistantId,queryText"
qconnect.quick_respons,qconnect.quick_respons,qconnect,,,,,,/,false,true,synthetic,synthetic,child,knowledgeBaseId
qconnect.search_quick_respons,qconnect.search_quick_respons,qconnect,,,,,,/,false,true,synthetic,synthetic,child,"knowledgeBaseId,searchExpression"
ram.resource_policy,ram.resource_policy,ram,,,,,,/,false,true,synthetic,synthetic,child,resourceArns
ram.resource_share_association,ram.resource_share_association,ram,,,,,,/,false,true,synthetic,synthetic,child,associationType
rds.db_cluster_parameter,rds.db_cluster_parameter,rds,,,,,,/,false,true,synthetic,synthetic,child,DBClusterParameterGroupName
redshift.logging_status,redshift.logging_status,redshift,,,,,,/,false,true,synthetic,synthetic,child,ClusterIdentifier
redshift-serverless.credential,redshift-serverless.credential,redshift-serverless,,,,,,/,false,true,synthetic,synthetic,singleton,
redshift-serverless.custom_domain_association,redshift-serverless.custom_domain_association,redshift-serverless,,,,,,/,false,true,synthetic,synthetic,child,"customDomainName,workgroupName"
redshift-serverless.endpoint_access,redshift-serverless.endpoint_access,redshift-serverless,,,,,,/,false,true,synthetic,synthetic,child,endpointName
redshift-serverless.resource_policy,redshift-serverless.resource_policy,redshift-serverless,,,,,,/,false,true,synthetic,synthetic,child,resourceArn
redshift-serverless.table_restore_status,redshift-serverless.table_restore_status,redshift-serverless,,,,,,/,false,true,synthetic,synthetic,child,tableRestoreRequestId
rekognition.dataset,rekognition.dataset,rekognition,,,,,,/,false,true,synthetic,synthetic,child,DatasetArn
rekognition.dataset_label,rekognition.dataset_label,rekognition,,,,,,/,false,true,synthetic,synthetic,child,DatasetArn
rekognition.search_face,rekognition.search_face,rekognition,,,,,,/,false,true,synthetic,synthetic,child,"CollectionId,FaceId"
rekognition.search_faces_by_image,rekognition.search_faces_by_image,rekognition,,,,,,/,false,true,synthetic,synthetic,child,"CollectionId,Image"
rekognition.search_user,rekognition.search_user,rekognition,,,,,,/,false,true,synthetic,synthetic,child,CollectionId
rekognition.search_users_by_image,rekognition.search_users_by_image,rekognition,,,,,,/,false,true,synthetic,synthetic,child,"CollectionId,Image"
resiliencehub.app_assessment,resiliencehub.app_assessment,resiliencehub,,,,,,/,false,true,synthetic,synthetic,child,assessmentArn
resiliencehub.app_assessment_compliance_drift,resiliencehub.app_assessment_compliance_drift,resiliencehub,,,,,,/,false,true,synthetic,synthetic,child,assessmentArn
resiliencehub.app_component_compliance,resiliencehub.app_component_compliance,resiliencehub,,,,,,/,false,true,synthetic,synthetic,child,assessmentArn
resiliencehub.app_version,resiliencehub.app_version,resiliencehub,,,,,,/,false,true,synthetic,synthetic,child,"appArn,appVersion"
resiliencehub.app_version_resource,resiliencehub.app_version_resource,resiliencehub,,,,,,/,false,true,synthetic,synthetic,child,"appArn,appVersion"
resiliencehub.app_version_resource_mapping,resiliencehub.app_version_resource_mapping,resiliencehub,,,,,,/,false,true,synthetic,synthetic,child,"appArn,appVersion"
resiliencehub.app_version_resources_resolution_status,resiliencehub.app_version_resources_resolution_status,resiliencehub,,,,,,/,false,true,synthetic,synthetic,child,"appArn,appVersion"
resiliencehub.app_version_template,resiliencehub.app_version_template,resiliencehub,,,,,,/,false,true,synthetic,synthetic,child,"appArn,appVersion"
resiliencehub.draft_app_version_resources_import_status,resiliencehub.draft_app_version_resources_import_status,resiliencehub,,,,,,/,false,true,synthetic,synthetic,child,appArn
resiliencehub.unsupported_app_version_resource,resiliencehub.unsupported_app_version_resource,resiliencehub,,,,,,/,false,true,synthetic,synthetic,child,"appArn,appVersion"
resource-explorer-2.account_level_service_configuration,resource-explorer-2.account_level_service_configuration,resource-explorer-2,,,,,,/,false,true,synthetic,synthetic,singleton,
resource-groups.group_configuration,resource-groups.group_configuration,resource-groups,,,,,,/,false,true,synthetic,synthetic,singleton,
resource-groups.group_query,resource-groups.group_query,resource-groups,,,,,,/,false,true,synthetic,synthetic,singleton,
resourcegroupstaggingapi.report_creation,resourcegroupstaggingapi.report_creation,resourcegroupstaggingapi,,,,,,/,false,true,synthetic,synthetic,singleton,
route53-recovery-cluster.routing_control_state,route53-recovery-cluster.routing_control_state,route53-recovery-cluster,,,,,,/,false,true,synthetic,synthetic,child,RoutingControlArn
route53-recovery-control-config.resource_policy,route53-recovery-control-config.resource_policy,route53-recovery-control-config,,,,,,/,false,true,synthetic,synthetic,child,ResourceArn
route53-recovery-readiness.readiness_check_resource_status,route53-recovery-readiness.readiness_check_resource_status,route53-recovery-readiness,,,,,,/,false,true,synthetic,synthetic,child,"ReadinessCheckName,ResourceIdentifier"
route53-recovery-readiness.readiness_check_status,route53-recovery-readiness.readiness_check_status,route53-recovery-readiness,,,,,,/,false,true,synthetic,synthetic,child,ReadinessCheckName
route53domains.contact_reachability_status,route53domains.contact_reachability_status,route53domains,,,,,,/,false,true,synthetic,synthetic,singleton,
route53domains.domain_suggestion,route53domains.domain_suggestion,route53domains,,,,,,/,false,true,synthetic,synthetic,child,"DomainName,OnlyAvailable,SuggestionCount"
route53domains.operation_detail,route53domains.operation_detail,route53domains,,,,,,/,false,true,synthetic,synthetic,child,OperationId
route53domains.tags_for_domain,route53domains.tags_for_domain,route53domains,,,,,,/,false,true,synthetic,synthetic,child,DomainName
route53resolver.firewall_rule_group_policy,route53resolver.firewall_rule_group_policy,route53resolver,,,,,,/,false,true,synthetic,synthetic,child,Arn
route53resolver.resolver_endpoint_ip_address,route53resolver.resolver_endpoint_ip_address,route53resolver,,,,,,/,false,true,synthetic,synthetic,child,ResolverEndpointId
route53resolver.resolver_query_log_config_policy,route53resolver.resolver_query_log_config_policy,route53resolver,,,,,,/,false,true,synthetic,synthetic,child,Arn
route53resolver.resolver_rule_policy,route53resolver.resolver_rule_policy,route53resolver,,,,,,/,false,true,synthetic,synthetic,child,Arn
rum.app_monitor_data,rum.app_monitor_data,rum,,,,,,/,false,true,synthetic,synthetic,child,"Name,TimeRange"
s3.bucket_encryption,s3.bucket_encryption,s3,,,,,,/,false,true,synthetic,synthetic,child,Bucket
s3.bucket_lifecycle_configuration,s3.bucket_lifecycle_configuration,s3,,,,,,/,false,true,synthetic,synthetic,child,Bucket
s3.bucket_logging,s3.bucket_logging,s3,,,,,,/,false,true,synthetic,synthetic,child,Bucket
s3.bucket_ownership_control,s3.bucket_ownership_control,s3,,,,,,/,false,true,synthetic,synthetic,child,Bucket
s3.bucket_policy_status,s3.bucket_policy_status,s3,,,,,,/,false,true,synthetic,synthetic,child,Bucket
s3.bucket_replication,s3.bucket_replication,s3,,,,,,/,false,true,synthetic,synthetic,child,Bucket
s3.bucket_versioning,s3.bucket_versioning,s3,,,,,,/,false,true,synthetic,synthetic,child,Bucket
s3.object_lock_configuration,s3.object_lock_configuration,s3,,,,,,/,false,true,synthetic,synthetic,child,Bucket
s3.public_access_block,s3.public_access_block,s3,,,,,,/,false,true,synthetic,synthetic,child,Bucket
s3control.access_grants_instance_for_prefix,s3control.access_grants_instance_for_prefix,s3control,,,,,,/,false,true,synthetic,synthetic,child,"AccountId,S3Prefix"
s3control.access_grants_instance_resource_policy,s3control.access_grants_instance_resource_policy,s3control,,,,,,/,false,true,synthetic,synthetic,child,AccountId
s3control.access_point_configuration_for_object_lambda,s3control.access_point_configuration_for_object_lambda,s3control,,,,,,/,false,true,synthetic,synthetic,child,"AccountId,Name"
s3control.access_point_policy,s3control.access_point_policy,s3control,,,,,,/,false,true,synthetic,synthetic,child,"AccountId,Name"
s3control.access_point_policy_for_object_lambda,s3control.access_point_policy_for_object_lambda,s3control,,,,,,/,false,true,synthetic,synthetic,child,"AccountId,Name"
s3control.access_point_policy_status,s3control.access_point_policy_status,s3control,,,,,,/,false,true,synthetic,synthetic,child,"AccountId,Name"
s3control.access_point_policy_status_for_object_lambda,s3control.access_point_policy_status_for_object_lambda,s3control,,,,,,/,false,true,synthetic,synthetic,child,"AccountId,Name"
s3control.bucket,s3control.bucket,s3control,,,,,,/,false,true,synthetic,synthetic,child,"AccountId,Bucket"
s3control.bucket_policy,s3control.bucket_policy,s3control,,,,,,/,false,true,synthetic,synthetic,child,"AccountId,Bucket"
s3control.bucket_replication,s3control.bucket_replication,s3control,,,,,,/,false,true,synthetic,synthetic,child,"AccountId,Bucket"
s3control.bucket_tagging,s3control.bucket_tagging,s3control,,,,,,/,false,true,synthetic,synthetic,child,"AccountId,Bucket"
s3control.bucket_versioning,s3control.bucket_versioning,s3control,,,,,,/,false,true,synthetic,synthetic,child,"AccountId,Bucket"
s3control.caller_access_grant,s3control.caller_access_grant,s3control,,,,,,/,false,true,synthetic,synthetic,child,
s3control.data_access,s3control.data_access,s3control,,,,,,/,false,true,synthetic,synthetic,child,"AccountId,Permission,Target"
s3control.job_tagging,s3control.job_tagging,s3control,,,,,,/,false,true,synthetic,synthetic,child,"AccountId,JobId"
s3control.multi_region_access_point_policy,s3control.multi_region_access_point_policy,s3control,,,,,,/,false,true,synthetic,synthetic,child,"AccountId,Name"
s3control.multi_region_access_point_policy_status,s3control.multi_region_access_point_policy_status,s3control,,,,,,/,false,true,synthetic,synthetic,child,"AccountId,Name"
s3control.multi_region_access_point_route,s3control.multi_region_access_point_route,s3control,,,,,,/,false,true,synthetic,synthetic,child,"AccountId,Mrap"
s3control.public_access_block,s3control.public_access_block,s3control,,,,,,/,false,true,synthetic,synthetic,child,AccountId
s3control.storage_lens_configuration_tagging,s3control.storage_lens_configuration_tagging,s3control,,,,,,/,false,true,synthetic,synthetic,child,"AccountId,ConfigId"
sagemaker.training_job,sagemaker.training_job,sagemaker,,,,,,/,false,true,synthetic,synthetic,child,TrainingJobName
schemas.code_binding,schemas.code_binding,schemas,,,,,,/,false,true,synthetic,synthetic,child,"Language,RegistryName,SchemaName"
schemas.code_binding_source,schemas.code_binding_source,schemas,,,,,,/,false,true,synthetic,synthetic,child,"Language,RegistryName,SchemaName"
schemas.discovered_schema,schemas.discovered_schema,schemas,,,,,,/,false,true,synthetic,synthetic,child,Events
schemas.resource_policy,schemas.resource_policy,schemas,,,,,,/,false,true,synthetic,synthetic,singleton,
schemas.schema_version,schemas.schema_version,schemas,,,,,,/,false,true,synthetic,synthetic,child,"RegistryName,SchemaName"
securityhub.master_account,securityhub.master_account,securityhub,,,,,,/,false,true,synthetic,synthetic,singleton,
securityhub.organization_configuration,securityhub.organization_configuration,securityhub,OrganizationConfigurationIdentifier,,,,,/,false,true,synthetic,synthetic,singleton,
securitylake.data_lake_exception_subscription,securitylake.data_lake_exception_subscription,securitylake,,,,,,/,false,true,synthetic,synthetic,singleton,
serverlessrepo.application_dependency,serverlessrepo.application_dependency,serverlessrepo,,,,,,/,false,true,synthetic,synthetic,child,ApplicationId
serverlessrepo.application_policy,serverlessrepo.application_policy,serverlessrepo,,,,,,/,false,true,synthetic,synthetic,child,ApplicationId
serverlessrepo.application_version,serverlessrepo.application_version,serverlessrepo,,,,,,/,false,true,synthetic,synthetic,child,ApplicationId
serverlessrepo.cloud_formation_template,serverlessrepo.cloud_formation_template,serverlessrepo,,,,,,/,false,true,synthetic,synthetic,child,"ApplicationId,TemplateId"
service-quotas.association_for_service_quota_template,service-quotas.association_for_service_quota_template,service-quotas,,,,,,/,false,true,synthetic,synthetic,singleton,
service-quotas.service_quota_increase_request_from_template,service-quotas.service_quota_increase_request_from_template,service-quotas,,,,,,/,false,true,synthetic,synthetic,child,"AwsRegion,QuotaCode,ServiceCode"
servicecatalog-appregistry.associated_attribute_group,servicecatalog-appregistry.associated_attribute_group,servicecatalog-appregistry,,,,,,/,false,true,synthetic,synthetic,child,application
servicecatalog-appregistry.configuration,servicecatalog-appregistry.configuration,servicecatalog-appregistry,,,,,,/,false,true,synthetic,synthetic,singleton,
servicediscovery.instances_health_status,servicediscovery.instances_health_status,servicediscovery,,,,,,/,false,true,synthetic,synthetic,child,ServiceId
ses.identity_policy,ses.identity_policy,ses,,,,,,/,false,true,synthetic,synthetic,child,Identity
sesv2.account,sesv2.account,sesv2,,,,,,/,false,true,synthetic,synthetic,singleton,
sesv2.contact,sesv2.contact,sesv2,,,,,,/,false,true,synthetic,synthetic,child,"ContactListName,EmailAddress"
sesv2.custom_verification_email_template,sesv2.custom_verification_email_template,sesv2,,,,,,/,false,true,synthetic,synthetic,child,TemplateName
sesv2.dedicated_ip,sesv2.dedicated_ip,sesv2,,,,,,/,false,true,synthetic,synthetic,child,Ip
sesv2.dedicated_ip_pool,sesv2.dedicated_ip_pool,sesv2,,,,,,/,false,true,synthetic,synthetic,child,PoolName
sesv2.domain_deliverability_campaign,sesv2.domain_deliverability_campaign,sesv2,,,,,,/,false,true,synthetic,synthetic,child,CampaignId
sesv2.email_identity,sesv2.email_identity,sesv2,,,,,,/,false,true,synthetic,synthetic,child,EmailIdentity
sesv2.email_identity_policy,sesv2.email_identity_policy,sesv2,,,,,,/,false,true,synthetic,synthetic,child,EmailIdentity
sesv2.email_template,sesv2.email_template,sesv2,,,,,,/,false,true,synthetic,synthetic,child,TemplateName
sesv2.export_job,sesv2.export_job,sesv2,,,,,,/,false,true,synthetic,synthetic,child,JobId
sesv2.import_job,sesv2.import_job,sesv2,,,,,,/,false,true,synthetic,synthetic,child,JobId
sesv2.suppressed_destination,sesv2.suppressed_destination,sesv2,,,,,,/,false,true,synthetic,synthetic,child,EmailAddress
signer.revocation_status,signer.revocation_status,signer,,,,,,/,false,true,synthetic,synthetic,child,"certificateHashes,jobArn,platformId,profileVersionArn,signatureTimestamp"
signer.signing_job,signer.signing_job,signer,,,,,,/,false,true,synthetic,synthetic,child,jobId
signer.signing_platform,signer.signing_platform,signer,,,,,,/,false,true,synthetic,synthetic,child,platformId
snow-device-management.device_ec2_instance,snow-device-management.device_ec2_instance,snow-device-management,,,,,,/,false,true,synthetic,synthetic,child,"instanceIds,managedDeviceId"
snowball.cluster_job,snowball.cluster_job,snowball,,,,,,/,false,true,synthetic,synthetic,child,ClusterId
snowball.job_manifest,snowball.job_manifest,snowball,,,,,,/,false,true,synthetic,synthetic,child,JobId
snowball.job_unlock_code,snowball.job_unlock_code,snowball,,,,,,/,false,true,synthetic,synthetic,child,JobId
snowball.return_shipping_label,snowball.return_shipping_label,snowball,,,,,,/,false,true,synthetic,synthetic,child,JobId
snowball.service_version,snowball.service_version,snowball,,,,,,/,false,true,synthetic,synthetic,child,ServiceName
snowball.software_update,snowball.software_update,snowball,,,,,,/,false,true,synthetic,synthetic,child,JobId
ssm.association,ssm.association,ssm,AssociationId,,,,,/,false,true,synthetic,synthetic,singleton,
ssm-contacts.contact_policy,ssm-contacts.contact_policy,ssm-contacts,,,,,,/,false,true,synthetic,synthetic,child,ContactArn
ssm-contacts.page_receipt,ssm-contacts.page_receipt,ssm-contacts,,,,,,/,false,true,synthetic,synthetic,child,PageId
ssm-contacts.page_resolution,ssm-contacts.page_resolution,ssm-contacts,,,,,,/,false,true,synthetic,synthetic,child,PageId
ssm-contacts.preview_rotation_shift,ssm-contacts.preview_rotation_shift,ssm-contacts,,,,,,/,false,true,synthetic,synthetic,child,"EndTime,Members,Recurrence,TimeZoneId"
ssm-contacts.rotation_shift,ssm-contacts.rotation_shift,ssm-contacts,,,,,,/,false,true,synthetic,synthetic,child,"EndTime,RotationId"
ssm-incidents.related_item,ssm-incidents.related_item,ssm-incidents,,,,,,/,false,true,synthetic,synthetic,child,incidentRecordArn
ssm-incidents.resource_policy,ssm-incidents.resource_policy,ssm-incidents,,,,,,/,false,true,synthetic,synthetic,child,resourceArn
ssm-incidents.timeline_event,ssm-incidents.timeline_event,ssm-incidents,,,,,,/,false,true,synthetic,synthetic,child,"eventId,incidentRecordArn"
ssm-sap.database,ssm-sap.database,ssm-sap,DatabaseId,,,,,/,false,true,synthetic,synthetic,singleton,
sso-admin.account_assignment,sso-admin.account_assignment,sso-admin,,,,,,/,false,true,synthetic,synthetic,child,"AccountId,InstanceArn,PermissionSetArn"
sso-admin.account_assignment_creation_status,sso-admin.account_assignment_creation_status,sso-admin,,,,,,/,false,true,synthetic,synthetic,child,"AccountAssignmentCreationRequestId,InstanceArn"
sso-admin.account_assignment_deletion_status,sso-admin.account_assignment_deletion_status,sso-admin,,,,,,/,false,true,synthetic,synthetic,child,"AccountAssignmentDeletionRequestId,InstanceArn"
sso-admin.account_assignments_for_principal,sso-admin.account_assignments_for_principal,sso-admin,,,,,,/,false,true,synthetic,synthetic,child,"InstanceArn,PrincipalId,PrincipalType"
sso-admin.application_access_scope,sso-admin.application_access_scope,sso-admin,,,,,,/,false,true,synthetic,synthetic,child,ApplicationArn
sso-admin.application_assignment,sso-admin.application_assignment,sso-admin,,,,,,/,false,true,synthetic,synthetic,child,"ApplicationArn,PrincipalId,PrincipalType"
sso-admin.application_assignment_configuration,sso-admin.application_assignment_configuration,sso-admin,,,,,,/,false,true,synthetic,synthetic,child,ApplicationArn
sso-admin.application_assignments_for_principal,sso-admin.application_assignments_for_principal,sso-admin,,,,,,/,false,true,synthetic,synthetic,child,"InstanceArn,PrincipalId,PrincipalType"
sso-admin.application_authentication_method,sso-admin.application_authentication_method,sso-admin,,,,,,/,false,true,synthetic,synthetic,child,"ApplicationArn,AuthenticationMethodType"
sso-admin.application_grant,sso-admin.application_grant,sso-admin,,,,,,/,false,true,synthetic,synthetic,child,"ApplicationArn,GrantType"
sso-admin.instance_access_control_attribute_configuration,sso-admin.instance_access_control_attribute_configuration,sso-admin,,,,,,/,false,true,synthetic,synthetic,child,InstanceArn
sso-admin.permission_set_provisioning_status,sso-admin.permission_set_provisioning_status,sso-admin,,,,,,/,false,true,synthetic,synthetic,child,"InstanceArn,ProvisionPermissionSetRequestId"
sso-admin.permission_sets_provisioned_to_account,sso-admin.permission_sets_provisioned_to_account,sso-admin,,,,,,/,false,true,synthetic,synthetic,child,"AccountId,InstanceArn"
stepfunctions.activity_task,stepfunctions.activity_task,stepfunctions,,,,,,/,false,true,synthetic,synthetic,child,activityArn
storagegateway.volume_recovery_point,storagegateway.volume_recovery_point,storagegateway,,,,,,/,false,true,synthetic,synthetic,child,GatewayARN
sts.access_key_info,sts.access_key_info,sts,,,,,,/,false,true,synthetic,synthetic,child,AccessKeyId
sts.federation_token,sts.federation_token,sts,,,,,,/,false,true,synthetic,synthetic,child,Name
sts.session_token,sts.session_token,sts,,,,,,/,false,true,synthetic,synthetic,singleton,
supplychain.bill_of_materials_import_job,supplychain.bill_of_materials_import_job,supplychain,,,,,,/,false,true,synthetic,synthetic,child,"instanceId,jobId"
support.attachment,support.attachment,support,,,,,,/,false,true,synthetic,synthetic,child,attachmentId
support.communication,support.communication,support,,,,,,/,false,true,synthetic,synthetic,child,caseId
support.create_case_option,support.create_case_option,support,,,,,,/,false,true,synthetic,synthetic,child,"categoryCode,issueType,language,serviceCode"
support.trusted_advisor_check_refresh_status,support.trusted_advisor_check_refresh_status,support,,,,,,/,false,true,synthetic,synthetic,child,checkIds
swf.closed_workflow_execution,swf.closed_workflow_execution,swf,,,,,,/,false,true,synthetic,synthetic,child,domain
swf.open_workflow_execution,swf.open_workflow_execution,swf,,,,,,/,false,true,synthetic,synthetic,child,"domain,startTimeFilter"
swf.workflow_execution_history,swf.workflow_execution_history,swf,,,,,,/,false,true,synthetic,synthetic,child,"domain,execution"
taxsettings.supplemental_tax_registration,taxsettings.supplemental_tax_registration,taxsettings,,,,,,/,false,true,synthetic,synthetic,child,
taxsettings.tax_registration,taxsettings.tax_registration,taxsettings,,,,,,/,false,true,synthetic,synthetic,child,
textract.expense_analysis,textract.expense_analysis,textract,,,,,,/,false,true,synthetic,synthetic,child,JobId
textract.lending_analysis,textract.lending_analysis,textract,,,,,,/,false,true,synthetic,synthetic,child,JobId
timestream-write.batch_load_task,timestream-write.batch_load_task,timestream-write,,,,,,/,false,true,synthetic,synthetic,child,TaskId
tnb.sol_function_package_content,tnb.sol_function_package_content,tnb,,,,,,/,false,true,synthetic,synthetic,child,"accept,vnfPkgId"
tnb.sol_function_package_descriptor,tnb.sol_function_package_descriptor,tnb,,,,,,/,false,true,synthetic,synthetic,child,"accept,vnfPkgId"
tnb.sol_network_operation,tnb.sol_network_operation,tnb,,,,,,/,false,true,synthetic,synthetic,child,nsLcmOpOccId
tnb.sol_network_package_content,tnb.sol_network_package_content,tnb,,,,,,/,false,true,synthetic,synthetic,child,"accept,nsdInfoId"
tnb.sol_network_package_descriptor,tnb.sol_network_package_descriptor,tnb,,,,,,/,false,true,synthetic,synthetic,child,nsdInfoId
trustedadvisor.organization_recommendation_account,trustedadvisor.organization_recommendation_account,trustedadvisor,,,,,,/,false,true,synthetic,synthetic,child,organizationRecommendationIdentifier
verifiedpermissions.schema,verifiedpermissions.schema,verifiedpermissions,,,,,,/,false,true,synthetic,synthetic,child,policyStoreId
voice-id.fraudster,voice-id.fraudster,voice-id,,,,,,/,false,true,synthetic,synthetic,child,"DomainId,FraudsterId"
voice-id.fraudster_registration_job,voice-id.fraudster_registration_job,voice-id,,,,,,/,false,true,synthetic,synthetic,child,"DomainId,JobId"
voice-id.speaker,voice-id.speaker,voice-id,,,,,,/,false,true,synthetic,synthetic,child,"DomainId,SpeakerId"
voice-id.speaker_enrollment_job,voice-id.speaker_enrollment_job,voice-id,,,,,,/,false,true,synthetic,synthetic,child,"DomainId,JobId"
waf.logging_configuration,waf.logging_configuration,waf,,,,,,/,false,true,synthetic,synthetic,child,ResourceArn
waf-regional.change_token,waf-regional.change_token,waf-regional,,,,,,/,false,true,synthetic,synthetic,singleton,
waf-regional.change_token_status,waf-regional.change_token_status,waf-regional,,,,,,/,false,true,synthetic,synthetic,child,ChangeToken
waf-regional.logging_configuration,waf-regional.logging_configuration,waf-regional,,,,,,/,false,true,synthetic,synthetic,child,ResourceArn
waf-regional.permission_policy,waf-regional.permission_policy,waf-regional,,,,,,/,false,true,synthetic,synthetic,child,ResourceArn
waf-regional.sampled_request,waf-regional.sampled_request,waf-regional,,,,,,/,false,true,synthetic,synthetic,child,"MaxItems,RuleId,TimeWindow,WebAclId"
wisdom.query_assistant,wisdom.query_assistant,wisdom,,,,,,/,false,true,synthetic,synthetic,child,"assistantId,queryText"
wisdom.quick_respons,wisdom.quick_respons,wisdom,,,,,,/,false,true,synthetic,synthetic,child,knowledgeBaseId
wisdom.search_quick_respons,wisdom.search_quick_respons,wisdom,,,,,,/,false,true,synthetic,synthetic,child,"knowledgeBaseId,searchExpression"
workdocs.document_path,workdocs.document_path,workdocs,,,,,,/,false,true,synthetic,synthetic,child,DocumentId
workdocs.folder_path,workdocs.folder_path,workdocs,,,,,,/,false,true,synthetic,synthetic,child,FolderId
workdocs.notification_subscription,workdocs.notification_subscription,workdocs,,,,,,/,false,true,synthetic,synthetic,child,OrganizationId
workmail.access_control_effect,workmail.access_control_effect,workmail,,,,,,/,false,true,synthetic,synthetic,child,"Action,IpAddress,OrganizationId"
workmail.availability_configuration,workmail.availability_configuration,workmail,,,,,,/,false,true,synthetic,synthetic,child,OrganizationId
workmail.email_monitoring_configuration,workmail.email_monitoring_configuration,workmail,,,,,,/,false,true,synthetic,synthetic,child,OrganizationId
workmail.groups_for_entity,workmail.groups_for_entity,workmail,,,,,,/,false,true,synthetic,synthetic,child,"EntityId,OrganizationId"
workmail.inbound_dmarc_setting,workmail.inbound_dmarc_setting,workmail,,,,,,/,false,true,synthetic,synthetic,child,OrganizationId
workmail.mail_domain,workmail.mail_domain,workmail,,,,,,/,false,true,synthetic,synthetic,child,"DomainName,OrganizationId"
workmail.mailbox_detail,workmail.mailbox_detail,workmail,,,,,,/,false,true,synthetic,synthetic,child,"OrganizationId,UserId"
workmail.mailbox_export_job,workmail.mailbox_export_job,workmail,,,,,,/,false,true,synthetic,synthetic,child,"JobId,OrganizationId"
workmail.mobile_device_access_override,workmail.mobile_device_access_override,workmail,,,,,,/,false,true,synthetic,synthetic,child,"DeviceId,OrganizationId,UserId"
workmailmessageflow.raw_message_content,workmailmessageflow.raw_message_content,workmailmessageflow,,,,,,/,false,true,synthetic,synthetic,child,messageId
workspaces-web.browser_setting,workspaces-web.browser_setting,workspaces-web,,,,,,/,false,true,synthetic,synthetic,child,browserSettingsArn
workspaces-web.ip_access_setting,workspaces-web.ip_access_setting,workspaces-web,,,,,,/,false,true,synthetic,synthetic,child,ipAccessSettingsArn
workspaces-web.network_setting,workspaces-web.network_setting,workspaces-web,,,,,,/,false,true,synthetic,synthetic,child,networkSettingsArn
workspaces-web.trust_store_certificate,workspaces-web.trust_store_certificate,workspaces-web,,,,,,/,false,true,synthetic,synthetic,child,"thumbprint,trustStoreArn"
workspaces-web.user_access_logging_setting,workspaces-web.user_access_logging_setting,workspaces-web,,,,,,/,false,true,synthetic,synthetic,child,userAccessLoggingSettingsArn
workspaces-web.user_setting,workspaces-web.user_setting,workspaces-web,,,,,,/,false,true,synthetic,synthetic,child,userSettingsArn
xray.encryption_config,xray.encryption_config,xray,,,,,,/,false,true,synthetic,synthetic,singleton,
