key,service,icon_name,icon_class,icon_category,icon_file,match_level
accessanalyzer.access_analyzer_finding,accessanalyzer,accessanalyzer,,,,none
accessanalyzer.analyzed_resource,accessanalyzer,accessanalyzer,,,,none
accessanalyzer.analyzer,accessanalyzer,accessanalyzer,,,,none
accessanalyzer.archive_rule,accessanalyzer,accessanalyzer,,,,none
accessanalyzer.finding,accessanalyzer,accessanalyzer,,,,none
accessanalyzer.generated_policy,accessanalyzer,accessanalyzer,,,,none
account.alternate_contact,account,account,,,,none
aiops.investigation_group,aiops,aiops,,,,none
amp.alert_manager_definition,amp,amp,,,,none
amp.anomaly_detector,amp,amp,,,,none
amp.default_scraper_configuration,amp,amp,,,,none
amp.logging_configuration,amp,amp,,,,none
amp.rule_groups_namespace,amp,amp,,,,none
amp.scraper,amp,amp,,,,none
amp.workspace,amp,amp,,,,none
amplifybackend.backend,amplifybackend,amplifybackend,,,,none
amplifybackend.backend_api,amplifybackend,amplifybackend,,,,none
amplifybackend.backend_api_model,amplifybackend,amplifybackend,,,,none
amplifybackend.backend_auth,amplifybackend,amplifybackend,,,,none
amplifybackend.backend_job,amplifybackend,amplifybackend,,,,none
amplifybackend.backend_storage,amplifybackend,amplifybackend,,,,none
amplifybackend.s3_bucket,amplifybackend,amplifybackend,,,,none
amplifybackend.token,amplifybackend,amplifybackend,,,,none
amplifyuibuilder.codegen_job,amplifyuibuilder,amplifyuibuilder,,,,none
amplifyuibuilder.component,amplifyuibuilder,amplifyuibuilder,,,,none
amplifyuibuilder.form,amplifyuibuilder,amplifyuibuilder,,,,none
amplifyuibuilder.theme,amplifyuibuilder,amplifyuibuilder,,,,none
apigatewaymanagementapi.connection,apigatewaymanagementapi,apigatewaymanagementapi,,,,none
apigatewayv2.domain_name,apigatewayv2,apigatewayv2,,,,none
apigatewayv2.portal,apigatewayv2,apigatewayv2,,,,none
apigatewayv2.portal_product,apigatewayv2,apigatewayv2,,,,none
apigatewayv2.route,apigatewayv2,apigatewayv2,,,,none
apigatewayv2.stage,apigatewayv2,apigatewayv2,,,,none
apigatewayv2.vpc_link,apigatewayv2,apigatewayv2,,,,none
appconfig.application,appconfig,appconfig,,,,none
appconfig.configuration,appconfig,appconfig,,,,none
appconfig.configuration_profile,appconfig,appconfig,,,,none
appconfig.deployment,appconfig,appconfig,,,,none
appconfig.deployment_strategy,appconfig,appconfig,,,,none
appconfig.environment,appconfig,appconfig,,,,none
appconfig.extension,appconfig,appconfig,,,,none
appconfig.extension_association,appconfig,appconfig,,,,none
appconfig.hosted_configuration_version,appconfig,appconfig,,,,none
appconfigdata.latest_configuration,appconfigdata,appconfigdata,,,,none
appfabric.app_authorization,appfabric,appfabric,,,,none
appfabric.app_bundle,appfabric,appfabric,,,,none
appfabric.ingestion,appfabric,appfabric,,,,none
appfabric.ingestion_destination,appfabric,appfabric,,,,none
appflow.flow,appflow,appflow,,,,none
appflow.connector,appflow,appflow,,,,none
appflow.connector_entity,appflow,appflow,,,,none
appflow.connector_profile,appflow,appflow,,,,none
appflow.flow,appflow,appflow,,,,none
appflow.flow_execution_record,appflow,appflow,,,,none
appintegrations.application,appintegrations,appintegrations,,,,none
appintegrations.application_association,appintegrations,appintegrations,,,,none
appintegrations.data_integration,appintegrations,appintegrations,,,,none
appintegrations.data_integration_association,appintegrations,appintegrations,,,,none
appintegrations.event_integration,appintegrations,appintegrations,,,,none
appintegrations.event_integration_association,appintegrations,appintegrations,,,,none
application-insights.application,application-insights,application-insights,,,,none
application-insights.component,application-insights,application-insights,,,,none
application-insights.component_configuration,application-insights,application-insights,,,,none
application-insights.log_pattern,application-insights,application-insights,,,,none
application-insights.log_pattern_set,application-insights,application-insights,,,,none
application-insights.problem,application-insights,application-insights,,,,none
application-insights.workload,application-insights,application-insights,,,,none
application-signals.service_level_objective,application-signals,application-signals,,,,none
application-signals.service_operation,application-signals,application-signals,,,,none
applicationcostprofiler.report_definition,applicationcostprofiler,applicationcostprofiler,,,,none
approved.instance,approved,approved,,,,none
appstream.app_block,appstream,appstream,,,,none
appstream.app_block_builder,appstream,appstream,,,,none
appstream.application,appstream,appstream,,,,none
appstream.application_fleet_association,appstream,appstream,,,,none
appstream.directory_config,appstream,appstream,,,,none
appstream.fleet,appstream,appstream,,,,none
appstream.image,appstream,appstream,,,,none
appstream.image_builder,appstream,appstream,,,,none
appstream.stack,appstream,appstream,,,,none
arc-region-switch.plan,arc-region-switch,arc-region-switch,,,,none
arc-region-switch.plan_execution,arc-region-switch,arc-region-switch,,,,none
arc-region-switch.plan_in_region,arc-region-switch,arc-region-switch,,,,none
arc-region-switch.plans_in_region,arc-region-switch,arc-region-switch,,,,none
arc-zonal-shift.managed_resource,arc-zonal-shift,arc-zonal-shift,,,,none
arc-zonal-shift.zonal_shift,arc-zonal-shift,arc-zonal-shift,,,,none
auditmanager.account_status,auditmanager,auditmanager,,,,none
auditmanager.assessment,auditmanager,auditmanager,,,,none
auditmanager.assessment_control_insights_by_control_domain,auditmanager,auditmanager,,,,none
auditmanager.assessment_framework,auditmanager,auditmanager,,,,none
auditmanager.assessment_framework_share_request,auditmanager,auditmanager,,,,none
auditmanager.assessment_report_url,auditmanager,auditmanager,,,,none
auditmanager.change_log,auditmanager,auditmanager,,,,none
auditmanager.control,auditmanager,auditmanager,,,,none
auditmanager.control_domain_insights_by_assessment,auditmanager,auditmanager,,,,none
auditmanager.control_insights_by_control_domain,auditmanager,auditmanager,,,,none
auditmanager.delegation,auditmanager,auditmanager,,,,none
auditmanager.evidence,auditmanager,auditmanager,,,,none
auditmanager.evidence_by_evidence_folder,auditmanager,auditmanager,,,,none
auditmanager.evidence_file_upload_url,auditmanager,auditmanager,,,,none
auditmanager.evidence_folder,auditmanager,auditmanager,,,,none
auditmanager.evidence_folders_by_assessment,auditmanager,auditmanager,,,,none
auditmanager.evidence_folders_by_assessment_control,auditmanager,auditmanager,,,,none
auditmanager.insights_by_assessment,auditmanager,auditmanager,,,,none
auditmanager.keywords_for_data_source,auditmanager,auditmanager,,,,none
auditmanager.notification,auditmanager,auditmanager,,,,none
auditmanager.organization_admin_account,auditmanager,auditmanager,,,,none
auditmanager.services_in_scope,auditmanager,auditmanager,,,,none
auditmanager.setting,auditmanager,auditmanager,,,,none
autoscaling-plans.scaling_plan,autoscaling-plans,autoscaling-plans,,,,none
autoscaling-plans.scaling_plan_resource,autoscaling-plans,autoscaling-plans,,,,none
autoscaling-plans.scaling_plan_resource_forecast_data,autoscaling-plans,autoscaling-plans,,,,none
b2bi.capability,b2bi,b2bi,,,,none
b2bi.partnership,b2bi,b2bi,,,,none
b2bi.profile,b2bi,b2bi,,,,none
b2bi.transformer,b2bi,b2bi,,,,none
b2bi.transformer_job,b2bi,b2bi,,,,none
backup-gateway.bandwidth_rate_limit_schedule,backup-gateway,backup-gateway,,,,none
backup-gateway.gateway,backup-gateway,backup-gateway,,,,none
backup-gateway.hypervisor,backup-gateway,backup-gateway,,,,none
backup-gateway.hypervisor_property_mapping,backup-gateway,backup-gateway,,,,none
backup-gateway.virtual_machine,backup-gateway,backup-gateway,,,,none
bcm-data-exports.execution,bcm-data-exports,bcm-data-exports,,,,none
bcm-data-exports.export,bcm-data-exports,bcm-data-exports,,,,none
bcm-data-exports.table,bcm-data-exports,bcm-data-exports,,,,none
bcm-pricing-calculator.bill_estimate_commitment,bcm-pricing-calculator,bcm-pricing-calculator,,,,none
bcm-pricing-calculator.bill_estimate_input_commitment_modification,bcm-pricing-calculator,bcm-pricing-calculator,,,,none
bcm-pricing-calculator.bill_estimate_input_usage_modification,bcm-pricing-calculator,bcm-pricing-calculator,,,,none
bcm-pricing-calculator.bill_estimate_line_item,bcm-pricing-calculator,bcm-pricing-calculator,,,,none
bcm-pricing-calculator.bill_scenario,bcm-pricing-calculator,bcm-pricing-calculator,,,,none
bcm-pricing-calculator.bill_scenario_commitment_modification,bcm-pricing-calculator,bcm-pricing-calculator,,,,none
bcm-pricing-calculator.bill_scenario_usage_modification,bcm-pricing-calculator,bcm-pricing-calculator,,,,none
bcm-recommended-actions.recommended_action,bcm-recommended-actions,bcm-recommended-actions,,,,none
bedrock-agent-runtime.invocation,bedrock-agent-runtime,bedrock-agent-runtime,,,,none
bedrock-agent-runtime.invocation_step,bedrock-agent-runtime,bedrock-agent-runtime,,,,none
bedrock-agent-runtime.session,bedrock-agent-runtime,bedrock-agent-runtime,,,,none
bedrock-agent.bedrock_agent,bedrock-agent,bedrock-agent,,,,none
bedrock-agent.bedrock_knowledge_base,bedrock-agent,bedrock-agent,,,,none
bedrock-agent.flow,bedrock-agent,bedrock-agent,,,,none
bedrock-agent.flow_alia,bedrock-agent,bedrock-agent,,,,none
bedrock-agent.flow_alias,bedrock-agent,bedrock-agent,,,,none
bedrock-agent.flow_version,bedrock-agent,bedrock-agent,,,,none
bedrock-agent.prompt,bedrock-agent,bedrock-agent,,,,none
bedrock-agentcore-control.agent_runtime_endpoint,bedrock-agentcore-control,bedrock-agentcore-control,,,,none
bedrock-agentcore-control.gateway,bedrock-agentcore-control,bedrock-agentcore-control,,,,none
bedrock-agentcore-control.gateway_target,bedrock-agentcore-control,bedrock-agentcore-control,,,,none
bedrock-agentcore-control.memory,bedrock-agentcore-control,bedrock-agentcore-control,,,,none
bedrock-agentcore-control.token_vault,bedrock-agentcore-control,bedrock-agentcore-control,,,,none
bedrock-agentcore-control.workload_identity,bedrock-agentcore-control,bedrock-agentcore-control,,,,none
bedrockagentcore.actor,bedrock-agentcore,bedrock-agentcore,,,,none
bedrockagentcore.code_interpreter_session,bedrock-agentcore,bedrock-agentcore,,,,none
bedrockagentcore.event,bedrock-agentcore,bedrock-agentcore,,,,none
bedrockagentcore.memory_record,bedrock-agentcore,bedrock-agentcore,,,,none
bedrockagentcore.session,bedrock-agentcore,bedrock-agentcore,,,,none
bedrock-data-automation.blueprint,bedrock-data-automation,bedrock-data-automation,,,,none
billing.billing_view,billing,billing,,,,none
billingconductor.account_association,billingconductor,billingconductor,,,,none
billingconductor.billing_group,billingconductor,billingconductor,,,,none
billingconductor.custom_line_item,billingconductor,billingconductor,,,,none
billingconductor.custom_line_item_version,billingconductor,billingconductor,,,,none
billingconductor.pricing_plan,billingconductor,billingconductor,,,,none
billingconductor.pricing_plans_associated_with_pricing_rule,billingconductor,billingconductor,,,,none
billingconductor.pricing_rule,billingconductor,billingconductor,,,,none
billingconductor.pricing_rules_associated_to_pricing_plan,billingconductor,billingconductor,,,,none
billingconductor.resources_associated_to_custom_line_item,billingconductor,billingconductor,,,,none
ce.anomaly_monitor,ce,ce,,,,none
ce.anomaly_subscription,ce,ce,,,,none
ce.approximate_usage_record,ce,ce,,,,none
ce.cost_and_usage_with_resource,ce,ce,,,,none
ce.cost_category,ce,ce,,,,none
ce.dimension_value,ce,ce,,,,none
ce.reservation_coverage,ce,ce,,,,none
ce.reservation_utilization,ce,ce,,,,none
ce.savings_plan_purchase_recommendation_detail,ce,ce,,,,none
ce.savings_plans_coverage,ce,ce,,,,none
ce.savings_plans_utilization,ce,ce,,,,none
ce.savings_plans_utilization_detail,ce,ce,,,,none
chime-sdk-identity.app_instance,chime-sdk-identity,chime-sdk-identity,,,,none
chime-sdk-identity.app_instance_admin,chime-sdk-identity,chime-sdk-identity,,,,none
chime-sdk-identity.app_instance_bot,chime-sdk-identity,chime-sdk-identity,,,,none
chime-sdk-identity.app_instance_retention_setting,chime-sdk-identity,chime-sdk-identity,,,,none
chime-sdk-identity.app_instance_user,chime-sdk-identity,chime-sdk-identity,,,,none
chime-sdk-identity.app_instance_user_endpoint,chime-sdk-identity,chime-sdk-identity,,,,none
chime-sdk-media-pipelines.media_capture_pipeline,chime-sdk-media-pipelines,chime-sdk-media-pipelines,,,,none
chime-sdk-media-pipelines.media_insights_pipeline_configuration,chime-sdk-media-pipelines,chime-sdk-media-pipelines,,,,none
chime-sdk-media-pipelines.media_pipeline,chime-sdk-media-pipelines,chime-sdk-media-pipelines,,,,none
chime-sdk-media-pipelines.media_pipeline_kinesis_video_stream_pool,chime-sdk-media-pipelines,chime-sdk-media-pipelines,,,,none
chime-sdk-media-pipelines.speaker_search_task,chime-sdk-media-pipelines,chime-sdk-media-pipelines,,,,none
chime-sdk-media-pipelines.voice_tone_analysis_task,chime-sdk-media-pipelines,chime-sdk-media-pipelines,,,,none
chime-sdk-meetings.attendee,chime-sdk-meetings,chime-sdk-meetings,,,,none
chime-sdk-meetings.meeting,chime-sdk-meetings,chime-sdk-meetings,,,,none
chime-sdk-messaging.channel,chime-sdk-messaging,chime-sdk-messaging,,,,none
chime-sdk-messaging.channel_ban,chime-sdk-messaging,chime-sdk-messaging,,,,none
chime-sdk-messaging.channel_flow,chime-sdk-messaging,chime-sdk-messaging,,,,none
chime-sdk-messaging.channel_membership,chime-sdk-messaging,chime-sdk-messaging,,,,none
chime-sdk-messaging.channel_membership_for_app_instance_user,chime-sdk-messaging,chime-sdk-messaging,,,,none
chime-sdk-messaging.channel_membership_preference,chime-sdk-messaging,chime-sdk-messaging,,,,none
chime-sdk-messaging.channel_memberships_for_app_instance_user,chime-sdk-messaging,chime-sdk-messaging,,,,none
chime-sdk-messaging.channel_message,chime-sdk-messaging,chime-sdk-messaging,,,,none
chime-sdk-messaging.channel_message_status,chime-sdk-messaging,chime-sdk-messaging,,,,none
chime-sdk-messaging.channel_moderated_by_app_instance_user,chime-sdk-messaging,chime-sdk-messaging,,,,none
chime-sdk-messaging.channel_moderator,chime-sdk-messaging,chime-sdk-messaging,,,,none
chime-sdk-messaging.channels_moderated_by_app_instance_user,chime-sdk-messaging,chime-sdk-messaging,,,,none
chime-sdk-messaging.messaging_session_endpoint,chime-sdk-messaging,chime-sdk-messaging,,,,none
chime-sdk-messaging.messaging_streaming_configuration,chime-sdk-messaging,chime-sdk-messaging,,,,none
chime-sdk-messaging.sub_channel,chime-sdk-messaging,chime-sdk-messaging,,,,none
chime-sdk-voice.global_setting,chime-sdk-voice,chime-sdk-voice,,,,none
chime-sdk-voice.phone_number,chime-sdk-voice,chime-sdk-voice,,,,none
chime-sdk-voice.phone_number_order,chime-sdk-voice,chime-sdk-voice,,,,none
chime-sdk-voice.phone_number_setting,chime-sdk-voice,chime-sdk-voice,,,,none
chime-sdk-voice.proxy_session,chime-sdk-voice,chime-sdk-voice,,,,none
chime-sdk-voice.sip_media_application,chime-sdk-voice,chime-sdk-voice,,,,none
chime-sdk-voice.sip_media_application_alexa_skill_configuration,chime-sdk-voice,chime-sdk-voice,,,,none
chime-sdk-voice.sip_media_application_logging_configuration,chime-sdk-voice,chime-sdk-voice,,,,none
chime-sdk-voice.sip_rule,chime-sdk-voice,chime-sdk-voice,,,,none
chime-sdk-voice.speaker_search_task,chime-sdk-voice,chime-sdk-voice,,,,none
chime-sdk-voice.supported_phone_number_country,chime-sdk-voice,chime-sdk-voice,,,,none
chime-sdk-voice.voice_connector,chime-sdk-voice,chime-sdk-voice,,,,none
chime-sdk-voice.voice_connector_emergency_calling_configuration,chime-sdk-voice,chime-sdk-voice,,,,none
chime-sdk-voice.voice_connector_group,chime-sdk-voice,chime-sdk-voice,,,,none
chime-sdk-voice.voice_connector_logging_configuration,chime-sdk-voice,chime-sdk-voice,,,,none
chime-sdk-voice.voice_connector_origination,chime-sdk-voice,chime-sdk-voice,,,,none
chime-sdk-voice.voice_connector_proxy,chime-sdk-voice,chime-sdk-voice,,,,none
chime-sdk-voice.voice_connector_streaming_configuration,chime-sdk-voice,chime-sdk-voice,,,,none
chime-sdk-voice.voice_connector_termination,chime-sdk-voice,chime-sdk-voice,,,,none
chime-sdk-voice.voice_connector_termination_credential,chime-sdk-voice,chime-sdk-voice,,,,none
chime-sdk-voice.voice_connector_termination_health,chime-sdk-voice,chime-sdk-voice,,,,none
chime-sdk-voice.voice_profile,chime-sdk-voice,chime-sdk-voice,,,,none
chime-sdk-voice.voice_profile_domain,chime-sdk-voice,chime-sdk-voice,,,,none
chime-sdk-voice.voice_tone_analysis_task,chime-sdk-voice,chime-sdk-voice,,,,none
cleanrooms.analysis_template,cleanrooms,cleanrooms,,,,none
cleanrooms.collaboration,cleanrooms,cleanrooms,,,,none
cleanrooms.collaboration_analysis_template,cleanrooms,cleanrooms,,,,none
cleanrooms.collaboration_change_request,cleanrooms,cleanrooms,,,,none
cleanrooms.collaboration_configured_audience_model_association,cleanrooms,cleanrooms,,,,none
cleanrooms.collaboration_id_namespace_association,cleanrooms,cleanrooms,,,,none
cleanrooms.collaboration_privacy_budget,cleanrooms,cleanrooms,,,,none
cleanrooms.collaboration_privacy_budget_template,cleanrooms,cleanrooms,,,,none
cleanrooms.configured_audience_model_association,cleanrooms,cleanrooms,,,,none
cleanrooms.configured_table,cleanrooms,cleanrooms,,,,none
cleanrooms.configured_table_analysis_rule,cleanrooms,cleanrooms,,,,none
cleanrooms.configured_table_association,cleanrooms,cleanrooms,,,,none
cleanrooms.id_mapping_table,cleanrooms,cleanrooms,,,,none
cleanrooms.id_namespace_association,cleanrooms,cleanrooms,,,,none
cleanrooms.member,cleanrooms,cleanrooms,,,,none
cleanrooms.membership,cleanrooms,cleanrooms,,,,none
cleanrooms.privacy_budget,cleanrooms,cleanrooms,,,,none
cleanrooms.privacy_budget_template,cleanrooms,cleanrooms,,,,none
cleanrooms.protected_job,cleanrooms,cleanrooms,,,,none
cleanrooms.protected_query,cleanrooms,cleanrooms,,,,none
cleanrooms.schema,cleanrooms,cleanrooms,,,,none
cleanrooms.schema_analysis_rule,cleanrooms,cleanrooms,,,,none
cleanroomsml.audience_export_job,cleanroomsml,cleanroomsml,,,,none
cleanroomsml.audience_generation_job,cleanroomsml,cleanroomsml,,,,none
cleanroomsml.audience_model,cleanroomsml,cleanroomsml,,,,none
cleanroomsml.collaboration_configured_model_algorithm_association,cleanroomsml,cleanroomsml,,,,none
cleanroomsml.collaboration_ml_input_channel,cleanroomsml,cleanroomsml,,,,none
cleanroomsml.collaboration_trained_model,cleanroomsml,cleanroomsml,,,,none
cleanroomsml.collaboration_trained_model_export_job,cleanroomsml,cleanroomsml,,,,none
cleanroomsml.collaboration_trained_model_inference_job,cleanroomsml,cleanroomsml,,,,none
cleanroomsml.configured_audience_model,cleanroomsml,cleanroomsml,,,,none
cleanroomsml.configured_audience_model_policy,cleanroomsml,cleanroomsml,,,,none
cleanroomsml.configured_model_algorithm,cleanroomsml,cleanroomsml,,,,none
cleanroomsml.configured_model_algorithm_association,cleanroomsml,cleanroomsml,,,,none
cleanroomsml.ml_input_channel,cleanroomsml,cleanroomsml,,,,none
cleanroomsml.trained_model,cleanroomsml,cleanroomsml,,,,none
cleanroomsml.trained_model_inference_job,cleanroomsml,cleanroomsml,,,,none
cleanroomsml.trained_model_version,cleanroomsml,cleanroomsml,,,,none
cleanroomsml.training_dataset,cleanroomsml,cleanroomsml,,,,none
cloudcontrol.resource,cloudcontrol,cloudcontrol,,,,none
cloudcontrol.resource_request,cloudcontrol,cloudcontrol,,,,none
cloudcontrol.resource_request_status,cloudcontrol,cloudcontrol,,,,none
cloudfront-keyvaluestore.key,cloudfront-keyvaluestore,cloudfront-keyvaluestore,,,,none
cloudfront-keyvaluestore.key_value_store,cloudfront-keyvaluestore,cloudfront-keyvaluestore,,,,none
cloudhsmv2.cloudhsm_cluster,cloudhsmv2,cloudhsmv2,,,,none
cloudsearchdomain.search,cloudsearchdomain,cloudsearchdomain,,,,none
codecatalyst.access_token,codecatalyst,codecatalyst,,,,none
codecatalyst.dev_environment,codecatalyst,codecatalyst,,,,none
codecatalyst.dev_environment_session,codecatalyst,codecatalyst,,,,none
codecatalyst.event_log,codecatalyst,codecatalyst,,,,none
codecatalyst.project,codecatalyst,codecatalyst,,,,none
codecatalyst.source_repository,codecatalyst,codecatalyst,,,,none
codecatalyst.source_repository_branch,codecatalyst,codecatalyst,,,,none
codecatalyst.source_repository_clone_url,codecatalyst,codecatalyst,,,,none
codecatalyst.space,codecatalyst,codecatalyst,,,,none
codecatalyst.subscription,codecatalyst,codecatalyst,,,,none
codecatalyst.user_detail,codecatalyst,codecatalyst,,,,none
codecatalyst.workflow,codecatalyst,codecatalyst,,,,none
codecatalyst.workflow_run,codecatalyst,codecatalyst,,,,none
codeconnections.connection,codeconnections,codeconnections,,,,none
codeconnections.repository_link,codeconnections,codeconnections,,,,none
codeguru-reviewer.code_review,codeguru-reviewer,codeguru-reviewer,,,,none
codeguru-reviewer.recommendation_feedback,codeguru-reviewer,codeguru-reviewer,,,,none
codeguru-reviewer.repository_association,codeguru-reviewer,codeguru-reviewer,,,,none
codeguru-security.finding,codeguru-security,codeguru-security,,,,none
codeguru-security.findings_metric,codeguru-security,codeguru-security,,,,none
codeguru-security.scan,codeguru-security,codeguru-security,,,,none
codeguruprofiler.notification_configuration,codeguruprofiler,codeguruprofiler,,,,none
codeguruprofiler.policy,codeguruprofiler,codeguruprofiler,,,,none
codeguruprofiler.profile,codeguruprofiler,codeguruprofiler,,,,none
codeguruprofiler.profile_time,codeguruprofiler,codeguruprofiler,,,,none
codeguruprofiler.profiling_group,codeguruprofiler,codeguruprofiler,,,,none
codeguru-reviewer.repository_association,codegurureviewer,codegurureviewer,,,,none
codestar-connections.connection,codestar-connections,codestar-connections,,,,none
codestar-connections.host,codestar-connections,codestar-connections,,,,none
codestar-connections.repository_link,codestar-connections,codestar-connections,,,,none
codestar-connections.repository_sync_definition,codestar-connections,codestar-connections,,,,none
codestar-connections.repository_sync_status,codestar-connections,codestar-connections,,,,none
codestar-connections.resource_sync_status,codestar-connections,codestar-connections,,,,none
codestar-connections.sync_configuration,codestar-connections,codestar-connections,,,,none
codestar-notifications.event_type,codestar-notifications,codestar-notifications,,,,none
codestar-notifications.notification_rule,codestar-notifications,codestar-notifications,,,,none
cognito-identity.credentials_for_identity,cognito-identity,cognito-identity,,,,none
cognito-identity.id,cognito-identity,cognito-identity,,,,none
cognito-identity.identity,cognito-identity,cognito-identity,,,,none
cognito-identity.identity_pool,cognito-identity,cognito-identity,,,,none
cognito-identity.identity_pool_role,cognito-identity,cognito-identity,,,,none
cognito-identity.open_id_token,cognito-identity,cognito-identity,,,,none
cognito-identity.open_id_token_for_developer_identity,cognito-identity,cognito-identity,,,,none
cognito-identity.principal_tag_attribute_map,cognito-identity,cognito-identity,,,,none
cognito-identity.user_pool,cognito-identity,cognito-identity,,,,none
cognito-idp.csv_header,cognito-idp,cognito-idp,,,,none
cognito-idp.device,cognito-idp,cognito-idp,,,,none
cognito-idp.group,cognito-idp,cognito-idp,,,,none
cognito-idp.identity_provider,cognito-idp,cognito-idp,,,,none
cognito-idp.identity_provider_by_identifier,cognito-idp,cognito-idp,,,,none
cognito-idp.log_delivery_configuration,cognito-idp,cognito-idp,,,,none
cognito-idp.managed_login_branding,cognito-idp,cognito-idp,,,,none
cognito-idp.resource_server,cognito-idp,cognito-idp,,,,none
cognito-idp.risk_configuration,cognito-idp,cognito-idp,,,,none
cognito-idp.signing_certificate,cognito-idp,cognito-idp,,,,none
cognito-idp.ui_customization,cognito-idp,cognito-idp,,,,none
cognito-idp.user_attribute_verification_code,cognito-idp,cognito-idp,,,,none
cognito-idp.user_import_job,cognito-idp,cognito-idp,,,,none
cognito-idp.user_pool,cognito-idp,cognito-idp,,,,none
cognito-idp.user_pool_client,cognito-idp,cognito-idp,,,,none
cognito-idp.user_pool_domain,cognito-idp,cognito-idp,,,,none
cognito-idp.user_pool_mfa_config,cognito-idp,cognito-idp,,,,none
cognito-idp.users_in_group,cognito-idp,cognito-idp,,,,none
cognito-sync.bulk_publish_detail,cognito-sync,cognito-sync,,,,none
cognito-sync.cognito_event,cognito-sync,cognito-sync,,,,none
cognito-sync.dataset,cognito-sync,cognito-sync,,,,none
cognito-sync.identity_pool_configuration,cognito-sync,cognito-sync,,,,none
cognito-sync.record,cognito-sync,cognito-sync,,,,none
comprehendmedical.entities_detection_v2_job,comprehendmedical,comprehendmedical,,,,none
comprehendmedical.icd10_cm_inference_job,comprehendmedical,comprehendmedical,,,,none
comprehendmedical.phi_detection_job,comprehendmedical,comprehendmedical,,,,none
comprehendmedical.rx_norm_inference_job,comprehendmedical,comprehendmedical,,,,none
comprehendmedical.snomedct_inference_job,comprehendmedical,comprehendmedical,,,,none
compute-optimizer-automation.account,compute-optimizer-automation,compute-optimizer-automation,,,,none
compute-optimizer-automation.automation_rule,compute-optimizer-automation,compute-optimizer-automation,,,,none
compute-optimizer-automation.recommended_action,compute-optimizer-automation,compute-optimizer-automation,,,,none
connect-contact-lens.realtime_contact_analysis_segment,connect-contact-lens,connect-contact-lens,,,,none
connectcampaigns.campaign,connectcampaigns,connectcampaigns,,,,none
connectcampaigns.campaign_state,connectcampaigns,connectcampaigns,,,,none
connectcampaigns.campaign_state_batch,connectcampaigns,connectcampaigns,,,,none
connectcampaigns.campaign,connectcampaigns,connectcampaigns,,,,none
connectcampaigns.connect_instance_config,connectcampaigns,connectcampaigns,,,,none
connectcampaigns.instance_onboarding_job_status,connectcampaigns,connectcampaigns,,,,none
connectcampaignsv2.campaign,connectcampaignsv2,connectcampaignsv2,,,,none
connectcases.case,connectcases,connectcases,,,,none
connectcases.case_audit_event,connectcases,connectcases,,,,none
connectcases.case_event_configuration,connectcases,connectcases,,,,none
connectcases.case_rule,connectcases,connectcases,,,,none
connectcases.cases_for_contact,connectcases,connectcases,,,,none
connectcases.domain,connectcases,connectcases,,,,none
connectcases.field,connectcases,connectcases,,,,none
connectcases.field_option,connectcases,connectcases,,,,none
connectcases.layout,connectcases,connectcases,,,,none
connectcases.search_cas,connectcases,connectcases,,,,none
connectcases.search_related_item,connectcases,connectcases,,,,none
connectcases.template,connectcases,connectcases,,,,none
connectparticipant.attachment,connectparticipant,connectparticipant,,,,none
connectparticipant.transcript,connectparticipant,connectparticipant,,,,none
connectparticipant.view,connectparticipant,connectparticipant,,,,none
controlcatalog.common_control,controlcatalog,controlcatalog,,,,none
controlcatalog.control,controlcatalog,controlcatalog,,,,none
controlcatalog.domain,controlcatalog,controlcatalog,,,,none
controlcatalog.objective,controlcatalog,controlcatalog,,,,none
cost-optimization-hub.preference,cost-optimization-hub,cost-optimization-hub,,,,none
cur.report_definition,cur,cur,,,,none
custom.event_bu,custom,custom,,,,none
custom.event_bus,custom,custom,,,,none
customer-profiles.account_integration,customer-profiles,customer-profiles,,,,none
customer-profiles.calculated_attribute_definition,customer-profiles,customer-profiles,,,,none
customer-profiles.calculated_attribute_for_profile,customer-profiles,customer-profiles,,,,none
customer-profiles.calculated_attributes_for_profile,customer-profiles,customer-profiles,,,,none
customer-profiles.domain,customer-profiles,customer-profiles,,,,none
customer-profiles.event_stream,customer-profiles,customer-profiles,,,,none
customer-profiles.event_trigger,customer-profiles,customer-profiles,,,,none
customer-profiles.identity_resolution_job,customer-profiles,customer-profiles,,,,none
customer-profiles.match,customer-profiles,customer-profiles,,,,none
customer-profiles.profile_history_record,customer-profiles,customer-profiles,,,,none
customer-profiles.profile_object,customer-profiles,customer-profiles,,,,none
customer-profiles.profile_object_type,customer-profiles,customer-profiles,,,,none
customer-profiles.profile_object_type_template,customer-profiles,customer-profiles,,,,none
customer-profiles.rule_based_match,customer-profiles,customer-profiles,,,,none
customer-profiles.segment_definition,customer-profiles,customer-profiles,,,,none
customer-profiles.segment_membership,customer-profiles,customer-profiles,,,,none
customer-profiles.similar_profile,customer-profiles,customer-profiles,,,,none
customer-profiles.workflow,customer-profiles,customer-profiles,,,,none
customer-profiles.workflow_step,customer-profiles,customer-profiles,,,,none
customer-profiles.domain,customerprofiles,customerprofiles,,,,none
databrew.dataset,databrew,databrew,,,,none
databrew.job,databrew,databrew,,,,none
databrew.job_run,databrew,databrew,,,,none
databrew.project,databrew,databrew,,,,none
databrew.recipe,databrew,databrew,,,,none
databrew.recipe_version,databrew,databrew,,,,none
databrew.ruleset,databrew,databrew,,,,none
databrew.schedule,databrew,databrew,,,,none
dataexchange.asset,dataexchange,dataexchange,,,,none
dataexchange.data_grant,dataexchange,dataexchange,,,,none
dataexchange.data_set,dataexchange,dataexchange,,,,none
dataexchange.data_set_revision,dataexchange,dataexchange,,,,none
dataexchange.event_action,dataexchange,dataexchange,,,,none
dataexchange.job,dataexchange,dataexchange,,,,none
dataexchange.received_data_grant,dataexchange,dataexchange,,,,none
dataexchange.revision,dataexchange,dataexchange,,,,none
dataexchange.revision_asset,dataexchange,dataexchange,,,,none
datazone.asset,datazone,datazone,,,,none
datazone.asset_filter,datazone,datazone,,,,none
datazone.asset_revision,datazone,datazone,,,,none
datazone.asset_type,datazone,datazone,,,,none
datazone.connection,datazone,datazone,,,,none
datazone.data_product,datazone,datazone,,,,none
datazone.data_source,datazone,datazone,,,,none
datazone.data_source_run,datazone,datazone,,,,none
datazone.data_source_run_activity,datazone,datazone,,,,none
datazone.domain,datazone,datazone,,,,none
datazone.domain_unit,datazone,datazone,,,,none
datazone.domain_units_for_parent,datazone,datazone,,,,none
datazone.environment,datazone,datazone,,,,none
datazone.environment_action,datazone,datazone,,,,none
datazone.environment_actions,datazone,datazone,,,,none
datazone.environment_blueprint,datazone,datazone,,,,none
datazone.environment_blueprint_configuration,datazone,datazone,,,,none
datazone.environment_profile,datazone,datazone,,,,none
datazone.form_type,datazone,datazone,,,,none
datazone.glossary,datazone,datazone,,,,none
datazone.glossary_term,datazone,datazone,,,,none
datazone.group_profile,datazone,datazone,,,,none
datazone.iam_portal_login_url,datazone,datazone,,,,none
datazone.job_run,datazone,datazone,,,,none
datazone.lineage_event,datazone,datazone,,,,none
datazone.lineage_node,datazone,datazone,,,,none
datazone.lineage_node_history,datazone,datazone,,,,none
datazone.listing,datazone,datazone,,,,none
datazone.metadata_generation_run,datazone,datazone,,,,none
datazone.notification,datazone,datazone,,,,none
datazone.owner,datazone,datazone,,,,none
datazone.policy_grant,datazone,datazone,,,,none
datazone.project,datazone,datazone,,,,none
datazone.project_membership,datazone,datazone,,,,none
datazone.project_profile,datazone,datazone,,,,none
datazone.rule,datazone,datazone,,,,none
datazone.search,datazone,datazone,,,,none
datazone.search_group_profile,datazone,datazone,,,,none
datazone.search_listing,datazone,datazone,,,,none
datazone.search_type,datazone,datazone,,,,none
datazone.search_user_profile,datazone,datazone,,,,none
datazone.subscription,datazone,datazone,,,,none
datazone.subscription_grant,datazone,datazone,,,,none
datazone.subscription_request,datazone,datazone,,,,none
datazone.subscription_request_detail,datazone,datazone,,,,none
datazone.subscription_target,datazone,datazone,,,,none
datazone.time_series_data_point,datazone,datazone,,,,none
datazone.user_profile,datazone,datazone,,,,none
deadline.budget,deadline,deadline,,,,none
deadline.farm,deadline,deadline,,,,none
deadline.fleet,deadline,deadline,,,,none
deadline.job,deadline,deadline,,,,none
deadline.license_endpoint,deadline,deadline,,,,none
deadline.metered_product,deadline,deadline,,,,none
deadline.monitor,deadline,deadline,,,,none
deadline.queue,deadline,deadline,,,,none
deadline.queue_environment,deadline,deadline,,,,none
deadline.queue_fleet_association,deadline,deadline,,,,none
deadline.queue_limit_association,deadline,deadline,,,,none
deadline.session,deadline,deadline,,,,none
deadline.session_action,deadline,deadline,,,,none
deadline.step,deadline,deadline,,,,none
deadline.storage_profile,deadline,deadline,,,,none
deadline.task,deadline,deadline,,,,none
deadline.worker,deadline,deadline,,,,none
desired.instance,desired,desired,,,,none
devops-guru.account_health,devops-guru,devops-guru,,,,none
devops-guru.account_overview,devops-guru,devops-guru,,,,none
devops-guru.anomalous_log_group,devops-guru,devops-guru,,,,none
devops-guru.event,devops-guru,devops-guru,,,,none
devops-guru.event_sources_config,devops-guru,devops-guru,,,,none
devops-guru.feedback,devops-guru,devops-guru,,,,none
devops-guru.monitored_resource,devops-guru,devops-guru,,,,none
devops-guru.organization_health,devops-guru,devops-guru,,,,none
devops-guru.organization_overview,devops-guru,devops-guru,,,,none
devops-guru.organization_resource_collection_health,devops-guru,devops-guru,,,,none
devops-guru.resource_collection,devops-guru,devops-guru,,,,none
devops-guru.resource_collection_health,devops-guru,devops-guru,,,,none
devops-guru.service_integration,devops-guru,devops-guru,,,,none
discovery.appdiscovery_agent,discovery,discovery,,,,none
discovery.batch_delete_configuration_task,discovery,discovery,,,,none
discovery.configuration,discovery,discovery,,,,none
discovery.import_task,discovery,discovery,,,,none
discovery.server_neighbor,discovery,discovery,,,,none
dlm.lifecycle_policy,dlm,dlm,,,,none
docdb-elastic.cluster,docdb-elastic,docdb-elastic,,,,none
docdb-elastic.cluster_snapshot,docdb-elastic,docdb-elastic,,,,none
docdb.certificate,docdb,docdb,,,,none
docdb.db_cluster,docdb,docdb,,,,none
docdb.db_cluster_parameter_group,docdb,docdb,,,,none
docdb.db_cluster_snapshot,docdb,docdb,,,,none
docdb.db_instance,docdb,docdb,,,,none
docdb.db_subnet_group,docdb,docdb,,,,none
docdb.event_subscription,docdb,docdb,,,,none
docdb.global_cluster,docdb,docdb,,,,none
drs.launch_configuration_template,drs,drs,,,,none
drs.recovery_instance,drs,drs,,,,none
drs.replication_configuration_template,drs,drs,,,,none
drs.source_server,drs,drs,,,,none
dsql.cluster,dsql,dsql,,,,none
ecr-public.authorization_token,ecr-public,ecr-public,,,,none
ecr-public.image,ecr-public,ecr-public,,,,none
ecr-public.registry,ecr-public,ecr-public,,,,none
ecr-public.registry_catalog_data,ecr-public,ecr-public,,,,none
ecr-public.repository,ecr-public,ecr-public,,,,none
ecr-public.repository_catalog_data,ecr-public,ecr-public,,,,none
ecr-public.repository_policy,ecr-public,ecr-public,,,,none
edr.membership,edr,edr,,,,none
elastic.elasticsearch_domain,elastic,elastic,,,,none
elbv2.listener,elbv2,elbv2,,,,none
elbv2.listener_certificate,elbv2,elbv2,,,,none
elbv2.rule,elbv2,elbv2,,,,none
elbv2.ssl_policy,elbv2,elbv2,,,,none
elbv2.target_health,elbv2,elbv2,,,,none
elbv2.trust_store,elbv2,elbv2,,,,none
emr-containers.job_run,emr-containers,emr-containers,,,,none
emr-containers.job_template,emr-containers,emr-containers,,,,none
emr-containers.managed_endpoint,emr-containers,emr-containers,,,,none
emr-containers.managed_endpoint_session_credential,emr-containers,emr-containers,,,,none
emr-containers.security_configuration,emr-containers,emr-containers,,,,none
emr-containers.virtual_cluster,emr-containers,emr-containers,,,,none
emr-serverless.application,emr-serverless,emr-serverless,,,,none
emr-serverless.dashboard_for_job_run,emr-serverless,emr-serverless,,,,none
emr-serverless.job_run,emr-serverless,emr-serverless,,,,none
emr-serverless.job_run_attempt,emr-serverless,emr-serverless,,,,none
entityresolution.id_mapping_job,entityresolution,entityresolution,,,,none
entityresolution.id_mapping_workflow,entityresolution,entityresolution,,,,none
entityresolution.id_namespace,entityresolution,entityresolution,,,,none
entityresolution.match_id,entityresolution,entityresolution,,,,none
entityresolution.matching_job,entityresolution,entityresolution,,,,none
entityresolution.matching_workflow,entityresolution,entityresolution,,,,none
entityresolution.policy,entityresolution,entityresolution,,,,none
entityresolution.provider_service,entityresolution,entityresolution,,,,none
entityresolution.schema_mapping,entityresolution,entityresolution,,,,none
event.event_data_store,event,event,,,,none
events.api_destination,events,events,,,,none
events.archive,events,events,,,,none
events.connection,events,events,,,,none
events.event_bu,events,events,,,,none
events.event_bus,events,events,,,,none
events.event_rule_target,events,events,,,,none
events.event_source,events,events,,,,none
events.partner_event_source,events,events,,,,none
events.partner_event_source_account,events,events,,,,none
events.replay,events,events,,,,none
events.rule,events,events,,,,none
eventschemas.discoverer,eventschemas,eventschemas,,,,none
eventschemas.registry,eventschemas,eventschemas,,,,none
evidently.experiment,evidently,evidently,,,,none
evidently.feature,evidently,evidently,,,,none
evidently.launch,evidently,evidently,,,,none
evidently.project,evidently,evidently,,,,none
evidently.segment,evidently,evidently,,,,none
evidently.segment_reference,evidently,evidently,,,,none
evs.environment,evs,evs,,,,none
finspace-data.changeset,finspace-data,finspace-data,,,,none
finspace-data.data_view,finspace-data,finspace-data,,,,none
finspace-data.dataset,finspace-data,finspace-data,,,,none
finspace-data.external_data_view_access_detail,finspace-data,finspace-data,,,,none
finspace-data.permission_group,finspace-data,finspace-data,,,,none
finspace-data.permission_groups_by_user,finspace-data,finspace-data,,,,none
finspace-data.programmatic_access_credential,finspace-data,finspace-data,,,,none
finspace-data.users_by_permission_group,finspace-data,finspace-data,,,,none
finspace-data.working_location,finspace-data,finspace-data,,,,none
finspace.environment,finspace,finspace,,,,none
finspace.kx_changeset,finspace,finspace,,,,none
finspace.kx_cluster,finspace,finspace,,,,none
finspace.kx_cluster_node,finspace,finspace,,,,none
finspace.kx_connection_string,finspace,finspace,,,,none
finspace.kx_databas,finspace,finspace,,,,none
finspace.kx_database,finspace,finspace,,,,none
finspace.kx_dataview,finspace,finspace,,,,none
finspace.kx_environment,finspace,finspace,,,,none
finspace.kx_scaling_group,finspace,finspace,,,,none
finspace.kx_user,finspace,finspace,,,,none
finspace.kx_volume,finspace,finspace,,,,none
firehose.delivery_stream,firehose,firehose,,,,none
fis.action,fis,fis,,,,none
fis.experiment,fis,fis,,,,none
fis.experiment_resolved_target,fis,fis,,,,none
fis.experiment_template,fis,fis,,,,none
fis.fis_experiment,fis,fis,,,,none
fis.safety_lever,fis,fis,,,,none
fis.target_resource_type,fis,fis,,,,none
gameliftstreams.application,gameliftstreams,gameliftstreams,,,,none
gameliftstreams.stream_group,gameliftstreams,gameliftstreams,,,,none
gameliftstreams.stream_session,gameliftstreams,gameliftstreams,,,,none
gameliftstreams.stream_sessions_by_account,gameliftstreams,gameliftstreams,,,,none
geo-places.place,geo-places,geo-places,,,,none
glacier.data_retrieval_policy,glacier,glacier,,,,none
glacier.glacier,glacier,glacier,,,,none
glacier.vault,glacier,glacier,,,,none
glacier.vault_access_policy,glacier,glacier,,,,none
glacier.vault_lock,glacier,glacier,,,,none
grafana.workspace,grafana,grafana,,,,none
grafana.workspace_authentication,grafana,grafana,,,,none
grafana.workspace_configuration,grafana,grafana,,,,none
grafana.workspace_service_account,grafana,grafana,,,,none
grafana.workspace_service_account_token,grafana,grafana,,,,none
greengrass.associated_role,greengrass,greengrass,,,,none
greengrass.bulk_deployment,greengrass,greengrass,,,,none
greengrass.bulk_deployment_status,greengrass,greengrass,,,,none
greengrass.connectivity_info,greengrass,greengrass,,,,none
greengrass.connector_definition,greengrass,greengrass,,,,none
greengrass.connector_definition_version,greengrass,greengrass,,,,none
greengrass.core_definition,greengrass,greengrass,,,,none
greengrass.core_definition_version,greengrass,greengrass,,,,none
greengrass.deployment,greengrass,greengrass,,,,none
greengrass.deployment_status,greengrass,greengrass,,,,none
greengrass.device_definition,greengrass,greengrass,,,,none
greengrass.device_definition_version,greengrass,greengrass,,,,none
greengrass.function_definition,greengrass,greengrass,,,,none
greengrass.function_definition_version,greengrass,greengrass,,,,none
greengrass.group,greengrass,greengrass,,,,none
greengrass.group_certificate_authority,greengrass,greengrass,,,,none
greengrass.group_certificate_configuration,greengrass,greengrass,,,,none
greengrass.group_version,greengrass,greengrass,,,,none
greengrass.logger_definition,greengrass,greengrass,,,,none
greengrass.logger_definition_version,greengrass,greengrass,,,,none
greengrass.resource_definition,greengrass,greengrass,,,,none
greengrass.resource_definition_version,greengrass,greengrass,,,,none
greengrass.service_role_for_account,greengrass,greengrass,,,,none
greengrass.subscription_definition,greengrass,greengrass,,,,none
greengrass.subscription_definition_version,greengrass,greengrass,,,,none
greengrass.thing_runtime_configuration,greengrass,greengrass,,,,none
greengrassv2.client_devices_associated_with_core_device,greengrassv2,greengrassv2,,,,none
greengrassv2.component,greengrassv2,greengrassv2,,,,none
greengrassv2.component_version,greengrassv2,greengrassv2,,,,none
greengrassv2.component_version_artifact,greengrassv2,greengrassv2,,,,none
greengrassv2.connectivity_info,greengrassv2,greengrassv2,,,,none
greengrassv2.core_device,greengrassv2,greengrassv2,,,,none
greengrassv2.deployment,greengrassv2,greengrassv2,,,,none
greengrassv2.effective_deployment,greengrassv2,greengrassv2,,,,none
greengrassv2.installed_component,greengrassv2,greengrassv2,,,,none
greengrassv2.service_role_for_account,greengrassv2,greengrassv2,,,,none
health.affected_accounts_for_organization,health,health,,,,none
health.affected_entities_for_organization,health,health,,,,none
health.affected_entity,health,health,,,,none
health.entity_aggregates_for_organization,health,health,,,,none
health.event_aggregate,health,health,,,,none
health.event_detail,health,health,,,,none
health.event_details_for_organization,health,health,,,,none
health.events_for_organization,health,health,,,,none
health.health_event,health,health,,,,none
health.health_service_status_for_organization,health,health,,,,none
healthlake.fhir_datastore,healthlake,healthlake,,,,none
healthlake.fhir_export_job,healthlake,healthlake,,,,none
healthlake.fhir_import_job,healthlake,healthlake,,,,none
identitystore.group,identitystore,identitystore,,,,none
imagebuilder.component,imagebuilder,imagebuilder,,,,none
imagebuilder.component_build_version,imagebuilder,imagebuilder,,,,none
imagebuilder.component_policy,imagebuilder,imagebuilder,,,,none
imagebuilder.container_recipe,imagebuilder,imagebuilder,,,,none
imagebuilder.container_recipe_policy,imagebuilder,imagebuilder,,,,none
imagebuilder.distribution_configuration,imagebuilder,imagebuilder,,,,none
imagebuilder.image,imagebuilder,imagebuilder,,,,none
imagebuilder.image_build_version,imagebuilder,imagebuilder,,,,none
imagebuilder.image_package,imagebuilder,imagebuilder,,,,none
imagebuilder.image_pipeline,imagebuilder,imagebuilder,,,,none
imagebuilder.image_pipeline_image,imagebuilder,imagebuilder,,,,none
imagebuilder.image_policy,imagebuilder,imagebuilder,,,,none
imagebuilder.image_recipe,imagebuilder,imagebuilder,,,,none
imagebuilder.image_recipe_policy,imagebuilder,imagebuilder,,,,none
imagebuilder.infrastructure_configuration,imagebuilder,imagebuilder,,,,none
imagebuilder.lifecycle_execution,imagebuilder,imagebuilder,,,,none
imagebuilder.lifecycle_execution_resource,imagebuilder,imagebuilder,,,,none
imagebuilder.lifecycle_policy,imagebuilder,imagebuilder,,,,none
imagebuilder.waiting_workflow_step,imagebuilder,imagebuilder,,,,none
imagebuilder.workflow,imagebuilder,imagebuilder,,,,none
imagebuilder.workflow_build_version,imagebuilder,imagebuilder,,,,none
imagebuilder.workflow_execution,imagebuilder,imagebuilder,,,,none
imagebuilder.workflow_step_execution,imagebuilder,imagebuilder,,,,none
importexport.job,importexport,importexport,,,,none
importexport.shipping_label,importexport,importexport,,,,none
importexport.status,importexport,importexport,,,,none
inspector-scan.scan_sbom,inspector-scan,inspector-scan,,,,none
inspector2.code_security_integration,inspector2,inspector2,,,,none
inspector2.filter,inspector2,inspector2,,,,none
inspector2.findings_report_status,inspector2,inspector2,,,,none
inspector2.inspector2_finding,inspector2,inspector2,,,,none
inspector2.organization_configuration,inspector2,inspector2,,,,none
internetmonitor.health_event,internetmonitor,internetmonitor,,,,none
internetmonitor.monitor,internetmonitor,internetmonitor,,,,none
internetmonitor.query_status,internetmonitor,internetmonitor,,,,none
invoicing.invoice_unit,invoicing,invoicing,,,,none
invoicing.procurement_portal_preference,invoicing,invoicing,,,,none
iot-data.named_shadows_for_thing,iot-data,iot-data,,,,none
iot-data.retained_message,iot-data,iot-data,,,,none
iot-data.thing_shadow,iot-data,iot-data,,,,none
iot-jobs-data.job_execution,iot-jobs-data,iot-jobs-data,,,,none
iot-jobs-data.pending_job_execution,iot-jobs-data,iot-jobs-data,,,,none
iot-managed-integrations.account_association,iot-managed-integrations,iot-managed-integrations,,,,none
iot-managed-integrations.cloud_connector,iot-managed-integrations,iot-managed-integrations,,,,none
iot-managed-integrations.connector_destination,iot-managed-integrations,iot-managed-integrations,,,,none
iot-managed-integrations.credential_locker,iot-managed-integrations,iot-managed-integrations,,,,none
iot-managed-integrations.destination,iot-managed-integrations,iot-managed-integrations,,,,none
iot-managed-integrations.device_discovery,iot-managed-integrations,iot-managed-integrations,,,,none
iot-managed-integrations.event_log_configuration,iot-managed-integrations,iot-managed-integrations,,,,none
iot-managed-integrations.managed_thing,iot-managed-integrations,iot-managed-integrations,,,,none
iot-managed-integrations.managed_thing_account_association,iot-managed-integrations,iot-managed-integrations,,,,none
iot-managed-integrations.ota_task_configuration,iot-managed-integrations,iot-managed-integrations,,,,none
iot-managed-integrations.provisioning_profile,iot-managed-integrations,iot-managed-integrations,,,,none
iotdeviceadvisor.suite_definition,iotdeviceadvisor,iotdeviceadvisor,,,,none
iotdeviceadvisor.suite_run,iotdeviceadvisor,iotdeviceadvisor,,,,none
iotevents-data.alarm,iotevents-data,iotevents-data,,,,none
iotevents-data.detector,iotevents-data,iotevents-data,,,,none
iotfleetwise.campaign,iotfleetwise,iotfleetwise,,,,none
iotfleetwise.decoder_manifest,iotfleetwise,iotfleetwise,,,,none
iotfleetwise.decoder_manifest_network_interface,iotfleetwise,iotfleetwise,,,,none
iotfleetwise.decoder_manifest_signal,iotfleetwise,iotfleetwise,,,,none
iotfleetwise.encryption_configuration,iotfleetwise,iotfleetwise,,,,none
iotfleetwise.fleet,iotfleetwise,iotfleetwise,,,,none
iotfleetwise.fleets_for_vehicle,iotfleetwise,iotfleetwise,,,,none
iotfleetwise.logging_option,iotfleetwise,iotfleetwise,,,,none
iotfleetwise.model_manifest,iotfleetwise,iotfleetwise,,,,none
iotfleetwise.model_manifest_node,iotfleetwise,iotfleetwise,,,,none
iotfleetwise.register_account_status,iotfleetwise,iotfleetwise,,,,none
iotfleetwise.signal_catalog,iotfleetwise,iotfleetwise,,,,none
iotfleetwise.signal_catalog_node,iotfleetwise,iotfleetwise,,,,none
iotfleetwise.state_template,iotfleetwise,iotfleetwise,,,,none
iotfleetwise.vehicle,iotfleetwise,iotfleetwise,,,,none
iotfleetwise.vehicle_status,iotfleetwise,iotfleetwise,,,,none
iotfleetwise.vehicles_in_fleet,iotfleetwise,iotfleetwise,,,,none
iotsecuretunneling.tunnel,iotsecuretunneling,iotsecuretunneling,,,,none
iottwinmaker.component,iottwinmaker,iottwinmaker,,,,none
iottwinmaker.component_type,iottwinmaker,iottwinmaker,,,,none
iottwinmaker.entity,iottwinmaker,iottwinmaker,,,,none
iottwinmaker.metadata_transfer_job,iottwinmaker,iottwinmaker,,,,none
iottwinmaker.pricing_plan,iottwinmaker,iottwinmaker,,,,none
iottwinmaker.property,iottwinmaker,iottwinmaker,,,,none
iottwinmaker.property_value,iottwinmaker,iottwinmaker,,,,none
iottwinmaker.property_value_history,iottwinmaker,iottwinmaker,,,,none
iottwinmaker.scene,iottwinmaker,iottwinmaker,,,,none
iottwinmaker.sync_job,iottwinmaker,iottwinmaker,,,,none
iottwinmaker.sync_resource,iottwinmaker,iottwinmaker,,,,none
iottwinmaker.workspace,iottwinmaker,iottwinmaker,,,,none
iotwireless.destination,iotwireless,iotwireless,,,,none
iotwireless.device_profile,iotwireless,iotwireless,,,,none
iotwireless.devices_for_wireless_device_import_task,iotwireless,iotwireless,,,,none
iotwireless.event_configuration,iotwireless,iotwireless,,,,none
iotwireless.event_configuration_by_resource_type,iotwireless,iotwireless,,,,none
iotwireless.fuota_task,iotwireless,iotwireless,,,,none
iotwireless.metric,iotwireless,iotwireless,,,,none
iotwireless.multicast_group,iotwireless,iotwireless,,,,none
iotwireless.multicast_group_session,iotwireless,iotwireless,,,,none
iotwireless.multicast_groups_by_fuota_task,iotwireless,iotwireless,,,,none
iotwireless.network_analyzer_configuration,iotwireless,iotwireless,,,,none
iotwireless.partner_account,iotwireless,iotwireless,,,,none
iotwireless.position,iotwireless,iotwireless,,,,none
iotwireless.position_configuration,iotwireless,iotwireless,,,,none
iotwireless.queued_message,iotwireless,iotwireless,,,,none
iotwireless.resource_event_configuration,iotwireless,iotwireless,,,,none
iotwireless.resource_log_level,iotwireless,iotwireless,,,,none
iotwireless.resource_position,iotwireless,iotwireless,,,,none
iotwireless.service_endpoint,iotwireless,iotwireless,,,,none
iotwireless.service_profile,iotwireless,iotwireless,,,,none
iotwireless.task_definition,iotwireless,iotwireless,,,,none
iotwireless.wireless_device,iotwireless,iotwireless,,,,none
iotwireless.wireless_device_import_task,iotwireless,iotwireless,,,,none
iotwireless.wireless_gateway,iotwireless,iotwireless,,,,none
iotwireless.wireless_gateway_certificate,iotwireless,iotwireless,,,,none
iotwireless.wireless_gateway_firmware_information,iotwireless,iotwireless,,,,none
iotwireless.wireless_gateway_task,iotwireless,iotwireless,,,,none
iotwireless.wireless_gateway_task_definition,iotwireless,iotwireless,,,,none
ivs-realtime.composition,ivs-realtime,ivs-realtime,,,,none
ivs-realtime.encoder_configuration,ivs-realtime,ivs-realtime,,,,none
ivs-realtime.ingest_configuration,ivs-realtime,ivs-realtime,,,,none
ivs-realtime.participant,ivs-realtime,ivs-realtime,,,,none
ivs-realtime.participant_event,ivs-realtime,ivs-realtime,,,,none
ivs-realtime.public_key,ivs-realtime,ivs-realtime,,,,none
ivs-realtime.stage,ivs-realtime,ivs-realtime,,,,none
ivs-realtime.stage_session,ivs-realtime,ivs-realtime,,,,none
ivs-realtime.storage_configuration,ivs-realtime,ivs-realtime,,,,none
ivs.channel,ivs,ivs,,,,none
ivs.playback_key_pair,ivs,ivs,,,,none
ivs.playback_restriction_policy,ivs,ivs,,,,none
ivs.recording_configuration,ivs,ivs,,,,none
ivs.stream,ivs,ivs,,,,none
ivs.stream_key,ivs,ivs,,,,none
ivs.stream_session,ivs,ivs,,,,none
ivschat.logging_configuration,ivschat,ivschat,,,,none
ivschat.room,ivschat,ivschat,,,,none
kafka.bootstrap_broker,kafka,kafka,,,,none
kafka.client_vpc_connection,kafka,kafka,,,,none
kafka.cluster,kafka,kafka,,,,none
kafka.cluster_operation,kafka,kafka,,,,none
kafka.cluster_operation_v2,kafka,kafka,,,,none
kafka.cluster_operations_v2,kafka,kafka,,,,none
kafka.cluster_policy,kafka,kafka,,,,none
kafka.cluster_v2,kafka,kafka,,,,none
kafka.configuration,kafka,kafka,,,,none
kafka.configuration_revision,kafka,kafka,,,,none
kafka.node,kafka,kafka,,,,none
kafka.replicator,kafka,kafka,,,,none
kafka.topic,kafka,kafka,,,,none
kafka.vpc_connection,kafka,kafka,,,,none
kafkaconnect.connector,kafkaconnect,kafkaconnect,,,,none
kafkaconnect.connector_operation,kafkaconnect,kafkaconnect,,,,none
kafkaconnect.custom_plugin,kafkaconnect,kafkaconnect,,,,none
kafkaconnect.worker_configuration,kafkaconnect,kafkaconnect,,,,none
kendra-ranking.rescore_execution_plan,kendra-ranking,kendra-ranking,,,,none
kinesis-video-archived-media.clip,kinesis-video-archived-media,kinesis-video-archived-media,,,,none
kinesis-video-archived-media.dash_streaming_session_url,kinesis-video-archived-media,kinesis-video-archived-media,,,,none
kinesis-video-archived-media.hls_streaming_session_url,kinesis-video-archived-media,kinesis-video-archived-media,,,,none
kinesis-video-archived-media.image,kinesis-video-archived-media,kinesis-video-archived-media,,,,none
kinesis-video-archived-media.media_for_fragment_list,kinesis-video-archived-media,kinesis-video-archived-media,,,,none
kinesis-video-signaling.ice_server_config,kinesis-video-signaling,kinesis-video-signaling,,,,none
kinesisanalytics.application,kinesisanalytics,kinesisanalytics,,,,none
kinesisanalyticsv2.application,kinesisanalyticsv2,kinesisanalyticsv2,,,,none
kinesisanalyticsv2.application_snapshot,kinesisanalyticsv2,kinesisanalyticsv2,,,,none
kinesisanalyticsv2.application_version,kinesisanalyticsv2,kinesisanalyticsv2,,,,none
kinesisfirehose.delivery_stream,kinesisfirehose,kinesisfirehose,,,,none
kinesisvideo.data_endpoint,kinesisvideo,kinesisvideo,,,,none
kinesisvideo.edge_agent_configuration,kinesisvideo,kinesisvideo,,,,none
kinesisvideo.edge_configuration,kinesisvideo,kinesisvideo,,,,none
kinesisvideo.image_generation_configuration,kinesisvideo,kinesisvideo,,,,none
kinesisvideo.stream,kinesisvideo,kinesisvideo,,,,none
kinesisvideo.mapped_resource_configuration,kinesisvideo,kinesisvideo,,,,none
kinesisvideo.media_storage_configuration,kinesisvideo,kinesisvideo,,,,none
kinesisvideo.notification_configuration,kinesisvideo,kinesisvideo,,,,none
kinesisvideo.signaling_channel,kinesisvideo,kinesisvideo,,,,none
kinesisvideo.signaling_channel_endpoint,kinesisvideo,kinesisvideo,,,,none
kinesisvideo.stream,kinesisvideo,kinesisvideo,,,,none
kinesisvideo.tags_for_stream,kinesisvideo,kinesisvideo,,,,none
launch-wizard.deployment,launch-wizard,launch-wizard,,,,none
launch-wizard.deployment_event,launch-wizard,launch-wizard,,,,none
launch-wizard.workload,launch-wizard,launch-wizard,,,,none
lex-models.bot,lex-models,lex-models,,,,none
lex-models.import,lex-models,lex-models,,,,none
lex-models.intent,lex-models,lex-models,,,,none
lex-models.slot_type,lex-models,lex-models,,,,none
lex-runtime.session,lex-runtime,lex-runtime,,,,none
lexv2-models.bot,lexv2-models,lexv2-models,,,,none
lexv2-models.export,lexv2-models,lexv2-models,,,,none
lexv2-models.import,lexv2-models,lexv2-models,,,,none
lexv2-models.resource_policy,lexv2-models,lexv2-models,,,,none
lexv2-models.test_execution,lexv2-models,lexv2-models,,,,none
lexv2-models.test_set,lexv2-models,lexv2-models,,,,none
lexv2-models.test_set_generation,lexv2-models,lexv2-models,,,,none
lexv2-runtime.session,lexv2-runtime,lexv2-runtime,,,,none
license-manager-linux-subscriptions.linux_subscription,license-manager-linux-subscriptions,license-manager-linux-subscriptions,,,,none
license-manager-user-subscriptions.identity_provider,license-manager-user-subscriptions,license-manager-user-subscriptions,,,,none
license-manager-user-subscriptions.instance,license-manager-user-subscriptions,license-manager-user-subscriptions,,,,none
license-manager-user-subscriptions.license_server_endpoint,license-manager-user-subscriptions,license-manager-user-subscriptions,,,,none
license-manager-user-subscriptions.product_subscription,license-manager-user-subscriptions,license-manager-user-subscriptions,,,,none
license-manager-user-subscriptions.user_association,license-manager-user-subscriptions,license-manager-user-subscriptions,,,,none
location.device_position,location,location,,,,none
location.device_position_history,location,location,,,,none
location.geofence,location,location,,,,none
location.geofence_collection,location,location,,,,none
location.key,location,location,,,,none
location.map,location,location,,,,none
location.map_glyph,location,location,,,,none
location.map_sprite,location,location,,,,none
location.map_style_descriptor,location,location,,,,none
location.map_tile,location,location,,,,none
location.place,location,location,,,,none
location.place_index,location,location,,,,none
location.route_calculator,location,location,,,,none
location.search_place_index_for_position,location,location,,,,none
location.search_place_index_for_suggestion,location,location,,,,none
location.search_place_index_for_text,location,location,,,,none
location.tracker,location,location,,,,none
location.tracker_consumer,location,location,,,,none
logs.account_policy,logs,logs,,,,none
logs.data_protection_policy,logs,logs,,,,none
logs.delivery,logs,logs,,,,none
logs.delivery_destination,logs,logs,,,,none
logs.delivery_destination_policy,logs,logs,,,,none
logs.delivery_source,logs,logs,,,,none
logs.destination,logs,logs,,,,none
logs.field_index,logs,logs,,,,none
logs.log_anomaly_detector,logs,logs,,,,none
logs.log_event,logs,logs,,,,none
logs.log_group,logs,logs,,,,none
logs.log_group_field,logs,logs,,,,none
logs.log_record,logs,logs,,,,none
logs.log_stream,logs,logs,,,,none
logs.metric_filter,logs,logs,,,,none
logs.query,logs,logs,,,,none
logs.query_definition,logs,logs,,,,none
logs.resource_policy,logs,logs,,,,none
logs.scheduled_query,logs,logs,,,,none
logs.subscription_filter,logs,logs,,,,none
logs.tags_log_group,logs,logs,,,,none
logs.transformer,logs,logs,,,,none
lookoutequipment.data_ingestion_job,lookoutequipment,lookoutequipment,,,,none
lookoutequipment.dataset,lookoutequipment,lookoutequipment,,,,none
lookoutequipment.inference_event,lookoutequipment,lookoutequipment,,,,none
lookoutequipment.inference_execution,lookoutequipment,lookoutequipment,,,,none
lookoutequipment.inference_scheduler,lookoutequipment,lookoutequipment,,,,none
lookoutequipment.label,lookoutequipment,lookoutequipment,,,,none
lookoutequipment.label_group,lookoutequipment,lookoutequipment,,,,none
lookoutequipment.model,lookoutequipment,lookoutequipment,,,,none
lookoutequipment.model_version,lookoutequipment,lookoutequipment,,,,none
lookoutequipment.resource_policy,lookoutequipment,lookoutequipment,,,,none
lookoutequipment.retraining_scheduler,lookoutequipment,lookoutequipment,,,,none
lookoutvision.project,lookoutvision,lookoutvision,,,,none
m2.application,m2,m2,,,,none
m2.application_version,m2,m2,,,,none
m2.batch_job_definition,m2,m2,,,,none
m2.batch_job_execution,m2,m2,,,,none
m2.data_set,m2,m2,,,,none
m2.data_set_detail,m2,m2,,,,none
m2.data_set_import_history,m2,m2,,,,none
m2.data_set_import_task,m2,m2,,,,none
m2.deployment,m2,m2,,,,none
m2.environment,m2,m2,,,,none
m2.signed_bluinsights_url,m2,m2,,,,none
macie2.administrator_account,macie2,macie2,,,,none
macie2.allow_list,macie2,macie2,,,,none
macie2.automated_discovery_configuration,macie2,macie2,,,,none
macie2.bucket,macie2,macie2,,,,none
macie2.classification_export_configuration,macie2,macie2,,,,none
macie2.classification_job,macie2,macie2,,,,none
macie2.classification_scope,macie2,macie2,,,,none
macie2.custom_data_identifier,macie2,macie2,,,,none
macie2.finding,macie2,macie2,,,,none
macie2.findings_filter,macie2,macie2,,,,none
macie2.findings_publication_configuration,macie2,macie2,,,,none
macie2.invitation,macie2,macie2,,,,none
macie2.invitations_count,macie2,macie2,,,,none
macie2.macie_session,macie2,macie2,,,,none
macie2.managed_data_identifier,macie2,macie2,,,,none
macie2.master_account,macie2,macie2,,,,none
macie2.member,macie2,macie2,,,,none
macie2.organization_configuration,macie2,macie2,,,,none
macie2.resource_profile,macie2,macie2,,,,none
macie2.resource_profile_artifact,macie2,macie2,,,,none
macie2.resource_profile_detection,macie2,macie2,,,,none
macie2.reveal_configuration,macie2,macie2,,,,none
macie2.sensitive_data_occurrence,macie2,macie2,,,,none
macie2.sensitive_data_occurrences_availability,macie2,macie2,,,,none
macie2.sensitivity_inspection_template,macie2,macie2,,,,none
mailmanager.addon_instance,mailmanager,mailmanager,,,,none
mailmanager.addon_subscription,mailmanager,mailmanager,,,,none
mailmanager.address_list,mailmanager,mailmanager,,,,none
mailmanager.address_list_import_job,mailmanager,mailmanager,,,,none
mailmanager.archive,mailmanager,mailmanager,,,,none
mailmanager.ingress_point,mailmanager,mailmanager,,,,none
mailmanager.relay,mailmanager,mailmanager,,,,none
mailmanager.rule_set,mailmanager,mailmanager,,,,none
mailmanager.traffic_policy,mailmanager,mailmanager,,,,none
managedblockchain-query.asset_contract,managedblockchain-query,managedblockchain-query,,,,none
managedblockchain-query.token_balance,managedblockchain-query,managedblockchain-query,,,,none
managedblockchain-query.transaction,managedblockchain-query,managedblockchain-query,,,,none
managedblockchain-query.transaction_event,managedblockchain-query,managedblockchain-query,,,,none
marketplace-agreement.agreement,marketplace-agreement,marketplace-agreement,,,,none
marketplace-agreement.agreement_term,marketplace-agreement,marketplace-agreement,,,,none
marketplace-catalog.change_set,marketplace-catalog,marketplace-catalog,,,,none
marketplace-catalog.entity,marketplace-catalog,marketplace-catalog,,,,none
marketplace-catalog.resource_policy,marketplace-catalog,marketplace-catalog,,,,none
marketplace-entitlement.entitlement,marketplace-entitlement,marketplace-entitlement,,,,none
mediaconnect.bridge,mediaconnect,mediaconnect,,,,none
mediaconnect.entitlement,mediaconnect,mediaconnect,,,,none
mediaconnect.flow,mediaconnect,mediaconnect,,,,none
mediaconnect.gateway,mediaconnect,mediaconnect,,,,none
mediaconnect.gateway_instance,mediaconnect,mediaconnect,,,,none
mediaconnect.offering,mediaconnect,mediaconnect,,,,none
mediaconnect.reservation,mediaconnect,mediaconnect,,,,none
mediaconnect.router_input,mediaconnect,mediaconnect,,,,none
mediaconnect.router_network_interface,mediaconnect,mediaconnect,,,,none
mediaconnect.router_output,mediaconnect,mediaconnect,,,,none
mediaconvert.job,mediaconvert,mediaconvert,,,,none
mediaconvert.job_template,mediaconvert,mediaconvert,,,,none
mediaconvert.policy,mediaconvert,mediaconvert,,,,none
mediaconvert.preset,mediaconvert,mediaconvert,,,,none
mediaconvert.queue,mediaconvert,mediaconvert,,,,none
medialive.alert,medialive,medialive,,,,none
medialive.channel,medialive,medialive,,,,none
medialive.channel_placement_group,medialive,medialive,,,,none
medialive.cloud_watch_alarm_template,medialive,medialive,,,,none
medialive.cloud_watch_alarm_template_group,medialive,medialive,,,,none
medialive.cluster,medialive,medialive,,,,none
medialive.cluster_alert,medialive,medialive,,,,none
medialive.event_bridge_rule_template,medialive,medialive,,,,none
medialive.event_bridge_rule_template_group,medialive,medialive,,,,none
medialive.input,medialive,medialive,,,,none
medialive.input_device,medialive,medialive,,,,none
medialive.input_device_thumbnail,medialive,medialive,,,,none
medialive.input_device_transfer,medialive,medialive,,,,none
medialive.input_security_group,medialive,medialive,,,,none
medialive.multiplex,medialive,medialive,,,,none
medialive.multiplex_alert,medialive,medialive,,,,none
medialive.multiplex_program,medialive,medialive,,,,none
medialive.multiplexprogram,medialive,medialive,,,,none
medialive.node,medialive,medialive,,,,none
medialive.offering,medialive,medialive,,,,none
medialive.reservation,medialive,medialive,,,,none
medialive.schedule,medialive,medialive,,,,none
medialive.sdi_source,medialive,medialive,,,,none
medialive.signal_map,medialive,medialive,,,,none
medialive.thumbnail,medialive,medialive,,,,none
mediapackage-vod.asset,mediapackage-vod,mediapackage-vod,,,,none
mediapackage-vod.packaging_configuration,mediapackage-vod,mediapackage-vod,,,,none
mediapackage-vod.packaging_group,mediapackage-vod,mediapackage-vod,,,,none
mediapackage.channel,mediapackage,mediapackage,,,,none
mediapackage.harvest_job,mediapackage,mediapackage,,,,none
mediapackage.origin_endpoint,mediapackage,mediapackage,,,,none
mediapackagev2.channel,mediapackagev2,mediapackagev2,,,,none
mediapackagev2.channel_group,mediapackagev2,mediapackagev2,,,,none
mediapackagev2.channel_policy,mediapackagev2,mediapackagev2,,,,none
mediapackagev2.harvest_job,mediapackagev2,mediapackagev2,,,,none
mediapackagev2.origin_endpoint,mediapackagev2,mediapackagev2,,,,none
mediapackagev2.origin_endpoint_policy,mediapackagev2,mediapackagev2,,,,none
mediastore-data.item,mediastore-data,mediastore-data,,,,none
mediastore-data.object,mediastore-data,mediastore-data,,,,none
mediastore.container,mediastore,mediastore,,,,none
mediastore.container_policy,mediastore,mediastore,,,,none
mediastore.cors_policy,mediastore,mediastore,,,,none
mediastore.lifecycle_policy,mediastore,mediastore,,,,none
mediastore.metric_policy,mediastore,mediastore,,,,none
mediatailor.alert,mediatailor,mediatailor,,,,none
mediatailor.channel,mediatailor,mediatailor,,,,none
mediatailor.channel_policy,mediatailor,mediatailor,,,,none
mediatailor.channel_schedule,mediatailor,mediatailor,,,,none
mediatailor.live_source,mediatailor,mediatailor,,,,none
mediatailor.playback_configuration,mediatailor,mediatailor,,,,none
mediatailor.prefetch_schedule,mediatailor,mediatailor,,,,none
mediatailor.program,mediatailor,mediatailor,,,,none
mediatailor.source_location,mediatailor,mediatailor,,,,none
mediatailor.vod_source,mediatailor,mediatailor,,,,none
medical-imaging.datastore,medical-imaging,medical-imaging,,,,none
medical-imaging.dicom_import_job,medical-imaging,medical-imaging,,,,none
medical-imaging.image_frame,medical-imaging,medical-imaging,,,,none
medical-imaging.image_set,medical-imaging,medical-imaging,,,,none
medical-imaging.image_set_version,medical-imaging,medical-imaging,,,,none
medical-imaging.search_image_set,medical-imaging,medical-imaging,,,,none
memorydb.acl,memorydb,memorydb,,,,none
memorydb.cluster,memorydb,memorydb,,,,none
memorydb.multi_region_cluster,memorydb,memorydb,,,,none
memorydb.multi_region_parameter,memorydb,memorydb,,,,none
memorydb.multi_region_parameter_group,memorydb,memorydb,,,,none
memorydb.parameter,memorydb,memorydb,,,,none
memorydb.parameter_group,memorydb,memorydb,,,,none
memorydb.reserved_node,memorydb,memorydb,,,,none
memorydb.reserved_nodes_offering,memorydb,memorydb,,,,none
memorydb.service_update,memorydb,memorydb,,,,none
memorydb.snapshot,memorydb,memorydb,,,,none
memorydb.subnet_group,memorydb,memorydb,,,,none
mgh.application_state,mgh,mgh,,,,none
mgh.created_artifact,mgh,mgh,,,,none
mgh.discovered_resource,mgh,mgh,,,,none
mgh.migration_task,mgh,mgh,,,,none
mgh.progress_update_stream,mgh,mgh,,,,none
mgh.source_resource,mgh,mgh,,,,none
mgn.application,mgn,mgn,,,,none
mgn.connector,mgn,mgn,,,,none
mgn.export,mgn,mgn,,,,none
mgn.export_error,mgn,mgn,,,,none
mgn.import,mgn,mgn,,,,none
mgn.import_error,mgn,mgn,,,,none
mgn.job,mgn,mgn,,,,none
mgn.job_log_item,mgn,mgn,,,,none
mgn.launch_configuration,mgn,mgn,,,,none
mgn.launch_configuration_template,mgn,mgn,,,,none
mgn.replication_configuration,mgn,mgn,,,,none
mgn.replication_configuration_template,mgn,mgn,,,,none
mgn.source_server,mgn,mgn,,,,none
mgn.source_server_action,mgn,mgn,,,,none
mgn.template_action,mgn,mgn,,,,none
mgn.vcenter_client,mgn,mgn,,,,none
mgn.wave,mgn,mgn,,,,none
migration-hub-refactor-spaces.application,migration-hub-refactor-spaces,migration-hub-refactor-spaces,,,,none
migration-hub-refactor-spaces.environment,migration-hub-refactor-spaces,migration-hub-refactor-spaces,,,,none
migration-hub-refactor-spaces.environment_vpc,migration-hub-refactor-spaces,migration-hub-refactor-spaces,,,,none
migration-hub-refactor-spaces.resource_policy,migration-hub-refactor-spaces,migration-hub-refactor-spaces,,,,none
migration-hub-refactor-spaces.route,migration-hub-refactor-spaces,migration-hub-refactor-spaces,,,,none
migration-hub-refactor-spaces.service,migration-hub-refactor-spaces,migration-hub-refactor-spaces,,,,none
migrationhub-config.home_region,migrationhub-config,migrationhub-config,,,,none
migrationhuborchestrator.plugin,migrationhuborchestrator,migrationhuborchestrator,,,,none
migrationhuborchestrator.template,migrationhuborchestrator,migrationhuborchestrator,,,,none
migrationhuborchestrator.template_step,migrationhuborchestrator,migrationhuborchestrator,,,,none
migrationhuborchestrator.template_step_group,migrationhuborchestrator,migrationhuborchestrator,,,,none
migrationhuborchestrator.workflow,migrationhuborchestrator,migrationhuborchestrator,,,,none
migrationhuborchestrator.workflow_step,migrationhuborchestrator,migrationhuborchestrator,,,,none
migrationhuborchestrator.workflow_step_group,migrationhuborchestrator,migrationhuborchestrator,,,,none
migrationhubstrategy.application_component,migrationhubstrategy,migrationhubstrategy,,,,none
migrationhubstrategy.application_component_detail,migrationhubstrategy,migrationhubstrategy,,,,none
migrationhubstrategy.application_component_strategy,migrationhubstrategy,migrationhubstrategy,,,,none
migrationhubstrategy.assessment,migrationhubstrategy,migrationhubstrategy,,,,none
migrationhubstrategy.collector,migrationhubstrategy,migrationhubstrategy,,,,none
migrationhubstrategy.import_file_task,migrationhubstrategy,migrationhubstrategy,,,,none
migrationhubstrategy.latest_assessment_id,migrationhubstrategy,migrationhubstrategy,,,,none
migrationhubstrategy.portfolio_preference,migrationhubstrategy,migrationhubstrategy,,,,none
migrationhubstrategy.recommendation_report_detail,migrationhubstrategy,migrationhubstrategy,,,,none
migrationhubstrategy.server,migrationhubstrategy,migrationhubstrategy,,,,none
migrationhubstrategy.server_detail,migrationhubstrategy,migrationhubstrategy,,,,none
migrationhubstrategy.server_strategy,migrationhubstrategy,migrationhubstrategy,,,,none
mpa.approval_team,mpa,mpa,,,,none
mpa.identity_source,mpa,mpa,,,,none
mpa.policy,mpa,mpa,,,,none
mpa.policy_version,mpa,mpa,,,,none
mturk.account_balance,mturk,mturk,,,,none
mturk.assignment,mturk,mturk,,,,none
mturk.assignments_for_hit,mturk,mturk,,,,none
mturk.file_upload_url,mturk,mturk,,,,none
mturk.hi_t,mturk,mturk,,,,none
mturk.hi_ts_for_qualification_type,mturk,mturk,,,,none
mturk.hit,mturk,mturk,,,,none
mturk.qualification_request,mturk,mturk,,,,none
mturk.qualification_score,mturk,mturk,,,,none
mturk.qualification_type,mturk,mturk,,,,none
mturk.review_policy_results_for_hit,mturk,mturk,,,,none
mturk.workers_with_qualification_type,mturk,mturk,,,,none
mwaa.environment,mwaa,mwaa,,,,none
neptune-graph.graph,neptune-graph,neptune-graph,,,,none
neptune-graph.graph_snapshot,neptune-graph,neptune-graph,,,,none
neptune-graph.import_task,neptune-graph,neptune-graph,,,,none
neptune-graph.private_graph_endpoint,neptune-graph,neptune-graph,,,,none
neptune-graph.query,neptune-graph,neptune-graph,,,,none
neptunedata.engine_status,neptunedata,neptunedata,,,,none
neptunedata.gremlin_query_status,neptunedata,neptunedata,,,,none
neptunedata.loader_job,neptunedata,neptunedata,,,,none
neptunedata.loader_job_status,neptunedata,neptunedata,,,,none
neptunedata.ml_data_processing_job,neptunedata,neptunedata,,,,none
neptunedata.ml_endpoint,neptunedata,neptunedata,,,,none
neptunedata.ml_model_training_job,neptunedata,neptunedata,,,,none
neptunedata.ml_model_transform_job,neptunedata,neptunedata,,,,none
neptunedata.open_cypher_query_status,neptunedata,neptunedata,,,,none
networkflowmonitor.monitor,networkflowmonitor,networkflowmonitor,,,,none
networkflowmonitor.scope,networkflowmonitor,networkflowmonitor,,,,none
networkmanager.attachment,networkmanager,networkmanager,,,,none
networkmanager.attachment_routing_policy_association,networkmanager,networkmanager,,,,none
networkmanager.connect_attachment,networkmanager,networkmanager,,,,none
networkmanager.connect_peer,networkmanager,networkmanager,,,,none
networkmanager.connect_peer_association,networkmanager,networkmanager,,,,none
networkmanager.connection,networkmanager,networkmanager,,,,none
networkmanager.core_network,networkmanager,networkmanager,,,,none
networkmanager.core_network_change_event,networkmanager,networkmanager,,,,none
networkmanager.core_network_change_set,networkmanager,networkmanager,,,,none
networkmanager.core_network_policy,networkmanager,networkmanager,,,,none
networkmanager.core_network_policy_version,networkmanager,networkmanager,,,,none
networkmanager.core_network_prefix_list_association,networkmanager,networkmanager,,,,none
networkmanager.customer_gateway_association,networkmanager,networkmanager,,,,none
networkmanager.device,networkmanager,networkmanager,,,,none
networkmanager.direct_connect_gateway_attachment,networkmanager,networkmanager,,,,none
networkmanager.global_network,networkmanager,networkmanager,,,,none
networkmanager.link,networkmanager,networkmanager,,,,none
networkmanager.link_association,networkmanager,networkmanager,,,,none
networkmanager.network_resource,networkmanager,networkmanager,,,,none
networkmanager.network_resource_count,networkmanager,networkmanager,,,,none
networkmanager.network_resource_relationship,networkmanager,networkmanager,,,,none
networkmanager.network_route,networkmanager,networkmanager,,,,none
networkmanager.network_telemetry,networkmanager,networkmanager,,,,none
networkmanager.organization_service_access_status,networkmanager,networkmanager,,,,none
networkmanager.peering,networkmanager,networkmanager,,,,none
networkmanager.resource_policy,networkmanager,networkmanager,,,,none
networkmanager.route_analysis,networkmanager,networkmanager,,,,none
networkmanager.site,networkmanager,networkmanager,,,,none
networkmanager.site_to_site_vpn_attachment,networkmanager,networkmanager,,,,none
networkmanager.transit_gateway_connect_peer_association,networkmanager,networkmanager,,,,none
networkmanager.transit_gateway_peering,networkmanager,networkmanager,,,,none
networkmanager.transit_gateway_registration,networkmanager,networkmanager,,,,none
networkmanager.transit_gateway_route_table_attachment,networkmanager,networkmanager,,,,none
networkmanager.vpc_attachment,networkmanager,networkmanager,,,,none
networkmonitor.monitor,networkmonitor,networkmonitor,,,,none
networkmonitor.probe,networkmonitor,networkmonitor,,,,none
notifications.channel_association,notifications,notifications,,,,none
notifications.event_rule,notifications,notifications,,,,none
notifications.managed_notification_child_event,notifications,notifications,,,,none
notifications.managed_notification_configuration,notifications,notifications,,,,none
notifications.managed_notification_event,notifications,notifications,,,,none
notifications.notification_configuration,notifications,notifications,,,,none
notifications.notification_event,notifications,notifications,,,,none
notifications.notification_hub,notifications,notifications,,,,none
notificationscontacts.email_contact,notificationscontacts,notificationscontacts,,,,none
oam.attached_link,oam,oam,,,,none
oam.link,oam,oam,,,,none
oam.sink,oam,oam,,,,none
oam.sink_policy,oam,oam,,,,none
observabilityadmin.telemetry_rule,observabilityadmin,observabilityadmin,,,,none
odb.autonomous_virtual_machine,odb,odb,,,,none
odb.cloud_autonomous_vm_cluster,odb,odb,,,,none
odb.cloud_exadata_infrastructure,odb,odb,,,,none
odb.cloud_vm_cluster,odb,odb,,,,none
odb.db_node,odb,odb,,,,none
odb.db_server,odb,odb,,,,none
odb.db_system_shape,odb,odb,,,,none
odb.odb_network,odb,odb,,,,none
odb.odb_peering_connection,odb,odb,,,,none
omics.annotation_import_job,omics,omics,,,,none
omics.annotation_store,omics,omics,,,,none
omics.annotation_store_version,omics,omics,,,,none
omics.multipart_read_set_upload,omics,omics,,,,none
omics.read_set,omics,omics,,,,none
omics.read_set_activation_job,omics,omics,,,,none
omics.read_set_export_job,omics,omics,,,,none
omics.read_set_import_job,omics,omics,,,,none
omics.read_set_upload_part,omics,omics,,,,none
omics.reference,omics,omics,,,,none
omics.reference_import_job,omics,omics,,,,none
omics.reference_store,omics,omics,,,,none
omics.run,omics,omics,,,,none
omics.run_cach,omics,omics,,,,none
omics.run_cache,omics,omics,,,,none
omics.run_group,omics,omics,,,,none
omics.run_task,omics,omics,,,,none
omics.sequence_store,omics,omics,,,,none
omics.share,omics,omics,,,,none
omics.variant_import_job,omics,omics,,,,none
omics.variant_store,omics,omics,,,,none
omics.workflow,omics,omics,,,,none
omics.workflow_version,omics,omics,,,,none
opensearch.application,opensearch,opensearch,,,,none
opensearch.domain,opensearch,opensearch,,,,none
opensearch.vpc_endpoint,opensearch,opensearch,,,,none
opensearchserverless.access_policy,opensearchserverless,opensearchserverless,,,,none
opensearchserverless.collection,opensearchserverless,opensearchserverless,,,,none
opensearchserverless.index,opensearchserverless,opensearchserverless,,,,none
opensearchserverless.lifecycle_policy,opensearchserverless,opensearchserverless,,,,none
opensearchserverless.policies_stat,opensearchserverless,opensearchserverless,,,,none
opensearchserverless.security_config,opensearchserverless,opensearchserverless,,,,none
opensearchserverless.security_policy,opensearchserverless,opensearchserverless,,,,none
opensearchserverless.vpc_endpoint,opensearchserverless,opensearchserverless,,,,none
osis.pipeline,osis,osis,,,,none
osis.pipeline_blueprint,osis,osis,,,,none
osis.pipeline_change_progress,osis,osis,,,,none
panorama.application_instance,panorama,panorama,,,,none
panorama.application_instance_dependency,panorama,panorama,,,,none
panorama.application_instance_detail,panorama,panorama,,,,none
panorama.application_instance_node_instance,panorama,panorama,,,,none
panorama.device,panorama,panorama,,,,none
panorama.device_job,panorama,panorama,,,,none
panorama.node,panorama,panorama,,,,none
panorama.node_from_template_job,panorama,panorama,,,,none
panorama.package,panorama,panorama,,,,none
panorama.package_import_job,panorama,panorama,,,,none
panorama.package_version,panorama,panorama,,,,none
partnercentral-channel.channel_handshake,partnercentral-channel,partnercentral-channel,,,,none
partnercentral-channel.program_management_account,partnercentral-channel,partnercentral-channel,,,,none
partnercentral-channel.relationship,partnercentral-channel,partnercentral-channel,,,,none
partnercentral-selling.engagement_invitation,partnercentral-selling,partnercentral-selling,,,,none
partnercentral-selling.engagement_resource_association,partnercentral-selling,partnercentral-selling,,,,none
partnercentral-selling.opportunity,partnercentral-selling,partnercentral-selling,,,,none
partnercentral-selling.resource_snapshot,partnercentral-selling,partnercentral-selling,,,,none
partnercentral-selling.resource_snapshot_job,partnercentral-selling,partnercentral-selling,,,,none
partnercentral-selling.solution,partnercentral-selling,partnercentral-selling,,,,none
payment-cryptography.alia,payment-cryptography,payment-cryptography,,,,none
payment-cryptography.alias,payment-cryptography,payment-cryptography,,,,none
payment-cryptography.key,payment-cryptography,payment-cryptography,,,,none
payment-cryptography.parameters_for_export,payment-cryptography,payment-cryptography,,,,none
payment-cryptography.parameters_for_import,payment-cryptography,payment-cryptography,,,,none
payment-cryptography.public_key_certificate,payment-cryptography,payment-cryptography,,,,none
pca-connector-ad.connector,pca-connector-ad,pca-connector-ad,,,,none
pca-connector-ad.directory_registration,pca-connector-ad,pca-connector-ad,,,,none
pca-connector-ad.service_principal_name,pca-connector-ad,pca-connector-ad,,,,none
pca-connector-ad.template,pca-connector-ad,pca-connector-ad,,,,none
pca-connector-ad.template_group_access_control_entry,pca-connector-ad,pca-connector-ad,,,,none
pca-connector-scep.connector,pca-connector-scep,pca-connector-scep,,,,none
pcs.cluster,pcs,pcs,,,,none
pcs.compute_node_group,pcs,pcs,,,,none
pcs.queue,pcs,pcs,,,,none
personalize-runtime.personalized_ranking,personalize-runtime,personalize-runtime,,,,none
pi.available_resource_dimension,pi,pi,,,,none
pi.available_resource_metric,pi,pi,,,,none
pi.dimension_key,pi,pi,,,,none
pi.dimension_key_detail,pi,pi,,,,none
pi.resource_metric,pi,pi,,,,none
pinpoint-email.account,pinpoint-email,pinpoint-email,,,,none
pinpoint-email.configuration_set,pinpoint-email,pinpoint-email,,,,none
pinpoint-email.configuration_set_event_destination,pinpoint-email,pinpoint-email,,,,none
pinpoint-email.dedicated_ip,pinpoint-email,pinpoint-email,,,,none
pinpoint-email.domain_deliverability_campaign,pinpoint-email,pinpoint-email,,,,none
pinpoint-email.email_identity,pinpoint-email,pinpoint-email,,,,none
pinpoint-sms-voice-v2.configuration_set,pinpoint-sms-voice-v2,pinpoint-sms-voice-v2,,,,none
pinpoint-sms-voice-v2.keyword,pinpoint-sms-voice-v2,pinpoint-sms-voice-v2,,,,none
pinpoint-sms-voice-v2.opt_out_list,pinpoint-sms-voice-v2,pinpoint-sms-voice-v2,,,,none
pinpoint-sms-voice-v2.opted_out_number,pinpoint-sms-voice-v2,pinpoint-sms-voice-v2,,,,none
pinpoint-sms-voice-v2.phone_number,pinpoint-sms-voice-v2,pinpoint-sms-voice-v2,,,,none
pinpoint-sms-voice-v2.pool,pinpoint-sms-voice-v2,pinpoint-sms-voice-v2,,,,none
pinpoint-sms-voice-v2.pool_origination_identity,pinpoint-sms-voice-v2,pinpoint-sms-voice-v2,,,,none
pinpoint-sms-voice-v2.protect_configuration,pinpoint-sms-voice-v2,pinpoint-sms-voice-v2,,,,none
pinpoint-sms-voice-v2.registration,pinpoint-sms-voice-v2,pinpoint-sms-voice-v2,,,,none
pinpoint-sms-voice-v2.registration_association,pinpoint-sms-voice-v2,pinpoint-sms-voice-v2,,,,none
pinpoint-sms-voice-v2.registration_attachment,pinpoint-sms-voice-v2,pinpoint-sms-voice-v2,,,,none
pinpoint-sms-voice-v2.registration_field_definition,pinpoint-sms-voice-v2,pinpoint-sms-voice-v2,,,,none
pinpoint-sms-voice-v2.registration_field_value,pinpoint-sms-voice-v2,pinpoint-sms-voice-v2,,,,none
pinpoint-sms-voice-v2.registration_section_definition,pinpoint-sms-voice-v2,pinpoint-sms-voice-v2,,,,none
pinpoint-sms-voice-v2.registration_version,pinpoint-sms-voice-v2,pinpoint-sms-voice-v2,,,,none
pinpoint-sms-voice-v2.sender_id,pinpoint-sms-voice-v2,pinpoint-sms-voice-v2,,,,none
pinpoint-sms-voice-v2.verified_destination_number,pinpoint-sms-voice-v2,pinpoint-sms-voice-v2,,,,none
pinpoint-sms-voice.configuration_set_event_destination,pinpoint-sms-voice,pinpoint-sms-voice,,,,none
pipes.pipe,pipes,pipes,,,,none
pricing.attribute_value,pricing,pricing,,,,none
pricing.price_list,pricing,pricing,,,,none
pricing.price_list_file_url,pricing,pricing,,,,none
pricing.product,pricing,pricing,,,,none
qapps.category,qapps,qapps,,,,none
qapps.library_item,qapps,qapps,,,,none
qbusiness.application,qbusiness,qbusiness,,,,none
qbusiness.attachment,qbusiness,qbusiness,,,,none
qbusiness.chat_controls_configuration,qbusiness,qbusiness,,,,none
qbusiness.conversation,qbusiness,qbusiness,,,,none
qbusiness.data_accessor,qbusiness,qbusiness,,,,none
qbusiness.data_source,qbusiness,qbusiness,,,,none
qbusiness.data_source_sync_job,qbusiness,qbusiness,,,,none
qbusiness.document,qbusiness,qbusiness,,,,none
qbusiness.group,qbusiness,qbusiness,,,,none
qbusiness.index,qbusiness,qbusiness,,,,none
qbusiness.indice,qbusiness,qbusiness,,,,none
qbusiness.message,qbusiness,qbusiness,,,,none
qbusiness.plugin,qbusiness,qbusiness,,,,none
qbusiness.retriever,qbusiness,qbusiness,,,,none
qbusiness.subscription,qbusiness,qbusiness,,,,none
qbusiness.web_experience,qbusiness,qbusiness,,,,none
qconnect.ai_agent,qconnect,qconnect,,,,none
qconnect.ai_guardrail,qconnect,qconnect,,,,none
qconnect.ai_prompt,qconnect,qconnect,,,,none
qconnect.assistant,qconnect,qconnect,,,,none
qconnect.assistant_association,qconnect,qconnect,,,,none
qconnect.content,qconnect,qconnect,,,,none
qconnect.content_association,qconnect,qconnect,,,,none
qconnect.import_job,qconnect,qconnect,,,,none
qconnect.knowledge_base,qconnect,qconnect,,,,none
qconnect.message,qconnect,qconnect,,,,none
qconnect.message_template,qconnect,qconnect,,,,none
qconnect.query_assistant,qconnect,qconnect,,,,none
qconnect.quick_respons,qconnect,qconnect,,,,none
qconnect.quick_response,qconnect,qconnect,,,,none
qconnect.search_content,qconnect,qconnect,,,,none
qconnect.search_quick_respons,qconnect,qconnect,,,,none
qconnect.search_session,qconnect,qconnect,,,,none
qconnect.session,qconnect,qconnect,,,,none
rbin.rule,rbin,rbin,,,,none
redshift-data.statement,redshift-data,redshift-data,,,,none
redshift-data.table,redshift-data,redshift-data,,,,none
redshift-serverless.credential,redshift-serverless,redshift-serverless,,,,none
redshift-serverless.custom_domain_association,redshift-serverless,redshift-serverless,,,,none
redshift-serverless.endpoint_access,redshift-serverless,redshift-serverless,,,,none
redshift-serverless.managed_workgroup,redshift-serverless,redshift-serverless,,,,none
redshift-serverless.namespace,redshift-serverless,redshift-serverless,,,,none
redshift-serverless.recovery_point,redshift-serverless,redshift-serverless,,,,none
redshift-serverless.reservation,redshift-serverless,redshift-serverless,,,,none
redshift-serverless.resource_policy,redshift-serverless,redshift-serverless,,,,none
redshift-serverless.scheduled_action,redshift-serverless,redshift-serverless,,,,none
redshift-serverless.snapshot,redshift-serverless,redshift-serverless,,,,none
redshift-serverless.snapshot_copy_configuration,redshift-serverless,redshift-serverless,,,,none
redshift-serverless.table_restore_status,redshift-serverless,redshift-serverless,,,,none
redshift-serverless.track,redshift-serverless,redshift-serverless,,,,none
redshift-serverless.workgroup,redshift-serverless,redshift-serverless,,,,none
repostspace.space,repostspace,repostspace,,,,none
required.resource,required,required,,,,none
resiliencehub.app,resiliencehub,resiliencehub,,,,none
resiliencehub.app_assessment,resiliencehub,resiliencehub,,,,none
resiliencehub.app_assessment_compliance_drift,resiliencehub,resiliencehub,,,,none
resiliencehub.app_component_compliance,resiliencehub,resiliencehub,,,,none
resiliencehub.app_input_source,resiliencehub,resiliencehub,,,,none
resiliencehub.app_version,resiliencehub,resiliencehub,,,,none
resiliencehub.app_version_app_component,resiliencehub,resiliencehub,,,,none
resiliencehub.app_version_resource,resiliencehub,resiliencehub,,,,none
resiliencehub.app_version_resource_mapping,resiliencehub,resiliencehub,,,,none
resiliencehub.app_version_resources_resolution_status,resiliencehub,resiliencehub,,,,none
resiliencehub.app_version_template,resiliencehub,resiliencehub,,,,none
resiliencehub.draft_app_version_resources_import_status,resiliencehub,resiliencehub,,,,none
resiliencehub.metrics_export,resiliencehub,resiliencehub,,,,none
resiliencehub.recommendation_template,resiliencehub,resiliencehub,,,,none
resiliencehub.resiliency_policy,resiliencehub,resiliencehub,,,,none
resiliencehub.unsupported_app_version_resource,resiliencehub,resiliencehub,,,,none
resource-explorer-2.account_level_service_configuration,resource-explorer-2,resource-explorer-2,,,,none
resource-explorer-2.default_view,resource-explorer-2,resource-explorer-2,,,,none
resource-explorer-2.index,resource-explorer-2,resource-explorer-2,,,,none
resource-explorer-2.indexes_for_member,resource-explorer-2,resource-explorer-2,,,,none
resource-explorer-2.managed_view,resource-explorer-2,resource-explorer-2,,,,none
resource-explorer-2.search,resource-explorer-2,resource-explorer-2,,,,none
resource-explorer-2.service_index,resource-explorer-2,resource-explorer-2,,,,none
resource-explorer-2.service_view,resource-explorer-2,resource-explorer-2,,,,none
resource-explorer-2.view,resource-explorer-2,resource-explorer-2,,,,none
resource-groups.group,resource-groups,resource-groups,,,,none
resource-groups.group_configuration,resource-groups,resource-groups,,,,none
resource-groups.group_query,resource-groups,resource-groups,,,,none
resource-groups.group_resource,resource-groups,resource-groups,,,,none
resourcegroupstaggingapi.report_creation,resourcegroupstaggingapi,resourcegroupstaggingapi,,,,none
resourcegroupstaggingapi.resource,resourcegroupstaggingapi,resourcegroupstaggingapi,,,,none
rolesanywhere.crl,rolesanywhere,rolesanywhere,,,,none
rolesanywhere.profile,rolesanywhere,rolesanywhere,,,,none
rolesanywhere.subject,rolesanywhere,rolesanywhere,,,,none
rolesanywhere.trust_anchor,rolesanywhere,rolesanywhere,,,,none
route53-recovery-cluster.routing_control,route53-recovery-cluster,route53-recovery-cluster,,,,none
route53-recovery-cluster.routing_control_state,route53-recovery-cluster,route53-recovery-cluster,,,,none
route53-recovery-control-config.cluster,route53-recovery-control-config,route53-recovery-control-config,,,,none
route53-recovery-control-config.control_panel,route53-recovery-control-config,route53-recovery-control-config,,,,none
route53-recovery-control-config.resource_policy,route53-recovery-control-config,route53-recovery-control-config,,,,none
route53-recovery-control-config.routing_control,route53-recovery-control-config,route53-recovery-control-config,,,,none
route53-recovery-control-config.safety_rule,route53-recovery-control-config,route53-recovery-control-config,,,,none
route53-recovery-readiness.cell,route53-recovery-readiness,route53-recovery-readiness,,,,none
route53-recovery-readiness.readiness_check,route53-recovery-readiness,route53-recovery-readiness,,,,none
route53-recovery-readiness.readiness_check_resource_status,route53-recovery-readiness,route53-recovery-readiness,,,,none
route53-recovery-readiness.readiness_check_status,route53-recovery-readiness,route53-recovery-readiness,,,,none
route53-recovery-readiness.recovery_group,route53-recovery-readiness,route53-recovery-readiness,,,,none
route53-recovery-readiness.resource_set,route53-recovery-readiness,route53-recovery-readiness,,,,none
route53-recovery-readiness.rule,route53-recovery-readiness,route53-recovery-readiness,,,,none
route53domains.contact_reachability_status,route53domains,route53domains,,,,none
route53domains.domain_detail,route53domains,route53domains,,,,none
route53domains.domain_suggestion,route53domains,route53domains,,,,none
route53domains.operation,route53domains,route53domains,,,,none
route53domains.operation_detail,route53domains,route53domains,,,,none
route53domains.r53domain,route53domains,route53domains,,,,none
route53domains.tags_for_domain,route53domains,route53domains,,,,none
route53profiles.profile,route53profiles,route53profiles,,,,none
route53profiles.profile_association,route53profiles,route53profiles,,,,none
route53profiles.profile_resource_association,route53profiles,route53profiles,,,,none
route53resolver.firewall_config,route53resolver,route53resolver,,,,none
route53resolver.firewall_domain_list,route53resolver,route53resolver,,,,none
route53resolver.firewall_rule,route53resolver,route53resolver,,,,none
route53resolver.firewall_rule_group,route53resolver,route53resolver,,,,none
route53resolver.firewall_rule_group_association,route53resolver,route53resolver,,,,none
route53resolver.firewall_rule_group_policy,route53resolver,route53resolver,,,,none
route53resolver.outpost_resolver,route53resolver,route53resolver,,,,none
route53resolver.resolver_config,route53resolver,route53resolver,,,,none
route53resolver.resolver_dnssec_config,route53resolver,route53resolver,,,,none
route53resolver.resolver_endpoint,route53resolver,route53resolver,,,,none
route53resolver.resolver_endpoint_ip_address,route53resolver,route53resolver,,,,none
route53resolver.resolver_query_log_config,route53resolver,route53resolver,,,,none
route53resolver.resolver_query_log_config_association,route53resolver,route53resolver,,,,none
route53resolver.resolver_query_log_config_policy,route53resolver,route53resolver,,,,none
route53resolver.resolver_query_logging_config,route53resolver,route53resolver,,,,none
route53resolver.resolver_rule,route53resolver,route53resolver,,,,none
route53resolver.resolver_rule_association,route53resolver,route53resolver,,,,none
route53resolver.resolver_rule_policy,route53resolver,route53resolver,,,,none
rtbfabric.inbound_external_link,rtbfabric,rtbfabric,,,,none
rtbfabric.link,rtbfabric,rtbfabric,,,,none
rtbfabric.outbound_external_link,rtbfabric,rtbfabric,,,,none
rtbfabric.requester_gateway,rtbfabric,rtbfabric,,,,none
rtbfabric.responder_gateway,rtbfabric,rtbfabric,,,,none
rum.app_monitor,rum,rum,,,,none
rum.app_monitor_data,rum,rum,,,,none
rum.rum_metrics_destination,rum,rum,,,,none
s3control.access_grant,s3control,s3control,,,,none
s3control.access_grants_instance,s3control,s3control,,,,none
s3control.access_grants_instance_for_prefix,s3control,s3control,,,,none
s3control.access_grants_instance_resource_policy,s3control,s3control,,,,none
s3control.access_grants_location,s3control,s3control,,,,none
s3control.access_point,s3control,s3control,,,,none
s3control.access_point_configuration_for_object_lambda,s3control,s3control,,,,none
s3control.access_point_for_object_lambda,s3control,s3control,,,,none
s3control.access_point_policy,s3control,s3control,,,,none
s3control.access_point_policy_for_object_lambda,s3control,s3control,,,,none
s3control.access_point_policy_status,s3control,s3control,,,,none
s3control.access_point_policy_status_for_object_lambda,s3control,s3control,,,,none
s3control.access_points_for_directory_bucket,s3control,s3control,,,,none
s3control.access_points_for_object_lambda,s3control,s3control,,,,none
s3control.bucket,s3control,s3control,,,,none
s3control.bucket_lifecycle_configuration,s3control,s3control,,,,none
s3control.bucket_policy,s3control,s3control,,,,none
s3control.bucket_replication,s3control,s3control,,,,none
s3control.bucket_tagging,s3control,s3control,,,,none
s3control.bucket_versioning,s3control,s3control,,,,none
s3control.caller_access_grant,s3control,s3control,,,,none
s3control.data_access,s3control,s3control,,,,none
s3control.job,s3control,s3control,,,,none
s3control.job_tagging,s3control,s3control,,,,none
s3control.multi_region_access_point,s3control,s3control,,,,none
s3control.multi_region_access_point_operation,s3control,s3control,,,,none
s3control.multi_region_access_point_policy,s3control,s3control,,,,none
s3control.multi_region_access_point_policy_status,s3control,s3control,,,,none
s3control.multi_region_access_point_route,s3control,s3control,,,,none
s3control.public_access_block,s3control,s3control,,,,none
s3control.regional_bucket,s3control,s3control,,,,none
s3control.storage_lens_configuration,s3control,s3control,,,,none
s3control.storage_lens_configuration_tagging,s3control,s3control,,,,none
s3control.storage_lens_group,s3control,s3control,,,,none
s3express.directory_bucket,s3express,s3express,,,,none
s3outposts.shared_endpoint,s3outposts,s3outposts,,,,none
s3tables.table,s3tables,s3tables,,,,none
s3tables.table,s3tables,s3tables,,,,none
s3tables.table_bucket,s3tables,s3tables,,,,none
s3tables.table_bucket_metrics_configuration,s3tables,s3tables,,,,none
s3tables.table_bucket_policy,s3tables,s3tables,,,,none
s3tables.table_policy,s3tables,s3tables,,,,none
s3vectors.index,s3vectors,s3vectors,,,,none
s3vectors.vector_bucket,s3vectors,s3vectors,,,,none
s3vectors.vector_bucket_policy,s3vectors,s3vectors,,,,none
scheduler.schedule,scheduler,scheduler,,,,none
scheduler.schedule_group,scheduler,scheduler,,,,none
schemas.code_binding,schemas,schemas,,,,none
schemas.code_binding_source,schemas,schemas,,,,none
schemas.discovered_schema,schemas,schemas,,,,none
schemas.discoverer,schemas,schemas,,,,none
schemas.registry,schemas,schemas,,,,none
schemas.resource_policy,schemas,schemas,,,,none
schemas.schema,schemas,schemas,,,,none
schemas.schema_version,schemas,schemas,,,,none
sdb.domain,sdb,sdb,,,,none
sdb.domain,sdb,sdb,,,,none
security-ir.case,security-ir,security-ir,,,,none
security-ir.comment,security-ir,security-ir,,,,none
security-ir.investigation,security-ir,security-ir,,,,none
security-ir.membership,security-ir,security-ir,,,,none
serverlessrepo.application,serverlessrepo,serverlessrepo,,,,none
serverlessrepo.application_dependency,serverlessrepo,serverlessrepo,,,,none
serverlessrepo.application_policy,serverlessrepo,serverlessrepo,,,,none
serverlessrepo.application_version,serverlessrepo,serverlessrepo,,,,none
serverlessrepo.serverless_app,serverlessrepo,serverlessrepo,,,,none
service-quotas.association_for_service_quota_template,service-quotas,service-quotas,,,,none
service-quotas.requested_service_quota_change,service-quotas,service-quotas,,,,none
service-quotas.service_quota_increase_request_from_template,service-quotas,service-quotas,,,,none
service-quotas.service_quota_request,service-quotas,service-quotas,,,,none
servicecatalog-appregistry.application,servicecatalog-appregistry,servicecatalog-appregistry,,,,none
servicecatalog-appregistry.associated_attribute_group,servicecatalog-appregistry,servicecatalog-appregistry,,,,none
servicecatalog-appregistry.associated_resource,servicecatalog-appregistry,servicecatalog-appregistry,,,,none
servicecatalog-appregistry.attribute_group,servicecatalog-appregistry,servicecatalog-appregistry,,,,none
servicecatalog-appregistry.attribute_groups_for_application,servicecatalog-appregistry,servicecatalog-appregistry,,,,none
servicecatalog-appregistry.configuration,servicecatalog-appregistry,servicecatalog-appregistry,,,,none
servicediscovery.instance,servicediscovery,servicediscovery,,,,none
servicediscovery.instances_health_status,servicediscovery,servicediscovery,,,,none
servicediscovery.namespace,servicediscovery,servicediscovery,,,,none
servicediscovery.operation,servicediscovery,servicediscovery,,,,none
servicediscovery.service,servicediscovery,servicediscovery,,,,none
sesv2.account,sesv2,sesv2,,,,none
sesv2.configuration_set,sesv2,sesv2,,,,none
sesv2.configuration_set_event_destination,sesv2,sesv2,,,,none
sesv2.contact,sesv2,sesv2,,,,none
sesv2.contact_list,sesv2,sesv2,,,,none
sesv2.custom_verification_email_template,sesv2,sesv2,,,,none
sesv2.dedicated_ip,sesv2,sesv2,,,,none
sesv2.dedicated_ip_pool,sesv2,sesv2,,,,none
sesv2.domain_deliverability_campaign,sesv2,sesv2,,,,none
sesv2.email_identity,sesv2,sesv2,,,,none
sesv2.email_identity_policy,sesv2,sesv2,,,,none
sesv2.email_template,sesv2,sesv2,,,,none
sesv2.export_job,sesv2,sesv2,,,,none
sesv2.import_job,sesv2,sesv2,,,,none
sesv2.suppressed_destination,sesv2,sesv2,,,,none
sesv2.tenant,sesv2,sesv2,,,,none
signer.revocation_status,signer,signer,,,,none
signer.signing_job,signer,signer,,,,none
signer.signing_platform,signer,signer,,,,none
signer.signing_profile,signer,signer,,,,none
simspaceweaver.app,simspaceweaver,simspaceweaver,,,,none
simspaceweaver.simulation,simspaceweaver,simspaceweaver,,,,none
sms-voice.configuration_set_event_destination,sms-voice,sms-voice,,,,none
snow-device-management.device,snow-device-management,snow-device-management,,,,none
snow-device-management.device_ec2_instance,snow-device-management,snow-device-management,,,,none
snow-device-management.device_resource,snow-device-management,snow-device-management,,,,none
snow-device-management.execution,snow-device-management,snow-device-management,,,,none
snow-device-management.task,snow-device-management,snow-device-management,,,,none
socialmessaging.linked_whats_app_business_account,socialmessaging,socialmessaging,,,,none
socialmessaging.linked_whats_app_business_account_phone_number,socialmessaging,socialmessaging,,,,none
ssm-contacts.contact,ssm-contacts,ssm-contacts,,,,none
ssm-contacts.contact_channel,ssm-contacts,ssm-contacts,,,,none
ssm-contacts.contact_policy,ssm-contacts,ssm-contacts,,,,none
ssm-contacts.page,ssm-contacts,ssm-contacts,,,,none
ssm-contacts.page_receipt,ssm-contacts,ssm-contacts,,,,none
ssm-contacts.page_resolution,ssm-contacts,ssm-contacts,,,,none
ssm-contacts.pages_by_contact,ssm-contacts,ssm-contacts,,,,none
ssm-contacts.pages_by_engagement,ssm-contacts,ssm-contacts,,,,none
ssm-contacts.preview_rotation_shift,ssm-contacts,ssm-contacts,,,,none
ssm-contacts.rotation,ssm-contacts,ssm-contacts,,,,none
ssm-contacts.rotation_override,ssm-contacts,ssm-contacts,,,,none
ssm-contacts.rotation_shift,ssm-contacts,ssm-contacts,,,,none
ssm-incidents.incident_finding,ssm-incidents,ssm-incidents,,,,none
ssm-incidents.incident_record,ssm-incidents,ssm-incidents,,,,none
ssm-incidents.related_item,ssm-incidents,ssm-incidents,,,,none
ssm-incidents.replication_set,ssm-incidents,ssm-incidents,,,,none
ssm-incidents.resource_policy,ssm-incidents,ssm-incidents,,,,none
ssm-incidents.response_plan,ssm-incidents,ssm-incidents,,,,none
ssm-incidents.timeline_event,ssm-incidents,ssm-incidents,,,,none
ssm-quicksetup.configuration,ssm-quicksetup,ssm-quicksetup,,,,none
ssm-quicksetup.configuration_manager,ssm-quicksetup,ssm-quicksetup,,,,none
ssm-sap.application,ssm-sap,ssm-sap,,,,none
ssm-sap.component,ssm-sap,ssm-sap,,,,none
ssm-sap.configuration_check_definition,ssm-sap,ssm-sap,,,,none
ssm-sap.configuration_check_operation,ssm-sap,ssm-sap,,,,none
ssm-sap.databas,ssm-sap,ssm-sap,,,,none
ssm-sap.operation,ssm-sap,ssm-sap,,,,none
sso-admin.account_assignment,sso-admin,sso-admin,,,,none
sso-admin.account_assignment_creation_status,sso-admin,sso-admin,,,,none
sso-admin.account_assignment_deletion_status,sso-admin,sso-admin,,,,none
sso-admin.account_assignments_for_principal,sso-admin,sso-admin,,,,none
sso-admin.application,sso-admin,sso-admin,,,,none
sso-admin.application_access_scope,sso-admin,sso-admin,,,,none
sso-admin.application_assignment,sso-admin,sso-admin,,,,none
sso-admin.application_assignment_configuration,sso-admin,sso-admin,,,,none
sso-admin.application_assignments_for_principal,sso-admin,sso-admin,,,,none
sso-admin.application_authentication_method,sso-admin,sso-admin,,,,none
sso-admin.application_grant,sso-admin,sso-admin,,,,none
sso-admin.application_provider,sso-admin,sso-admin,,,,none
sso-admin.customer_managed_policy_references_in_permission_set,sso-admin,sso-admin,,,,none
sso-admin.instance,sso-admin,sso-admin,,,,none
sso-admin.instance_access_control_attribute_configuration,sso-admin,sso-admin,,,,none
sso-admin.managed_policies_in_permission_set,sso-admin,sso-admin,,,,none
sso-admin.permission_set_provisioning_status,sso-admin,sso-admin,,,,none
sso-admin.permission_sets_provisioned_to_account,sso-admin,sso-admin,,,,none
sso-admin.permissions_boundary_for_permission_set,sso-admin,sso-admin,,,,none
sso-admin.trusted_token_issuer,sso-admin,sso-admin,,,,none
sso.instance,sso,sso,,,,none
sso.permission_set,sso,sso,,,,none
sts.access_key_info,sts,sts,,,,none
sts.caller_identity,sts,sts,,,,none
sts.federation_token,sts,sts,,,,none
sts.session_token,sts,sts,,,,none
supplychain.bill_of_materials_import_job,supplychain,supplychain,,,,none
supplychain.data_integration_flow,supplychain,supplychain,,,,none
supplychain.data_lake_dataset,supplychain,supplychain,,,,none
supplychain.data_lake_namespace,supplychain,supplychain,,,,none
supplychain.instance,supplychain,supplychain,,,,none
support-app.account_alias,support-app,support-app,,,,none
swf.activity_type,swf,swf,,,,none
swf.closed_workflow_execution,swf,swf,,,,none
swf.domain,swf,swf,,,,none
swf.open_workflow_execution,swf,swf,,,,none
swf.swf_domain,swf,swf,,,,none
swf.workflow_execution,swf,swf,,,,none
swf.workflow_execution_history,swf,swf,,,,none
swf.workflow_type,swf,swf,,,,none
synthetics.associated_group,synthetics,synthetics,,,,none
synthetics.canary,synthetics,synthetics,,,,none
synthetics.canary_run,synthetics,synthetics,,,,none
synthetics.group,synthetics,synthetics,,,,none
taxsettings.supplemental_tax_registration,taxsettings,taxsettings,,,,none
taxsettings.tax_registration,taxsettings,taxsettings,,,,none
timestream-influxdb.db_cluster,timestream-influxdb,timestream-influxdb,,,,none
timestream-influxdb.db_instance,timestream-influxdb,timestream-influxdb,,,,none
timestream-influxdb.db_instances_for_cluster,timestream-influxdb,timestream-influxdb,,,,none
timestream-influxdb.db_parameter_group,timestream-influxdb,timestream-influxdb,,,,none
timestream-query.query,timestream-query,timestream-query,,,,none
timestream-write.batch_load_task,timestream-write,timestream-write,,,,none
timestream-write.table,timestream-write,timestream-write,,,,none
timestream-write.timestream_database,timestream-write,timestream-write,,,,none
timestream-write.timestream_table,timestream-write,timestream-write,,,,none
tnb.sol_function_instance,tnb,tnb,,,,none
tnb.sol_function_package,tnb,tnb,,,,none
tnb.sol_function_package_content,tnb,tnb,,,,none
tnb.sol_function_package_descriptor,tnb,tnb,,,,none
tnb.sol_network_instance,tnb,tnb,,,,none
tnb.sol_network_operation,tnb,tnb,,,,none
tnb.sol_network_package,tnb,tnb,,,,none
tnb.sol_network_package_content,tnb,tnb,,,,none
tnb.sol_network_package_descriptor,tnb,tnb,,,,none
transfer.certificate,transfer,transfer,,,,none
transfer.connector,transfer,transfer,,,,none
transfer.profile,transfer,transfer,,,,none
transfer.server,transfer,transfer,,,,none
transfer.workflow,transfer,transfer,,,,none
verifiedpermissions.identity_source,verifiedpermissions,verifiedpermissions,,,,none
verifiedpermissions.policy,verifiedpermissions,verifiedpermissions,,,,none
verifiedpermissions.policy_store,verifiedpermissions,verifiedpermissions,,,,none
verifiedpermissions.policy_template,verifiedpermissions,verifiedpermissions,,,,none
verifiedpermissions.schema,verifiedpermissions,verifiedpermissions,,,,none
virtualmachine.virtual_machine,virtualmachine,virtualmachine,,,,none
voice-id.domain,voice-id,voice-id,,,,none
voice-id.fraudster,voice-id,voice-id,,,,none
voice-id.fraudster_registration_job,voice-id,voice-id,,,,none
voice-id.speaker,voice-id,voice-id,,,,none
voice-id.speaker_enrollment_job,voice-id,voice-id,,,,none
voice-id.watchlist,voice-id,voice-id,,,,none
vpc-lattice.access_log_subscription,vpc-lattice,vpc-lattice,,,,none
vpc-lattice.auth_policy,vpc-lattice,vpc-lattice,,,,none
vpc-lattice.domain_verification,vpc-lattice,vpc-lattice,,,,none
vpc-lattice.listener,vpc-lattice,vpc-lattice,,,,none
vpc-lattice.resource_configuration,vpc-lattice,vpc-lattice,,,,none
vpc-lattice.resource_endpoint_association,vpc-lattice,vpc-lattice,,,,none
vpc-lattice.resource_gateway,vpc-lattice,vpc-lattice,,,,none
vpc-lattice.resource_policy,vpc-lattice,vpc-lattice,,,,none
vpc-lattice.rule,vpc-lattice,vpc-lattice,,,,none
vpc-lattice.service,vpc-lattice,vpc-lattice,,,,none
vpc-lattice.service_network,vpc-lattice,vpc-lattice,,,,none
vpc-lattice.service_network_resource_association,vpc-lattice,vpc-lattice,,,,none
vpc-lattice.service_network_service_association,vpc-lattice,vpc-lattice,,,,none
vpc-lattice.service_network_vpc_association,vpc-lattice,vpc-lattice,,,,none
vpc-lattice.service_network_vpc_endpoint_association,vpc-lattice,vpc-lattice,,,,none
vpc-lattice.target,vpc-lattice,vpc-lattice,,,,none
vpc-lattice.target_group,vpc-lattice,vpc-lattice,,,,none
vpn.ListResource,vpn,vpn,,,,none
waf-regional.byte_match_set,waf-regional,waf-regional,,,,none
waf-regional.change_token,waf-regional,waf-regional,,,,none
waf-regional.change_token_status,waf-regional,waf-regional,,,,none
waf-regional.geo_match_set,waf-regional,waf-regional,,,,none
waf-regional.ip_set,waf-regional,waf-regional,,,,none
waf-regional.logging_configuration,waf-regional,waf-regional,,,,none
waf-regional.permission_policy,waf-regional,waf-regional,,,,none
waf-regional.rate_based_rule,waf-regional,waf-regional,,,,none
waf-regional.regex_match_set,waf-regional,waf-regional,,,,none
waf-regional.regex_pattern_set,waf-regional,waf-regional,,,,none
waf-regional.rule,waf-regional,waf-regional,,,,none
waf-regional.rule_group,waf-regional,waf-regional,,,,none
waf-regional.sampled_request,waf-regional,waf-regional,,,,none
waf-regional.size_constraint_set,waf-regional,waf-regional,,,,none
waf-regional.sql_injection_match_set,waf-regional,waf-regional,,,,none
waf-regional.subscribed_rule_group,waf-regional,waf-regional,,,,none
waf-regional.web_acl,waf-regional,waf-regional,,,,none
waf-regional.web_acl_for_resource,waf-regional,waf-regional,,,,none
waf-regional.xss_match_set,waf-regional,waf-regional,,,,none
wafv2.available_managed_rule_group,wafv2,wafv2,,,,none
wafv2.ip_set,wafv2,wafv2,,,,none
wafv2.logging_configuration,wafv2,wafv2,,,,none
wafv2.regex_pattern_set,wafv2,wafv2,,,,none
wafv2.rule_group,wafv2,wafv2,,,,none
wafv2.web_acl,wafv2,wafv2,,,,none
wellarchitected.profile,wellarchitected,wellarchitected,,,,none
wellarchitected.review_template,wellarchitected,wellarchitected,,,,none
wellarchitected.share_invitation,wellarchitected,wellarchitected,,,,none
wellarchitected.workload,wellarchitected,wellarchitected,,,,none
wisdom.assistant,wisdom,wisdom,,,,none
wisdom.assistant_association,wisdom,wisdom,,,,none
wisdom.content,wisdom,wisdom,,,,none
wisdom.import_job,wisdom,wisdom,,,,none
wisdom.knowledge_base,wisdom,wisdom,,,,none
wisdom.query_assistant,wisdom,wisdom,,,,none
wisdom.quick_respons,wisdom,wisdom,,,,none
wisdom.quick_response,wisdom,wisdom,,,,none
wisdom.search_content,wisdom,wisdom,,,,none
wisdom.search_quick_respons,wisdom,wisdom,,,,none
wisdom.search_session,wisdom,wisdom,,,,none
wisdom.session,wisdom,wisdom,,,,none
workflows.activity,workflows,workflows,,,,none
workflows.execution,workflows,workflows,,,,none
workflows.state_machine,workflows,workflows,,,,none
workmailmessageflow.raw_message_content,workmailmessageflow,workmailmessageflow,,,,none
workspaces-instances.region,workspaces-instances,workspaces-instances,,,,none
workspaces-thin-client.device,workspaces-thin-client,workspaces-thin-client,,,,none
workspaces-thin-client.environment,workspaces-thin-client,workspaces-thin-client,,,,none
workspaces-thin-client.software_set,workspaces-thin-client,workspaces-thin-client,,,,none
workspaces-web.browser_setting,workspaces-web,workspaces-web,,,,none
workspaces-web.identity_provider,workspaces-web,workspaces-web,,,,none
workspaces-web.ip_access_setting,workspaces-web,workspaces-web,,,,none
workspaces-web.network_setting,workspaces-web,workspaces-web,,,,none
workspaces-web.portal,workspaces-web,workspaces-web,,,,none
workspaces-web.session,workspaces-web,workspaces-web,,,,none
workspaces-web.session_logger,workspaces-web,workspaces-web,,,,none
workspaces-web.trust_store,workspaces-web,workspaces-web,,,,none
workspaces-web.trust_store_certificate,workspaces-web,workspaces-web,,,,none
workspaces-web.user_access_logging_setting,workspaces-web,workspaces-web,,,,none
workspaces-web.user_setting,workspaces-web,workspaces-web,,,,none
workspaces-web.workspaces_web,workspaces-web,workspaces-web,,,,none
apigateway.rest_api,apigateway,APIGateway,APIGateway,mobile,api-gateway.png,override
apigatewayv2.api,apigatewayv2,APIGateway,APIGateway,mobile,api-gateway.png,override
autoscaling.auto_scaling_group,autoscaling,AutoScaling,AutoScaling,compute,application-auto-scaling.png,override
cloudfront.distribution,cloudfront,CloudFront,CloudFront,network,cloudfront.png,override
dynamodb.table,dynamodb,Dynamodb,Dynamodb,database,dynamodb.png,override
ec2.customer_gateway,ec2,SiteToSiteVpn,SiteToSiteVpn,network,site-to-site-vpn.png,override
ec2.flow_log,ec2,VPCFlowLogs,VPCFlowLogs,network,vpc-flow-logs.png,override
ec2.host,ec2,EC2,EC2,compute,ec2.png,override
ec2.internet_gateway,ec2,InternetGateway,InternetGateway,general,internet-gateway.png,override
ec2.launch_template,ec2,EC2AutoScaling,EC2AutoScaling,compute,ec2-auto-scaling.png,override
ec2.nat_gateway,ec2,NATGateway,NATGateway,network,nat-gateway.png,override
ec2.network_acl,ec2,Nacl,Nacl,network,nacl.png,override
ec2.route_table,ec2,RouteTable,RouteTable,network,route-table.png,override
ec2.security_group,ec2,Nacl,Nacl,network,nacl.png,override
ec2.subnet,ec2,PrivateSubnet,PrivateSubnet,network,private-subnet.png,override
ec2.transit_gateway,ec2,TransitGateway,TransitGateway,network,transit-gateway.png,override
ec2.volume,ec2,EBS,EBS,storage,elastic-block-store-ebs.png,override
ec2.vpc,ec2,VPC,VPC,network,vpc.png,override
ec2.vpc_endpoint,ec2,Endpoint,Endpoint,network,endpoint.png,override
ec2.vpc_peering_connection,ec2,VPCPeering,VPCPeering,network,vpc-peering.png,override
ec2.vpn_connection,ec2,SiteToSiteVpn,SiteToSiteVpn,network,site-to-site-vpn.png,override
ecs.cluster,ecs,ECS,ECS,compute,elastic-container-service.png,override
ecs.service,ecs,ECS,ECS,compute,elastic-container-service.png,override
efs.file_system,efs,ElasticFileSystemEFS,ElasticFileSystemEFS,storage,elastic-file-system-efs.png,override
eks.cluster,eks,EKS,EKS,compute,elastic-kubernetes-service.png,override
elbv2.load_balancer,elbv2,ElasticLoadBalancing,ElasticLoadBalancing,network,elastic-load-balancing.png,override
elbv2.target_group,elbv2,ElasticLoadBalancing,ElasticLoadBalancing,network,elastic-load-balancing.png,override
iam.instance_profile,iam,IAMRole,IAMRole,security,identity-and-access-management-iam-role.png,override
iam.policy,iam,IAMPermissions,IAMPermissions,security,identity-and-access-management-iam-permissions.png,override
iam.role,iam,IAMRole,IAMRole,security,identity-and-access-management-iam-role.png,override
iam.user,iam,IAMPermissions,IAMPermissions,security,identity-and-access-management-iam-permissions.png,override
kms.key,kms,KMS,KMS,security,key-management-service.png,override
lambda.function,lambda,Lambda,Lambda,compute,lambda.png,override
rds.db_cluster,rds,RDS,RDS,database,rds.png,override
rds.db_instance,rds,RDSInstance,RDSInstance,database,rds-instance.png,override
route53.hosted_zone,route53,Route53HostedZone,Route53HostedZone,network,route-53-hosted-zone.png,override
s3.bucket,s3,S3,S3,storage,simple-storage-service-s3.png,override
secretsmanager.secret,secretsmanager,SecretsManager,SecretsManager,security,secrets-manager.png,override
sns.topic,sns,SNS,SNS,integration,simple-notification-service-sns.png,override
sqs.queue,sqs,SQS,SQS,integration,simple-queue-service-sqs.png,override
acm-pca.certificate_authority,acm-pca,CertificateAuthority,CertificateAuthority,security,certificate-authority.png,resource
acm-pca.certificate_authority,acmpca,CertificateAuthority,CertificateAuthority,security,certificate-authority.png,resource
apigatewayv2.integration,apigatewayv2,_Integration,_Integration,integration,,resource
cloudhsmv2.backup,cloudhsmv2,Backup,Backup,storage,backup.png,resource
cognito-idp.user,cognito-idp,User,User,general,user.png,resource
customer-profiles.integration,customer-profiles,_Integration,_Integration,integration,,resource
events.endpoint,events,Endpoint,Endpoint,network,endpoint.png,resource
finspace-data.user,finspace-data,User,User,general,user.png,resource
identitystore.user,identitystore,User,User,general,user.png,resource
iotdeviceadvisor.endpoint,iotdeviceadvisor,Endpoint,Endpoint,network,endpoint.png,resource
kinesis-video-media.media,kinesis-video-media,_Media,_Media,media,,resource
lex-models.migration,lex-models,_Migration,_Migration,migration,,resource
logs.integration,logs,_Integration,_Integration,integration,,resource
medialive.network,medialive,_Network,_Network,network,,resource
memorydb.user,memorydb,User,User,general,user.png,resource
partnercentral-selling.engagement,partnercentral-selling,_Engagement,_Engagement,engagement,,resource
qbusiness.user,qbusiness,User,User,general,user.png,resource
s3outposts.endpoint,s3outposts,Endpoint,Endpoint,network,endpoint.png,resource
serverlessrepo.cloud_formation_template,serverlessrepo,CloudformationTemplate,CloudformationTemplate,management,cloudformation-template.png,resource
ssm-contacts.engagement,ssm-contacts,_Engagement,_Engagement,engagement,,resource
ssm-sap.database,ssm-sap,Database,Database,database,database.png,resource
timestream-write.database,timestream-write,Database,Database,database,database.png,resource
acm.certificate,acm,ACM,ACM,security,certificate-manager.png,service
amplify.app,amplify,Amplify,Amplify,mobile,amplify.png,service
amplify.artifact,amplify,Amplify,Amplify,mobile,amplify.png,service
amplify.artifact_url,amplify,Amplify,Amplify,mobile,amplify.png,service
amplify.backend_environment,amplify,Amplify,Amplify,mobile,amplify.png,service
amplify.branch,amplify,Amplify,Amplify,mobile,amplify.png,service
amplify.domain_association,amplify,Amplify,Amplify,mobile,amplify.png,service
amplify.job,amplify,Amplify,Amplify,mobile,amplify.png,service
amplify.webhook,amplify,Amplify,Amplify,mobile,amplify.png,service
apigateway.account,apigateway,APIGateway,APIGateway,mobile,api-gateway.png,service
apigateway.api_key,apigateway,APIGateway,APIGateway,mobile,api-gateway.png,service
apigateway.authorizer,apigateway,APIGateway,APIGateway,mobile,api-gateway.png,service
apigateway.client_certificate,apigateway,APIGateway,APIGateway,mobile,api-gateway.png,service
apigateway.domain_name,apigateway,APIGateway,APIGateway,mobile,api-gateway.png,service
apigateway.domain_name_access_association,apigateway,APIGateway,APIGateway,mobile,api-gateway.png,service
apigateway.method,apigateway,APIGateway,APIGateway,mobile,api-gateway.png,service
apigateway.request_validator,apigateway,APIGateway,APIGateway,mobile,api-gateway.png,service
apigateway.resource,apigateway,APIGateway,APIGateway,mobile,api-gateway.png,service
apigateway.stage,apigateway,APIGateway,APIGateway,mobile,api-gateway.png,service
apigateway.usage_plan,apigateway,APIGateway,APIGateway,mobile,api-gateway.png,service
apigateway.vpc_link,apigateway,APIGateway,APIGateway,mobile,api-gateway.png,service
application-autoscaling.scalable_target,application-autoscaling,ApplicationAutoScaling,ApplicationAutoScaling,compute,application-auto-scaling.png,service
application-autoscaling.scaling_activity,application-autoscaling,ApplicationAutoScaling,ApplicationAutoScaling,compute,application-auto-scaling.png,service
application-autoscaling.scaling_policy,application-autoscaling,ApplicationAutoScaling,ApplicationAutoScaling,compute,application-auto-scaling.png,service
application-autoscaling.scheduled_action,application-autoscaling,ApplicationAutoScaling,ApplicationAutoScaling,compute,application-auto-scaling.png,service
appmesh.gateway_route,appmesh,AppMesh,AppMesh,network,app-mesh.png,service
appmesh.mesh,appmesh,AppMesh,AppMesh,network,app-mesh.png,service
appmesh.route,appmesh,AppMesh,AppMesh,network,app-mesh.png,service
appmesh.virtual_gateway,appmesh,AppMesh,AppMesh,network,app-mesh.png,service
appmesh.virtual_node,appmesh,AppMesh,AppMesh,network,app-mesh.png,service
appmesh.virtual_router,appmesh,AppMesh,AppMesh,network,app-mesh.png,service
appmesh.virtual_service,appmesh,AppMesh,AppMesh,network,app-mesh.png,service
apprunner.auto_scaling_configuration,apprunner,AppRunner,AppRunner,compute,app-runner.png,service
apprunner.connection,apprunner,AppRunner,AppRunner,compute,app-runner.png,service
apprunner.custom_domain,apprunner,AppRunner,AppRunner,compute,app-runner.png,service
apprunner.observability_configuration,apprunner,AppRunner,AppRunner,compute,app-runner.png,service
apprunner.operation,apprunner,AppRunner,AppRunner,compute,app-runner.png,service
apprunner.service,apprunner,AppRunner,AppRunner,compute,app-runner.png,service
apprunner.vpc_connector,apprunner,AppRunner,AppRunner,compute,app-runner.png,service
apprunner.vpc_ingress_connection,apprunner,AppRunner,AppRunner,compute,app-runner.png,service
appsync.api,appsync,Appsync,Appsync,integration,appsync.png,service
appsync.domain_name,appsync,Appsync,Appsync,integration,appsync.png,service
appsync.graph_ql_api,appsync,Appsync,Appsync,integration,appsync.png,service
artifact.customer_agreement,artifact,Artifact,Artifact,security,artifact.png,service
athena.capacity_reservation,athena,Athena,Athena,analytics,athena.png,service
athena.data_catalog,athena,Athena,Athena,analytics,athena.png,service
athena.named_query,athena,Athena,Athena,analytics,athena.png,service
athena.work_group,athena,Athena,Athena,analytics,athena.png,service
autoscaling.launch_configuration,autoscaling,AutoScaling,AutoScaling,compute,application-auto-scaling.png,service
autoscaling.scaling_policy,autoscaling,AutoScaling,AutoScaling,compute,application-auto-scaling.png,service
autoscaling.scheduled_action,autoscaling,AutoScaling,AutoScaling,compute,application-auto-scaling.png,service
backup.backup_job,backup,Backup,Backup,storage,backup.png,service
backup.backup_plan,backup,Backup,Backup,storage,backup.png,service
backup.backup_plan_version,backup,Backup,Backup,storage,backup.png,service
backup.backup_selection,backup,Backup,Backup,storage,backup.png,service
backup.backup_vault,backup,Backup,Backup,storage,backup.png,service
backup.backup_vault_access_policy,backup,Backup,Backup,storage,backup.png,service
backup.backup_vault_notification,backup,Backup,Backup,storage,backup.png,service
backup.copy_job,backup,Backup,Backup,storage,backup.png,service
backup.framework,backup,Backup,Backup,storage,backup.png,service
backup.legal_hold,backup,Backup,Backup,storage,backup.png,service
backup.recovery_points_by_backup_vault,backup,Backup,Backup,storage,backup.png,service
backup.recovery_points_by_resource,backup,Backup,Backup,storage,backup.png,service
backup.report_plan,backup,Backup,Backup,storage,backup.png,service
backup.restore_job,backup,Backup,Backup,storage,backup.png,service
backup.restore_jobs_by_protected_resource,backup,Backup,Backup,storage,backup.png,service
backup.restore_testing_plan,backup,Backup,Backup,storage,backup.png,service
backup.restore_testing_selection,backup,Backup,Backup,storage,backup.png,service
backup.scan_job,backup,Backup,Backup,storage,backup.png,service
backup.tiering_configuration,backup,Backup,Backup,storage,backup.png,service
batch.compute_environment,batch,Batch,Batch,compute,batch.png,service
batch.consumable_resource,batch,Batch,Batch,compute,batch.png,service
batch.job,batch,Batch,Batch,compute,batch.png,service
batch.job_definition,batch,Batch,Batch,compute,batch.png,service
batch.job_queue,batch,Batch,Batch,compute,batch.png,service
batch.scheduling_policy,batch,Batch,Batch,compute,batch.png,service
batch.service_environment,batch,Batch,Batch,compute,batch.png,service
bedrock.automated_reasoning_policy,bedrock,Bedrock,Bedrock,ml,bedrock.png,service
bedrock.bedrock_customization_job,bedrock,Bedrock,Bedrock,ml,bedrock.png,service
bedrock.custom_model,bedrock,Bedrock,Bedrock,ml,bedrock.png,service
bedrock.custom_model_deployment,bedrock,Bedrock,Bedrock,ml,bedrock.png,service
bedrock.enforced_guardrails_configuration,bedrock,Bedrock,Bedrock,ml,bedrock.png,service
bedrock.guardrail,bedrock,Bedrock,Bedrock,ml,bedrock.png,service
bedrock.inference_profile,bedrock,Bedrock,Bedrock,ml,bedrock.png,service
bedrock.model_invocation_logging_configuration,bedrock,Bedrock,Bedrock,ml,bedrock.png,service
bedrock.prompt_router,bedrock,Bedrock,Bedrock,ml,bedrock.png,service
braket.device,braket,Braket,Braket,quantum,braket.png,service
braket.job,braket,Braket,Braket,quantum,braket.png,service
braket.quantum_task,braket,Braket,Braket,quantum,braket.png,service
braket.search_device,braket,Braket,Braket,quantum,braket.png,service
braket.search_job,braket,Braket,Braket,quantum,braket.png,service
braket.search_quantum_task,braket,Braket,Braket,quantum,braket.png,service
budgets.budget,budgets,Budgets,Budgets,cost,budgets.png,service
budgets.budget_action,budgets,Budgets,Budgets,cost,budgets.png,service
budgets.notifications_for_budget,budgets,Budgets,Budgets,cost,budgets.png,service
chatbot.custom_action,chatbot,Chatbot,Chatbot,management,chatbot.png,service
chatbot.microsoft_teams_channel_configuration,chatbot,Chatbot,Chatbot,management,chatbot.png,service
chatbot.slack_channel_configuration,chatbot,Chatbot,Chatbot,management,chatbot.png,service
chime.account,chime,Chime,Chime,business,chime.png,service
chime.app_instance,chime,Chime,Chime,business,chime.png,service
chime.bot,chime,Chime,Chime,business,chime.png,service
chime.events_configuration,chime,Chime,Chime,business,chime.png,service
chime.global_setting,chime,Chime,Chime,business,chime.png,service
chime.phone_number,chime,Chime,Chime,business,chime.png,service
chime.phone_number_order,chime,Chime,Chime,business,chime.png,service
chime.phone_number_setting,chime,Chime,Chime,business,chime.png,service
chime.retention_setting,chime,Chime,Chime,business,chime.png,service
chime.room,chime,Chime,Chime,business,chime.png,service
chime.room_membership,chime,Chime,Chime,business,chime.png,service
chime.supported_phone_number_country,chime,Chime,Chime,business,chime.png,service
chime.user,chime,Chime,Chime,business,chime.png,service
chime.user_setting,chime,Chime,Chime,business,chime.png,service
cloud9.environment,cloud9,Cloud9,Cloud9,devtools,cloud9.png,service
cloud9.environment_membership,cloud9,Cloud9,Cloud9,devtools,cloud9.png,service
cloud9.environment_status,cloud9,Cloud9,Cloud9,devtools,cloud9.png,service
clouddirectory.applied_schema_version,clouddirectory,CloudDirectory,CloudDirectory,security,cloud-directory.png,service
clouddirectory.attached_indice,clouddirectory,CloudDirectory,CloudDirectory,security,cloud-directory.png,service
clouddirectory.cloud_directory,clouddirectory,CloudDirectory,CloudDirectory,security,cloud-directory.png,service
clouddirectory.directory,clouddirectory,CloudDirectory,CloudDirectory,security,cloud-directory.png,service
clouddirectory.facet,clouddirectory,CloudDirectory,CloudDirectory,security,cloud-directory.png,service
clouddirectory.incoming_typed_link,clouddirectory,CloudDirectory,CloudDirectory,security,cloud-directory.png,service
clouddirectory.index,clouddirectory,CloudDirectory,CloudDirectory,security,cloud-directory.png,service
clouddirectory.object_children,clouddirectory,CloudDirectory,CloudDirectory,security,cloud-directory.png,service
clouddirectory.object_information,clouddirectory,CloudDirectory,CloudDirectory,security,cloud-directory.png,service
clouddirectory.object_parent,clouddirectory,CloudDirectory,CloudDirectory,security,cloud-directory.png,service
clouddirectory.object_parent_path,clouddirectory,CloudDirectory,CloudDirectory,security,cloud-directory.png,service
clouddirectory.outgoing_typed_link,clouddirectory,CloudDirectory,CloudDirectory,security,cloud-directory.png,service
clouddirectory.schema_as_json,clouddirectory,CloudDirectory,CloudDirectory,security,cloud-directory.png,service
cloudformation.generated_template,cloudformation,Cloudformation,Cloudformation,management,cloudformation.png,service
cloudformation.publisher,cloudformation,Cloudformation,Cloudformation,management,cloudformation.png,service
cloudformation.stack_set,cloudformation,Cloudformation,Cloudformation,management,cloudformation.png,service
cloudformation.type,cloudformation,Cloudformation,Cloudformation,management,cloudformation.png,service
cloudfront.cache_policy,cloudfront,CloudFront,CloudFront,network,cloudfront.png,service
cloudfront.cache_policy_config,cloudfront,CloudFront,CloudFront,network,cloudfront.png,service
cloudfront.cloud_front_origin_access_identity,cloudfront,CloudFront,CloudFront,network,cloudfront.png,service
cloudfront.connection_function,cloudfront,CloudFront,CloudFront,network,cloudfront.png,service
cloudfront.continuous_deployment_policy,cloudfront,CloudFront,CloudFront,network,cloudfront.png,service
cloudfront.distribution_config,cloudfront,CloudFront,CloudFront,network,cloudfront.png,service
cloudfront.distribution_tenants_by_customization,cloudfront,CloudFront,CloudFront,network,cloudfront.png,service
cloudfront.field_level_encryption,cloudfront,CloudFront,CloudFront,network,cloudfront.png,service
cloudfront.function,cloudfront,CloudFront,CloudFront,network,cloudfront.png,service
cloudfront.key_group,cloudfront,CloudFront,CloudFront,network,cloudfront.png,service
cloudfront.key_value_store,cloudfront,CloudFront,CloudFront,network,cloudfront.png,service
cloudfront.origin_access_control,cloudfront,CloudFront,CloudFront,network,cloudfront.png,service
cloudfront.origin_request_policy,cloudfront,CloudFront,CloudFront,network,cloudfront.png,service
cloudfront.origin_request_policy_config,cloudfront,CloudFront,CloudFront,network,cloudfront.png,service
cloudfront.public_key,cloudfront,CloudFront,CloudFront,network,cloudfront.png,service
cloudfront.realtime_log_config,cloudfront,CloudFront,CloudFront,network,cloudfront.png,service
cloudfront.response_headers_policy,cloudfront,CloudFront,CloudFront,network,cloudfront.png,service
cloudhsm.config,cloudhsm,CloudHSM,CloudHSM,security,cloudhsm.png,service
cloudhsm.hapg,cloudhsm,CloudHSM,CloudHSM,security,cloudhsm.png,service
cloudhsm.hsm,cloudhsm,CloudHSM,CloudHSM,security,cloudhsm.png,service
cloudhsm.hsm_client,cloudhsm,CloudHSM,CloudHSM,security,cloudhsm.png,service
cloudhsm.hsm_hapg,cloudhsm,CloudHSM,CloudHSM,security,cloudhsm.png,service
cloudhsm.luna_client,cloudhsm,CloudHSM,CloudHSM,security,cloudhsm.png,service
cloudsearch.analysis_scheme,cloudsearch,Cloudsearch,Cloudsearch,analytics,cloudsearch.png,service
cloudsearch.availability_option,cloudsearch,Cloudsearch,Cloudsearch,analytics,cloudsearch.png,service
cloudsearch.cloudsearch,cloudsearch,Cloudsearch,Cloudsearch,analytics,cloudsearch.png,service
cloudsearch.domain_endpoint_option,cloudsearch,Cloudsearch,Cloudsearch,analytics,cloudsearch.png,service
cloudsearch.domain_name,cloudsearch,Cloudsearch,Cloudsearch,analytics,cloudsearch.png,service
cloudsearch.expression,cloudsearch,Cloudsearch,Cloudsearch,analytics,cloudsearch.png,service
cloudsearch.index_field,cloudsearch,Cloudsearch,Cloudsearch,analytics,cloudsearch.png,service
cloudsearch.scaling_parameter,cloudsearch,Cloudsearch,Cloudsearch,analytics,cloudsearch.png,service
cloudsearch.service_access_policy,cloudsearch,Cloudsearch,Cloudsearch,analytics,cloudsearch.png,service
cloudsearch.suggester,cloudsearch,Cloudsearch,Cloudsearch,analytics,cloudsearch.png,service
cloudtrail.channel,cloudtrail,Cloudtrail,Cloudtrail,management,cloudtrail.png,service
cloudtrail.dashboard,cloudtrail,Cloudtrail,Cloudtrail,management,cloudtrail.png,service
cloudtrail.event_data_store,cloudtrail,Cloudtrail,Cloudtrail,management,cloudtrail.png,service
cloudtrail.event_selector,cloudtrail,Cloudtrail,Cloudtrail,management,cloudtrail.png,service
cloudtrail.trail,cloudtrail,Cloudtrail,Cloudtrail,management,cloudtrail.png,service
cloudwatch.alarms_for_metric,cloudwatch,Cloudwatch,Cloudwatch,management,cloudwatch.png,service
cloudwatch.anomaly_detector,cloudwatch,Cloudwatch,Cloudwatch,management,cloudwatch.png,service
cloudwatch.composite_alarm,cloudwatch,Cloudwatch,Cloudwatch,management,cloudwatch.png,service
cloudwatch.dashboard,cloudwatch,Cloudwatch,Cloudwatch,management,cloudwatch.png,service
cloudwatch.insight_rule,cloudwatch,Cloudwatch,Cloudwatch,management,cloudwatch.png,service
cloudwatch.metric_stream,cloudwatch,Cloudwatch,Cloudwatch,management,cloudwatch.png,service
codeartifact.domain,codeartifact,Codeartifact,Codeartifact,devtools,codeartifact.png,service
codeartifact.repository,codeartifact,Codeartifact,Codeartifact,devtools,codeartifact.png,service
codebuild.fleet,codebuild,Codebuild,Codebuild,devtools,codebuild.png,service
codebuild.project,codebuild,Codebuild,Codebuild,devtools,codebuild.png,service
codebuild.report_group,codebuild,Codebuild,Codebuild,devtools,codebuild.png,service
codebuild.source_credential,codebuild,Codebuild,Codebuild,devtools,codebuild.png,service
codecommit.approval_rule_template,codecommit,Codecommit,Codecommit,devtools,codecommit.png,service
codecommit.blob,codecommit,Codecommit,Codecommit,devtools,codecommit.png,service
codecommit.branch,codecommit,Codecommit,Codecommit,devtools,codecommit.png,service
codecommit.comment,codecommit,Codecommit,Codecommit,devtools,codecommit.png,service
codecommit.comment_reaction,codecommit,Codecommit,Codecommit,devtools,codecommit.png,service
codecommit.comments_for_compared_commit,codecommit,Codecommit,Codecommit,devtools,codecommit.png,service
codecommit.comments_for_pull_request,codecommit,Codecommit,Codecommit,devtools,codecommit.png,service
codecommit.commit,codecommit,Codecommit,Codecommit,devtools,codecommit.png,service
codecommit.difference,codecommit,Codecommit,Codecommit,devtools,codecommit.png,service
codecommit.file,codecommit,Codecommit,Codecommit,devtools,codecommit.png,service
codecommit.file_commit_history,codecommit,Codecommit,Codecommit,devtools,codecommit.png,service
codecommit.folder,codecommit,Codecommit,Codecommit,devtools,codecommit.png,service
codecommit.merge_commit,codecommit,Codecommit,Codecommit,devtools,codecommit.png,service
codecommit.merge_conflict,codecommit,Codecommit,Codecommit,devtools,codecommit.png,service
codecommit.pull_request,codecommit,Codecommit,Codecommit,devtools,codecommit.png,service
codecommit.pull_request_approval_state,codecommit,Codecommit,Codecommit,devtools,codecommit.png,service
codecommit.pull_request_event,codecommit,Codecommit,Codecommit,devtools,codecommit.png,service
codecommit.pull_request_override_state,codecommit,Codecommit,Codecommit,devtools,codecommit.png,service
codecommit.repository,codecommit,Codecommit,Codecommit,devtools,codecommit.png,service
codecommit.repository_trigger,codecommit,Codecommit,Codecommit,devtools,codecommit.png,service
codedeploy.application,codedeploy,Codedeploy,Codedeploy,devtools,codedeploy.png,service
codedeploy.application_revision,codedeploy,Codedeploy,Codedeploy,devtools,codedeploy.png,service
codedeploy.codedeploy_deployment,codedeploy,Codedeploy,Codedeploy,devtools,codedeploy.png,service
codedeploy.deployment,codedeploy,Codedeploy,Codedeploy,devtools,codedeploy.png,service
codedeploy.deployment_config,codedeploy,Codedeploy,Codedeploy,devtools,codedeploy.png,service
codedeploy.deployment_group,codedeploy,Codedeploy,Codedeploy,devtools,codedeploy.png,service
codedeploy.deployment_instance,codedeploy,Codedeploy,Codedeploy,devtools,codedeploy.png,service
codedeploy.deployment_target,codedeploy,Codedeploy,Codedeploy,devtools,codedeploy.png,service
codedeploy.on_premises_instance,codedeploy,Codedeploy,Codedeploy,devtools,codedeploy.png,service
codepipeline.action_execution,codepipeline,Codepipeline,Codepipeline,devtools,codepipeline.png,service
codepipeline.action_type,codepipeline,Codepipeline,Codepipeline,devtools,codepipeline.png,service
codepipeline.deploy_action_execution_target,codepipeline,Codepipeline,Codepipeline,devtools,codepipeline.png,service
codepipeline.job_detail,codepipeline,Codepipeline,Codepipeline,devtools,codepipeline.png,service
codepipeline.pipeline,codepipeline,Codepipeline,Codepipeline,devtools,codepipeline.png,service
codepipeline.pipeline_execution,codepipeline,Codepipeline,Codepipeline,devtools,codepipeline.png,service
codepipeline.pipeline_state,codepipeline,Codepipeline,Codepipeline,devtools,codepipeline.png,service
codepipeline.rule_execution,codepipeline,Codepipeline,Codepipeline,devtools,codepipeline.png,service
codepipeline.third_party_job_detail,codepipeline,Codepipeline,Codepipeline,devtools,codepipeline.png,service
codepipeline.webhook,codepipeline,Codepipeline,Codepipeline,devtools,codepipeline.png,service
cognito.user_pool,cognito,Cognito,Cognito,security,cognito.png,service
comprehend.dataset,comprehend,Comprehend,Comprehend,ml,comprehend.png,service
comprehend.document_classifier,comprehend,Comprehend,Comprehend,ml,comprehend.png,service
comprehend.endpoint,comprehend,Comprehend,Comprehend,ml,comprehend.png,service
comprehend.entity_recognizer,comprehend,Comprehend,Comprehend,ml,comprehend.png,service
comprehend.flywheel,comprehend,Comprehend,Comprehend,ml,comprehend.png,service
comprehend.resource_policy,comprehend,Comprehend,Comprehend,ml,comprehend.png,service
compute-optimizer.ec2_recommendation_projected_metric,compute-optimizer,ComputeOptimizer,ComputeOptimizer,compute,compute-optimizer.png,service
compute-optimizer.ecs_service_recommendation_projected_metric,compute-optimizer,ComputeOptimizer,ComputeOptimizer,compute,compute-optimizer.png,service
compute-optimizer.effective_recommendation_preference,compute-optimizer,ComputeOptimizer,ComputeOptimizer,compute,compute-optimizer.png,service
compute-optimizer.enrollment_status,compute-optimizer,ComputeOptimizer,ComputeOptimizer,compute,compute-optimizer.png,service
compute-optimizer.recommendation_preference,compute-optimizer,ComputeOptimizer,ComputeOptimizer,compute,compute-optimizer.png,service
config.aggregation_authorization,config,Config,Config,management,config.png,service
config.config_rule,config,Config,Config,management,config.png,service
config.configuration_aggregator,config,Config,Config,management,config.png,service
config.configuration_recorder,config,Config,Config,management,config.png,service
config.configuration_recorder_status,config,Config,Config,management,config.png,service
config.conformance_pack,config,Config,Config,management,config.png,service
config.delivery_channel,config,Config,Config,management,config.png,service
config.organization_config_rule,config,Config,Config,management,config.png,service
config.organization_conformance_pack,config,Config,Config,management,config.png,service
config.remediation_configuration,config,Config,Config,management,config.png,service
config.stored_query,config,Config,Config,management,config.png,service
connect.agent_status,connect,Connect,Connect,engagement,connect.png,service
connect.analytics_data_association,connect,Connect,Connect,engagement,connect.png,service
connect.approved_origin,connect,Connect,Connect,engagement,connect.png,service
connect.authentication_profile,connect,Connect,Connect,engagement,connect.png,service
connect.bot,connect,Connect,Connect,engagement,connect.png,service
connect.instance,connect,Connect,Connect,engagement,connect.png,service
connect.contact,connect,Connect,Connect,engagement,connect.png,service
connect.contact_evaluation,connect,Connect,Connect,engagement,connect.png,service
connect.contact_flow,connect,Connect,Connect,engagement,connect.png,service
connect.contact_flow_module,connect,Connect,Connect,engagement,connect.png,service
connect.contact_flow_module_alias,connect,Connect,Connect,engagement,connect.png,service
connect.contact_flow_module_version,connect,Connect,Connect,engagement,connect.png,service
connect.contact_flow_version,connect,Connect,Connect,engagement,connect.png,service
connect.contact_metric,connect,Connect,Connect,engagement,connect.png,service
connect.contact_reference,connect,Connect,Connect,engagement,connect.png,service
connect.current_metric_data,connect,Connect,Connect,engagement,connect.png,service
connect.current_user_data,connect,Connect,Connect,engagement,connect.png,service
connect.default_vocabulary,connect,Connect,Connect,engagement,connect.png,service
connect.email_address,connect,Connect,Connect,engagement,connect.png,service
connect.evaluation_form,connect,Connect,Connect,engagement,connect.png,service
connect.evaluation_form_version,connect,Connect,Connect,engagement,connect.png,service
connect.federation_token,connect,Connect,Connect,engagement,connect.png,service
connect.flow_association,connect,Connect,Connect,engagement,connect.png,service
connect.hours_of_operation,connect,Connect,Connect,engagement,connect.png,service
connect.hours_of_operation_override,connect,Connect,Connect,engagement,connect.png,service
connect.instance,connect,Connect,Connect,engagement,connect.png,service
connect.instance_storage_config,connect,Connect,Connect,engagement,connect.png,service
connect.integration_association,connect,Connect,Connect,engagement,connect.png,service
connect.lex_bot,connect,Connect,Connect,engagement,connect.png,service
connect.metric_data,connect,Connect,Connect,engagement,connect.png,service
connect.metric_data_v2,connect,Connect,Connect,engagement,connect.png,service
connect.phone_number,connect,Connect,Connect,engagement,connect.png,service
connect.prompt,connect,Connect,Connect,engagement,connect.png,service
connect.prompt_file,connect,Connect,Connect,engagement,connect.png,service
connect.queue,connect,Connect,Connect,engagement,connect.png,service
connect.queue_quick_connect,connect,Connect,Connect,engagement,connect.png,service
connect.quick_connect,connect,Connect,Connect,engagement,connect.png,service
connect.realtime_contact_analysis_segments_v2,connect,Connect,Connect,engagement,connect.png,service
connect.routing_profile,connect,Connect,Connect,engagement,connect.png,service
connect.routing_profile_queue,connect,Connect,Connect,engagement,connect.png,service
connect.rule,connect,Connect,Connect,engagement,connect.png,service
connect.search_contact,connect,Connect,Connect,engagement,connect.png,service
connect.search_hours_of_operation,connect,Connect,Connect,engagement,connect.png,service
connect.search_prompt,connect,Connect,Connect,engagement,connect.png,service
connect.search_queue,connect,Connect,Connect,engagement,connect.png,service
connect.search_quick_connect,connect,Connect,Connect,engagement,connect.png,service
connect.search_routing_profile,connect,Connect,Connect,engagement,connect.png,service
connect.search_security_profile,connect,Connect,Connect,engagement,connect.png,service
connect.search_user,connect,Connect,Connect,engagement,connect.png,service
connect.security_key,connect,Connect,Connect,engagement,connect.png,service
connect.security_profile,connect,Connect,Connect,engagement,connect.png,service
connect.security_profile_application,connect,Connect,Connect,engagement,connect.png,service
connect.task_template,connect,Connect,Connect,engagement,connect.png,service
connect.traffic_distribution,connect,Connect,Connect,engagement,connect.png,service
connect.traffic_distribution_group,connect,Connect,Connect,engagement,connect.png,service
connect.traffic_distribution_group_user,connect,Connect,Connect,engagement,connect.png,service
connect.use_cas,connect,Connect,Connect,engagement,connect.png,service
connect.user,connect,Connect,Connect,engagement,connect.png,service
connect.user_hierarchy_group,connect,Connect,Connect,engagement,connect.png,service
connect.user_hierarchy_structure,connect,Connect,Connect,engagement,connect.png,service
connect.user_proficiency,connect,Connect,Connect,engagement,connect.png,service
connect.view,connect,Connect,Connect,engagement,connect.png,service
connect.view_version,connect,Connect,Connect,engagement,connect.png,service
connect.vocabulary,connect,Connect,Connect,engagement,connect.png,service
controltower.enabled_baseline,controltower,ControlTower,ControlTower,management,control-tower.png,service
controltower.enabled_control,controltower,ControlTower,ControlTower,management,control-tower.png,service
controltower.landing_zone,controltower,ControlTower,ControlTower,management,control-tower.png,service
costexplorer.cost_category_definition,costexplorer,CostExplorer,CostExplorer,cost,cost-explorer.png,service
datapipeline.pipeline,datapipeline,DataPipeline,DataPipeline,analytics,data-pipeline.png,service
datapipeline.object,datapipeline,DataPipeline,DataPipeline,analytics,data-pipeline.png,service
datapipeline.pipeline,datapipeline,DataPipeline,DataPipeline,analytics,data-pipeline.png,service
datapipeline.pipeline_definition,datapipeline,DataPipeline,DataPipeline,analytics,data-pipeline.png,service
datapipeline.query_object,datapipeline,DataPipeline,DataPipeline,analytics,data-pipeline.png,service
datasync.location,datasync,Datasync,Datasync,migration,datasync.png,service
datasync.task,datasync,Datasync,Datasync,migration,datasync.png,service
datasync.task_execution,datasync,Datasync,Datasync,migration,datasync.png,service
dax.cluster,dax,DAX,DAX,database,dynamodb-dax.png,service
dax.parameter,dax,DAX,DAX,database,dynamodb-dax.png,service
dax.parameter_group,dax,DAX,DAX,database,dynamodb-dax.png,service
dax.subnet_group,dax,DAX,DAX,database,dynamodb-dax.png,service
detective.graph,detective,Detective,Detective,security,detective.png,service
detective.member,detective,Detective,Detective,security,detective.png,service
devicefarm.artifact,devicefarm,DeviceFarm,DeviceFarm,mobile,device-farm.png,service
devicefarm.device,devicefarm,DeviceFarm,DeviceFarm,mobile,device-farm.png,service
devicefarm.device_instance,devicefarm,DeviceFarm,DeviceFarm,mobile,device-farm.png,service
devicefarm.device_pool,devicefarm,DeviceFarm,DeviceFarm,mobile,device-farm.png,service
devicefarm.devicefarm_project,devicefarm,DeviceFarm,DeviceFarm,mobile,device-farm.png,service
devicefarm.instance_profile,devicefarm,DeviceFarm,DeviceFarm,mobile,device-farm.png,service
devicefarm.job,devicefarm,DeviceFarm,DeviceFarm,mobile,device-farm.png,service
devicefarm.network_profile,devicefarm,DeviceFarm,DeviceFarm,mobile,device-farm.png,service
devicefarm.offering,devicefarm,DeviceFarm,DeviceFarm,mobile,device-farm.png,service
devicefarm.offering_promotion,devicefarm,DeviceFarm,DeviceFarm,mobile,device-farm.png,service
devicefarm.offering_status,devicefarm,DeviceFarm,DeviceFarm,mobile,device-farm.png,service
devicefarm.project,devicefarm,DeviceFarm,DeviceFarm,mobile,device-farm.png,service
devicefarm.remote_access_session,devicefarm,DeviceFarm,DeviceFarm,mobile,device-farm.png,service
devicefarm.run,devicefarm,DeviceFarm,DeviceFarm,mobile,device-farm.png,service
devicefarm.sample,devicefarm,DeviceFarm,DeviceFarm,mobile,device-farm.png,service
devicefarm.suite,devicefarm,DeviceFarm,DeviceFarm,mobile,device-farm.png,service
devicefarm.test,devicefarm,DeviceFarm,DeviceFarm,mobile,device-farm.png,service
devicefarm.test_grid_project,devicefarm,DeviceFarm,DeviceFarm,mobile,device-farm.png,service
devicefarm.test_grid_session,devicefarm,DeviceFarm,DeviceFarm,mobile,device-farm.png,service
devicefarm.test_grid_session_action,devicefarm,DeviceFarm,DeviceFarm,mobile,device-farm.png,service
devicefarm.test_grid_session_artifact,devicefarm,DeviceFarm,DeviceFarm,mobile,device-farm.png,service
devicefarm.unique_problem,devicefarm,DeviceFarm,DeviceFarm,mobile,device-farm.png,service
devicefarm.upload,devicefarm,DeviceFarm,DeviceFarm,mobile,device-farm.png,service
devicefarm.vpce_configuration,devicefarm,DeviceFarm,DeviceFarm,mobile,device-farm.png,service
directconnect.connection,directconnect,DirectConnect,DirectConnect,network,direct-connect.png,service
directconnect.direct_connect_gateway,directconnect,DirectConnect,DirectConnect,network,direct-connect.png,service
directconnect.direct_connect_gateway_association,directconnect,DirectConnect,DirectConnect,network,direct-connect.png,service
directconnect.connection,directconnect,DirectConnect,DirectConnect,network,direct-connect.png,service
directconnect.lag,directconnect,DirectConnect,DirectConnect,network,direct-connect.png,service
directconnect.virtual_interface,directconnect,DirectConnect,DirectConnect,network,direct-connect.png,service
directoryservice.directory,directoryservice,DirectoryService,DirectoryService,security,directory-service.png,service
dms.certificate,dms,DMS,DMS,database,database-migration-service.png,service
dms.data_migration,dms,DMS,DMS,database,database-migration-service.png,service
dms.data_provider,dms,DMS,DMS,database,database-migration-service.png,service
dms.endpoint,dms,DMS,DMS,database,database-migration-service.png,service
dms.event_subscription,dms,DMS,DMS,database,database-migration-service.png,service
dms.instance_profile,dms,DMS,DMS,database,database-migration-service.png,service
dms.migration_project,dms,DMS,DMS,database,database-migration-service.png,service
dms.replication_config,dms,DMS,DMS,database,database-migration-service.png,service
dms.replication_instance,dms,DMS,DMS,database,database-migration-service.png,service
dms.replication_subnet_group,dms,DMS,DMS,database,database-migration-service.png,service
dms.replication_task,dms,DMS,DMS,database,database-migration-service.png,service
dms.replication_task_assessment_run,dms,DMS,DMS,database,database-migration-service.png,service
dms.replication_task_individual_assessment,dms,DMS,DMS,database,database-migration-service.png,service
ds.certificate,ds,DS,DS,security,directory-service.png,service
ds.client_authentication_setting,ds,DS,DS,security,directory-service.png,service
ds.conditional_forwarder,ds,DS,DS,security,directory-service.png,service
ds.directory,ds,DS,DS,security,directory-service.png,service
ds.domain_controller,ds,DS,DS,security,directory-service.png,service
ds.ip_route,ds,DS,DS,security,directory-service.png,service
ds.ldaps_setting,ds,DS,DS,security,directory-service.png,service
ds.region,ds,DS,DS,security,directory-service.png,service
ds.schema_extension,ds,DS,DS,security,directory-service.png,service
ds.setting,ds,DS,DS,security,directory-service.png,service
ds.shared_directory,ds,DS,DS,security,directory-service.png,service
ds.snapshot,ds,DS,DS,security,directory-service.png,service
ds.trust,ds,DS,DS,security,directory-service.png,service
ds.update_directory,ds,DS,DS,security,directory-service.png,service
dynamodb.continuous_backup,dynamodb,Dynamodb,Dynamodb,database,dynamodb.png,service
dynamodb.dynamodb_backup,dynamodb,Dynamodb,Dynamodb,database,dynamodb.png,service
dynamodb.export,dynamodb,Dynamodb,Dynamodb,database,dynamodb.png,service
dynamodb.global_table,dynamodb,Dynamodb,Dynamodb,database,dynamodb.png,service
dynamodb.import,dynamodb,Dynamodb,Dynamodb,database,dynamodb.png,service
dynamodb.table_replica_auto_scaling,dynamodb,Dynamodb,Dynamodb,database,dynamodb.png,service
dynamodbstreams.dynamodb_stream,dynamodbstreams,DynamodbStreams,DynamodbStreams,database,dynamodb-streams.png,service
dynamodbstreams.record,dynamodbstreams,DynamodbStreams,DynamodbStreams,database,dynamodb-streams.png,service
dynamodbstreams.shard_iterator,dynamodbstreams,DynamodbStreams,DynamodbStreams,database,dynamodb-streams.png,service
dynamodbstreams.stream,dynamodbstreams,DynamodbStreams,DynamodbStreams,database,dynamodb-streams.png,service
ec2.capacity_reservation,ec2,EC2,EC2,compute,ec2.png,service
ec2.capacity_reservation_fleet,ec2,EC2,EC2,compute,ec2.png,service
ec2.carrier_gateway,ec2,EC2,EC2,compute,ec2.png,service
ec2.client_vpn_endpoint,ec2,EC2,EC2,compute,ec2.png,service
ec2.dhcp_options,ec2,EC2,EC2,compute,ec2.png,service
ec2.ebs_encryption_by_default,ec2,EC2,EC2,compute,ec2.png,service
ec2.ebs_snapshot,ec2,EC2,EC2,compute,ec2.png,service
ec2.ec2_reserved,ec2,EC2,EC2,compute,ec2.png,service
ec2.egress_only_internet_gateway,ec2,EC2,EC2,compute,ec2.png,service
ec2.eip,ec2,EC2,EC2,compute,ec2.png,service
ec2.iam_instance_profile_association,ec2,EC2,EC2,compute,ec2.png,service
ec2.images_in_recycle_bin,ec2,EC2,EC2,compute,ec2.png,service
ec2.instance_connect_endpoint,ec2,EC2,EC2,compute,ec2.png,service
ec2.ipam,ec2,EC2,EC2,compute,ec2.png,service
ec2.ipam_external_resource_verification_token,ec2,EC2,EC2,compute,ec2.png,service
ec2.ipam_policy,ec2,EC2,EC2,compute,ec2.png,service
ec2.ipam_pool,ec2,EC2,EC2,compute,ec2.png,service
ec2.ipam_prefix_list_resolver,ec2,EC2,EC2,compute,ec2.png,service
ec2.ipam_prefix_list_resolver_target,ec2,EC2,EC2,compute,ec2.png,service
ec2.ipam_resource_discovery,ec2,EC2,EC2,compute,ec2.png,service
ec2.ipam_resource_discovery_association,ec2,EC2,EC2,compute,ec2.png,service
ec2.ipam_scope,ec2,EC2,EC2,compute,ec2.png,service
ec2.key_pair,ec2,EC2,EC2,compute,ec2.png,service
ec2.launch_template_data,ec2,EC2,EC2,compute,ec2.png,service
ec2.local_gateway,ec2,EC2,EC2,compute,ec2.png,service
ec2.local_gateway_route_table,ec2,EC2,EC2,compute,ec2.png,service
ec2.local_gateway_route_table_virtual_interface_group_association,ec2,EC2,EC2,compute,ec2.png,service
ec2.local_gateway_route_table_vpc_association,ec2,EC2,EC2,compute,ec2.png,service
ec2.local_gateway_virtual_interface,ec2,EC2,EC2,compute,ec2.png,service
ec2.local_gateway_virtual_interface_group,ec2,EC2,EC2,compute,ec2.png,service
ec2.network_insights_access_scope,ec2,EC2,EC2,compute,ec2.png,service
ec2.network_insights_path,ec2,EC2,EC2,compute,ec2.png,service
ec2.network_interface,ec2,EC2,EC2,compute,ec2.png,service
ec2.outpost_lag,ec2,EC2,EC2,compute,ec2.png,service
ec2.placement_group,ec2,EC2,EC2,compute,ec2.png,service
ec2.prefix_list,ec2,EC2,EC2,compute,ec2.png,service
ec2.principal_id_format,ec2,EC2,EC2,compute,ec2.png,service
ec2.security_group_rule,ec2,EC2,EC2,compute,ec2.png,service
ec2.security_group_vpc_association,ec2,EC2,EC2,compute,ec2.png,service
ec2.serial_console_access_status,ec2,EC2,EC2,compute,ec2.png,service
ec2.service_link_virtual_interface,ec2,EC2,EC2,compute,ec2.png,service
ec2.spot_instance_request,ec2,EC2,EC2,compute,ec2.png,service
ec2.traffic_mirror_filter,ec2,EC2,EC2,compute,ec2.png,service
ec2.traffic_mirror_session,ec2,EC2,EC2,compute,ec2.png,service
ec2.traffic_mirror_target,ec2,EC2,EC2,compute,ec2.png,service
ec2.transit_gateway_attachment,ec2,EC2,EC2,compute,ec2.png,service
ec2.transit_gateway_connect,ec2,EC2,EC2,compute,ec2.png,service
ec2.transit_gateway_connect_peer,ec2,EC2,EC2,compute,ec2.png,service
ec2.transit_gateway_multicast_domain,ec2,EC2,EC2,compute,ec2.png,service
ec2.transit_gateway_peering_attachment,ec2,EC2,EC2,compute,ec2.png,service
ec2.transit_gateway_policy_table,ec2,EC2,EC2,compute,ec2.png,service
ec2.transit_gateway_route_table,ec2,EC2,EC2,compute,ec2.png,service
ec2.transit_gateway_vpc_attachment,ec2,EC2,EC2,compute,ec2.png,service
ec2.verified_access_endpoint,ec2,EC2,EC2,compute,ec2.png,service
ec2.verified_access_group,ec2,EC2,EC2,compute,ec2.png,service
ec2.verified_access_instance,ec2,EC2,EC2,compute,ec2.png,service
ec2.verified_access_trust_provider,ec2,EC2,EC2,compute,ec2.png,service
ec2.vpc_block_public_access_exclusion,ec2,EC2,EC2,compute,ec2.png,service
ec2.vpc_block_public_access_options,ec2,EC2,EC2,compute,ec2.png,service
ec2.vpc_endpoint_association,ec2,EC2,EC2,compute,ec2.png,service
ec2.vpc_endpoint_connection,ec2,EC2,EC2,compute,ec2.png,service
ec2.vpc_endpoint_connection_notification,ec2,EC2,EC2,compute,ec2.png,service
ec2.vpc_endpoint_service,ec2,EC2,EC2,compute,ec2.png,service
ec2.vpn_gateway,ec2,EC2,EC2,compute,ec2.png,service
ecr.lifecycle_policy,ecr,ECR,ECR,compute,ec2-container-registry.png,service
ecr.pull_through_cache_rule,ecr,ECR,ECR,compute,ec2-container-registry.png,service
ecr.registry,ecr,ECR,ECR,compute,ec2-container-registry.png,service
ecr.registry_policy,ecr,ECR,ECR,compute,ec2-container-registry.png,service
ecr.registry_scanning_configuration,ecr,ECR,ECR,compute,ec2-container-registry.png,service
ecr.repository,ecr,ECR,ECR,compute,ec2-container-registry.png,service
ecr.repository_creation_template,ecr,ECR,ECR,compute,ec2-container-registry.png,service
ecr.repository_policy,ecr,ECR,ECR,compute,ec2-container-registry.png,service
ecs.capacity_provider,ecs,ECS,ECS,compute,elastic-container-service.png,service
ecs.service_revision,ecs,ECS,ECS,compute,elastic-container-service.png,service
ecs.task_definition,ecs,ECS,ECS,compute,elastic-container-service.png,service
efs.access_point,efs,EFS,EFS,storage,elastic-file-system-efs.png,service
efs.backup_policy,efs,EFS,EFS,storage,elastic-file-system-efs.png,service
efs.file_system_policy,efs,EFS,EFS,storage,elastic-file-system-efs.png,service
efs.lifecycle_configuration,efs,EFS,EFS,storage,elastic-file-system-efs.png,service
efs.mount_target,efs,EFS,EFS,storage,elastic-file-system-efs.png,service
eks.access_entry,eks,EKS,EKS,compute,elastic-kubernetes-service.png,service
eks.access_policy,eks,EKS,EKS,compute,elastic-kubernetes-service.png,service
eks.addon,eks,EKS,EKS,compute,elastic-kubernetes-service.png,service
eks.eks_anywhere_subscription,eks,EKS,EKS,compute,elastic-kubernetes-service.png,service
eks.nodegroup,eks,EKS,EKS,compute,elastic-kubernetes-service.png,service
eks.fargate_profile,eks,EKS,EKS,compute,elastic-kubernetes-service.png,service
eks.nodegroup,eks,EKS,EKS,compute,elastic-kubernetes-service.png,service
elasticache.cache_cluster,elasticache,ElastiCache,ElastiCache,database,elasticache.png,service
elasticache.cache_parameter_group,elasticache,ElastiCache,ElastiCache,database,elasticache.png,service
elasticache.cache_snapshot,elasticache,ElastiCache,ElastiCache,database,elasticache.png,service
elasticache.global_replication_group,elasticache,ElastiCache,ElastiCache,database,elasticache.png,service
elasticache.replication_group,elasticache,ElastiCache,ElastiCache,database,elasticache.png,service
elasticache.reserved_cache_node,elasticache,ElastiCache,ElastiCache,database,elasticache.png,service
elasticache.subnet_group,elasticache,ElastiCache,ElastiCache,database,elasticache.png,service
elasticache.user,elasticache,ElastiCache,ElastiCache,database,elasticache.png,service
elasticache.user_group,elasticache,ElastiCache,ElastiCache,database,elasticache.png,service
elasticbeanstalk.application_version,elasticbeanstalk,ElasticBeanstalk,ElasticBeanstalk,compute,elastic-beanstalk.png,service
elasticbeanstalk.configuration_setting,elasticbeanstalk,ElasticBeanstalk,ElasticBeanstalk,compute,elastic-beanstalk.png,service
elasticbeanstalk.environment,elasticbeanstalk,ElasticBeanstalk,ElasticBeanstalk,compute,elastic-beanstalk.png,service
elastictranscoder.jobs_by_pipeline,elastictranscoder,ElasticTranscoder,ElasticTranscoder,media,elastic-transcoder.png,service
elastictranscoder.jobs_by_status,elastictranscoder,ElasticTranscoder,ElasticTranscoder,media,elastic-transcoder.png,service
elastictranscoder.pipeline,elastictranscoder,ElasticTranscoder,ElasticTranscoder,media,elastic-transcoder.png,service
elastictranscoder.preset,elastictranscoder,ElasticTranscoder,ElasticTranscoder,media,elastic-transcoder.png,service
elb.load_balancer,elb,ELB,ELB,network,elastic-load-balancing.png,service
emr.auto_termination_policy,emr,EMR,EMR,analytics,emr.png,service
emr.block_public_access_configuration,emr,EMR,EMR,analytics,emr.png,service
emr.cluster_session_credential,emr,EMR,EMR,analytics,emr.png,service
emr.managed_scaling_policy,emr,EMR,EMR,analytics,emr.png,service
emr.notebook_execution,emr,EMR,EMR,analytics,emr.png,service
emr.security_configuration,emr,EMR,EMR,analytics,emr.png,service
emr.step,emr,EMR,EMR,analytics,emr.png,service
emr.studio,emr,EMR,EMR,analytics,emr.png,service
emr.studio_session_mapping,emr,EMR,EMR,analytics,emr.png,service
es.domain,es,ES,ES,analytics,elasticsearch-service.png,service
es.domain_auto_tune,es,ES,ES,analytics,elasticsearch-service.png,service
es.domain_change_progress,es,ES,ES,analytics,elasticsearch-service.png,service
es.elasticsearch_domain,es,ES,ES,analytics,elasticsearch-service.png,service
es.elasticsearch_domain_config,es,ES,ES,analytics,elasticsearch-service.png,service
es.elasticsearch_reserved,es,ES,ES,analytics,elasticsearch-service.png,service
es.packages_for_domain,es,ES,ES,analytics,elasticsearch-service.png,service
es.reserved_elasticsearch_instance_offering,es,ES,ES,analytics,elasticsearch-service.png,service
es.upgrade_history,es,ES,ES,analytics,elasticsearch-service.png,service
es.upgrade_status,es,ES,ES,analytics,elasticsearch-service.png,service
es.vpc_endpoint,es,ES,ES,analytics,elasticsearch-service.png,service
es.vpc_endpoint_access,es,ES,ES,analytics,elasticsearch-service.png,service
es.vpc_endpoints_for_domain,es,ES,ES,analytics,elasticsearch-service.png,service
eventbridge.event_bus,eventbridge,Eventbridge,Eventbridge,integration,eventbridge.png,service
eventbridge.replay,eventbridge,Eventbridge,Eventbridge,integration,eventbridge.png,service
fargate.capacity_provider,fargate,Fargate,Fargate,compute,fargate.png,service
fargate.cluster,fargate,Fargate,Fargate,compute,fargate.png,service
fargate.service,fargate,Fargate,Fargate,compute,fargate.png,service
fargate.task,fargate,Fargate,Fargate,compute,fargate.png,service
fargate.task_definition,fargate,Fargate,Fargate,compute,fargate.png,service
fms.admin_account,fms,FMS,FMS,security,firewall-manager.png,service
fms.admin_scope,fms,FMS,FMS,security,firewall-manager.png,service
fms.apps_list,fms,FMS,FMS,security,firewall-manager.png,service
fms.compliance_detail,fms,FMS,FMS,security,firewall-manager.png,service
fms.compliance_status,fms,FMS,FMS,security,firewall-manager.png,service
fms.discovered_resource,fms,FMS,FMS,security,firewall-manager.png,service
fms.notification_channel,fms,FMS,FMS,security,firewall-manager.png,service
fms.policy,fms,FMS,FMS,security,firewall-manager.png,service
fms.protection_status,fms,FMS,FMS,security,firewall-manager.png,service
fms.protocols_list,fms,FMS,FMS,security,firewall-manager.png,service
fms.resource_set,fms,FMS,FMS,security,firewall-manager.png,service
fms.resource_set_resource,fms,FMS,FMS,security,firewall-manager.png,service
fms.third_party_firewall_association_status,fms,FMS,FMS,security,firewall-manager.png,service
fms.third_party_firewall_firewall_policy,fms,FMS,FMS,security,firewall-manager.png,service
fms.violation_detail,fms,FMS,FMS,security,firewall-manager.png,service
forecast.dataset,forecast,Forecast,Forecast,ml,forecast.png,service
forecast.dataset_group,forecast,Forecast,Forecast,ml,forecast.png,service
forecast.dataset_import_job,forecast,Forecast,Forecast,ml,forecast.png,service
forecast.explainability,forecast,Forecast,Forecast,ml,forecast.png,service
forecast.explainability_export,forecast,Forecast,Forecast,ml,forecast.png,service
forecast.forecast_export_job,forecast,Forecast,Forecast,ml,forecast.png,service
forecast.monitor,forecast,Forecast,Forecast,ml,forecast.png,service
forecast.predictor,forecast,Forecast,Forecast,ml,forecast.png,service
forecast.predictor_backtest_export_job,forecast,Forecast,Forecast,ml,forecast.png,service
forecast.what_if_forecast_export,forecast,Forecast,Forecast,ml,forecast.png,service
frauddetector.batch_import_job,frauddetector,FraudDetector,FraudDetector,ml,fraud-detector.png,service
frauddetector.batch_prediction_job,frauddetector,FraudDetector,FraudDetector,ml,fraud-detector.png,service
frauddetector.detector,frauddetector,FraudDetector,FraudDetector,ml,fraud-detector.png,service
frauddetector.entity_type,frauddetector,FraudDetector,FraudDetector,ml,fraud-detector.png,service
frauddetector.event_type,frauddetector,FraudDetector,FraudDetector,ml,fraud-detector.png,service
frauddetector.external_model,frauddetector,FraudDetector,FraudDetector,ml,fraud-detector.png,service
frauddetector.kms_encryption_key,frauddetector,FraudDetector,FraudDetector,ml,fraud-detector.png,service
frauddetector.label,frauddetector,FraudDetector,FraudDetector,ml,fraud-detector.png,service
frauddetector.list,frauddetector,FraudDetector,FraudDetector,ml,fraud-detector.png,service
frauddetector.model,frauddetector,FraudDetector,FraudDetector,ml,fraud-detector.png,service
frauddetector.model_version,frauddetector,FraudDetector,FraudDetector,ml,fraud-detector.png,service
frauddetector.outcome,frauddetector,FraudDetector,FraudDetector,ml,fraud-detector.png,service
frauddetector.variable,frauddetector,FraudDetector,FraudDetector,ml,fraud-detector.png,service
fsx.data_repository_association,fsx,FSx,FSx,storage,fsx.png,service
fsx.file_system,fsx,FSx,FSx,storage,fsx.png,service
fsx.fsx_backup,fsx,FSx,FSx,storage,fsx.png,service
fsx.snapshot,fsx,FSx,FSx,storage,fsx.png,service
fsx.storage_virtual_machine,fsx,FSx,FSx,storage,fsx.png,service
fsx.volume,fsx,FSx,FSx,storage,fsx.png,service
gamelift.alias,gamelift,Gamelift,Gamelift,game,gamelift.png,service
gamelift.build,gamelift,Gamelift,Gamelift,game,gamelift.png,service
gamelift.compute,gamelift,Gamelift,Gamelift,game,gamelift.png,service
gamelift.compute_access,gamelift,Gamelift,Gamelift,game,gamelift.png,service
gamelift.compute_auth_token,gamelift,Gamelift,Gamelift,game,gamelift.png,service
gamelift.container_fleet,gamelift,Gamelift,Gamelift,game,gamelift.png,service
gamelift.container_group_definition,gamelift,Gamelift,Gamelift,game,gamelift.png,service
gamelift.fleet,gamelift,Gamelift,Gamelift,game,gamelift.png,service
gamelift.fleet_event,gamelift,Gamelift,Gamelift,game,gamelift.png,service
gamelift.fleet_location_capacity,gamelift,Gamelift,Gamelift,game,gamelift.png,service
gamelift.fleet_location_utilization,gamelift,Gamelift,Gamelift,game,gamelift.png,service
gamelift.fleet_port_setting,gamelift,Gamelift,Gamelift,game,gamelift.png,service
gamelift.game_server,gamelift,Gamelift,Gamelift,game,gamelift.png,service
gamelift.game_server_group,gamelift,Gamelift,Gamelift,game,gamelift.png,service
gamelift.game_server_instance,gamelift,Gamelift,Gamelift,game,gamelift.png,service
gamelift.game_session_log_url,gamelift,Gamelift,Gamelift,game,gamelift.png,service
gamelift.game_session_placement,gamelift,Gamelift,Gamelift,game,gamelift.png,service
gamelift.game_session_queue,gamelift,Gamelift,Gamelift,game,gamelift.png,service
gamelift.instance,gamelift,Gamelift,Gamelift,game,gamelift.png,service
gamelift.instance_access,gamelift,Gamelift,Gamelift,game,gamelift.png,service
gamelift.location,gamelift,Gamelift,Gamelift,game,gamelift.png,service
gamelift.matchmaking,gamelift,Gamelift,Gamelift,game,gamelift.png,service
gamelift.matchmaking_configuration,gamelift,Gamelift,Gamelift,game,gamelift.png,service
gamelift.matchmaking_rule_set,gamelift,Gamelift,Gamelift,game,gamelift.png,service
gamelift.player_session,gamelift,Gamelift,Gamelift,game,gamelift.png,service
gamelift.runtime_configuration,gamelift,Gamelift,Gamelift,game,gamelift.png,service
gamelift.scaling_policy,gamelift,Gamelift,Gamelift,game,gamelift.png,service
gamelift.script,gamelift,Gamelift,Gamelift,game,gamelift.png,service
gamelift.vpc_peering_connection,gamelift,Gamelift,Gamelift,game,gamelift.png,service
globalaccelerator.accelerator,globalaccelerator,GlobalAccelerator,GlobalAccelerator,network,global-accelerator.png,service
globalaccelerator.cross_account_attachment,globalaccelerator,GlobalAccelerator,GlobalAccelerator,network,global-accelerator.png,service
globalaccelerator.listener,globalaccelerator,GlobalAccelerator,GlobalAccelerator,network,global-accelerator.png,service
glue.blueprint,glue,Glue,Glue,analytics,glue.png,service
glue.catalog,glue,Glue,Glue,analytics,glue.png,service
glue.classifier,glue,Glue,Glue,analytics,glue.png,service
glue.column_statistics_task_run,glue,Glue,Glue,analytics,glue.png,service
glue.connection,glue,Glue,Glue,analytics,glue.png,service
glue.crawler,glue,Glue,Glue,analytics,glue.png,service
glue.custom_entity_type,glue,Glue,Glue,analytics,glue.png,service
glue.data_catalog_encryption_settings,glue,Glue,Glue,analytics,glue.png,service
glue.data_quality_ruleset,glue,Glue,Glue,analytics,glue.png,service
glue.database,glue,Glue,Glue,analytics,glue.png,service
glue.dev_endpoint,glue,Glue,Glue,analytics,glue.png,service
glue.table,glue,Glue,Glue,analytics,glue.png,service
glue.integration,glue,Glue,Glue,analytics,glue.png,service
glue.integration_resource_property,glue,Glue,Glue,analytics,glue.png,service
glue.job,glue,Glue,Glue,analytics,glue.png,service
glue.ml_transform,glue,Glue,Glue,analytics,glue.png,service
glue.registry,glue,Glue,Glue,analytics,glue.png,service
glue.schema,glue,Glue,Glue,analytics,glue.png,service
glue.schema_version,glue,Glue,Glue,analytics,glue.png,service
glue.security_configuration,glue,Glue,Glue,analytics,glue.png,service
glue.table,glue,Glue,Glue,analytics,glue.png,service
glue.trigger,glue,Glue,Glue,analytics,glue.png,service
glue.workflow,glue,Glue,Glue,analytics,glue.png,service
groundstation.agent_configuration,groundstation,GroundStation,GroundStation,satellite,ground-station.png,service
groundstation.config,groundstation,GroundStation,GroundStation,satellite,ground-station.png,service
groundstation.contact,groundstation,GroundStation,GroundStation,satellite,ground-station.png,service
groundstation.dataflow_endpoint_group,groundstation,GroundStation,GroundStation,satellite,ground-station.png,service
groundstation.ephemeri,groundstation,GroundStation,GroundStation,satellite,ground-station.png,service
groundstation.ephemeride,groundstation,GroundStation,GroundStation,satellite,ground-station.png,service
groundstation.ground_station,groundstation,GroundStation,GroundStation,satellite,ground-station.png,service
groundstation.mission_profile,groundstation,GroundStation,GroundStation,satellite,ground-station.png,service
groundstation.satellite,groundstation,GroundStation,GroundStation,satellite,ground-station.png,service
guardduty.detector,guardduty,Guardduty,Guardduty,security,guardduty.png,service
guardduty.malware_scan,guardduty,Guardduty,Guardduty,security,guardduty.png,service
guardduty.member_detector,guardduty,Guardduty,Guardduty,security,guardduty.png,service
guardduty.organization_configuration,guardduty,Guardduty,Guardduty,security,guardduty.png,service
iam.access_key,iam,IAM,IAM,security,identity-and-access-management-iam.png,service
iam.account_authorization_detail,iam,IAM,IAM,security,identity-and-access-management-iam.png,service
iam.account_password_policy,iam,IAM,IAM,security,identity-and-access-management-iam.png,service
iam.attached_role_policy,iam,IAM,IAM,security,identity-and-access-management-iam.png,service
iam.attached_user_policy,iam,IAM,IAM,security,identity-and-access-management-iam.png,service
iam.delegation_request,iam,IAM,IAM,security,identity-and-access-management-iam.png,service
iam.group,iam,IAM,IAM,security,identity-and-access-management-iam.png,service
iam.group_policy,iam,IAM,IAM,security,identity-and-access-management-iam.png,service
iam.groups_for_user,iam,IAM,IAM,security,identity-and-access-management-iam.png,service
iam.iam_certificate,iam,IAM,IAM,security,identity-and-access-management-iam.png,service
iam.iam_oidc_provider,iam,IAM,IAM,security,identity-and-access-management-iam.png,service
iam.saml_provider,iam,IAM,IAM,security,identity-and-access-management-iam.png,service
iam.instance_profiles_for_role,iam,IAM,IAM,security,identity-and-access-management-iam.png,service
iam.open_id_connect_provider,iam,IAM,IAM,security,identity-and-access-management-iam.png,service
iam.policy_version,iam,IAM,IAM,security,identity-and-access-management-iam.png,service
iam.saml_provider,iam,IAM,IAM,security,identity-and-access-management-iam.png,service
iam.iam_certificate,iam,IAM,IAM,security,identity-and-access-management-iam.png,service
iam.user_policy,iam,IAM,IAM,security,identity-and-access-management-iam.png,service
iam.virtual_mfa_device,iam,IAM,IAM,security,identity-and-access-management-iam.png,service
inspector.assessment_run,inspector,Inspector,Inspector,security,inspector.png,service
inspector.assessment_target,inspector,Inspector,Inspector,security,inspector.png,service
inspector.assessment_template,inspector,Inspector,Inspector,security,inspector.png,service
inspector.cross_account_access_role,inspector,Inspector,Inspector,security,inspector.png,service
inspector.finding,inspector,Inspector,Inspector,security,inspector.png,service
iot.account_audit_configuration,iot,_Iot,_Iot,iot,,service
iot.attached_policy,iot,_Iot,_Iot,iot,,service
iot.audit_mitigation_actions_execution,iot,_Iot,_Iot,iot,,service
iot.audit_mitigation_actions_task,iot,_Iot,_Iot,iot,,service
iot.audit_suppression,iot,_Iot,_Iot,iot,,service
iot.audit_task,iot,_Iot,_Iot,iot,,service
iot.authorizer,iot,_Iot,_Iot,iot,,service
iot.billing_group,iot,_Iot,_Iot,iot,,service
iot.buckets_aggregation,iot,_Iot,_Iot,iot,,service
iot.ca_certificate,iot,_Iot,_Iot,iot,,service
iot.cardinality,iot,_Iot,_Iot,iot,,service
iot.certificate_provider,iot,_Iot,_Iot,iot,,service
iot.certificates_by_ca,iot,_Iot,_Iot,iot,,service
iot.command,iot,_Iot,_Iot,iot,,service
iot.custom_metric,iot,_Iot,_Iot,iot,,service
iot.default_authorizer,iot,_Iot,_Iot,iot,,service
iot.detect_mitigation_actions_task,iot,_Iot,_Iot,iot,,service
iot.dimension,iot,_Iot,_Iot,iot,,service
iot.domain_configuration,iot,_Iot,_Iot,iot,,service
iot.encryption_configuration,iot,_Iot,_Iot,iot,,service
iot.endpoint,iot,_Iot,_Iot,iot,,service
iot.event_configuration,iot,_Iot,_Iot,iot,,service
iot.fleet_metric,iot,_Iot,_Iot,iot,,service
iot.index,iot,_Iot,_Iot,iot,,service
iot.indexing_configuration,iot,_Iot,_Iot,iot,,service
iot.job,iot,_Iot,_Iot,iot,,service
iot.job_document,iot,_Iot,_Iot,iot,,service
iot.job_execution,iot,_Iot,_Iot,iot,,service
iot.job_executions_for_job,iot,_Iot,_Iot,iot,,service
iot.job_executions_for_thing,iot,_Iot,_Iot,iot,,service
iot.job_template,iot,_Iot,_Iot,iot,,service
iot.logging_option,iot,_Iot,_Iot,iot,,service
iot.managed_job_template,iot,_Iot,_Iot,iot,,service
iot.metric_value,iot,_Iot,_Iot,iot,,service
iot.mitigation_action,iot,_Iot,_Iot,iot,,service
iot.ota_update,iot,_Iot,_Iot,iot,,service
iot.package,iot,_Iot,_Iot,iot,,service
iot.package_configuration,iot,_Iot,_Iot,iot,,service
iot.package_version,iot,_Iot,_Iot,iot,,service
iot.percentile,iot,_Iot,_Iot,iot,,service
iot.policy_principal,iot,_Iot,_Iot,iot,,service
iot.policy_version,iot,_Iot,_Iot,iot,,service
iot.principal_policy,iot,_Iot,_Iot,iot,,service
iot.principal_thing,iot,_Iot,_Iot,iot,,service
iot.provisioning_template,iot,_Iot,_Iot,iot,,service
iot.provisioning_template_version,iot,_Iot,_Iot,iot,,service
iot.registration_code,iot,_Iot,_Iot,iot,,service
iot.role_alias,iot,_Iot,_Iot,iot,,service
iot.scheduled_audit,iot,_Iot,_Iot,iot,,service
iot.search_index,iot,_Iot,_Iot,iot,,service
iot.security_profile,iot,_Iot,_Iot,iot,,service
iot.security_profiles_for_target,iot,_Iot,_Iot,iot,,service
iot.stream,iot,_Iot,_Iot,iot,,service
iot.targets_for_policy,iot,_Iot,_Iot,iot,,service
iot.targets_for_security_profile,iot,_Iot,_Iot,iot,,service
iot.thing,iot,_Iot,_Iot,iot,,service
iot.thing_group,iot,_Iot,_Iot,iot,,service
iot.thing_groups_for_thing,iot,_Iot,_Iot,iot,,service
iot.thing_principal,iot,_Iot,_Iot,iot,,service
iot.thing_registration_task,iot,_Iot,_Iot,iot,,service
iot.thing_type,iot,_Iot,_Iot,iot,,service
iot.things_in_billing_group,iot,_Iot,_Iot,iot,,service
iot.things_in_thing_group,iot,_Iot,_Iot,iot,,service
iot.topic_rule,iot,_Iot,_Iot,iot,,service
iot.topic_rule_destination,iot,_Iot,_Iot,iot,,service
iot.v2_logging_option,iot,_Iot,_Iot,iot,,service
iot.violation_event,iot,_Iot,_Iot,iot,,service
iotanalytics.dataset_content,iotanalytics,IotAnalytics,IotAnalytics,iot,iot-analytics.png,service
iotanalytics.logging_option,iotanalytics,IotAnalytics,IotAnalytics,iot,iot-analytics.png,service
iotevents.alarm_model,iotevents,IotEvents,IotEvents,iot,iot-events.png,service
iotevents.alarm_model_version,iotevents,IotEvents,IotEvents,iot,iot-events.png,service
iotevents.detector_model,iotevents,IotEvents,IotEvents,iot,iot-events.png,service
iotevents.detector_model_analysis,iotevents,IotEvents,IotEvents,iot,iot-events.png,service
iotevents.detector_model_version,iotevents,IotEvents,IotEvents,iot,iot-events.png,service
iotevents.input,iotevents,IotEvents,IotEvents,iot,iot-events.png,service
iotevents.input_routing,iotevents,IotEvents,IotEvents,iot,iot-events.png,service
iotevents.logging_option,iotevents,IotEvents,IotEvents,iot,iot-events.png,service
iotsitewise.access_policy,iotsitewise,IotSitewise,IotSitewise,iot,iot-sitewise.png,service
iotsitewise.action,iotsitewise,IotSitewise,IotSitewise,iot,iot-sitewise.png,service
iotsitewise.asset,iotsitewise,IotSitewise,IotSitewise,iot,iot-sitewise.png,service
iotsitewise.asset_composite_model,iotsitewise,IotSitewise,IotSitewise,iot,iot-sitewise.png,service
iotsitewise.asset_model,iotsitewise,IotSitewise,IotSitewise,iot,iot-sitewise.png,service
iotsitewise.asset_model_composite_model,iotsitewise,IotSitewise,IotSitewise,iot,iot-sitewise.png,service
iotsitewise.asset_model_property,iotsitewise,IotSitewise,IotSitewise,iot,iot-sitewise.png,service
iotsitewise.asset_property,iotsitewise,IotSitewise,IotSitewise,iot,iot-sitewise.png,service
iotsitewise.asset_property_aggregate,iotsitewise,IotSitewise,IotSitewise,iot,iot-sitewise.png,service
iotsitewise.asset_property_value,iotsitewise,IotSitewise,IotSitewise,iot,iot-sitewise.png,service
iotsitewise.asset_relationship,iotsitewise,IotSitewise,IotSitewise,iot,iot-sitewise.png,service
iotsitewise.associated_asset,iotsitewise,IotSitewise,IotSitewise,iot,iot-sitewise.png,service
iotsitewise.bulk_import_job,iotsitewise,IotSitewise,IotSitewise,iot,iot-sitewise.png,service
iotsitewise.composition_relationship,iotsitewise,IotSitewise,IotSitewise,iot,iot-sitewise.png,service
iotsitewise.computation_model,iotsitewise,IotSitewise,IotSitewise,iot,iot-sitewise.png,service
iotsitewise.dashboard,iotsitewise,IotSitewise,IotSitewise,iot,iot-sitewise.png,service
iotsitewise.dataset,iotsitewise,IotSitewise,IotSitewise,iot,iot-sitewise.png,service
iotsitewise.default_encryption_configuration,iotsitewise,IotSitewise,IotSitewise,iot,iot-sitewise.png,service
iotsitewise.gateway,iotsitewise,IotSitewise,IotSitewise,iot,iot-sitewise.png,service
iotsitewise.gateway_capability_configuration,iotsitewise,IotSitewise,IotSitewise,iot,iot-sitewise.png,service
iotsitewise.interface_relationship,iotsitewise,IotSitewise,IotSitewise,iot,iot-sitewise.png,service
iotsitewise.interpolated_asset_property_value,iotsitewise,IotSitewise,IotSitewise,iot,iot-sitewise.png,service
iotsitewise.logging_option,iotsitewise,IotSitewise,IotSitewise,iot,iot-sitewise.png,service
iotsitewise.portal,iotsitewise,IotSitewise,IotSitewise,iot,iot-sitewise.png,service
iotsitewise.project,iotsitewise,IotSitewise,IotSitewise,iot,iot-sitewise.png,service
iotsitewise.project_asset,iotsitewise,IotSitewise,IotSitewise,iot,iot-sitewise.png,service
iotsitewise.storage_configuration,iotsitewise,IotSitewise,IotSitewise,iot,iot-sitewise.png,service
iotsitewise.time_sery,iotsitewise,IotSitewise,IotSitewise,iot,iot-sitewise.png,service
iotthingsgraph.entity,iotthingsgraph,IotThingsGraph,IotThingsGraph,iot,iot-things-graph.png,service
iotthingsgraph.flow_execution_message,iotthingsgraph,IotThingsGraph,IotThingsGraph,iot,iot-things-graph.png,service
iotthingsgraph.flow_template,iotthingsgraph,IotThingsGraph,IotThingsGraph,iot,iot-things-graph.png,service
iotthingsgraph.flow_template_revision,iotthingsgraph,IotThingsGraph,IotThingsGraph,iot,iot-things-graph.png,service
iotthingsgraph.namespace,iotthingsgraph,IotThingsGraph,IotThingsGraph,iot,iot-things-graph.png,service
iotthingsgraph.namespace_deletion_status,iotthingsgraph,IotThingsGraph,IotThingsGraph,iot,iot-things-graph.png,service
iotthingsgraph.search_entity,iotthingsgraph,IotThingsGraph,IotThingsGraph,iot,iot-things-graph.png,service
iotthingsgraph.search_flow_execution,iotthingsgraph,IotThingsGraph,IotThingsGraph,iot,iot-things-graph.png,service
iotthingsgraph.search_thing,iotthingsgraph,IotThingsGraph,IotThingsGraph,iot,iot-things-graph.png,service
iotthingsgraph.system_instance,iotthingsgraph,IotThingsGraph,IotThingsGraph,iot,iot-things-graph.png,service
iotthingsgraph.system_template,iotthingsgraph,IotThingsGraph,IotThingsGraph,iot,iot-things-graph.png,service
iotthingsgraph.system_template_revision,iotthingsgraph,IotThingsGraph,IotThingsGraph,iot,iot-things-graph.png,service
iotthingsgraph.upload_status,iotthingsgraph,IotThingsGraph,IotThingsGraph,iot,iot-things-graph.png,service
kendra.access_control_configuration,kendra,Kendra,Kendra,ml,kendra.png,service
kendra.data_source,kendra,Kendra,Kendra,ml,kendra.png,service
kendra.experience,kendra,Kendra,Kendra,ml,kendra.png,service
kendra.faq,kendra,Kendra,Kendra,ml,kendra.png,service
kendra.featured_results_set,kendra,Kendra,Kendra,ml,kendra.png,service
kendra.groups_older_than_ordering_id,kendra,Kendra,Kendra,ml,kendra.png,service
kendra.indice,kendra,Kendra,Kendra,ml,kendra.png,service
kendra.principal_mapping,kendra,Kendra,Kendra,ml,kendra.png,service
kendra.query,kendra,Kendra,Kendra,ml,kendra.png,service
kendra.query_suggestion,kendra,Kendra,Kendra,ml,kendra.png,service
kendra.query_suggestions_block_list,kendra,Kendra,Kendra,ml,kendra.png,service
kendra.query_suggestions_config,kendra,Kendra,Kendra,ml,kendra.png,service
kendra.snapshot,kendra,Kendra,Kendra,ml,kendra.png,service
kendra.thesauri,kendra,Kendra,Kendra,ml,kendra.png,service
kinesis.stream,kinesis,Kinesis,Kinesis,analytics,kinesis.png,service
kinesis.stream_consumer,kinesis,Kinesis,Kinesis,analytics,kinesis.png,service
kinesisvideostreams.mapped_resource_configuration,kinesisvideostreams,KinesisVideoStreams,KinesisVideoStreams,analytics,kinesis-video-streams.png,service
kinesisvideostreams.stream,kinesisvideostreams,KinesisVideoStreams,KinesisVideoStreams,analytics,kinesis-video-streams.png,service
kms.alias,kms,KMS,KMS,security,key-management-service.png,service
kms.grant,kms,KMS,KMS,security,key-management-service.png,service
kms.key_policy,kms,KMS,KMS,security,key-management-service.png,service
kms.key_rotation_status,kms,KMS,KMS,security,key-management-service.png,service
lakeformation.data_cells_filter,lakeformation,LakeFormation,LakeFormation,analytics,lake-formation.png,service
lakeformation.data_lake_settings,lakeformation,LakeFormation,LakeFormation,analytics,lake-formation.png,service
lakeformation.lake_formation_identity_center_configuration,lakeformation,LakeFormation,LakeFormation,analytics,lake-formation.png,service
lakeformation.resource,lakeformation,LakeFormation,LakeFormation,analytics,lake-formation.png,service
lambda.code_signing_config,lambda,Lambda,Lambda,compute,lambda.png,service
lambda.event_source_mapping,lambda,Lambda,Lambda,compute,lambda.png,service
lambda.function_concurrency,lambda,Lambda,Lambda,compute,lambda.png,service
lambda.function_configuration,lambda,Lambda,Lambda,compute,lambda.png,service
lambda.function_url_config,lambda,Lambda,Lambda,compute,lambda.png,service
lambda.layer_version,lambda,Lambda,Lambda,compute,lambda.png,service
lambda.layer_version_policy,lambda,Lambda,Lambda,compute,lambda.png,service
lambda.policy,lambda,Lambda,Lambda,compute,lambda.png,service
lambda.version,lambda,Lambda,Lambda,compute,lambda.png,service
license-manager.access_token,license-manager,LicenseManager,LicenseManager,management,license-manager.png,service
license-manager.associations_for_license_configuration,license-manager,LicenseManager,LicenseManager,management,license-manager.png,service
license-manager.distributed_grant,license-manager,LicenseManager,LicenseManager,management,license-manager.png,service
license-manager.failures_for_license_configuration_operation,license-manager,LicenseManager,LicenseManager,management,license-manager.png,service
license-manager.grant,license-manager,LicenseManager,LicenseManager,management,license-manager.png,service
license-manager.license,license-manager,LicenseManager,LicenseManager,management,license-manager.png,service
license-manager.license_asset_group,license-manager,LicenseManager,LicenseManager,management,license-manager.png,service
license-manager.license_asset_ruleset,license-manager,LicenseManager,LicenseManager,management,license-manager.png,service
license-manager.license_configuration,license-manager,LicenseManager,LicenseManager,management,license-manager.png,service
license-manager.license_configurations_for_organization,license-manager,LicenseManager,LicenseManager,management,license-manager.png,service
license-manager.license_conversion_task,license-manager,LicenseManager,LicenseManager,management,license-manager.png,service
license-manager.license_manager_report_generator,license-manager,LicenseManager,LicenseManager,management,license-manager.png,service
license-manager.license_specifications_for_resource,license-manager,LicenseManager,LicenseManager,management,license-manager.png,service
license-manager.license_version,license-manager,LicenseManager,LicenseManager,management,license-manager.png,service
license-manager.received_grant,license-manager,LicenseManager,LicenseManager,management,license-manager.png,service
license-manager.received_grants_for_organization,license-manager,LicenseManager,LicenseManager,management,license-manager.png,service
license-manager.service_setting,license-manager,LicenseManager,LicenseManager,management,license-manager.png,service
license-manager.token,license-manager,LicenseManager,LicenseManager,management,license-manager.png,service
license-manager.usage_for_license_configuration,license-manager,LicenseManager,LicenseManager,management,license-manager.png,service
lightsail.alarm,lightsail,Lightsail,Lightsail,compute,lightsail.png,service
lightsail.bucket,lightsail,Lightsail,Lightsail,compute,lightsail.png,service
lightsail.certificate,lightsail,Lightsail,Lightsail,compute,lightsail.png,service
lightsail.cloud_formation_stack_record,lightsail,Lightsail,Lightsail,compute,lightsail.png,service
lightsail.contact_method,lightsail,Lightsail,Lightsail,compute,lightsail.png,service
lightsail.container_service,lightsail,Lightsail,Lightsail,compute,lightsail.png,service
lightsail.disk,lightsail,Lightsail,Lightsail,compute,lightsail.png,service
lightsail.disk_snapshot,lightsail,Lightsail,Lightsail,compute,lightsail.png,service
lightsail.distribution,lightsail,Lightsail,Lightsail,compute,lightsail.png,service
lightsail.domain,lightsail,Lightsail,Lightsail,compute,lightsail.png,service
lightsail.export_snapshot_record,lightsail,Lightsail,Lightsail,compute,lightsail.png,service
lightsail.instance,lightsail,Lightsail,Lightsail,compute,lightsail.png,service
lightsail.instance_snapshot,lightsail,Lightsail,Lightsail,compute,lightsail.png,service
lightsail.key_pair,lightsail,Lightsail,Lightsail,compute,lightsail.png,service
lightsail.lightsail_db,lightsail,Lightsail,Lightsail,compute,lightsail.png,service
lightsail.load_balancer,lightsail,Lightsail,Lightsail,compute,lightsail.png,service
lightsail.instance,lightsail,Lightsail,Lightsail,compute,lightsail.png,service
lightsail.load_balancer,lightsail,Lightsail,Lightsail,compute,lightsail.png,service
lightsail.relational_database_snapshot,lightsail,Lightsail,Lightsail,compute,lightsail.png,service
lightsail.static_ip,lightsail,Lightsail,Lightsail,compute,lightsail.png,service
machinelearning.batch_prediction,machinelearning,MachineLearning,MachineLearning,ml,machine-learning.png,service
machinelearning.data_source,machinelearning,MachineLearning,MachineLearning,ml,machine-learning.png,service
machinelearning.evaluation,machinelearning,MachineLearning,MachineLearning,ml,machine-learning.png,service
machinelearning.ml_model,machinelearning,MachineLearning,MachineLearning,ml,machine-learning.png,service
macie.allow_list,macie,Macie,Macie,security,macie.png,service
macie.bucket,macie,Macie,Macie,security,macie.png,service
macie.classification_job,macie,Macie,Macie,security,macie.png,service
macie.findings_filter,macie,Macie,Macie,security,macie.png,service
managedblockchain.accessor,managedblockchain,ManagedBlockchain,ManagedBlockchain,blockchain,managed-blockchain.png,service
managedblockchain.invitation,managedblockchain,ManagedBlockchain,ManagedBlockchain,blockchain,managed-blockchain.png,service
managedblockchain.member,managedblockchain,ManagedBlockchain,ManagedBlockchain,blockchain,managed-blockchain.png,service
managedblockchain.network,managedblockchain,ManagedBlockchain,ManagedBlockchain,blockchain,managed-blockchain.png,service
managedblockchain.node,managedblockchain,ManagedBlockchain,ManagedBlockchain,blockchain,managed-blockchain.png,service
managedblockchain.proposal,managedblockchain,ManagedBlockchain,ManagedBlockchain,blockchain,managed-blockchain.png,service
managedblockchain.proposal_vote,managedblockchain,ManagedBlockchain,ManagedBlockchain,blockchain,managed-blockchain.png,service
mq.broker,mq,MQ,MQ,integration,mq.png,service
mq.configuration,mq,MQ,MQ,integration,mq.png,service
neptune.db_cluster,neptune,Neptune,Neptune,database,neptune.png,service
neptune.db_cluster_endpoint,neptune,Neptune,Neptune,database,neptune.png,service
neptune.db_cluster_parameter_group,neptune,Neptune,Neptune,database,neptune.png,service
neptune.db_cluster_snapshot,neptune,Neptune,Neptune,database,neptune.png,service
neptune.db_instance,neptune,Neptune,Neptune,database,neptune.png,service
neptune.db_parameter_group,neptune,Neptune,Neptune,database,neptune.png,service
neptune.db_subnet_group,neptune,Neptune,Neptune,database,neptune.png,service
neptune.event_subscription,neptune,Neptune,Neptune,database,neptune.png,service
neptune.global_cluster,neptune,Neptune,Neptune,database,neptune.png,service
network-firewall.firewall,network-firewall,NetworkFirewall,NetworkFirewall,network,network-firewall.png,service
network-firewall.firewall_policy,network-firewall,NetworkFirewall,NetworkFirewall,network,network-firewall.png,service
network-firewall.flow_operation,network-firewall,NetworkFirewall,NetworkFirewall,network,network-firewall.png,service
network-firewall.logging_configuration,network-firewall,NetworkFirewall,NetworkFirewall,network,network-firewall.png,service
network-firewall.proxy,network-firewall,NetworkFirewall,NetworkFirewall,network,network-firewall.png,service
network-firewall.proxy_configuration,network-firewall,NetworkFirewall,NetworkFirewall,network,network-firewall.png,service
network-firewall.proxy_rule,network-firewall,NetworkFirewall,NetworkFirewall,network,network-firewall.png,service
network-firewall.proxy_rule_group,network-firewall,NetworkFirewall,NetworkFirewall,network,network-firewall.png,service
network-firewall.resource_policy,network-firewall,NetworkFirewall,NetworkFirewall,network,network-firewall.png,service
network-firewall.rule_group,network-firewall,NetworkFirewall,NetworkFirewall,network,network-firewall.png,service
network-firewall.tls_inspection_configuration,network-firewall,NetworkFirewall,NetworkFirewall,network,network-firewall.png,service
network-firewall.vpc_endpoint_association,network-firewall,NetworkFirewall,NetworkFirewall,network,network-firewall.png,service
network-firewall.firewall,networkfirewall,NetworkFirewall,NetworkFirewall,network,network-firewall.png,service
network-firewall.firewall_policy,networkfirewall,NetworkFirewall,NetworkFirewall,network,network-firewall.png,service
network-firewall.proxy,networkfirewall,NetworkFirewall,NetworkFirewall,network,network-firewall.png,service
network-firewall.proxy_rule_group,networkfirewall,NetworkFirewall,NetworkFirewall,network,network-firewall.png,service
organizations.accounts_with_invalid_effective_policy,organizations,Organizations,Organizations,management,organizations.png,service
organizations.delegated_administrator,organizations,Organizations,Organizations,management,organizations.png,service
organizations.effective_policy,organizations,Organizations,Organizations,management,organizations.png,service
organizations.account,organizations,Organizations,Organizations,management,organizations.png,service
organizations.policy,organizations,Organizations,Organizations,management,organizations.png,service
organizations.organization,organizations,Organizations,Organizations,management,organizations.png,service
organizations.outbound_responsibility_transfer,organizations,Organizations,Organizations,management,organizations.png,service
organizations.policies_for_target,organizations,Organizations,Organizations,management,organizations.png,service
organizations.policy,organizations,Organizations,Organizations,management,organizations.png,service
organizations.resource_policy,organizations,Organizations,Organizations,management,organizations.png,service
organizations.responsibility_transfer,organizations,Organizations,Organizations,management,organizations.png,service
organizations.root,organizations,Organizations,Organizations,management,organizations.png,service
organizations.targets_for_policy,organizations,Organizations,Organizations,management,organizations.png,service
outposts.asset,outposts,Outposts,Outposts,compute,outposts.png,service
outposts.capacity_task,outposts,Outposts,Outposts,compute,outposts.png,service
outposts.connection,outposts,Outposts,Outposts,compute,outposts.png,service
outposts.order,outposts,Outposts,Outposts,compute,outposts.png,service
outposts.outpost,outposts,Outposts,Outposts,compute,outposts.png,service
outposts.outpost_instance_type,outposts,Outposts,Outposts,compute,outposts.png,service
outposts.site,outposts,Outposts,Outposts,compute,outposts.png,service
outposts.site_address,outposts,Outposts,Outposts,compute,outposts.png,service
personalize.algorithm,personalize,Personalize,Personalize,ml,personalize.png,service
personalize.batch_inference_job,personalize,Personalize,Personalize,ml,personalize.png,service
personalize.batch_segment_job,personalize,Personalize,Personalize,ml,personalize.png,service
personalize.campaign,personalize,Personalize,Personalize,ml,personalize.png,service
personalize.data_deletion_job,personalize,Personalize,Personalize,ml,personalize.png,service
personalize.dataset,personalize,Personalize,Personalize,ml,personalize.png,service
personalize.dataset_export_job,personalize,Personalize,Personalize,ml,personalize.png,service
personalize.dataset_group,personalize,Personalize,Personalize,ml,personalize.png,service
personalize.dataset_import_job,personalize,Personalize,Personalize,ml,personalize.png,service
personalize.event_tracker,personalize,Personalize,Personalize,ml,personalize.png,service
personalize.feature_transformation,personalize,Personalize,Personalize,ml,personalize.png,service
personalize.filter,personalize,Personalize,Personalize,ml,personalize.png,service
personalize.metric_attribution,personalize,Personalize,Personalize,ml,personalize.png,service
personalize.recipe,personalize,Personalize,Personalize,ml,personalize.png,service
personalize.recommender,personalize,Personalize,Personalize,ml,personalize.png,service
personalize.schema,personalize,Personalize,Personalize,ml,personalize.png,service
personalize.solution,personalize,Personalize,Personalize,ml,personalize.png,service
personalize.solution_version,personalize,Personalize,Personalize,ml,personalize.png,service
pinpoint.adm_channel,pinpoint,Pinpoint,Pinpoint,engagement,pinpoint.png,service
pinpoint.apns_channel,pinpoint,Pinpoint,Pinpoint,engagement,pinpoint.png,service
pinpoint.apns_sandbox_channel,pinpoint,Pinpoint,Pinpoint,engagement,pinpoint.png,service
pinpoint.apns_voip_channel,pinpoint,Pinpoint,Pinpoint,engagement,pinpoint.png,service
pinpoint.apns_voip_sandbox_channel,pinpoint,Pinpoint,Pinpoint,engagement,pinpoint.png,service
pinpoint.app,pinpoint,Pinpoint,Pinpoint,engagement,pinpoint.png,service
pinpoint.application_date_range_kpi,pinpoint,Pinpoint,Pinpoint,engagement,pinpoint.png,service
pinpoint.application_settings,pinpoint,Pinpoint,Pinpoint,engagement,pinpoint.png,service
pinpoint.baidu_channel,pinpoint,Pinpoint,Pinpoint,engagement,pinpoint.png,service
pinpoint.campaign,pinpoint,Pinpoint,Pinpoint,engagement,pinpoint.png,service
pinpoint.campaign_activity,pinpoint,Pinpoint,Pinpoint,engagement,pinpoint.png,service
pinpoint.campaign_date_range_kpi,pinpoint,Pinpoint,Pinpoint,engagement,pinpoint.png,service
pinpoint.campaign_version,pinpoint,Pinpoint,Pinpoint,engagement,pinpoint.png,service
pinpoint.channel,pinpoint,Pinpoint,Pinpoint,engagement,pinpoint.png,service
pinpoint.email_channel,pinpoint,Pinpoint,Pinpoint,engagement,pinpoint.png,service
pinpoint.email_template,pinpoint,Pinpoint,Pinpoint,engagement,pinpoint.png,service
pinpoint.endpoint,pinpoint,Pinpoint,Pinpoint,engagement,pinpoint.png,service
pinpoint.event_stream,pinpoint,Pinpoint,Pinpoint,engagement,pinpoint.png,service
pinpoint.export_job,pinpoint,Pinpoint,Pinpoint,engagement,pinpoint.png,service
pinpoint.gcm_channel,pinpoint,Pinpoint,Pinpoint,engagement,pinpoint.png,service
pinpoint.import_job,pinpoint,Pinpoint,Pinpoint,engagement,pinpoint.png,service
pinpoint.in_app_message,pinpoint,Pinpoint,Pinpoint,engagement,pinpoint.png,service
pinpoint.in_app_template,pinpoint,Pinpoint,Pinpoint,engagement,pinpoint.png,service
pinpoint.journey,pinpoint,Pinpoint,Pinpoint,engagement,pinpoint.png,service
pinpoint.journey_date_range_kpi,pinpoint,Pinpoint,Pinpoint,engagement,pinpoint.png,service
pinpoint.journey_execution_activity_metric,pinpoint,Pinpoint,Pinpoint,engagement,pinpoint.png,service
pinpoint.journey_execution_metric,pinpoint,Pinpoint,Pinpoint,engagement,pinpoint.png,service
pinpoint.journey_run,pinpoint,Pinpoint,Pinpoint,engagement,pinpoint.png,service
pinpoint.journey_run_execution_activity_metric,pinpoint,Pinpoint,Pinpoint,engagement,pinpoint.png,service
pinpoint.journey_run_execution_metric,pinpoint,Pinpoint,Pinpoint,engagement,pinpoint.png,service
pinpoint.push_template,pinpoint,Pinpoint,Pinpoint,engagement,pinpoint.png,service
pinpoint.recommender_configuration,pinpoint,Pinpoint,Pinpoint,engagement,pinpoint.png,service
pinpoint.segment,pinpoint,Pinpoint,Pinpoint,engagement,pinpoint.png,service
pinpoint.segment_export_job,pinpoint,Pinpoint,Pinpoint,engagement,pinpoint.png,service
pinpoint.segment_import_job,pinpoint,Pinpoint,Pinpoint,engagement,pinpoint.png,service
pinpoint.segment_version,pinpoint,Pinpoint,Pinpoint,engagement,pinpoint.png,service
pinpoint.sms_channel,pinpoint,Pinpoint,Pinpoint,engagement,pinpoint.png,service
pinpoint.sms_template,pinpoint,Pinpoint,Pinpoint,engagement,pinpoint.png,service
pinpoint.template,pinpoint,Pinpoint,Pinpoint,engagement,pinpoint.png,service
pinpoint.template_version,pinpoint,Pinpoint,Pinpoint,engagement,pinpoint.png,service
pinpoint.user_endpoint,pinpoint,Pinpoint,Pinpoint,engagement,pinpoint.png,service
pinpoint.voice_channel,pinpoint,Pinpoint,Pinpoint,engagement,pinpoint.png,service
pinpoint.voice_template,pinpoint,Pinpoint,Pinpoint,engagement,pinpoint.png,service
polly.lexicon,polly,Polly,Polly,ml,polly.png,service
polly.voice,polly,Polly,Polly,ml,polly.png,service
proton.component,proton,Proton,Proton,management,proton.png,service
proton.component_output,proton,Proton,Proton,management,proton.png,service
proton.component_provisioned_resource,proton,Proton,Proton,management,proton.png,service
proton.deployment,proton,Proton,Proton,management,proton.png,service
proton.environment,proton,Proton,Proton,management,proton.png,service
proton.environment_account_connection,proton,Proton,Proton,management,proton.png,service
proton.environment_output,proton,Proton,Proton,management,proton.png,service
proton.environment_provisioned_resource,proton,Proton,Proton,management,proton.png,service
proton.environment_template,proton,Proton,Proton,management,proton.png,service
proton.environment_template_version,proton,Proton,Proton,management,proton.png,service
proton.repository,proton,Proton,Proton,management,proton.png,service
proton.repository_sync_definition,proton,Proton,Proton,management,proton.png,service
proton.repository_sync_status,proton,Proton,Proton,management,proton.png,service
proton.service,proton,Proton,Proton,management,proton.png,service
proton.service_instance,proton,Proton,Proton,management,proton.png,service
proton.service_instance_output,proton,Proton,Proton,management,proton.png,service
proton.service_instance_provisioned_resource,proton,Proton,Proton,management,proton.png,service
proton.service_instance_sync_status,proton,Proton,Proton,management,proton.png,service
proton.service_pipeline_output,proton,Proton,Proton,management,proton.png,service
proton.service_pipeline_provisioned_resource,proton,Proton,Proton,management,proton.png,service
proton.service_sync_config,proton,Proton,Proton,management,proton.png,service
proton.service_template,proton,Proton,Proton,management,proton.png,service
proton.service_template_version,proton,Proton,Proton,management,proton.png,service
proton.template_sync_config,proton,Proton,Proton,management,proton.png,service
proton.template_sync_status,proton,Proton,Proton,management,proton.png,service
qldb.ListResource,qldb,QLDB,QLDB,blockchain,quantum-ledger-database-qldb.png,service
qldb.ledger,qldb,QLDB,QLDB,blockchain,quantum-ledger-database-qldb.png,service
quicksight.dashboard,quicksight,Quicksight,Quicksight,analytics,quicksight.png,service
quicksight.data_set,quicksight,Quicksight,Quicksight,analytics,quicksight.png,service
quicksight.quicksight_group,quicksight,Quicksight,Quicksight,analytics,quicksight.png,service
quicksight.quicksight_user,quicksight,Quicksight,Quicksight,analytics,quicksight.png,service
ram.pending_invitation_resource,ram,RAM,RAM,security,resource-access-manager.png,service
ram.principal,ram,RAM,RAM,security,resource-access-manager.png,service
ram.replace_permission_associations_work,ram,RAM,RAM,security,resource-access-manager.png,service
ram.resource,ram,RAM,RAM,security,resource-access-manager.png,service
ram.resource_policy,ram,RAM,RAM,security,resource-access-manager.png,service
ram.resource_share,ram,RAM,RAM,security,resource-access-manager.png,service
ram.resource_share_association,ram,RAM,RAM,security,resource-access-manager.png,service
ram.resource_share_invitation,ram,RAM,RAM,security,resource-access-manager.png,service
rds.blue_green_deployment,rds,RDS,RDS,database,rds.png,service
rds.certificate,rds,RDS,RDS,database,rds.png,service
rds.db_cluster_endpoint,rds,RDS,RDS,database,rds.png,service
rds.db_cluster_parameter,rds,RDS,RDS,database,rds.png,service
rds.db_cluster_parameter_group,rds,RDS,RDS,database,rds.png,service
rds.db_engine_version,rds,RDS,RDS,database,rds.png,service
rds.db_parameter_group,rds,RDS,RDS,database,rds.png,service
rds.db_proxy,rds,RDS,RDS,database,rds.png,service
rds.db_proxy_endpoint,rds,RDS,RDS,database,rds.png,service
rds.db_security_group,rds,RDS,RDS,database,rds.png,service
rds.db_shard_group,rds,RDS,RDS,database,rds.png,service
rds.db_snapshot_tenant_databas,rds,RDS,RDS,database,rds.png,service
rds.db_subnet_group,rds,RDS,RDS,database,rds.png,service
rds.event_subscription,rds,RDS,RDS,database,rds.png,service
rds.export_task,rds,RDS,RDS,database,rds.png,service
rds.global_cluster,rds,RDS,RDS,database,rds.png,service
rds.integration,rds,RDS,RDS,database,rds.png,service
rds.option_group,rds,RDS,RDS,database,rds.png,service
rds.rds_cluster_snapshot,rds,RDS,RDS,database,rds.png,service
rds.rds_reserved,rds,RDS,RDS,database,rds.png,service
rds.rds_snapshot,rds,RDS,RDS,database,rds.png,service
redshift.cluster,redshift,Redshift,Redshift,analytics,redshift.png,service
redshift.cluster_parameter_group,redshift,Redshift,Redshift,analytics,redshift.png,service
redshift.cluster_security_group,redshift,Redshift,Redshift,analytics,redshift.png,service
redshift.cluster_subnet_group,redshift,Redshift,Redshift,analytics,redshift.png,service
redshift.endpoint_access,redshift,Redshift,Redshift,analytics,redshift.png,service
redshift.endpoint_authorization,redshift,Redshift,Redshift,analytics,redshift.png,service
redshift.event_subscription,redshift,Redshift,Redshift,analytics,redshift.png,service
redshift.hsm_client_certificate,redshift,Redshift,Redshift,analytics,redshift.png,service
redshift.hsm_configuration,redshift,Redshift,Redshift,analytics,redshift.png,service
redshift.integration,redshift,Redshift,Redshift,analytics,redshift.png,service
redshift.logging_status,redshift,Redshift,Redshift,analytics,redshift.png,service
redshift.redshift_idc_application,redshift,Redshift,Redshift,analytics,redshift.png,service
redshift.redshift_snapshot,redshift,Redshift,Redshift,analytics,redshift.png,service
redshift.scheduled_action,redshift,Redshift,Redshift,analytics,redshift.png,service
rekognition.celebrity_info,rekognition,Rekognition,Rekognition,ml,rekognition.png,service
rekognition.collection,rekognition,Rekognition,Rekognition,ml,rekognition.png,service
rekognition.dataset,rekognition,Rekognition,Rekognition,ml,rekognition.png,service
rekognition.dataset_label,rekognition,Rekognition,Rekognition,ml,rekognition.png,service
rekognition.face,rekognition,Rekognition,Rekognition,ml,rekognition.png,service
rekognition.project,rekognition,Rekognition,Rekognition,ml,rekognition.png,service
rekognition.search_face,rekognition,Rekognition,Rekognition,ml,rekognition.png,service
rekognition.search_faces_by_image,rekognition,Rekognition,Rekognition,ml,rekognition.png,service
rekognition.search_user,rekognition,Rekognition,Rekognition,ml,rekognition.png,service
rekognition.search_users_by_image,rekognition,Rekognition,Rekognition,ml,rekognition.png,service
rekognition.stream_processor,rekognition,Rekognition,Rekognition,ml,rekognition.png,service
rekognition.user,rekognition,Rekognition,Rekognition,ml,rekognition.png,service
robomaker.fleet,robomaker,Robomaker,Robomaker,robotics,robomaker.png,service
robomaker.robot,robomaker,Robomaker,Robomaker,robotics,robomaker.png,service
robomaker.robot_application,robomaker,Robomaker,Robomaker,robotics,robomaker.png,service
robomaker.simulation_application,robomaker,Robomaker,Robomaker,robotics,robomaker.png,service
route53.cidr_collection,route53,Route53,Route53,network,route-53.png,service
route53.health_check,route53,Route53,Route53,network,route-53.png,service
route53.query_logging_config,route53,Route53,Route53,network,route-53.png,service
route53.traffic_policy_instance,route53,Route53,Route53,network,route-53.png,service
s3.access_point,s3,S3,S3,storage,simple-storage-service-s3.png,service
s3.bucket_acl,s3,S3,S3,storage,simple-storage-service-s3.png,service
s3.bucket_encryption,s3,S3,S3,storage,simple-storage-service-s3.png,service
s3.bucket_intelligent_tiering_configuration,s3,S3,S3,storage,simple-storage-service-s3.png,service
s3.bucket_lifecycle_configuration,s3,S3,S3,storage,simple-storage-service-s3.png,service
s3.bucket_logging,s3,S3,S3,storage,simple-storage-service-s3.png,service
s3.bucket_metrics_configuration,s3,S3,S3,storage,simple-storage-service-s3.png,service
s3.bucket_ownership_control,s3,S3,S3,storage,simple-storage-service-s3.png,service
s3.bucket_policy,s3,S3,S3,storage,simple-storage-service-s3.png,service
s3.bucket_policy_status,s3,S3,S3,storage,simple-storage-service-s3.png,service
s3.bucket_replication,s3,S3,S3,storage,simple-storage-service-s3.png,service
s3.bucket_versioning,s3,S3,S3,storage,simple-storage-service-s3.png,service
s3.directory_bucket,s3,S3,S3,storage,simple-storage-service-s3.png,service
s3.multi_region_access_point,s3,S3,S3,storage,simple-storage-service-s3.png,service
s3.object_lock_configuration,s3,S3,S3,storage,simple-storage-service-s3.png,service
s3.public_access_block,s3,S3,S3,storage,simple-storage-service-s3.png,service
s3.storage_lens,s3,S3,S3,storage,simple-storage-service-s3.png,service
sagemaker.action,sagemaker,Sagemaker,Sagemaker,ml,sagemaker.png,service
sagemaker.algorithm,sagemaker,Sagemaker,Sagemaker,ml,sagemaker.png,service
sagemaker.app,sagemaker,Sagemaker,Sagemaker,ml,sagemaker.png,service
sagemaker.app_image_config,sagemaker,Sagemaker,Sagemaker,ml,sagemaker.png,service
sagemaker.cluster,sagemaker,Sagemaker,Sagemaker,ml,sagemaker.png,service
sagemaker.code_repository,sagemaker,Sagemaker,Sagemaker,ml,sagemaker.png,service
sagemaker.context,sagemaker,Sagemaker,Sagemaker,ml,sagemaker.png,service
sagemaker.data_quality_job_definition,sagemaker,Sagemaker,Sagemaker,ml,sagemaker.png,service
sagemaker.device,sagemaker,Sagemaker,Sagemaker,ml,sagemaker.png,service
sagemaker.device_fleet,sagemaker,Sagemaker,Sagemaker,ml,sagemaker.png,service
sagemaker.domain,sagemaker,Sagemaker,Sagemaker,ml,sagemaker.png,service
sagemaker.endpoint,sagemaker,Sagemaker,Sagemaker,ml,sagemaker.png,service
sagemaker.endpoint_config,sagemaker,Sagemaker,Sagemaker,ml,sagemaker.png,service
sagemaker.experiment,sagemaker,Sagemaker,Sagemaker,ml,sagemaker.png,service
sagemaker.feature_group,sagemaker,Sagemaker,Sagemaker,ml,sagemaker.png,service
sagemaker.hub,sagemaker,Sagemaker,Sagemaker,ml,sagemaker.png,service
sagemaker.image,sagemaker,Sagemaker,Sagemaker,ml,sagemaker.png,service
sagemaker.inference_component,sagemaker,Sagemaker,Sagemaker,ml,sagemaker.png,service
sagemaker.inference_experiment,sagemaker,Sagemaker,Sagemaker,ml,sagemaker.png,service
sagemaker.model_bias_job_definition,sagemaker,Sagemaker,Sagemaker,ml,sagemaker.png,service
sagemaker.model_card,sagemaker,Sagemaker,Sagemaker,ml,sagemaker.png,service
sagemaker.model_explainability_job_definition,sagemaker,Sagemaker,Sagemaker,ml,sagemaker.png,service
sagemaker.model_package,sagemaker,Sagemaker,Sagemaker,ml,sagemaker.png,service
sagemaker.model_package_group,sagemaker,Sagemaker,Sagemaker,ml,sagemaker.png,service
sagemaker.model_quality_job_definition,sagemaker,Sagemaker,Sagemaker,ml,sagemaker.png,service
sagemaker.monitoring_schedule,sagemaker,Sagemaker,Sagemaker,ml,sagemaker.png,service
sagemaker.notebook_instance,sagemaker,Sagemaker,Sagemaker,ml,sagemaker.png,service
sagemaker.notebook_instance_lifecycle_config,sagemaker,Sagemaker,Sagemaker,ml,sagemaker.png,service
sagemaker.pipeline,sagemaker,Sagemaker,Sagemaker,ml,sagemaker.png,service
sagemaker.processing_job,sagemaker,Sagemaker,Sagemaker,ml,sagemaker.png,service
sagemaker.project,sagemaker,Sagemaker,Sagemaker,ml,sagemaker.png,service
sagemaker.sagemaker_job,sagemaker,Sagemaker,Sagemaker,ml,sagemaker.png,service
sagemaker.space,sagemaker,Sagemaker,Sagemaker,ml,sagemaker.png,service
sagemaker.studio_lifecycle_config,sagemaker,Sagemaker,Sagemaker,ml,sagemaker.png,service
sagemaker.trial_component,sagemaker,Sagemaker,Sagemaker,ml,sagemaker.png,service
sagemaker.user_profile,sagemaker,Sagemaker,Sagemaker,ml,sagemaker.png,service
sagemaker.workforce,sagemaker,Sagemaker,Sagemaker,ml,sagemaker.png,service
sagemaker.workteam,sagemaker,Sagemaker,Sagemaker,ml,sagemaker.png,service
savingsplans.savings_plan,savingsplans,SavingsPlans,SavingsPlans,cost,savings-plans.png,service
securityhub.action_target,securityhub,SecurityHub,SecurityHub,security,security-hub.png,service
securityhub.automation_rule,securityhub,SecurityHub,SecurityHub,security,security-hub.png,service
securityhub.configuration_policy,securityhub,SecurityHub,SecurityHub,security,security-hub.png,service
securityhub.connector,securityhub,SecurityHub,SecurityHub,security,security-hub.png,service
securityhub.finding_aggregator,securityhub,SecurityHub,SecurityHub,security,security-hub.png,service
securityhub.hub,securityhub,SecurityHub,SecurityHub,security,security-hub.png,service
securityhub.master_account,securityhub,SecurityHub,SecurityHub,security,security-hub.png,service
securityhub.organization_configuration,securityhub,SecurityHub,SecurityHub,security,security-hub.png,service
securityhub.securityhub_finding,securityhub,SecurityHub,SecurityHub,security,security-hub.png,service
securityhub.standard,securityhub,SecurityHub,SecurityHub,security,security-hub.png,service
securitylake.data_lake,securitylake,SecurityLake,SecurityLake,security,security-lake.png,service
securitylake.data_lake_exception_subscription,securitylake,SecurityLake,SecurityLake,security,security-lake.png,service
securitylake.subscriber,securitylake,SecurityLake,SecurityLake,security,security-lake.png,service
servicecatalog.accepted_portfolio_share,servicecatalog,ServiceCatalog,ServiceCatalog,management,service-catalog.png,service
servicecatalog.portfolio,servicecatalog,ServiceCatalog,ServiceCatalog,management,service-catalog.png,service
servicecatalog.service_action,servicecatalog,ServiceCatalog,ServiceCatalog,management,service-catalog.png,service
servicecatalog.tag_option,servicecatalog,ServiceCatalog,ServiceCatalog,management,service-catalog.png,service
ses.active_receipt_rule_set,ses,SES,SES,engagement,simple-email-service-ses.png,service
ses.configuration_set,ses,SES,SES,engagement,simple-email-service-ses.png,service
ses.custom_verification_email_template,ses,SES,SES,engagement,simple-email-service-ses.png,service
ses.email_identity,ses,SES,SES,engagement,simple-email-service-ses.png,service
ses.identity_policy,ses,SES,SES,engagement,simple-email-service-ses.png,service
ses.receipt_filter,ses,SES,SES,engagement,simple-email-service-ses.png,service
ses.receipt_rule_set,ses,SES,SES,engagement,simple-email-service-ses.png,service
ses.configuration_set,ses,SES,SES,engagement,simple-email-service-ses.png,service
ses.template,ses,SES,SES,engagement,simple-email-service-ses.png,service
shield.drt_access,shield,Shield,Shield,security,shield.png,service
shield.protection,shield,Shield,Shield,security,shield.png,service
shield.protection_group,shield,Shield,Shield,security,shield.png,service
shield.protection,shield,Shield,Shield,security,shield.png,service
shield.subscription,shield,Shield,Shield,security,shield.png,service
snowball.address,snowball,Snowball,Snowball,migration,snowball.png,service
snowball.cluster,snowball,Snowball,Snowball,migration,snowball.png,service
snowball.cluster_job,snowball,Snowball,Snowball,migration,snowball.png,service
snowball.compatible_image,snowball,Snowball,Snowball,migration,snowball.png,service
snowball.job,snowball,Snowball,Snowball,migration,snowball.png,service
snowball.job_manifest,snowball,Snowball,Snowball,migration,snowball.png,service
snowball.job_unlock_code,snowball,Snowball,Snowball,migration,snowball.png,service
snowball.long_term_pricing,snowball,Snowball,Snowball,migration,snowball.png,service
snowball.pickup_location,snowball,Snowball,Snowball,migration,snowball.png,service
snowball.return_shipping_label,snowball,Snowball,Snowball,migration,snowball.png,service
snowball.service_version,snowball,Snowball,Snowball,migration,snowball.png,service
snowball.snowball,snowball,Snowball,Snowball,migration,snowball.png,service
snowball.snowball_cluster,snowball,Snowball,Snowball,migration,snowball.png,service
snowball.software_update,snowball,Snowball,Snowball,migration,snowball.png,service
sns.platform_application,sns,SNS,SNS,integration,simple-notification-service-sns.png,service
sns.subscription,sns,SNS,SNS,integration,simple-notification-service-sns.png,service
ssm.association,ssm,SSM,SSM,management,systems-manager.png,service
ssm.automation_execution,ssm,SSM,SSM,management,systems-manager.png,service
ssm.document,ssm,SSM,SSM,management,systems-manager.png,service
ssm.document_version,ssm,SSM,SSM,management,systems-manager.png,service
ssm.maintenance_window,ssm,SSM,SSM,management,systems-manager.png,service
ssm.maintenance_window_schedule,ssm,SSM,SSM,management,systems-manager.png,service
ssm.node,ssm,SSM,SSM,management,systems-manager.png,service
ssm.ops_item,ssm,SSM,SSM,management,systems-manager.png,service
ssm.parameter,ssm,SSM,SSM,management,systems-manager.png,service
ssm.patch_baseline,ssm,SSM,SSM,management,systems-manager.png,service
ssm.resource_data_sync,ssm,SSM,SSM,management,systems-manager.png,service
ssm.ssm_managed_instance,ssm,SSM,SSM,management,systems-manager.png,service
ssm.ssm_patch_group,ssm,SSM,SSM,management,systems-manager.png,service
stepfunctions.activity,stepfunctions,StepFunctions,StepFunctions,integration,step-functions.png,service
stepfunctions.activity_task,stepfunctions,StepFunctions,StepFunctions,integration,step-functions.png,service
stepfunctions.execution,stepfunctions,StepFunctions,StepFunctions,integration,step-functions.png,service
stepfunctions.map_run,stepfunctions,StepFunctions,StepFunctions,integration,step-functions.png,service
stepfunctions.state_machine,stepfunctions,StepFunctions,StepFunctions,integration,step-functions.png,service
stepfunctions.state_machine_alias,stepfunctions,StepFunctions,StepFunctions,integration,step-functions.png,service
stepfunctions.state_machine_for_execution,stepfunctions,StepFunctions,StepFunctions,integration,step-functions.png,service
stepfunctions.state_machine_version,stepfunctions,StepFunctions,StepFunctions,integration,step-functions.png,service
storagegateway.file_system_association,storagegateway,StorageGateway,StorageGateway,storage,storage-gateway.png,service
storagegateway.nfs_file_share,storagegateway,StorageGateway,StorageGateway,storage,storage-gateway.png,service
storagegateway.storage_gateway,storagegateway,StorageGateway,StorageGateway,storage,storage-gateway.png,service
storagegateway.tape_pool,storagegateway,StorageGateway,StorageGateway,storage,storage-gateway.png,service
storagegateway.volume,storagegateway,StorageGateway,StorageGateway,storage,storage-gateway.png,service
storagegateway.volume_recovery_point,storagegateway,StorageGateway,StorageGateway,storage,storage-gateway.png,service
support.advisor_check,support,Support,Support,enablement,support.png,service
support.attachment,support,Support,Support,enablement,support.png,service
support.communication,support,Support,Support,enablement,support.png,service
support.create_case_option,support,Support,Support,enablement,support.png,service
support.service,support,Support,Support,enablement,support.png,service
support.severity_level,support,Support,Support,enablement,support.png,service
support.support_case,support,Support,Support,enablement,support.png,service
support.supported_language,support,Support,Support,enablement,support.png,service
support.trusted_advisor_check_refresh_status,support,Support,Support,enablement,support.png,service
textract.adapter,textract,Textract,Textract,ml,textract.png,service
textract.document_analysis,textract,Textract,Textract,ml,textract.png,service
textract.document_text_detection,textract,Textract,Textract,ml,textract.png,service
textract.expense_analysis,textract,Textract,Textract,ml,textract.png,service
textract.lending_analysis,textract,Textract,Textract,ml,textract.png,service
timestream.scheduled_query,timestream,Timestream,Timestream,database,timestream.png,service
transcribe.call_analytics_job,transcribe,Transcribe,Transcribe,ml,transcribe.png,service
transcribe.medical_scribe_job,transcribe,Transcribe,Transcribe,ml,transcribe.png,service
transcribe.medical_transcription_job,transcribe,Transcribe,Transcribe,ml,transcribe.png,service
transcribe.transcription_job,transcribe,Transcribe,Transcribe,ml,transcribe.png,service
transcribe.vocabulary,transcribe,Transcribe,Transcribe,ml,transcribe.png,service
transcribe.vocabulary_filter,transcribe,Transcribe,Transcribe,ml,transcribe.png,service
translate.language,translate,Translate,Translate,ml,translate.png,service
translate.parallel_data,translate,Translate,Translate,ml,translate.png,service
translate.terminology,translate,Translate,Translate,ml,translate.png,service
trustedadvisor.check,trustedadvisor,TrustedAdvisor,TrustedAdvisor,management,trusted-advisor.png,service
trustedadvisor.organization_recommendation_account,trustedadvisor,TrustedAdvisor,TrustedAdvisor,management,trusted-advisor.png,service
trustedadvisor.organization_recommendation_resource,trustedadvisor,TrustedAdvisor,TrustedAdvisor,management,trusted-advisor.png,service
trustedadvisor.recommendation_resource,trustedadvisor,TrustedAdvisor,TrustedAdvisor,management,trusted-advisor.png,service
vpc.carrier_gateway,vpc,VPC,VPC,network,vpc.png,service
vpc.egress_only_internet_gateway,vpc,VPC,VPC,network,vpc.png,service
vpc.internet_gateway,vpc,VPC,VPC,network,vpc.png,service
vpc.nat_gateway,vpc,VPC,VPC,network,vpc.png,service
vpc.network_acl,vpc,VPC,VPC,network,vpc.png,service
vpc.route_table,vpc,VPC,VPC,network,vpc.png,service
vpc.security_group,vpc,VPC,VPC,network,vpc.png,service
vpc.subnet,vpc,VPC,VPC,network,vpc.png,service
vpc.vpc,vpc,VPC,VPC,network,vpc.png,service
vpc.vpc_endpoint,vpc,VPC,VPC,network,vpc.png,service
vpc.vpc_peering_connection,vpc,VPC,VPC,network,vpc.png,service
vpc.vpn_gateway,vpc,VPC,VPC,network,vpc.png,service
vpcflowlogs.flow_log,vpcflowlogs,VPCFlowLogs,VPCFlowLogs,network,vpc-flow-logs.png,service
waf.byte_match_set,waf,WAF,WAF,security,waf.png,service
waf.ip_set,waf,WAF,WAF,security,waf.png,service
waf.logging_configuration,waf,WAF,WAF,security,waf.png,service
waf.regex_pattern_set,waf,WAF,WAF,security,waf.png,service
waf.rule,waf,WAF,WAF,security,waf.png,service
waf.rule_group,waf,WAF,WAF,security,waf.png,service
waf.size_constraint_set,waf,WAF,WAF,security,waf.png,service
waf.sql_injection_match_set,waf,WAF,WAF,security,waf.png,service
waf.web_acl,waf,WAF,WAF,security,waf.png,service
waf.xss_match_set,waf,WAF,WAF,security,waf.png,service
workdocs.comment,workdocs,Workdocs,Workdocs,enduser,workdocs.png,service
workdocs.current_user,workdocs,Workdocs,Workdocs,enduser,workdocs.png,service
workdocs.document,workdocs,Workdocs,Workdocs,enduser,workdocs.png,service
workdocs.document_path,workdocs,Workdocs,Workdocs,enduser,workdocs.png,service
workdocs.document_version,workdocs,Workdocs,Workdocs,enduser,workdocs.png,service
workdocs.folder,workdocs,Workdocs,Workdocs,enduser,workdocs.png,service
workdocs.folder_content,workdocs,Workdocs,Workdocs,enduser,workdocs.png,service
workdocs.folder_path,workdocs,Workdocs,Workdocs,enduser,workdocs.png,service
workdocs.group,workdocs,Workdocs,Workdocs,enduser,workdocs.png,service
workdocs.notification_subscription,workdocs,Workdocs,Workdocs,enduser,workdocs.png,service
workdocs.resource,workdocs,Workdocs,Workdocs,enduser,workdocs.png,service
workdocs.root_folder,workdocs,Workdocs,Workdocs,enduser,workdocs.png,service
workdocs.user,workdocs,Workdocs,Workdocs,enduser,workdocs.png,service
workmail.access_control_effect,workmail,Workmail,Workmail,business,workmail.png,service
workmail.access_control_rule,workmail,Workmail,Workmail,business,workmail.png,service
workmail.availability_configuration,workmail,Workmail,Workmail,business,workmail.png,service
workmail.default_retention_policy,workmail,Workmail,Workmail,business,workmail.png,service
workmail.email_monitoring_configuration,workmail,Workmail,Workmail,business,workmail.png,service
workmail.entity,workmail,Workmail,Workmail,business,workmail.png,service
workmail.group,workmail,Workmail,Workmail,business,workmail.png,service
workmail.group_member,workmail,Workmail,Workmail,business,workmail.png,service
workmail.groups_for_entity,workmail,Workmail,Workmail,business,workmail.png,service
workmail.impersonation_role,workmail,Workmail,Workmail,business,workmail.png,service
workmail.impersonation_role_effect,workmail,Workmail,Workmail,business,workmail.png,service
workmail.inbound_dmarc_setting,workmail,Workmail,Workmail,business,workmail.png,service
workmail.mail_domain,workmail,Workmail,Workmail,business,workmail.png,service
workmail.mailbox_detail,workmail,Workmail,Workmail,business,workmail.png,service
workmail.mailbox_export_job,workmail,Workmail,Workmail,business,workmail.png,service
workmail.mobile_device_access_effect,workmail,Workmail,Workmail,business,workmail.png,service
workmail.mobile_device_access_override,workmail,Workmail,Workmail,business,workmail.png,service
workmail.mobile_device_access_rule,workmail,Workmail,Workmail,business,workmail.png,service
workmail.organization,workmail,Workmail,Workmail,business,workmail.png,service
workmail.personal_access_token,workmail,Workmail,Workmail,business,workmail.png,service
workmail.resource,workmail,Workmail,Workmail,business,workmail.png,service
workmail.resource_delegate,workmail,Workmail,Workmail,business,workmail.png,service
workmail.user,workmail,Workmail,Workmail,business,workmail.png,service
workspaces.workspace,workspaces,Workspaces,Workspaces,enduser,workspaces.png,service
workspaces.workspaces_directory,workspaces,Workspaces,Workspaces,enduser,workspaces.png,service
workspaces.workspaces_pool,workspaces,Workspaces,Workspaces,enduser,workspaces.png,service
xray.encryption_config,xray,XRay,XRay,devtools,x-ray.png,service
xray.group,xray,XRay,XRay,devtools,x-ray.png,service
xray.resource_policy,xray,XRay,XRay,devtools,x-ray.png,service
xray.sampling_rule,xray,XRay,XRay,devtools,x-ray.png,service
cloudformation.stack,cloudformation,CloudformationStack,CloudformationStack,management,cloudformation-stack.png,service+resource
cloudfront.streaming_distribution,cloudfront,CloudFrontStreamingDistribution,CloudFrontStreamingDistribution,network,cloudfront-streaming-distribution.png,service+resource
cloudwatch.alarm,cloudwatch,CloudwatchAlarm,CloudwatchAlarm,management,cloudwatch-alarm.png,service+resource
datasync.agent,datasync,DatasyncAgent,DatasyncAgent,migration,datasync-agent.png,service+resource
ec2.ami,ec2,EC2Ami,EC2Ami,compute,ec2-ami.png,service+resource
ec2.instance,ec2,EC2Instance,EC2Instance,compute,ec2-instance.png,service+resource
elasticbeanstalk.application,elasticbeanstalk,ElasticBeanstalkApplication,ElasticBeanstalkApplication,compute,elastic-beanstalk-application.png,service+resource
emr.cluster,emr,EMRCluster,EMRCluster,analytics,emr-cluster.png,service+resource
iot.certificate,iot,IotCertificate,IotCertificate,iot,iot-certificate.png,service+resource
iot.policy,iot,IotPolicy,IotPolicy,iot,iot-policy.png,service+resource
iotanalytics.channel,iotanalytics,IotAnalyticsChannel,IotAnalyticsChannel,iot,iot-analytics-channel.png,service+resource
iotanalytics.dataset,iotanalytics,IotAnalyticsDataSet,IotAnalyticsDataSet,iot,iot-analytics-data-set.png,service+resource
iotanalytics.datastore,iotanalytics,IotAnalyticsDataStore,IotAnalyticsDataStore,iot,iot-analytics-data-store.png,service+resource
iotanalytics.pipeline,iotanalytics,IotAnalyticsPipeline,IotAnalyticsPipeline,iot,iot-analytics-pipeline.png,service+resource
organizations.account,organizations,OrganizationsAccount,OrganizationsAccount,management,organizations-account.png,service+resource
sagemaker.model,sagemaker,SagemakerModel,SagemakerModel,ml,sagemaker-model.png,service+resource
sagemaker.training_job,sagemaker,SagemakerTrainingJob,SagemakerTrainingJob,ml,sagemaker-training-job.png,service+resource
vpc.customer_gateway,vpc,VPCCustomerGateway,VPCCustomerGateway,network,vpc-customer-gateway.png,service+resource
