key,service,layer_id,layer_name,kind,overlay_group,rule,notes
account.account,account,G0,global,spatial,identity,global-service,account has no region
account.alternate_contact,account,G0,global,spatial,identity,global-service,account has no region
account.contact_information,account,G0,global,spatial,identity,global-service,account has no region
artifact.account_setting,artifact,G0,global,spatial,identity,global-service,artifact has no region
artifact.customer_agreement,artifact,G0,global,spatial,identity,global-service,artifact has no region
artifact.report,artifact,G0,global,spatial,identity,global-service,artifact has no region
artifact.report_metadata,artifact,G0,global,spatial,identity,global-service,artifact has no region
artifact.term_for_report,artifact,G0,global,spatial,identity,global-service,artifact has no region
billing.billing_view,billing,G0,global,spatial,identity,global-service,billing has no region
billing.resource_policy,billing,G0,global,spatial,identity,global-service,billing has no region
billing.tags_for_resource,billing,G0,global,spatial,identity,global-service,billing has no region
budgets.budget,budgets,G0,global,spatial,identity,global-service,budgets has no region
budgets.budget_action,budgets,G0,global,spatial,identity,global-service,budgets has no region
budgets.budgets_action,budgets,G0,global,spatial,identity,global-service,budgets has no region
budgets.notifications_for_budget,budgets,G0,global,spatial,identity,global-service,budgets has no region
ce.anomaly,ce,G0,global,spatial,identity,global-service,ce has no region
ce.anomaly_monitor,ce,G0,global,spatial,identity,global-service,ce has no region
ce.anomaly_subscription,ce,G0,global,spatial,identity,global-service,ce has no region
ce.approximate_usage_record,ce,G0,global,spatial,identity,global-service,ce has no region
ce.commitment_purchase_analys,ce,G0,global,spatial,identity,global-service,ce has no region
ce.commitment_purchase_analysis,ce,G0,global,spatial,identity,global-service,ce has no region
ce.cost_allocation_tag_backfill_history,ce,G0,global,spatial,identity,global-service,ce has no region
ce.cost_and_usage,ce,G0,global,spatial,identity,global-service,ce has no region
ce.cost_and_usage_comparison,ce,G0,global,spatial,identity,global-service,ce has no region
ce.cost_and_usage_with_resource,ce,G0,global,spatial,identity,global-service,ce has no region
ce.cost_category,ce,G0,global,spatial,identity,global-service,ce has no region
ce.cost_comparison_driver,ce,G0,global,spatial,identity,global-service,ce has no region
ce.cost_forecast,ce,G0,global,spatial,identity,global-service,ce has no region
ce.dimension_value,ce,G0,global,spatial,identity,global-service,ce has no region
ce.reservation_coverage,ce,G0,global,spatial,identity,global-service,ce has no region
ce.reservation_purchase_recommendation,ce,G0,global,spatial,identity,global-service,ce has no region
ce.reservation_utilization,ce,G0,global,spatial,identity,global-service,ce has no region
ce.rightsizing_recommendation,ce,G0,global,spatial,identity,global-service,ce has no region
ce.savings_plan_purchase_recommendation_detail,ce,G0,global,spatial,identity,global-service,ce has no region
ce.savings_plans_coverage,ce,G0,global,spatial,identity,global-service,ce has no region
ce.savings_plans_purchase_recommendation,ce,G0,global,spatial,identity,global-service,ce has no region
ce.savings_plans_purchase_recommendation_generation,ce,G0,global,spatial,identity,global-service,ce has no region
ce.savings_plans_utilization,ce,G0,global,spatial,identity,global-service,ce has no region
ce.savings_plans_utilization_detail,ce,G0,global,spatial,identity,global-service,ce has no region
ce.tag,ce,G0,global,spatial,identity,global-service,ce has no region
ce.tags_for_resource,ce,G0,global,spatial,identity,global-service,ce has no region
ce.usage_forecast,ce,G0,global,spatial,identity,global-service,ce has no region
cloudfront.anycast_ip_list,cloudfront,G0,global,spatial,dns,global-service,cloudfront has no region
cloudfront.cache_policy,cloudfront,G0,global,spatial,dns,global-service,cloudfront has no region
cloudfront.cache_policy_config,cloudfront,G0,global,spatial,dns,global-service,cloudfront has no region
cloudfront.cloud_front_origin_access_identity,cloudfront,G0,global,spatial,dns,global-service,cloudfront has no region
cloudfront.connection_function,cloudfront,G0,global,spatial,dns,global-service,cloudfront has no region
cloudfront.connection_group,cloudfront,G0,global,spatial,dns,global-service,cloudfront has no region
cloudfront.continuous_deployment_policy,cloudfront,G0,global,spatial,dns,global-service,cloudfront has no region
cloudfront.distribution,cloudfront,G0,global,spatial,dns,global-service,cloudfront has no region
cloudfront.distribution_config,cloudfront,G0,global,spatial,dns,global-service,cloudfront has no region
cloudfront.distribution_tenant,cloudfront,G0,global,spatial,dns,global-service,cloudfront has no region
cloudfront.distribution_tenants_by_customization,cloudfront,G0,global,spatial,dns,global-service,cloudfront has no region
cloudfront.field_level_encryption,cloudfront,G0,global,spatial,dns,global-service,cloudfront has no region
cloudfront.function,cloudfront,G0,global,spatial,dns,global-service,cloudfront has no region
cloudfront.key_group,cloudfront,G0,global,spatial,dns,global-service,cloudfront has no region
cloudfront.key_value_store,cloudfront,G0,global,spatial,dns,global-service,cloudfront has no region
cloudfront.monitoring_subscription,cloudfront,G0,global,spatial,dns,global-service,cloudfront has no region
cloudfront.origin_access_control,cloudfront,G0,global,spatial,dns,global-service,cloudfront has no region
cloudfront.origin_request_policy,cloudfront,G0,global,spatial,dns,global-service,cloudfront has no region
cloudfront.origin_request_policy_config,cloudfront,G0,global,spatial,dns,global-service,cloudfront has no region
cloudfront.public_key,cloudfront,G0,global,spatial,dns,global-service,cloudfront has no region
cloudfront.realtime_log_config,cloudfront,G0,global,spatial,dns,global-service,cloudfront has no region
cloudfront.response_headers_policy,cloudfront,G0,global,spatial,dns,global-service,cloudfront has no region
cloudfront.streaming_distribution,cloudfront,G0,global,spatial,dns,global-service,cloudfront has no region
cloudfront.trust_store,cloudfront,G0,global,spatial,dns,global-service,cloudfront has no region
cloudfront.vpc_origin,cloudfront,G0,global,spatial,dns,global-service,cloudfront has no region
globalaccelerator.accelerator,globalaccelerator,G0,global,spatial,dns,global-service,globalaccelerator has no region
globalaccelerator.accelerator_attribute,globalaccelerator,G0,global,spatial,dns,global-service,globalaccelerator has no region
globalaccelerator.cross_account_attachment,globalaccelerator,G0,global,spatial,dns,global-service,globalaccelerator has no region
globalaccelerator.endpoint_group,globalaccelerator,G0,global,spatial,dns,global-service,globalaccelerator has no region
globalaccelerator.listener,globalaccelerator,G0,global,spatial,dns,global-service,globalaccelerator has no region
iam.access_key,iam,G0,global,spatial,identity,global-service,iam has no region
iam.account_authorization_detail,iam,G0,global,spatial,identity,global-service,iam has no region
iam.account_password_policy,iam,G0,global,spatial,identity,global-service,iam has no region
iam.account_summary,iam,G0,global,spatial,identity,global-service,iam has no region
iam.attached_role_policy,iam,G0,global,spatial,identity,global-service,iam has no region
iam.attached_user_policy,iam,G0,global,spatial,identity,global-service,iam has no region
iam.delegation_request,iam,G0,global,spatial,identity,global-service,iam has no region
iam.group,iam,G0,global,spatial,identity,global-service,iam has no region
iam.group_policy,iam,G0,global,spatial,identity,global-service,iam has no region
iam.groups_for_user,iam,G0,global,spatial,identity,global-service,iam has no region
iam.iam_certificate,iam,G0,global,spatial,identity,global-service,iam has no region
iam.iam_oidc_provider,iam,G0,global,spatial,identity,global-service,iam has no region
iam.saml_provider,iam,G0,global,spatial,identity,global-service,iam has no region
iam.instance_profile,iam,G0,global,spatial,identity,global-service,iam has no region
iam.instance_profiles_for_role,iam,G0,global,spatial,identity,global-service,iam has no region
iam.managed_policy,iam,G0,global,spatial,identity,global-service,iam has no region
iam.mfa_device,iam,G0,global,spatial,identity,global-service,iam has no region
iam.oidc_provider,iam,G0,global,spatial,identity,global-service,iam has no region
iam.open_id_connect_provider,iam,G0,global,spatial,identity,global-service,iam has no region
iam.policy,iam,G0,global,spatial,identity,global-service,iam has no region
iam.policy_version,iam,G0,global,spatial,identity,global-service,iam has no region
iam.role,iam,G0,global,spatial,identity,global-service,iam has no region
iam.role_policy,iam,G0,global,spatial,identity,global-service,iam has no region
iam.service_linked_role,iam,G0,global,spatial,identity,global-service,iam has no region
iam.signing_certificate,iam,G0,global,spatial,identity,global-service,iam has no region
iam.user,iam,G0,global,spatial,identity,global-service,iam has no region
iam.user_policy,iam,G0,global,spatial,identity,global-service,iam has no region
iam.user_to_group_addition,iam,G0,global,spatial,identity,global-service,iam has no region
iam.virtual_mfa_device,iam,G0,global,spatial,identity,global-service,iam has no region
identitystore.group,identitystore,G0,global,spatial,identity,global-service,identitystore has no region
identitystore.group_membership,identitystore,G0,global,spatial,identity,global-service,identitystore has no region
identitystore.user,identitystore,G0,global,spatial,identity,global-service,identitystore has no region
organizations.account,organizations,G0,global,spatial,identity,global-service,organizations has no region
organizations.accounts_with_invalid_effective_policy,organizations,G0,global,spatial,identity,global-service,organizations has no region
organizations.delegated_administrator,organizations,G0,global,spatial,identity,global-service,organizations has no region
organizations.effective_policy,organizations,G0,global,spatial,identity,global-service,organizations has no region
organizations.policy,organizations,G0,global,spatial,identity,global-service,organizations has no region
organizations.org_unit,organizations,G0,global,spatial,identity,global-service,organizations has no region
organizations.organization,organizations,G0,global,spatial,identity,global-service,organizations has no region
organizations.organizational_unit,organizations,G0,global,spatial,identity,global-service,organizations has no region
organizations.outbound_responsibility_transfer,organizations,G0,global,spatial,identity,global-service,organizations has no region
organizations.policies_for_target,organizations,G0,global,spatial,identity,global-service,organizations has no region
organizations.resource_policy,organizations,G0,global,spatial,identity,global-service,organizations has no region
organizations.responsibility_transfer,organizations,G0,global,spatial,identity,global-service,organizations has no region
organizations.root,organizations,G0,global,spatial,identity,global-service,organizations has no region
organizations.targets_for_policy,organizations,G0,global,spatial,identity,global-service,organizations has no region
route53.cidr_collection,route53,G0,global,spatial,dns,global-service,route53 has no region
route53.dnssec,route53,G0,global,spatial,dns,global-service,route53 has no region
route53.health_check,route53,G0,global,spatial,dns,global-service,route53 has no region
route53.hosted_zone,route53,G0,global,spatial,dns,global-service,route53 has no region
route53.key_signing_key,route53,G0,global,spatial,dns,global-service,route53 has no region
route53.query_logging_config,route53,G0,global,spatial,dns,global-service,route53 has no region
route53.record_set,route53,G0,global,spatial,dns,global-service,route53 has no region
route53.record_set_group,route53,G0,global,spatial,dns,global-service,route53 has no region
route53.traffic_policy_instance,route53,G0,global,spatial,dns,global-service,route53 has no region
route53domains.contact_reachability_status,route53domains,G0,global,spatial,dns,global-service,route53domains has no region
route53domains.domain_detail,route53domains,G0,global,spatial,dns,global-service,route53domains has no region
route53domains.domain_suggestion,route53domains,G0,global,spatial,dns,global-service,route53domains has no region
route53domains.operation,route53domains,G0,global,spatial,dns,global-service,route53domains has no region
route53domains.operation_detail,route53domains,G0,global,spatial,dns,global-service,route53domains has no region
route53domains.r53domain,route53domains,G0,global,spatial,dns,global-service,route53domains has no region
route53domains.tags_for_domain,route53domains,G0,global,spatial,dns,global-service,route53domains has no region
shield.drt_access,shield,G0,global,spatial,identity,global-service,shield has no region
shield.proactive_engagement,shield,G0,global,spatial,identity,global-service,shield has no region
shield.protection,shield,G0,global,spatial,identity,global-service,shield has no region
shield.protection_group,shield,G0,global,spatial,identity,global-service,shield has no region
shield.shield_attack,shield,G0,global,spatial,identity,global-service,shield has no region
shield.subscription,shield,G0,global,spatial,identity,global-service,shield has no region
sso-admin.account_assignment,sso-admin,G0,global,spatial,identity,global-service,sso-admin has no region
sso-admin.account_assignment_creation_status,sso-admin,G0,global,spatial,identity,global-service,sso-admin has no region
sso-admin.account_assignment_deletion_status,sso-admin,G0,global,spatial,identity,global-service,sso-admin has no region
sso-admin.account_assignments_for_principal,sso-admin,G0,global,spatial,identity,global-service,sso-admin has no region
sso-admin.application,sso-admin,G0,global,spatial,identity,global-service,sso-admin has no region
sso-admin.application_access_scope,sso-admin,G0,global,spatial,identity,global-service,sso-admin has no region
sso-admin.application_assignment,sso-admin,G0,global,spatial,identity,global-service,sso-admin has no region
sso-admin.application_assignment_configuration,sso-admin,G0,global,spatial,identity,global-service,sso-admin has no region
sso-admin.application_assignments_for_principal,sso-admin,G0,global,spatial,identity,global-service,sso-admin has no region
sso-admin.application_authentication_method,sso-admin,G0,global,spatial,identity,global-service,sso-admin has no region
sso-admin.application_grant,sso-admin,G0,global,spatial,identity,global-service,sso-admin has no region
sso-admin.application_provider,sso-admin,G0,global,spatial,identity,global-service,sso-admin has no region
sso-admin.application_session_configuration,sso-admin,G0,global,spatial,identity,global-service,sso-admin has no region
sso-admin.customer_managed_policy_references_in_permission_set,sso-admin,G0,global,spatial,identity,global-service,sso-admin has no region
sso-admin.instance,sso-admin,G0,global,spatial,identity,global-service,sso-admin has no region
sso-admin.instance_access_control_attribute_configuration,sso-admin,G0,global,spatial,identity,global-service,sso-admin has no region
sso-admin.managed_policies_in_permission_set,sso-admin,G0,global,spatial,identity,global-service,sso-admin has no region
sso-admin.permission_set_provisioning_status,sso-admin,G0,global,spatial,identity,global-service,sso-admin has no region
sso-admin.permission_sets_provisioned_to_account,sso-admin,G0,global,spatial,identity,global-service,sso-admin has no region
sso-admin.permissions_boundary_for_permission_set,sso-admin,G0,global,spatial,identity,global-service,sso-admin has no region
sso-admin.tags_for_resource,sso-admin,G0,global,spatial,identity,global-service,sso-admin has no region
sso-admin.trusted_token_issuer,sso-admin,G0,global,spatial,identity,global-service,sso-admin has no region
sso.application,sso,G0,global,spatial,identity,global-service,sso has no region
sso.application_assignment,sso,G0,global,spatial,identity,global-service,sso has no region
sso.assignment,sso,G0,global,spatial,identity,global-service,sso has no region
sso.inline_policy_for_permission_set,sso,G0,global,spatial,identity,global-service,sso has no region
sso.instance,sso,G0,global,spatial,identity,global-service,sso has no region
sso.instance_access_control_attribute_configuration,sso,G0,global,spatial,identity,global-service,sso has no region
sso.permission_set,sso,G0,global,spatial,identity,global-service,sso has no region
sts.access_key_info,sts,G0,global,spatial,identity,global-service,sts has no region
sts.caller_identity,sts,G0,global,spatial,identity,global-service,sts has no region
sts.delegated_access_token,sts,G0,global,spatial,identity,global-service,sts has no region
sts.federation_token,sts,G0,global,spatial,identity,global-service,sts has no region
sts.session_token,sts,G0,global,spatial,identity,global-service,sts has no region
sts.web_identity_token,sts,G0,global,spatial,identity,global-service,sts has no region
waf.activated_rules_in_rule_group,waf,G0,global,spatial,identity,global-service,waf has no region
waf.byte_match_set,waf,G0,global,spatial,identity,global-service,waf has no region
waf.ip_set,waf,G0,global,spatial,identity,global-service,waf has no region
waf.logging_configuration,waf,G0,global,spatial,identity,global-service,waf has no region
waf.regex_pattern_set,waf,G0,global,spatial,identity,global-service,waf has no region
waf.rule,waf,G0,global,spatial,identity,global-service,waf has no region
waf.rule_group,waf,G0,global,spatial,identity,global-service,waf has no region
waf.size_constraint_set,waf,G0,global,spatial,identity,global-service,waf has no region
waf.sql_injection_match_set,waf,G0,global,spatial,identity,global-service,waf has no region
waf.web_acl,waf,G0,global,spatial,identity,global-service,waf has no region
waf.xss_match_set,waf,G0,global,spatial,identity,global-service,waf has no region
wafv2.available_managed_rule_group,wafv2,G0,global,spatial,identity,global-service,wafv2 has no region
wafv2.ip_set,wafv2,G0,global,spatial,identity,global-service,wafv2 has no region
wafv2.logging_configuration,wafv2,G0,global,spatial,identity,global-service,wafv2 has no region
wafv2.regex_pattern_set,wafv2,G0,global,spatial,identity,global-service,wafv2 has no region
wafv2.rule_group,wafv2,G0,global,spatial,identity,global-service,wafv2 has no region
wafv2.web_acl,wafv2,G0,global,spatial,identity,global-service,wafv2 has no region
wafv2.web_acl_association,wafv2,G0,global,spatial,identity,global-service,wafv2 has no region
ec2.vpc,ec2,L2,vpc,spatial,,structural,defines the layer
ec2.subnet,ec2,L4,subnet,spatial,,structural,defines the layer
apigateway.resource,apigateway,L5,workload,spatial,dns,outbound-edge,contained in a vpc or subnet
apigateway.stage,apigateway,L6,attached,spatial,dns,outbound-edge,contained in a vpc or subnet
apigatewayv2.integration,apigatewayv2,L5,workload,spatial,dns,outbound-edge,contained in a vpc or subnet
apigatewayv2.stage,apigatewayv2,L6,attached,spatial,dns,outbound-edge,contained in a vpc or subnet
apigatewayv2.vpc_link,apigatewayv2,L5,workload,spatial,dns,outbound-edge,contained in a vpc or subnet
appmesh.virtual_gateway,appmesh,L5,workload,spatial,,outbound-edge,contained in a vpc or subnet
apprunner.custom_domain,apprunner,L5,workload,spatial,,outbound-edge,contained in a vpc or subnet
apprunner.vpc_ingress_connection,apprunner,L5,workload,spatial,,outbound-edge,contained in a vpc or subnet
autoscaling.auto_scaling_group,autoscaling,L5,workload,spatial,,outbound-edge,contained in a vpc or subnet
batch.compute_environment,batch,L5,workload,spatial,,outbound-edge,contained in a vpc or subnet
cloudhsmv2.cloudhsm_cluster,cloudhsmv2,L5,workload,spatial,encryption,outbound-edge,contained in a vpc or subnet
codebuild.project,codebuild,L5,workload,spatial,,outbound-edge,contained in a vpc or subnet
codedeploy.deployment_group,codedeploy,L5,workload,spatial,,outbound-edge,contained in a vpc or subnet
codestar-connections.host,codestar-connections,L5,workload,spatial,,outbound-edge,contained in a vpc or subnet
datasync.agent,datasync,L5,workload,spatial,,outbound-edge,contained in a vpc or subnet
dax.cluster,dax,L5,workload,spatial,,outbound-edge,contained in a vpc or subnet
dax.subnet_group,dax,L5,workload,spatial,,outbound-edge,contained in a vpc or subnet
devicefarm.devicefarm_project,devicefarm,L5,workload,spatial,,outbound-edge,contained in a vpc or subnet
devicefarm.project,devicefarm,L5,workload,spatial,,outbound-edge,contained in a vpc or subnet
devicefarm.remote_access_session,devicefarm,L5,workload,spatial,,outbound-edge,contained in a vpc or subnet
devicefarm.run,devicefarm,L5,workload,spatial,,outbound-edge,contained in a vpc or subnet
devicefarm.test_grid_project,devicefarm,L5,workload,spatial,,outbound-edge,contained in a vpc or subnet
dms.replication_instance,dms,L5,workload,spatial,,outbound-edge,contained in a vpc or subnet
dms.replication_subnet_group,dms,L5,workload,spatial,,outbound-edge,contained in a vpc or subnet
docdb.db_cluster_snapshot,docdb,L5,workload,spatial,,outbound-edge,contained in a vpc or subnet
docdb.db_instance,docdb,L5,workload,spatial,,outbound-edge,contained in a vpc or subnet
docdb.db_subnet_group,docdb,L5,workload,spatial,,outbound-edge,contained in a vpc or subnet
ds.directory,ds,L5,workload,spatial,,outbound-edge,contained in a vpc or subnet
ds.domain_controller,ds,L5,workload,spatial,,outbound-edge,contained in a vpc or subnet
ds.region,ds,L5,workload,spatial,,outbound-edge,contained in a vpc or subnet
ec2.capacity_reservation,ec2,L5,workload,spatial,,has-zone,declares its own availability zone
ec2.carrier_gateway,ec2,L5,workload,spatial,,outbound-edge,contained in a vpc or subnet
ec2.classic_link_instance,ec2,L5,workload,spatial,,outbound-edge,contained in a vpc or subnet
ec2.client_vpn_endpoint,ec2,L5,workload,spatial,,outbound-edge,contained in a vpc or subnet
ec2.client_vpn_target_network_association,ec2,L5,workload,spatial,,outbound-edge,contained in a vpc or subnet
ec2.ec2_reserved,ec2,L5,workload,spatial,,has-zone,declares its own availability zone
ec2.host,ec2,L5,workload,spatial,,has-zone,declares its own availability zone
ec2.instance_connect_endpoint,ec2,L5,workload,spatial,,outbound-edge,contained in a vpc or subnet
ec2.local_gateway_route_table_vpc_association,ec2,L5,workload,spatial,,outbound-edge,contained in a vpc or subnet
ecr.ecr_image,ecr,L5,workload,spatial,,outbound-edge,contained in a vpc or subnet
ecs.ecs_container_instance,ecs,L5,workload,spatial,,outbound-edge,contained in a vpc or subnet
ecs.service,ecs,L5,workload,spatial,,outbound-edge,contained in a vpc or subnet
ecs.task_set,ecs,L5,workload,spatial,,outbound-edge,contained in a vpc or subnet
efs.file_system,efs,L5,workload,spatial,,has-zone,declares its own availability zone
eks.cluster,eks,L5,workload,spatial,,outbound-edge,contained in a vpc or subnet
eks.nodegroup,eks,L5,workload,spatial,,outbound-edge,contained in a vpc or subnet
elasticache.cache_cluster,elasticache,L5,workload,spatial,,outbound-edge,contained in a vpc or subnet
elasticache.cache_snapshot,elasticache,L5,workload,spatial,,outbound-edge,contained in a vpc or subnet
elasticache.subnet_group,elasticache,L5,workload,spatial,,outbound-edge,contained in a vpc or subnet
elb.load_balancer,elb,L5,workload,spatial,dns,outbound-edge,contained in a vpc or subnet
elbv2.load_balancer,elbv2,L5,workload,spatial,dns,outbound-edge,contained in a vpc or subnet
elbv2.target_group,elbv2,L5,workload,spatial,dns,outbound-edge,contained in a vpc or subnet
emr.cluster,emr,L5,workload,spatial,,outbound-edge,contained in a vpc or subnet
emr.studio,emr,L5,workload,spatial,,outbound-edge,contained in a vpc or subnet
es.domain,es,L5,workload,spatial,,outbound-edge,contained in a vpc or subnet
es.elasticsearch_domain,es,L5,workload,spatial,,outbound-edge,contained in a vpc or subnet
es.elasticsearch_domain_config,es,L5,workload,spatial,,outbound-edge,contained in a vpc or subnet
es.vpc_endpoint,es,L5,workload,spatial,,outbound-edge,contained in a vpc or subnet
events.event_rule_target,events,L5,workload,spatial,,outbound-edge,contained in a vpc or subnet
firehose.delivery_stream,firehose,L5,workload,spatial,,outbound-edge,contained in a vpc or subnet
fms.violation_detail,fms,L5,workload,spatial,,outbound-edge,contained in a vpc or subnet
glue.connection,glue,L5,workload,spatial,,outbound-edge,contained in a vpc or subnet
glue.dev_endpoint,glue,L5,workload,spatial,,outbound-edge,contained in a vpc or subnet
glue.table,glue,L5,workload,spatial,,outbound-edge,contained in a vpc or subnet
health.health_event,health,L5,workload,spatial,,has-zone,declares its own availability zone
inspector2.inspector2_finding,inspector2,L5,workload,spatial,,outbound-edge,contained in a vpc or subnet
iot.topic_rule_destination,iot,L5,workload,spatial,,outbound-edge,contained in a vpc or subnet
kafka.cluster,kafka,L5,workload,spatial,,outbound-edge,contained in a vpc or subnet
kafka.vpc_connection,kafka,L5,workload,spatial,,outbound-edge,contained in a vpc or subnet
kinesisanalyticsv2.application,kinesisanalyticsv2,L5,workload,spatial,,outbound-edge,contained in a vpc or subnet
kinesisanalyticsv2.application_version,kinesisanalyticsv2,L5,workload,spatial,,outbound-edge,contained in a vpc or subnet
lambda.function,lambda,L5,workload,spatial,,outbound-edge,contained in a vpc or subnet
lambda.function_configuration,lambda,L5,workload,spatial,,outbound-edge,contained in a vpc or subnet
lambda.version,lambda,L5,workload,spatial,,outbound-edge,contained in a vpc or subnet
lightsail.lightsail_db,lightsail,L5,workload,spatial,,has-zone,declares its own availability zone
lightsail.load_balancer,lightsail,L5,workload,spatial,,has-zone,declares its own availability zone
lightsail.instance,lightsail,L5,workload,spatial,,has-zone,declares its own availability zone
m2.environment,m2,L5,workload,spatial,,outbound-edge,contained in a vpc or subnet
managedblockchain.network,managedblockchain,L5,workload,spatial,,outbound-edge,contained in a vpc or subnet
mediaconnect.bridge,mediaconnect,L5,workload,spatial,,outbound-edge,contained in a vpc or subnet
mediaconnect.flow,mediaconnect,L5,workload,spatial,,outbound-edge,contained in a vpc or subnet
memorydb.snapshot,memorydb,L5,workload,spatial,,outbound-edge,contained in a vpc or subnet
memorydb.subnet_group,memorydb,L5,workload,spatial,,outbound-edge,contained in a vpc or subnet
migration-hub-refactor-spaces.application,migration-hub-refactor-spaces,L5,workload,spatial,,outbound-edge,contained in a vpc or subnet
migration-hub-refactor-spaces.environment_vpc,migration-hub-refactor-spaces,L5,workload,spatial,,outbound-edge,contained in a vpc or subnet
migration-hub-refactor-spaces.service,migration-hub-refactor-spaces,L5,workload,spatial,,outbound-edge,contained in a vpc or subnet
mq.broker,mq,L5,workload,spatial,,outbound-edge,contained in a vpc or subnet
neptune-graph.private_graph_endpoint,neptune-graph,L5,workload,spatial,,outbound-edge,contained in a vpc or subnet
neptune.db_cluster_snapshot,neptune,L5,workload,spatial,,outbound-edge,contained in a vpc or subnet
neptune.db_instance,neptune,L5,workload,spatial,,outbound-edge,contained in a vpc or subnet
neptune.db_subnet_group,neptune,L5,workload,spatial,,outbound-edge,contained in a vpc or subnet
network-firewall.firewall,network-firewall,L5,workload,spatial,,outbound-edge,contained in a vpc or subnet
networkmonitor.monitor,networkmonitor,L5,workload,spatial,,outbound-edge,contained in a vpc or subnet
networkmonitor.probe,networkmonitor,L5,workload,spatial,,outbound-edge,contained in a vpc or subnet
opensearch.domain,opensearch,L5,workload,spatial,,outbound-edge,contained in a vpc or subnet
opensearch.vpc_endpoint,opensearch,L5,workload,spatial,,outbound-edge,contained in a vpc or subnet
opensearchserverless.vpc_endpoint,opensearchserverless,L5,workload,spatial,,outbound-edge,contained in a vpc or subnet
opsworks.opswork_stack,opsworks,L5,workload,spatial,,outbound-edge,contained in a vpc or subnet
osis.pipeline,osis,L5,workload,spatial,,outbound-edge,contained in a vpc or subnet
rds.db_cluster,rds,L5,workload,spatial,,outbound-edge,contained in a vpc or subnet
rds.db_cluster_automated_backup,rds,L5,workload,spatial,,outbound-edge,contained in a vpc or subnet
rds.db_instance,rds,L5,workload,spatial,,outbound-edge,contained in a vpc or subnet
rds.db_instance_automated_backup,rds,L5,workload,spatial,,outbound-edge,contained in a vpc or subnet
rds.db_proxy,rds,L5,workload,spatial,,outbound-edge,contained in a vpc or subnet
rds.db_proxy_endpoint,rds,L5,workload,spatial,,outbound-edge,contained in a vpc or subnet
rds.db_security_group,rds,L5,workload,spatial,,outbound-edge,contained in a vpc or subnet
rds.db_subnet_group,rds,L5,workload,spatial,,outbound-edge,contained in a vpc or subnet
rds.option_group,rds,L5,workload,spatial,,outbound-edge,contained in a vpc or subnet
rds.rds_cluster_snapshot,rds,L5,workload,spatial,,has-zone,declares its own availability zone
rds.rds_snapshot,rds,L5,workload,spatial,,has-zone,declares its own availability zone
redshift.cluster_subnet_group,redshift,L5,workload,spatial,,outbound-edge,contained in a vpc or subnet
redshift.redshift_snapshot,redshift,L5,workload,spatial,,has-zone,declares its own availability zone
route53-recovery-control-config.control_panel,route53-recovery-control-config,L5,workload,spatial,,outbound-edge,contained in a vpc or subnet
route53resolver.firewall_rule_group_association,route53resolver,L5,workload,spatial,,outbound-edge,contained in a vpc or subnet
route53resolver.resolver_dnssec_config,route53resolver,L5,workload,spatial,,outbound-edge,contained in a vpc or subnet
route53resolver.resolver_endpoint_ip_address,route53resolver,L5,workload,spatial,,outbound-edge,contained in a vpc or subnet
route53resolver.resolver_query_logging_config,route53resolver,L5,workload,spatial,,outbound-edge,contained in a vpc or subnet
route53resolver.resolver_rule_association,route53resolver,L5,workload,spatial,,outbound-edge,contained in a vpc or subnet
s3control.access_point,s3control,L5,workload,spatial,,outbound-edge,contained in a vpc or subnet
sagemaker.domain,sagemaker,L5,workload,spatial,,outbound-edge,contained in a vpc or subnet
sagemaker.workforce,sagemaker,L5,workload,spatial,,outbound-edge,contained in a vpc or subnet
securityhub.securityhub_finding,securityhub,L5,workload,spatial,,has-zone,declares its own availability zone
synthetics.canary,synthetics,L5,workload,spatial,,outbound-edge,contained in a vpc or subnet
transfer.server,transfer,L5,workload,spatial,,outbound-edge,contained in a vpc or subnet
transfer.user,transfer,L5,workload,spatial,,outbound-edge,contained in a vpc or subnet
vpc-lattice.service_network_vpc_association,vpc-lattice,L5,workload,spatial,dns,outbound-edge,contained in a vpc or subnet
vpc-lattice.target_group,vpc-lattice,L5,workload,spatial,dns,outbound-edge,contained in a vpc or subnet
workspaces-web.network_setting,workspaces-web,L5,workload,spatial,,outbound-edge,contained in a vpc or subnet
workspaces.workspace,workspaces,L5,workload,spatial,,outbound-edge,contained in a vpc or subnet
workspaces.workspaces_directory,workspaces,L5,workload,spatial,,outbound-edge,contained in a vpc or subnet
batch.job,batch,L6,attached,spatial,,outbound-edge,attaches to a workload
cloudhsm.hsm,cloudhsm,L6,attached,spatial,encryption,outbound-edge,attaches to a workload
ec2.address_transfer,ec2,L6,attached,spatial,,outbound-edge,attaches to a workload
ec2.ebs_snapshot,ec2,L6,attached,spatial,,outbound-edge,attaches to a workload
ec2.eip,ec2,L6,attached,spatial,,outbound-edge,attaches to a workload
ec2.instance,ec2,L5,workload,spatial,,manual,an instance IS the workload - things attach to it
ec2.ipam,ec2,L6,attached,spatial,,outbound-edge,attaches to a workload
ec2.network_interface,ec2,L6,attached,spatial,,attached-type,bound to a workload
ec2.network_interface_permission,ec2,L6,attached,spatial,,outbound-edge,attaches to a workload
ec2.spot_fleet,ec2,L6,attached,spatial,,outbound-edge,attaches to a workload
ec2.spot_instance_request,ec2,L6,attached,spatial,,outbound-edge,attaches to a workload
ec2.traffic_mirror_session,ec2,L6,attached,spatial,,outbound-edge,attaches to a workload
ec2.traffic_mirror_target,ec2,L6,attached,spatial,,outbound-edge,attaches to a workload
ec2.verified_access_endpoint,ec2,L6,attached,spatial,,outbound-edge,attaches to a workload
ec2.volume,ec2,L6,attached,spatial,,attached-type,bound to a workload
ec2.volume_status,ec2,L6,attached,spatial,,outbound-edge,attaches to a workload
efs.mount_target,efs,L6,attached,spatial,,outbound-edge,attaches to a workload
finspace.kx_cluster,finspace,L6,attached,spatial,,outbound-edge,attaches to a workload
finspace.kx_dataview,finspace,L6,attached,spatial,,outbound-edge,attaches to a workload
finspace.kx_volume,finspace,L6,attached,spatial,,outbound-edge,attaches to a workload
fsx.file_system,fsx,L6,attached,spatial,,outbound-edge,attaches to a workload
fsx.fsx_backup,fsx,L6,attached,spatial,,outbound-edge,attaches to a workload
fsx.snapshot,fsx,L6,attached,spatial,,outbound-edge,attaches to a workload
fsx.volume,fsx,L6,attached,spatial,,outbound-edge,attaches to a workload
guardduty.guardduty_finding,guardduty,L6,attached,spatial,,outbound-edge,attaches to a workload
guardduty.malware_scan,guardduty,L6,attached,spatial,,outbound-edge,attaches to a workload
inspector.finding,inspector,L6,attached,spatial,,outbound-edge,attaches to a workload
iotfleetwise.decoder_manifest_network_interface,iotfleetwise,L6,attached,spatial,,outbound-edge,attaches to a workload
medialive.input,medialive,L6,attached,spatial,,outbound-edge,attaches to a workload
quicksight.vpc_connection,quicksight,L6,attached,spatial,,outbound-edge,attaches to a workload
redshift-serverless.endpoint_access,redshift-serverless,L6,attached,spatial,,outbound-edge,attaches to a workload
redshift-serverless.workgroup,redshift-serverless,L6,attached,spatial,,outbound-edge,attaches to a workload
redshift.cluster,redshift,L5,workload,spatial,,manual,cluster in a subnet - a data-tier workload
redshift.endpoint_access,redshift,L6,attached,spatial,,outbound-edge,attaches to a workload
s3outposts.endpoint,s3outposts,L6,attached,spatial,,outbound-edge,attaches to a workload
s3outposts.shared_endpoint,s3outposts,L6,attached,spatial,,outbound-edge,attaches to a workload
sagemaker.notebook_instance,sagemaker,L5,workload,spatial,,manual,a managed instance in a subnet - a workload
storagegateway.volume,storagegateway,L6,attached,spatial,,outbound-edge,attaches to a workload
accessanalyzer.access_analyzer_finding,accessanalyzer,R1,regional,spatial,identity,regional,collectable but has no VPC presence
accessanalyzer.access_preview,accessanalyzer,R1,regional,spatial,identity,regional,collectable but has no VPC presence
accessanalyzer.analyzed_resource,accessanalyzer,R1,regional,spatial,identity,regional,collectable but has no VPC presence
accessanalyzer.analyzer,accessanalyzer,R1,regional,spatial,identity,regional,collectable but has no VPC presence
accessanalyzer.archive_rule,accessanalyzer,R1,regional,spatial,identity,regional,collectable but has no VPC presence
accessanalyzer.finding,accessanalyzer,R1,regional,spatial,identity,regional,collectable but has no VPC presence
accessanalyzer.generated_policy,accessanalyzer,R1,regional,spatial,identity,regional,collectable but has no VPC presence
accessanalyzer.policy_generation,accessanalyzer,R1,regional,spatial,identity,regional,collectable but has no VPC presence
accessanalyzer.tags_for_resource,accessanalyzer,R1,regional,spatial,identity,regional,collectable but has no VPC presence
acm-pca.certificate_authority,acm-pca,R1,regional,spatial,encryption,regional-service,"acm-pca is regional, outside any VPC"
acm.account,acm,R1,regional,spatial,encryption,regional-service,"acm is regional, outside any VPC"
acm.account_configuration,acm,R1,regional,spatial,encryption,regional-service,"acm is regional, outside any VPC"
acm.acme_domain_validation,acm,R1,regional,spatial,encryption,regional-service,"acm is regional, outside any VPC"
acm.acme_endpoint,acm,R1,regional,spatial,encryption,regional-service,"acm is regional, outside any VPC"
acm.acme_external_account_binding,acm,R1,regional,spatial,encryption,regional-service,"acm is regional, outside any VPC"
acm.certificate,acm,R1,regional,spatial,encryption,regional-service,"acm is regional, outside any VPC"
acm-pca.tag,acmpca,R1,regional,spatial,,regional,collectable but has no VPC presence
aiops.investigation_group,aiops,R1,regional,spatial,,regional,collectable but has no VPC presence
aiops.investigation_group_policy,aiops,R1,regional,spatial,,regional,collectable but has no VPC presence
aiops.tags_for_resource,aiops,R1,regional,spatial,,regional,collectable but has no VPC presence
amp.alert_manager_definition,amp,R1,regional,spatial,,regional,collectable but has no VPC presence
amp.anomaly_detector,amp,R1,regional,spatial,,regional,collectable but has no VPC presence
amp.default_scraper_configuration,amp,R1,regional,spatial,,regional,collectable but has no VPC presence
amp.logging_configuration,amp,R1,regional,spatial,,regional,collectable but has no VPC presence
amp.query_logging_configuration,amp,R1,regional,spatial,,regional,collectable but has no VPC presence
amp.resource_policy,amp,R1,regional,spatial,,regional,collectable but has no VPC presence
amp.rule_groups_namespace,amp,R1,regional,spatial,,regional,collectable but has no VPC presence
amp.scraper,amp,R1,regional,spatial,,regional,collectable but has no VPC presence
amp.scraper_logging_configuration,amp,R1,regional,spatial,,regional,collectable but has no VPC presence
amp.tags_for_resource,amp,R1,regional,spatial,,regional,collectable but has no VPC presence
amp.workspace,amp,R1,regional,spatial,,regional,collectable but has no VPC presence
amp.workspace_configuration,amp,R1,regional,spatial,,regional,collectable but has no VPC presence
amplify.app,amplify,R1,regional,spatial,,regional,collectable but has no VPC presence
amplify.artifact,amplify,R1,regional,spatial,,regional,collectable but has no VPC presence
amplify.artifact_url,amplify,R1,regional,spatial,,regional,collectable but has no VPC presence
amplify.backend_environment,amplify,R1,regional,spatial,,regional,collectable but has no VPC presence
amplify.branch,amplify,R1,regional,spatial,,regional,collectable but has no VPC presence
amplify.domain_association,amplify,R1,regional,spatial,,regional,collectable but has no VPC presence
amplify.job,amplify,R1,regional,spatial,,regional,collectable but has no VPC presence
amplify.tags_for_resource,amplify,R1,regional,spatial,,regional,collectable but has no VPC presence
amplify.webhook,amplify,R1,regional,spatial,,regional,collectable but has no VPC presence
amplifybackend.backend,amplifybackend,R1,regional,spatial,,regional,collectable but has no VPC presence
amplifybackend.backend_api,amplifybackend,R1,regional,spatial,,regional,collectable but has no VPC presence
amplifybackend.backend_api_model,amplifybackend,R1,regional,spatial,,regional,collectable but has no VPC presence
amplifybackend.backend_auth,amplifybackend,R1,regional,spatial,,regional,collectable but has no VPC presence
amplifybackend.backend_job,amplifybackend,R1,regional,spatial,,regional,collectable but has no VPC presence
amplifybackend.backend_storage,amplifybackend,R1,regional,spatial,,regional,collectable but has no VPC presence
amplifybackend.s3_bucket,amplifybackend,R1,regional,spatial,,regional,collectable but has no VPC presence
amplifybackend.token,amplifybackend,R1,regional,spatial,,regional,collectable but has no VPC presence
amplifyuibuilder.codegen_job,amplifyuibuilder,R1,regional,spatial,,regional,collectable but has no VPC presence
amplifyuibuilder.component,amplifyuibuilder,R1,regional,spatial,,regional,collectable but has no VPC presence
amplifyuibuilder.form,amplifyuibuilder,R1,regional,spatial,,regional,collectable but has no VPC presence
amplifyuibuilder.metadata,amplifyuibuilder,R1,regional,spatial,,regional,collectable but has no VPC presence
amplifyuibuilder.tags_for_resource,amplifyuibuilder,R1,regional,spatial,,regional,collectable but has no VPC presence
amplifyuibuilder.theme,amplifyuibuilder,R1,regional,spatial,,regional,collectable but has no VPC presence
apigateway.account,apigateway,R1,regional,spatial,dns,regional,collectable but has no VPC presence
apigateway.api_key,apigateway,R1,regional,spatial,dns,regional,collectable but has no VPC presence
apigateway.authorizer,apigateway,R1,regional,spatial,dns,regional,collectable but has no VPC presence
apigateway.client_certificate,apigateway,R1,regional,spatial,dns,regional,collectable but has no VPC presence
apigateway.domain_name,apigateway,R1,regional,spatial,dns,regional,collectable but has no VPC presence
apigateway.domain_name_access_association,apigateway,R1,regional,spatial,dns,regional,collectable but has no VPC presence
apigateway.method,apigateway,R1,regional,spatial,dns,regional,collectable but has no VPC presence
apigateway.request_validator,apigateway,R1,regional,spatial,dns,regional,collectable but has no VPC presence
apigateway.rest_api,apigateway,R1,regional,spatial,dns,regional,collectable but has no VPC presence
apigateway.usage_plan,apigateway,R1,regional,spatial,dns,regional,collectable but has no VPC presence
apigateway.vpc_link,apigateway,R1,regional,spatial,dns,regional,collectable but has no VPC presence
apigatewaymanagementapi.connection,apigatewaymanagementapi,R1,regional,spatial,,regional,collectable but has no VPC presence
apigatewayv2.api,apigatewayv2,R1,regional,spatial,dns,regional,collectable but has no VPC presence
apigatewayv2.domain_name,apigatewayv2,R1,regional,spatial,dns,regional,collectable but has no VPC presence
apigatewayv2.portal,apigatewayv2,R1,regional,spatial,dns,regional,collectable but has no VPC presence
apigatewayv2.portal_product,apigatewayv2,R1,regional,spatial,dns,regional,collectable but has no VPC presence
apigatewayv2.route,apigatewayv2,R1,regional,spatial,dns,regional,collectable but has no VPC presence
appconfig.account_setting,appconfig,R1,regional,spatial,,regional,collectable but has no VPC presence
appconfig.application,appconfig,R1,regional,spatial,,regional,collectable but has no VPC presence
appconfig.configuration,appconfig,R1,regional,spatial,,regional,collectable but has no VPC presence
appconfig.configuration_profile,appconfig,R1,regional,spatial,,regional,collectable but has no VPC presence
appconfig.deployment,appconfig,R1,regional,spatial,,regional,collectable but has no VPC presence
appconfig.deployment_strategy,appconfig,R1,regional,spatial,,regional,collectable but has no VPC presence
appconfig.environment,appconfig,R1,regional,spatial,,regional,collectable but has no VPC presence
appconfig.extension,appconfig,R1,regional,spatial,,regional,collectable but has no VPC presence
appconfig.extension_association,appconfig,R1,regional,spatial,,regional,collectable but has no VPC presence
appconfig.hosted_configuration_version,appconfig,R1,regional,spatial,,regional,collectable but has no VPC presence
appconfig.tags_for_resource,appconfig,R1,regional,spatial,,regional,collectable but has no VPC presence
appconfigdata.latest_configuration,appconfigdata,R1,regional,spatial,,regional,collectable but has no VPC presence
appfabric.app_authorization,appfabric,R1,regional,spatial,,regional,collectable but has no VPC presence
appfabric.app_bundle,appfabric,R1,regional,spatial,,regional,collectable but has no VPC presence
appfabric.ingestion,appfabric,R1,regional,spatial,,regional,collectable but has no VPC presence
appfabric.ingestion_destination,appfabric,R1,regional,spatial,,regional,collectable but has no VPC presence
appfabric.tags_for_resource,appfabric,R1,regional,spatial,,regional,collectable but has no VPC presence
appflow.flow,appflow,R1,regional,spatial,,regional,collectable but has no VPC presence
appflow.connector,appflow,R1,regional,spatial,,regional,collectable but has no VPC presence
appflow.connector_entity,appflow,R1,regional,spatial,,regional,collectable but has no VPC presence
appflow.connector_profile,appflow,R1,regional,spatial,,regional,collectable but has no VPC presence
appflow.flow_execution_record,appflow,R1,regional,spatial,,regional,collectable but has no VPC presence
appflow.tags_for_resource,appflow,R1,regional,spatial,,regional,collectable but has no VPC presence
appintegrations.application,appintegrations,R1,regional,spatial,,regional,collectable but has no VPC presence
appintegrations.application_association,appintegrations,R1,regional,spatial,,regional,collectable but has no VPC presence
appintegrations.data_integration,appintegrations,R1,regional,spatial,,regional,collectable but has no VPC presence
appintegrations.data_integration_association,appintegrations,R1,regional,spatial,,regional,collectable but has no VPC presence
appintegrations.event_integration,appintegrations,R1,regional,spatial,,regional,collectable but has no VPC presence
appintegrations.event_integration_association,appintegrations,R1,regional,spatial,,regional,collectable but has no VPC presence
appintegrations.tags_for_resource,appintegrations,R1,regional,spatial,,regional,collectable but has no VPC presence
application-autoscaling.predictive_scaling_forecast,application-autoscaling,R1,regional,spatial,,regional,collectable but has no VPC presence
application-autoscaling.scalable_target,application-autoscaling,R1,regional,spatial,,regional,collectable but has no VPC presence
application-autoscaling.scaling_activity,application-autoscaling,R1,regional,spatial,,regional,collectable but has no VPC presence
application-autoscaling.scaling_policy,application-autoscaling,R1,regional,spatial,,regional,collectable but has no VPC presence
application-autoscaling.scheduled_action,application-autoscaling,R1,regional,spatial,,regional,collectable but has no VPC presence
application-autoscaling.tags_for_resource,application-autoscaling,R1,regional,spatial,,regional,collectable but has no VPC presence
application-insights.application,application-insights,R1,regional,spatial,,regional,collectable but has no VPC presence
application-insights.component,application-insights,R1,regional,spatial,,regional,collectable but has no VPC presence
application-insights.component_configuration,application-insights,R1,regional,spatial,,regional,collectable but has no VPC presence
application-insights.component_configuration_recommendation,application-insights,R1,regional,spatial,,regional,collectable but has no VPC presence
application-insights.configuration_history,application-insights,R1,regional,spatial,,regional,collectable but has no VPC presence
application-insights.log_pattern,application-insights,R1,regional,spatial,,regional,collectable but has no VPC presence
application-insights.log_pattern_set,application-insights,R1,regional,spatial,,regional,collectable but has no VPC presence
application-insights.observation,application-insights,R1,regional,spatial,,regional,collectable but has no VPC presence
application-insights.problem,application-insights,R1,regional,spatial,,regional,collectable but has no VPC presence
application-insights.problem_observation,application-insights,R1,regional,spatial,,regional,collectable but has no VPC presence
application-insights.tags_for_resource,application-insights,R1,regional,spatial,,regional,collectable but has no VPC presence
application-insights.workload,application-insights,R1,regional,spatial,,regional,collectable but has no VPC presence
application-signals.audit_finding,application-signals,R1,regional,spatial,,regional,collectable but has no VPC presence
application-signals.entity_event,application-signals,R1,regional,spatial,,regional,collectable but has no VPC presence
application-signals.grouping_attribute_definition,application-signals,R1,regional,spatial,,regional,collectable but has no VPC presence
application-signals.service,application-signals,R1,regional,spatial,,regional,collectable but has no VPC presence
application-signals.service_dependency,application-signals,R1,regional,spatial,,regional,collectable but has no VPC presence
application-signals.service_dependent,application-signals,R1,regional,spatial,,regional,collectable but has no VPC presence
application-signals.service_level_objective,application-signals,R1,regional,spatial,,regional,collectable but has no VPC presence
application-signals.service_level_objective_exclusion_window,application-signals,R1,regional,spatial,,regional,collectable but has no VPC presence
application-signals.service_operation,application-signals,R1,regional,spatial,,regional,collectable but has no VPC presence
application-signals.service_state,application-signals,R1,regional,spatial,,regional,collectable but has no VPC presence
application-signals.tags_for_resource,application-signals,R1,regional,spatial,,regional,collectable but has no VPC presence
applicationcostprofiler.report_definition,applicationcostprofiler,R1,regional,spatial,,regional,collectable but has no VPC presence
appmesh.gateway_route,appmesh,R1,regional,spatial,,regional,collectable but has no VPC presence
appmesh.mesh,appmesh,R1,regional,spatial,,regional,collectable but has no VPC presence
appmesh.route,appmesh,R1,regional,spatial,,regional,collectable but has no VPC presence
appmesh.tags_for_resource,appmesh,R1,regional,spatial,,regional,collectable but has no VPC presence
appmesh.virtual_node,appmesh,R1,regional,spatial,,regional,collectable but has no VPC presence
appmesh.virtual_router,appmesh,R1,regional,spatial,,regional,collectable but has no VPC presence
appmesh.virtual_service,appmesh,R1,regional,spatial,,regional,collectable but has no VPC presence
approved.instance,approved,R1,regional,spatial,,regional,collectable but has no VPC presence
apprunner.auto_scaling_configuration,apprunner,R1,regional,spatial,,regional,collectable but has no VPC presence
apprunner.connection,apprunner,R1,regional,spatial,,regional,collectable but has no VPC presence
apprunner.observability_configuration,apprunner,R1,regional,spatial,,regional,collectable but has no VPC presence
apprunner.operation,apprunner,R1,regional,spatial,,regional,collectable but has no VPC presence
apprunner.service,apprunner,R1,regional,spatial,,regional,collectable but has no VPC presence
apprunner.tags_for_resource,apprunner,R1,regional,spatial,,regional,collectable but has no VPC presence
apprunner.vpc_connector,apprunner,R1,regional,spatial,,regional,collectable but has no VPC presence
appstream.app_block,appstream,R1,regional,spatial,,regional,collectable but has no VPC presence
appstream.app_block_builder,appstream,R1,regional,spatial,,regional,collectable but has no VPC presence
appstream.application,appstream,R1,regional,spatial,,regional,collectable but has no VPC presence
appstream.application_fleet_association,appstream,R1,regional,spatial,,regional,collectable but has no VPC presence
appstream.directory_config,appstream,R1,regional,spatial,,regional,collectable but has no VPC presence
appstream.fleet,appstream,R1,regional,spatial,,regional,collectable but has no VPC presence
appstream.image,appstream,R1,regional,spatial,,regional,collectable but has no VPC presence
appstream.image_builder,appstream,R1,regional,spatial,,regional,collectable but has no VPC presence
appstream.stack,appstream,R1,regional,spatial,,regional,collectable but has no VPC presence
appsync.api,appsync,R1,regional,spatial,,regional,collectable but has no VPC presence
appsync.domain_name,appsync,R1,regional,spatial,,regional,collectable but has no VPC presence
appsync.graph_ql_api,appsync,R1,regional,spatial,,regional,collectable but has no VPC presence
arc-region-switch.plan,arc-region-switch,R1,regional,spatial,,regional,collectable but has no VPC presence
arc-region-switch.plan_evaluation_status,arc-region-switch,R1,regional,spatial,,regional,collectable but has no VPC presence
arc-region-switch.plan_execution,arc-region-switch,R1,regional,spatial,,regional,collectable but has no VPC presence
arc-region-switch.plan_execution_event,arc-region-switch,R1,regional,spatial,,regional,collectable but has no VPC presence
arc-region-switch.plan_in_region,arc-region-switch,R1,regional,spatial,,regional,collectable but has no VPC presence
arc-region-switch.plans_in_region,arc-region-switch,R1,regional,spatial,,regional,collectable but has no VPC presence
arc-region-switch.route53_health_check,arc-region-switch,R1,regional,spatial,,regional,collectable but has no VPC presence
arc-region-switch.tags_for_resource,arc-region-switch,R1,regional,spatial,,regional,collectable but has no VPC presence
arc-zonal-shift.autoshift,arc-zonal-shift,R1,regional,spatial,,regional,collectable but has no VPC presence
arc-zonal-shift.autoshift_observer_notification_status,arc-zonal-shift,R1,regional,spatial,,regional,collectable but has no VPC presence
arc-zonal-shift.managed_resource,arc-zonal-shift,R1,regional,spatial,,regional,collectable but has no VPC presence
arc-zonal-shift.zonal_shift,arc-zonal-shift,R1,regional,spatial,,regional,collectable but has no VPC presence
athena.capacity_reservation,athena,R1,regional,spatial,,regional-service,"athena is regional, outside any VPC"
athena.data_catalog,athena,R1,regional,spatial,,regional-service,"athena is regional, outside any VPC"
athena.named_query,athena,R1,regional,spatial,,regional-service,"athena is regional, outside any VPC"
athena.prepared_statement,athena,R1,regional,spatial,,regional-service,"athena is regional, outside any VPC"
athena.work_group,athena,R1,regional,spatial,,regional-service,"athena is regional, outside any VPC"
auditmanager.account_status,auditmanager,R1,regional,spatial,,regional,collectable but has no VPC presence
auditmanager.assessment,auditmanager,R1,regional,spatial,,regional,collectable but has no VPC presence
auditmanager.assessment_control_insights_by_control_domain,auditmanager,R1,regional,spatial,,regional,collectable but has no VPC presence
auditmanager.assessment_framework,auditmanager,R1,regional,spatial,,regional,collectable but has no VPC presence
auditmanager.assessment_framework_share_request,auditmanager,R1,regional,spatial,,regional,collectable but has no VPC presence
auditmanager.assessment_report,auditmanager,R1,regional,spatial,,regional,collectable but has no VPC presence
auditmanager.assessment_report_url,auditmanager,R1,regional,spatial,,regional,collectable but has no VPC presence
auditmanager.change_log,auditmanager,R1,regional,spatial,,regional,collectable but has no VPC presence
auditmanager.control,auditmanager,R1,regional,spatial,,regional,collectable but has no VPC presence
auditmanager.control_domain_insight,auditmanager,R1,regional,spatial,,regional,collectable but has no VPC presence
auditmanager.control_domain_insights_by_assessment,auditmanager,R1,regional,spatial,,regional,collectable but has no VPC presence
auditmanager.control_insights_by_control_domain,auditmanager,R1,regional,spatial,,regional,collectable but has no VPC presence
auditmanager.delegation,auditmanager,R1,regional,spatial,,regional,collectable but has no VPC presence
auditmanager.evidence,auditmanager,R1,regional,spatial,,regional,collectable but has no VPC presence
auditmanager.evidence_by_evidence_folder,auditmanager,R1,regional,spatial,,regional,collectable but has no VPC presence
auditmanager.evidence_file_upload_url,auditmanager,R1,regional,spatial,,regional,collectable but has no VPC presence
auditmanager.evidence_folder,auditmanager,R1,regional,spatial,,regional,collectable but has no VPC presence
auditmanager.evidence_folders_by_assessment,auditmanager,R1,regional,spatial,,regional,collectable but has no VPC presence
auditmanager.evidence_folders_by_assessment_control,auditmanager,R1,regional,spatial,,regional,collectable but has no VPC presence
auditmanager.insight,auditmanager,R1,regional,spatial,,regional,collectable but has no VPC presence
auditmanager.insights_by_assessment,auditmanager,R1,regional,spatial,,regional,collectable but has no VPC presence
auditmanager.keywords_for_data_source,auditmanager,R1,regional,spatial,,regional,collectable but has no VPC presence
auditmanager.notification,auditmanager,R1,regional,spatial,,regional,collectable but has no VPC presence
auditmanager.organization_admin_account,auditmanager,R1,regional,spatial,,regional,collectable but has no VPC presence
auditmanager.services_in_scope,auditmanager,R1,regional,spatial,,regional,collectable but has no VPC presence
auditmanager.setting,auditmanager,R1,regional,spatial,,regional,collectable but has no VPC presence
auditmanager.tags_for_resource,auditmanager,R1,regional,spatial,,regional,collectable but has no VPC presence
autoscaling-plans.scaling_plan,autoscaling-plans,R1,regional,spatial,,regional,collectable but has no VPC presence
autoscaling-plans.scaling_plan_resource,autoscaling-plans,R1,regional,spatial,,regional,collectable but has no VPC presence
autoscaling-plans.scaling_plan_resource_forecast_data,autoscaling-plans,R1,regional,spatial,,regional,collectable but has no VPC presence
autoscaling.notification_configuration,autoscaling,R1,regional,spatial,,regional,collectable but has no VPC presence
autoscaling.scaling_policy,autoscaling,R1,regional,spatial,,regional,collectable but has no VPC presence
autoscaling.scheduled_action,autoscaling,R1,regional,spatial,,regional,collectable but has no VPC presence
b2bi.capability,b2bi,R1,regional,spatial,,regional,collectable but has no VPC presence
b2bi.partnership,b2bi,R1,regional,spatial,,regional,collectable but has no VPC presence
b2bi.profile,b2bi,R1,regional,spatial,,regional,collectable but has no VPC presence
b2bi.tags_for_resource,b2bi,R1,regional,spatial,,regional,collectable but has no VPC presence
b2bi.transformer,b2bi,R1,regional,spatial,,regional,collectable but has no VPC presence
b2bi.transformer_job,b2bi,R1,regional,spatial,,regional,collectable but has no VPC presence
backup-gateway.bandwidth_rate_limit_schedule,backup-gateway,R1,regional,spatial,,regional,collectable but has no VPC presence
backup-gateway.gateway,backup-gateway,R1,regional,spatial,,regional,collectable but has no VPC presence
backup-gateway.hypervisor,backup-gateway,R1,regional,spatial,,regional,collectable but has no VPC presence
backup-gateway.hypervisor_property_mapping,backup-gateway,R1,regional,spatial,,regional,collectable but has no VPC presence
backup-gateway.tags_for_resource,backup-gateway,R1,regional,spatial,,regional,collectable but has no VPC presence
backup-gateway.virtual_machine,backup-gateway,R1,regional,spatial,,regional,collectable but has no VPC presence
backup.backup_job,backup,R1,regional,spatial,,regional-service,"backup is regional, outside any VPC"
backup.backup_plan,backup,R1,regional,spatial,,regional-service,"backup is regional, outside any VPC"
backup.backup_plan_version,backup,R1,regional,spatial,,regional-service,"backup is regional, outside any VPC"
backup.backup_selection,backup,R1,regional,spatial,,regional-service,"backup is regional, outside any VPC"
backup.backup_vault,backup,R1,regional,spatial,,regional-service,"backup is regional, outside any VPC"
backup.backup_vault_access_policy,backup,R1,regional,spatial,,regional-service,"backup is regional, outside any VPC"
backup.backup_vault_notification,backup,R1,regional,spatial,,regional-service,"backup is regional, outside any VPC"
backup.copy_job,backup,R1,regional,spatial,,regional-service,"backup is regional, outside any VPC"
backup.framework,backup,R1,regional,spatial,,regional-service,"backup is regional, outside any VPC"
backup.legal_hold,backup,R1,regional,spatial,,regional-service,"backup is regional, outside any VPC"
backup.logically_air_gapped_backup_vault,backup,R1,regional,spatial,,regional-service,"backup is regional, outside any VPC"
backup.protected_resource,backup,R1,regional,spatial,,regional-service,"backup is regional, outside any VPC"
backup.recovery_points_by_backup_vault,backup,R1,regional,spatial,,regional-service,"backup is regional, outside any VPC"
backup.recovery_points_by_resource,backup,R1,regional,spatial,,regional-service,"backup is regional, outside any VPC"
backup.report_plan,backup,R1,regional,spatial,,regional-service,"backup is regional, outside any VPC"
backup.restore_job,backup,R1,regional,spatial,,regional-service,"backup is regional, outside any VPC"
backup.restore_jobs_by_protected_resource,backup,R1,regional,spatial,,regional-service,"backup is regional, outside any VPC"
backup.restore_testing_plan,backup,R1,regional,spatial,,regional-service,"backup is regional, outside any VPC"
backup.restore_testing_selection,backup,R1,regional,spatial,,regional-service,"backup is regional, outside any VPC"
backup.scan_job,backup,R1,regional,spatial,,regional-service,"backup is regional, outside any VPC"
backup.tiering_configuration,backup,R1,regional,spatial,,regional-service,"backup is regional, outside any VPC"
backupsearch.search_job,backupsearch,R1,regional,spatial,,regional,collectable but has no VPC presence
backupsearch.search_job_backup,backupsearch,R1,regional,spatial,,regional,collectable but has no VPC presence
backupsearch.search_job_result,backupsearch,R1,regional,spatial,,regional,collectable but has no VPC presence
backupsearch.search_result_export_job,backupsearch,R1,regional,spatial,,regional,collectable but has no VPC presence
backupsearch.tags_for_resource,backupsearch,R1,regional,spatial,,regional,collectable but has no VPC presence
batch.consumable_resource,batch,R1,regional,spatial,,regional-service,"batch is regional, outside any VPC"
batch.job_definition,batch,R1,regional,spatial,,regional-service,"batch is regional, outside any VPC"
batch.job_queue,batch,R1,regional,spatial,,regional-service,"batch is regional, outside any VPC"
batch.quota_share,batch,R1,regional,spatial,,regional-service,"batch is regional, outside any VPC"
batch.scheduling_policy,batch,R1,regional,spatial,,regional-service,"batch is regional, outside any VPC"
batch.service_environment,batch,R1,regional,spatial,,regional-service,"batch is regional, outside any VPC"
bcm-dashboards.dashboard,bcm-dashboards,R1,regional,spatial,,regional,collectable but has no VPC presence
bcm-dashboards.resource_policy,bcm-dashboards,R1,regional,spatial,,regional,collectable but has no VPC presence
bcm-dashboards.tags_for_resource,bcm-dashboards,R1,regional,spatial,,regional,collectable but has no VPC presence
bcm-data-exports.execution,bcm-data-exports,R1,regional,spatial,,regional,collectable but has no VPC presence
bcm-data-exports.export,bcm-data-exports,R1,regional,spatial,,regional,collectable but has no VPC presence
bcm-data-exports.table,bcm-data-exports,R1,regional,spatial,,regional,collectable but has no VPC presence
bcm-data-exports.tags_for_resource,bcm-data-exports,R1,regional,spatial,,regional,collectable but has no VPC presence
bcm-pricing-calculator.bill_estimate,bcm-pricing-calculator,R1,regional,spatial,,regional,collectable but has no VPC presence
bcm-pricing-calculator.bill_estimate_commitment,bcm-pricing-calculator,R1,regional,spatial,,regional,collectable but has no VPC presence
bcm-pricing-calculator.bill_estimate_input_commitment_modification,bcm-pricing-calculator,R1,regional,spatial,,regional,collectable but has no VPC presence
bcm-pricing-calculator.bill_estimate_input_usage_modification,bcm-pricing-calculator,R1,regional,spatial,,regional,collectable but has no VPC presence
bcm-pricing-calculator.bill_estimate_line_item,bcm-pricing-calculator,R1,regional,spatial,,regional,collectable but has no VPC presence
bcm-pricing-calculator.bill_scenario,bcm-pricing-calculator,R1,regional,spatial,,regional,collectable but has no VPC presence
bcm-pricing-calculator.bill_scenario_commitment_modification,bcm-pricing-calculator,R1,regional,spatial,,regional,collectable but has no VPC presence
bcm-pricing-calculator.bill_scenario_usage_modification,bcm-pricing-calculator,R1,regional,spatial,,regional,collectable but has no VPC presence
bcm-pricing-calculator.preference,bcm-pricing-calculator,R1,regional,spatial,,regional,collectable but has no VPC presence
bcm-pricing-calculator.tags_for_resource,bcm-pricing-calculator,R1,regional,spatial,,regional,collectable but has no VPC presence
bcm-pricing-calculator.workload_estimate,bcm-pricing-calculator,R1,regional,spatial,,regional,collectable but has no VPC presence
bcm-pricing-calculator.workload_estimate_usage,bcm-pricing-calculator,R1,regional,spatial,,regional,collectable but has no VPC presence
bcm-recommended-actions.recommended_action,bcm-recommended-actions,R1,regional,spatial,,regional,collectable but has no VPC presence
bedrock-agent-runtime.agent_memory,bedrock-agent-runtime,R1,regional,spatial,,regional,collectable but has no VPC presence
bedrock-agent-runtime.execution_flow_snapshot,bedrock-agent-runtime,R1,regional,spatial,,regional,collectable but has no VPC presence
bedrock-agent-runtime.flow_execution,bedrock-agent-runtime,R1,regional,spatial,,regional,collectable but has no VPC presence
bedrock-agent-runtime.flow_execution_event,bedrock-agent-runtime,R1,regional,spatial,,regional,collectable but has no VPC presence
bedrock-agent-runtime.invocation,bedrock-agent-runtime,R1,regional,spatial,,regional,collectable but has no VPC presence
bedrock-agent-runtime.invocation_step,bedrock-agent-runtime,R1,regional,spatial,,regional,collectable but has no VPC presence
bedrock-agent-runtime.session,bedrock-agent-runtime,R1,regional,spatial,,regional,collectable but has no VPC presence
bedrock-agent-runtime.tags_for_resource,bedrock-agent-runtime,R1,regional,spatial,,regional,collectable but has no VPC presence
bedrock-agent.bedrock_agent,bedrock-agent,R1,regional,spatial,,regional,collectable but has no VPC presence
bedrock-agent.bedrock_knowledge_base,bedrock-agent,R1,regional,spatial,,regional,collectable but has no VPC presence
bedrock-agent.flow,bedrock-agent,R1,regional,spatial,,regional,collectable but has no VPC presence
bedrock-agent.flow_alia,bedrock-agent,R1,regional,spatial,,regional,collectable but has no VPC presence
bedrock-agent.flow_alias,bedrock-agent,R1,regional,spatial,,regional,collectable but has no VPC presence
bedrock-agent.flow_version,bedrock-agent,R1,regional,spatial,,regional,collectable but has no VPC presence
bedrock-agent.prompt,bedrock-agent,R1,regional,spatial,,regional,collectable but has no VPC presence
bedrock-agent.tags_for_resource,bedrock-agent,R1,regional,spatial,,regional,collectable but has no VPC presence
bedrock-agentcore-control.agent_runtime,bedrock-agentcore-control,R1,regional,spatial,,regional,collectable but has no VPC presence
bedrock-agentcore-control.agent_runtime_endpoint,bedrock-agentcore-control,R1,regional,spatial,,regional,collectable but has no VPC presence
bedrock-agentcore-control.agent_runtime_version,bedrock-agentcore-control,R1,regional,spatial,,regional,collectable but has no VPC presence
bedrock-agentcore-control.api_key_credential_provider,bedrock-agentcore-control,R1,regional,spatial,,regional,collectable but has no VPC presence
bedrock-agentcore-control.browser,bedrock-agentcore-control,R1,regional,spatial,,regional,collectable but has no VPC presence
bedrock-agentcore-control.code_interpreter,bedrock-agentcore-control,R1,regional,spatial,,regional,collectable but has no VPC presence
bedrock-agentcore-control.gateway,bedrock-agentcore-control,R1,regional,spatial,,regional,collectable but has no VPC presence
bedrock-agentcore-control.gateway_target,bedrock-agentcore-control,R1,regional,spatial,,regional,collectable but has no VPC presence
bedrock-agentcore-control.memory,bedrock-agentcore-control,R1,regional,spatial,,regional,collectable but has no VPC presence
bedrock-agentcore-control.oauth2_credential_provider,bedrock-agentcore-control,R1,regional,spatial,,regional,collectable but has no VPC presence
bedrock-agentcore-control.tags_for_resource,bedrock-agentcore-control,R1,regional,spatial,,regional,collectable but has no VPC presence
bedrock-agentcore-control.token_vault,bedrock-agentcore-control,R1,regional,spatial,,regional,collectable but has no VPC presence
bedrock-agentcore-control.workload_identity,bedrock-agentcore-control,R1,regional,spatial,,regional,collectable but has no VPC presence
bedrockagentcore.actor,bedrock-agentcore,R1,regional,spatial,,regional,collectable but has no VPC presence
bedrockagentcore.agent_card,bedrock-agentcore,R1,regional,spatial,,regional,collectable but has no VPC presence
bedrockagentcore.browser_session,bedrock-agentcore,R1,regional,spatial,,regional,collectable but has no VPC presence
bedrockagentcore.code_interpreter_session,bedrock-agentcore,R1,regional,spatial,,regional,collectable but has no VPC presence
bedrockagentcore.event,bedrock-agentcore,R1,regional,spatial,,regional,collectable but has no VPC presence
bedrockagentcore.memory_extraction_job,bedrock-agentcore,R1,regional,spatial,,regional,collectable but has no VPC presence
bedrockagentcore.memory_record,bedrock-agentcore,R1,regional,spatial,,regional,collectable but has no VPC presence
bedrockagentcore.resource_api_key,bedrock-agentcore,R1,regional,spatial,,regional,collectable but has no VPC presence
bedrockagentcore.resource_oauth2_token,bedrock-agentcore,R1,regional,spatial,,regional,collectable but has no VPC presence
bedrockagentcore.session,bedrock-agentcore,R1,regional,spatial,,regional,collectable but has no VPC presence
bedrockagentcore.workload_access_token,bedrock-agentcore,R1,regional,spatial,,regional,collectable but has no VPC presence
bedrockagentcore.workload_access_token_for_jwt,bedrock-agentcore,R1,regional,spatial,,regional,collectable but has no VPC presence
bedrockagentcore.workload_access_token_for_user_id,bedrock-agentcore,R1,regional,spatial,,regional,collectable but has no VPC presence
bedrock-data-automation-runtime.data_automation_status,bedrock-data-automation-runtime,R1,regional,spatial,,regional,collectable but has no VPC presence
bedrock-data-automation-runtime.tags_for_resource,bedrock-data-automation-runtime,R1,regional,spatial,,regional,collectable but has no VPC presence
bedrock-data-automation.blueprint,bedrock-data-automation,R1,regional,spatial,,regional,collectable but has no VPC presence
bedrock-data-automation.data_automation_project,bedrock-data-automation,R1,regional,spatial,,regional,collectable but has no VPC presence
bedrock-data-automation.tags_for_resource,bedrock-data-automation,R1,regional,spatial,,regional,collectable but has no VPC presence
bedrock-runtime.async_invoke,bedrock-runtime,R1,regional,spatial,,regional,collectable but has no VPC presence
bedrock.agent,bedrock,R1,regional,spatial,,regional-service,"bedrock is regional, outside any VPC"
bedrock.agent_alias,bedrock,R1,regional,spatial,,regional-service,"bedrock is regional, outside any VPC"
bedrock.application_inference_profile,bedrock,R1,regional,spatial,,regional-service,"bedrock is regional, outside any VPC"
bedrock.automated_reasoning_policy,bedrock,R1,regional,spatial,,regional-service,"bedrock is regional, outside any VPC"
bedrock.automated_reasoning_policy_version,bedrock,R1,regional,spatial,,regional-service,"bedrock is regional, outside any VPC"
bedrock.bedrock_custom_model,bedrock,R1,regional,spatial,,regional-service,"bedrock is regional, outside any VPC"
bedrock.bedrock_customization_job,bedrock,R1,regional,spatial,,regional-service,"bedrock is regional, outside any VPC"
bedrock.blueprint,bedrock,R1,regional,spatial,,regional-service,"bedrock is regional, outside any VPC"
bedrock.custom_model,bedrock,R1,regional,spatial,,regional-service,"bedrock is regional, outside any VPC"
bedrock.custom_model_deployment,bedrock,R1,regional,spatial,,regional-service,"bedrock is regional, outside any VPC"
bedrock.data_automation_library,bedrock,R1,regional,spatial,,regional-service,"bedrock is regional, outside any VPC"
bedrock.data_automation_project,bedrock,R1,regional,spatial,,regional-service,"bedrock is regional, outside any VPC"
bedrock.data_source,bedrock,R1,regional,spatial,,regional-service,"bedrock is regional, outside any VPC"
bedrock.enforced_guardrail_configuration,bedrock,R1,regional,spatial,,regional-service,"bedrock is regional, outside any VPC"
bedrock.enforced_guardrails_configuration,bedrock,R1,regional,spatial,,regional-service,"bedrock is regional, outside any VPC"
bedrock.flow,bedrock,R1,regional,spatial,,regional-service,"bedrock is regional, outside any VPC"
bedrock.flow_alias,bedrock,R1,regional,spatial,,regional-service,"bedrock is regional, outside any VPC"
bedrock.flow_version,bedrock,R1,regional,spatial,,regional-service,"bedrock is regional, outside any VPC"
bedrock.guardrail,bedrock,R1,regional,spatial,,regional-service,"bedrock is regional, outside any VPC"
bedrock.guardrail_version,bedrock,R1,regional,spatial,,regional-service,"bedrock is regional, outside any VPC"
bedrock.inference_profile,bedrock,R1,regional,spatial,,regional-service,"bedrock is regional, outside any VPC"
bedrock.intelligent_prompt_router,bedrock,R1,regional,spatial,,regional-service,"bedrock is regional, outside any VPC"
bedrock.knowledge_base,bedrock,R1,regional,spatial,,regional-service,"bedrock is regional, outside any VPC"
bedrock.knowledge_base_policy,bedrock,R1,regional,spatial,,regional-service,"bedrock is regional, outside any VPC"
bedrock.marketplace_model_endpoint,bedrock,R1,regional,spatial,,regional-service,"bedrock is regional, outside any VPC"
bedrock.model_copy_job,bedrock,R1,regional,spatial,,regional-service,"bedrock is regional, outside any VPC"
bedrock.model_import_job,bedrock,R1,regional,spatial,,regional-service,"bedrock is regional, outside any VPC"
bedrock.model_invocation_job,bedrock,R1,regional,spatial,,regional-service,"bedrock is regional, outside any VPC"
bedrock.model_invocation_logging_configuration,bedrock,R1,regional,spatial,,regional-service,"bedrock is regional, outside any VPC"
bedrock.prompt,bedrock,R1,regional,spatial,,regional-service,"bedrock is regional, outside any VPC"
bedrock.prompt_router,bedrock,R1,regional,spatial,,regional-service,"bedrock is regional, outside any VPC"
bedrock.prompt_version,bedrock,R1,regional,spatial,,regional-service,"bedrock is regional, outside any VPC"
bedrock.provisioned_model_throughput,bedrock,R1,regional,spatial,,regional-service,"bedrock is regional, outside any VPC"
bedrock.resource_policy,bedrock,R1,regional,spatial,,regional-service,"bedrock is regional, outside any VPC"
billingconductor.account_association,billingconductor,R1,regional,spatial,,regional,collectable but has no VPC presence
billingconductor.billing_group,billingconductor,R1,regional,spatial,,regional,collectable but has no VPC presence
billingconductor.billing_group_cost_report,billingconductor,R1,regional,spatial,,regional,collectable but has no VPC presence
billingconductor.custom_line_item,billingconductor,R1,regional,spatial,,regional,collectable but has no VPC presence
billingconductor.custom_line_item_version,billingconductor,R1,regional,spatial,,regional,collectable but has no VPC presence
billingconductor.pricing_plan,billingconductor,R1,regional,spatial,,regional,collectable but has no VPC presence
billingconductor.pricing_plans_associated_with_pricing_rule,billingconductor,R1,regional,spatial,,regional,collectable but has no VPC presence
billingconductor.pricing_rule,billingconductor,R1,regional,spatial,,regional,collectable but has no VPC presence
billingconductor.pricing_rules_associated_to_pricing_plan,billingconductor,R1,regional,spatial,,regional,collectable but has no VPC presence
billingconductor.resources_associated_to_custom_line_item,billingconductor,R1,regional,spatial,,regional,collectable but has no VPC presence
billingconductor.tags_for_resource,billingconductor,R1,regional,spatial,,regional,collectable but has no VPC presence
braket.device,braket,R1,regional,spatial,,regional,collectable but has no VPC presence
braket.job,braket,R1,regional,spatial,,regional,collectable but has no VPC presence
braket.quantum_task,braket,R1,regional,spatial,,regional,collectable but has no VPC presence
braket.search_device,braket,R1,regional,spatial,,regional,collectable but has no VPC presence
braket.search_job,braket,R1,regional,spatial,,regional,collectable but has no VPC presence
braket.search_quantum_task,braket,R1,regional,spatial,,regional,collectable but has no VPC presence
braket.spending_limit,braket,R1,regional,spatial,,regional,collectable but has no VPC presence
braket.tags_for_resource,braket,R1,regional,spatial,,regional,collectable but has no VPC presence
chatbot.account_preference,chatbot,R1,regional,spatial,,regional,collectable but has no VPC presence
chatbot.association,chatbot,R1,regional,spatial,,regional,collectable but has no VPC presence
chatbot.chime_webhook_configuration,chatbot,R1,regional,spatial,,regional,collectable but has no VPC presence
chatbot.custom_action,chatbot,R1,regional,spatial,,regional,collectable but has no VPC presence
chatbot.microsoft_teams_channel_configuration,chatbot,R1,regional,spatial,,regional,collectable but has no VPC presence
chatbot.microsoft_teams_configured_team,chatbot,R1,regional,spatial,,regional,collectable but has no VPC presence
chatbot.microsoft_teams_user_identity,chatbot,R1,regional,spatial,,regional,collectable but has no VPC presence
chatbot.slack_channel_configuration,chatbot,R1,regional,spatial,,regional,collectable but has no VPC presence
chatbot.slack_user_identity,chatbot,R1,regional,spatial,,regional,collectable but has no VPC presence
chatbot.slack_workspace,chatbot,R1,regional,spatial,,regional,collectable but has no VPC presence
chatbot.tags_for_resource,chatbot,R1,regional,spatial,,regional,collectable but has no VPC presence
chime-sdk-identity.app_instance,chime-sdk-identity,R1,regional,spatial,,regional,collectable but has no VPC presence
chime-sdk-identity.app_instance_admin,chime-sdk-identity,R1,regional,spatial,,regional,collectable but has no VPC presence
chime-sdk-identity.app_instance_bot,chime-sdk-identity,R1,regional,spatial,,regional,collectable but has no VPC presence
chime-sdk-identity.app_instance_retention_setting,chime-sdk-identity,R1,regional,spatial,,regional,collectable but has no VPC presence
chime-sdk-identity.app_instance_user,chime-sdk-identity,R1,regional,spatial,,regional,collectable but has no VPC presence
chime-sdk-identity.app_instance_user_endpoint,chime-sdk-identity,R1,regional,spatial,,regional,collectable but has no VPC presence
chime-sdk-identity.tags_for_resource,chime-sdk-identity,R1,regional,spatial,,regional,collectable but has no VPC presence
chime-sdk-media-pipelines.media_capture_pipeline,chime-sdk-media-pipelines,R1,regional,spatial,,regional,collectable but has no VPC presence
chime-sdk-media-pipelines.media_insights_pipeline_configuration,chime-sdk-media-pipelines,R1,regional,spatial,,regional,collectable but has no VPC presence
chime-sdk-media-pipelines.media_pipeline,chime-sdk-media-pipelines,R1,regional,spatial,,regional,collectable but has no VPC presence
chime-sdk-media-pipelines.media_pipeline_kinesis_video_stream_pool,chime-sdk-media-pipelines,R1,regional,spatial,,regional,collectable but has no VPC presence
chime-sdk-media-pipelines.speaker_search_task,chime-sdk-media-pipelines,R1,regional,spatial,,regional,collectable but has no VPC presence
chime-sdk-media-pipelines.tags_for_resource,chime-sdk-media-pipelines,R1,regional,spatial,,regional,collectable but has no VPC presence
chime-sdk-media-pipelines.voice_tone_analysis_task,chime-sdk-media-pipelines,R1,regional,spatial,,regional,collectable but has no VPC presence
chime-sdk-meetings.attendee,chime-sdk-meetings,R1,regional,spatial,,regional,collectable but has no VPC presence
chime-sdk-meetings.meeting,chime-sdk-meetings,R1,regional,spatial,,regional,collectable but has no VPC presence
chime-sdk-meetings.tags_for_resource,chime-sdk-meetings,R1,regional,spatial,,regional,collectable but has no VPC presence
chime-sdk-messaging.channel,chime-sdk-messaging,R1,regional,spatial,,regional,collectable but has no VPC presence
chime-sdk-messaging.channel_ban,chime-sdk-messaging,R1,regional,spatial,,regional,collectable but has no VPC presence
chime-sdk-messaging.channel_flow,chime-sdk-messaging,R1,regional,spatial,,regional,collectable but has no VPC presence
chime-sdk-messaging.channel_membership,chime-sdk-messaging,R1,regional,spatial,,regional,collectable but has no VPC presence
chime-sdk-messaging.channel_membership_for_app_instance_user,chime-sdk-messaging,R1,regional,spatial,,regional,collectable but has no VPC presence
chime-sdk-messaging.channel_membership_preference,chime-sdk-messaging,R1,regional,spatial,,regional,collectable but has no VPC presence
chime-sdk-messaging.channel_memberships_for_app_instance_user,chime-sdk-messaging,R1,regional,spatial,,regional,collectable but has no VPC presence
chime-sdk-messaging.channel_message,chime-sdk-messaging,R1,regional,spatial,,regional,collectable but has no VPC presence
chime-sdk-messaging.channel_message_status,chime-sdk-messaging,R1,regional,spatial,,regional,collectable but has no VPC presence
chime-sdk-messaging.channel_moderated_by_app_instance_user,chime-sdk-messaging,R1,regional,spatial,,regional,collectable but has no VPC presence
chime-sdk-messaging.channel_moderator,chime-sdk-messaging,R1,regional,spatial,,regional,collectable but has no VPC presence
chime-sdk-messaging.channels_moderated_by_app_instance_user,chime-sdk-messaging,R1,regional,spatial,,regional,collectable but has no VPC presence
chime-sdk-messaging.messaging_session_endpoint,chime-sdk-messaging,R1,regional,spatial,,regional,collectable but has no VPC presence
chime-sdk-messaging.messaging_streaming_configuration,chime-sdk-messaging,R1,regional,spatial,,regional,collectable but has no VPC presence
chime-sdk-messaging.sub_channel,chime-sdk-messaging,R1,regional,spatial,,regional,collectable but has no VPC presence
chime-sdk-messaging.tags_for_resource,chime-sdk-messaging,R1,regional,spatial,,regional,collectable but has no VPC presence
chime-sdk-voice.global_setting,chime-sdk-voice,R1,regional,spatial,,regional,collectable but has no VPC presence
chime-sdk-voice.phone_number,chime-sdk-voice,R1,regional,spatial,,regional,collectable but has no VPC presence
chime-sdk-voice.phone_number_order,chime-sdk-voice,R1,regional,spatial,,regional,collectable but has no VPC presence
chime-sdk-voice.phone_number_setting,chime-sdk-voice,R1,regional,spatial,,regional,collectable but has no VPC presence
chime-sdk-voice.proxy_session,chime-sdk-voice,R1,regional,spatial,,regional,collectable but has no VPC presence
chime-sdk-voice.sip_media_application,chime-sdk-voice,R1,regional,spatial,,regional,collectable but has no VPC presence
chime-sdk-voice.sip_media_application_alexa_skill_configuration,chime-sdk-voice,R1,regional,spatial,,regional,collectable but has no VPC presence
chime-sdk-voice.sip_media_application_logging_configuration,chime-sdk-voice,R1,regional,spatial,,regional,collectable but has no VPC presence
chime-sdk-voice.sip_rule,chime-sdk-voice,R1,regional,spatial,,regional,collectable but has no VPC presence
chime-sdk-voice.speaker_search_task,chime-sdk-voice,R1,regional,spatial,,regional,collectable but has no VPC presence
chime-sdk-voice.supported_phone_number_country,chime-sdk-voice,R1,regional,spatial,,regional,collectable but has no VPC presence
chime-sdk-voice.tags_for_resource,chime-sdk-voice,R1,regional,spatial,,regional,collectable but has no VPC presence
chime-sdk-voice.voice_connector,chime-sdk-voice,R1,regional,spatial,,regional,collectable but has no VPC presence
chime-sdk-voice.voice_connector_emergency_calling_configuration,chime-sdk-voice,R1,regional,spatial,,regional,collectable but has no VPC presence
chime-sdk-voice.voice_connector_external_systems_configuration,chime-sdk-voice,R1,regional,spatial,,regional,collectable but has no VPC presence
chime-sdk-voice.voice_connector_group,chime-sdk-voice,R1,regional,spatial,,regional,collectable but has no VPC presence
chime-sdk-voice.voice_connector_logging_configuration,chime-sdk-voice,R1,regional,spatial,,regional,collectable but has no VPC presence
chime-sdk-voice.voice_connector_origination,chime-sdk-voice,R1,regional,spatial,,regional,collectable but has no VPC presence
chime-sdk-voice.voice_connector_proxy,chime-sdk-voice,R1,regional,spatial,,regional,collectable but has no VPC presence
chime-sdk-voice.voice_connector_streaming_configuration,chime-sdk-voice,R1,regional,spatial,,regional,collectable but has no VPC presence
chime-sdk-voice.voice_connector_termination,chime-sdk-voice,R1,regional,spatial,,regional,collectable but has no VPC presence
chime-sdk-voice.voice_connector_termination_credential,chime-sdk-voice,R1,regional,spatial,,regional,collectable but has no VPC presence
chime-sdk-voice.voice_connector_termination_health,chime-sdk-voice,R1,regional,spatial,,regional,collectable but has no VPC presence
chime-sdk-voice.voice_profile,chime-sdk-voice,R1,regional,spatial,,regional,collectable but has no VPC presence
chime-sdk-voice.voice_profile_domain,chime-sdk-voice,R1,regional,spatial,,regional,collectable but has no VPC presence
chime-sdk-voice.voice_tone_analysis_task,chime-sdk-voice,R1,regional,spatial,,regional,collectable but has no VPC presence
chime.account,chime,R1,regional,spatial,,regional,collectable but has no VPC presence
chime.account_setting,chime,R1,regional,spatial,,regional,collectable but has no VPC presence
chime.app_instance,chime,R1,regional,spatial,,regional,collectable but has no VPC presence
chime.bot,chime,R1,regional,spatial,,regional,collectable but has no VPC presence
chime.events_configuration,chime,R1,regional,spatial,,regional,collectable but has no VPC presence
chime.global_setting,chime,R1,regional,spatial,,regional,collectable but has no VPC presence
chime.phone_number,chime,R1,regional,spatial,,regional,collectable but has no VPC presence
chime.phone_number_order,chime,R1,regional,spatial,,regional,collectable but has no VPC presence
chime.phone_number_setting,chime,R1,regional,spatial,,regional,collectable but has no VPC presence
chime.retention_setting,chime,R1,regional,spatial,,regional,collectable but has no VPC presence
chime.room,chime,R1,regional,spatial,,regional,collectable but has no VPC presence
chime.room_membership,chime,R1,regional,spatial,,regional,collectable but has no VPC presence
chime.supported_phone_number_country,chime,R1,regional,spatial,,regional,collectable but has no VPC presence
chime.user,chime,R1,regional,spatial,,regional,collectable but has no VPC presence
chime.user_setting,chime,R1,regional,spatial,,regional,collectable but has no VPC presence
cleanrooms.analysis_template,cleanrooms,R1,regional,spatial,,regional,collectable but has no VPC presence
cleanrooms.collaboration,cleanrooms,R1,regional,spatial,,regional,collectable but has no VPC presence
cleanrooms.collaboration_analysis_template,cleanrooms,R1,regional,spatial,,regional,collectable but has no VPC presence
cleanrooms.collaboration_change_request,cleanrooms,R1,regional,spatial,,regional,collectable but has no VPC presence
cleanrooms.collaboration_configured_audience_model_association,cleanrooms,R1,regional,spatial,,regional,collectable but has no VPC presence
cleanrooms.collaboration_id_namespace_association,cleanrooms,R1,regional,spatial,,regional,collectable but has no VPC presence
cleanrooms.collaboration_privacy_budget,cleanrooms,R1,regional,spatial,,regional,collectable but has no VPC presence
cleanrooms.collaboration_privacy_budget_template,cleanrooms,R1,regional,spatial,,regional,collectable but has no VPC presence
cleanrooms.configured_audience_model_association,cleanrooms,R1,regional,spatial,,regional,collectable but has no VPC presence
cleanrooms.configured_table,cleanrooms,R1,regional,spatial,,regional,collectable but has no VPC presence
cleanrooms.configured_table_analysis_rule,cleanrooms,R1,regional,spatial,,regional,collectable but has no VPC presence
cleanrooms.configured_table_association,cleanrooms,R1,regional,spatial,,regional,collectable but has no VPC presence
cleanrooms.configured_table_association_analysis_rule,cleanrooms,R1,regional,spatial,,regional,collectable but has no VPC presence
cleanrooms.id_mapping_table,cleanrooms,R1,regional,spatial,,regional,collectable but has no VPC presence
cleanrooms.id_namespace_association,cleanrooms,R1,regional,spatial,,regional,collectable but has no VPC presence
cleanrooms.member,cleanrooms,R1,regional,spatial,,regional,collectable but has no VPC presence
cleanrooms.membership,cleanrooms,R1,regional,spatial,,regional,collectable but has no VPC presence
cleanrooms.privacy_budget,cleanrooms,R1,regional,spatial,,regional,collectable but has no VPC presence
cleanrooms.privacy_budget_template,cleanrooms,R1,regional,spatial,,regional,collectable but has no VPC presence
cleanrooms.protected_job,cleanrooms,R1,regional,spatial,,regional,collectable but has no VPC presence
cleanrooms.protected_query,cleanrooms,R1,regional,spatial,,regional,collectable but has no VPC presence
cleanrooms.schema,cleanrooms,R1,regional,spatial,,regional,collectable but has no VPC presence
cleanrooms.schema_analysis_rule,cleanrooms,R1,regional,spatial,,regional,collectable but has no VPC presence
cleanrooms.tags_for_resource,cleanrooms,R1,regional,spatial,,regional,collectable but has no VPC presence
cleanroomsml.audience_export_job,cleanroomsml,R1,regional,spatial,,regional,collectable but has no VPC presence
cleanroomsml.audience_generation_job,cleanroomsml,R1,regional,spatial,,regional,collectable but has no VPC presence
cleanroomsml.audience_model,cleanroomsml,R1,regional,spatial,,regional,collectable but has no VPC presence
cleanroomsml.collaboration_configured_model_algorithm_association,cleanroomsml,R1,regional,spatial,,regional,collectable but has no VPC presence
cleanroomsml.collaboration_ml_input_channel,cleanroomsml,R1,regional,spatial,,regional,collectable but has no VPC presence
cleanroomsml.collaboration_trained_model,cleanroomsml,R1,regional,spatial,,regional,collectable but has no VPC presence
cleanroomsml.collaboration_trained_model_export_job,cleanroomsml,R1,regional,spatial,,regional,collectable but has no VPC presence
cleanroomsml.collaboration_trained_model_inference_job,cleanroomsml,R1,regional,spatial,,regional,collectable but has no VPC presence
cleanroomsml.configured_audience_model,cleanroomsml,R1,regional,spatial,,regional,collectable but has no VPC presence
cleanroomsml.configured_audience_model_policy,cleanroomsml,R1,regional,spatial,,regional,collectable but has no VPC presence
cleanroomsml.configured_model_algorithm,cleanroomsml,R1,regional,spatial,,regional,collectable but has no VPC presence
cleanroomsml.configured_model_algorithm_association,cleanroomsml,R1,regional,spatial,,regional,collectable but has no VPC presence
cleanroomsml.ml_configuration,cleanroomsml,R1,regional,spatial,,regional,collectable but has no VPC presence
cleanroomsml.ml_input_channel,cleanroomsml,R1,regional,spatial,,regional,collectable but has no VPC presence
cleanroomsml.tags_for_resource,cleanroomsml,R1,regional,spatial,,regional,collectable but has no VPC presence
cleanroomsml.trained_model,cleanroomsml,R1,regional,spatial,,regional,collectable but has no VPC presence
cleanroomsml.trained_model_inference_job,cleanroomsml,R1,regional,spatial,,regional,collectable but has no VPC presence
cleanroomsml.trained_model_version,cleanroomsml,R1,regional,spatial,,regional,collectable but has no VPC presence
cleanroomsml.training_dataset,cleanroomsml,R1,regional,spatial,,regional,collectable but has no VPC presence
cloud9.environment,cloud9,R1,regional,spatial,,regional,collectable but has no VPC presence
cloud9.environment_membership,cloud9,R1,regional,spatial,,regional,collectable but has no VPC presence
cloud9.environment_status,cloud9,R1,regional,spatial,,regional,collectable but has no VPC presence
cloud9.tags_for_resource,cloud9,R1,regional,spatial,,regional,collectable but has no VPC presence
cloudcontrol.resource,cloudcontrol,R1,regional,spatial,,regional,collectable but has no VPC presence
cloudcontrol.resource_request,cloudcontrol,R1,regional,spatial,,regional,collectable but has no VPC presence
cloudcontrol.resource_request_status,cloudcontrol,R1,regional,spatial,,regional,collectable but has no VPC presence
clouddirectory.applied_schema_version,clouddirectory,R1,regional,spatial,,regional,collectable but has no VPC presence
clouddirectory.attached_indice,clouddirectory,R1,regional,spatial,,regional,collectable but has no VPC presence
clouddirectory.cloud_directory,clouddirectory,R1,regional,spatial,,regional,collectable but has no VPC presence
clouddirectory.directory,clouddirectory,R1,regional,spatial,,regional,collectable but has no VPC presence
clouddirectory.facet,clouddirectory,R1,regional,spatial,,regional,collectable but has no VPC presence
clouddirectory.facet_attribute,clouddirectory,R1,regional,spatial,,regional,collectable but has no VPC presence
clouddirectory.incoming_typed_link,clouddirectory,R1,regional,spatial,,regional,collectable but has no VPC presence
clouddirectory.index,clouddirectory,R1,regional,spatial,,regional,collectable but has no VPC presence
clouddirectory.link_attribute,clouddirectory,R1,regional,spatial,,regional,collectable but has no VPC presence
clouddirectory.object_attribute,clouddirectory,R1,regional,spatial,,regional,collectable but has no VPC presence
clouddirectory.object_children,clouddirectory,R1,regional,spatial,,regional,collectable but has no VPC presence
clouddirectory.object_information,clouddirectory,R1,regional,spatial,,regional,collectable but has no VPC presence
clouddirectory.object_parent,clouddirectory,R1,regional,spatial,,regional,collectable but has no VPC presence
clouddirectory.object_parent_path,clouddirectory,R1,regional,spatial,,regional,collectable but has no VPC presence
clouddirectory.outgoing_typed_link,clouddirectory,R1,regional,spatial,,regional,collectable but has no VPC presence
clouddirectory.schema_as_json,clouddirectory,R1,regional,spatial,,regional,collectable but has no VPC presence
clouddirectory.tags_for_resource,clouddirectory,R1,regional,spatial,,regional,collectable but has no VPC presence
clouddirectory.typed_link_facet_attribute,clouddirectory,R1,regional,spatial,,regional,collectable but has no VPC presence
cloudformation.custom_resource,cloudformation,R1,regional,spatial,,regional-service,"cloudformation is regional, outside any VPC"
cloudformation.generated_template,cloudformation,R1,regional,spatial,,regional-service,"cloudformation is regional, outside any VPC"
cloudformation.guard_hook,cloudformation,R1,regional,spatial,,regional-service,"cloudformation is regional, outside any VPC"
cloudformation.hook_default_version,cloudformation,R1,regional,spatial,,regional-service,"cloudformation is regional, outside any VPC"
cloudformation.hook_result,cloudformation,R1,regional,spatial,,regional-service,"cloudformation is regional, outside any VPC"
cloudformation.hook_type_config,cloudformation,R1,regional,spatial,,regional-service,"cloudformation is regional, outside any VPC"
cloudformation.hook_version,cloudformation,R1,regional,spatial,,regional-service,"cloudformation is regional, outside any VPC"
cloudformation.lambda_hook,cloudformation,R1,regional,spatial,,regional-service,"cloudformation is regional, outside any VPC"
cloudformation.macro,cloudformation,R1,regional,spatial,,regional-service,"cloudformation is regional, outside any VPC"
cloudformation.module_default_version,cloudformation,R1,regional,spatial,,regional-service,"cloudformation is regional, outside any VPC"
cloudformation.module_version,cloudformation,R1,regional,spatial,,regional-service,"cloudformation is regional, outside any VPC"
cloudformation.public_type_version,cloudformation,R1,regional,spatial,,regional-service,"cloudformation is regional, outside any VPC"
cloudformation.publisher,cloudformation,R1,regional,spatial,,regional-service,"cloudformation is regional, outside any VPC"
cloudformation.resource_default_version,cloudformation,R1,regional,spatial,,regional-service,"cloudformation is regional, outside any VPC"
cloudformation.resource_version,cloudformation,R1,regional,spatial,,regional-service,"cloudformation is regional, outside any VPC"
cloudformation.stack,cloudformation,R1,regional,spatial,,regional-service,"cloudformation is regional, outside any VPC"
cloudformation.stack_event,cloudformation,R1,regional,spatial,,regional-service,"cloudformation is regional, outside any VPC"
cloudformation.stack_resource,cloudformation,R1,regional,spatial,,regional-service,"cloudformation is regional, outside any VPC"
cloudformation.stack_set,cloudformation,R1,regional,spatial,,regional-service,"cloudformation is regional, outside any VPC"
cloudformation.type,cloudformation,R1,regional,spatial,,regional-service,"cloudformation is regional, outside any VPC"
cloudformation.type_activation,cloudformation,R1,regional,spatial,,regional-service,"cloudformation is regional, outside any VPC"
cloudformation.wait_condition,cloudformation,R1,regional,spatial,,regional-service,"cloudformation is regional, outside any VPC"
cloudformation.wait_condition_handle,cloudformation,R1,regional,spatial,,regional-service,"cloudformation is regional, outside any VPC"
cloudfront-keyvaluestore.key,cloudfront-keyvaluestore,R1,regional,spatial,,regional,collectable but has no VPC presence
cloudfront-keyvaluestore.key_value_store,cloudfront-keyvaluestore,R1,regional,spatial,,regional,collectable but has no VPC presence
cloudhsm.config,cloudhsm,R1,regional,spatial,encryption,regional,collectable but has no VPC presence
cloudhsm.hapg,cloudhsm,R1,regional,spatial,encryption,regional,collectable but has no VPC presence
cloudhsm.hsm_client,cloudhsm,R1,regional,spatial,encryption,regional,collectable but has no VPC presence
cloudhsm.hsm_hapg,cloudhsm,R1,regional,spatial,encryption,regional,collectable but has no VPC presence
cloudhsm.luna_client,cloudhsm,R1,regional,spatial,encryption,regional,collectable but has no VPC presence
cloudhsm.tags_for_resource,cloudhsm,R1,regional,spatial,encryption,regional,collectable but has no VPC presence
cloudhsmv2.backup,cloudhsmv2,R1,regional,spatial,encryption,regional,collectable but has no VPC presence
cloudhsmv2.resource_policy,cloudhsmv2,R1,regional,spatial,encryption,regional,collectable but has no VPC presence
cloudhsmv2.tag,cloudhsmv2,R1,regional,spatial,encryption,regional,collectable but has no VPC presence
cloudsearch.analysis_scheme,cloudsearch,R1,regional,spatial,,regional,collectable but has no VPC presence
cloudsearch.availability_option,cloudsearch,R1,regional,spatial,,regional,collectable but has no VPC presence
cloudsearch.cloudsearch,cloudsearch,R1,regional,spatial,,regional,collectable but has no VPC presence
cloudsearch.domain_endpoint_option,cloudsearch,R1,regional,spatial,,regional,collectable but has no VPC presence
cloudsearch.domain_name,cloudsearch,R1,regional,spatial,,regional,collectable but has no VPC presence
cloudsearch.expression,cloudsearch,R1,regional,spatial,,regional,collectable but has no VPC presence
cloudsearch.index_field,cloudsearch,R1,regional,spatial,,regional,collectable but has no VPC presence
cloudsearch.scaling_parameter,cloudsearch,R1,regional,spatial,,regional,collectable but has no VPC presence
cloudsearch.service_access_policy,cloudsearch,R1,regional,spatial,,regional,collectable but has no VPC presence
cloudsearch.suggester,cloudsearch,R1,regional,spatial,,regional,collectable but has no VPC presence
cloudsearchdomain.search,cloudsearchdomain,R1,regional,spatial,,regional,collectable but has no VPC presence
cloudtrail.channel,cloudtrail,R1,regional,spatial,,regional-service,"cloudtrail is regional, outside any VPC"
cloudtrail.dashboard,cloudtrail,R1,regional,spatial,,regional-service,"cloudtrail is regional, outside any VPC"
cloudtrail.event_data_store,cloudtrail,R1,regional,spatial,,regional-service,"cloudtrail is regional, outside any VPC"
cloudtrail.event_selector,cloudtrail,R1,regional,spatial,,regional-service,"cloudtrail is regional, outside any VPC"
cloudtrail.insight_selector,cloudtrail,R1,regional,spatial,,regional-service,"cloudtrail is regional, outside any VPC"
cloudtrail.resource_policy,cloudtrail,R1,regional,spatial,,regional-service,"cloudtrail is regional, outside any VPC"
cloudtrail.trail,cloudtrail,R1,regional,spatial,,regional-service,"cloudtrail is regional, outside any VPC"
cloudwatch.alarm,cloudwatch,R1,regional,spatial,,regional-service,"cloudwatch is regional, outside any VPC"
cloudwatch.alarm_history,cloudwatch,R1,regional,spatial,,regional-service,"cloudwatch is regional, outside any VPC"
cloudwatch.alarm_mute_rule,cloudwatch,R1,regional,spatial,,regional-service,"cloudwatch is regional, outside any VPC"
cloudwatch.alarms_for_metric,cloudwatch,R1,regional,spatial,,regional-service,"cloudwatch is regional, outside any VPC"
cloudwatch.anomaly_detector,cloudwatch,R1,regional,spatial,,regional-service,"cloudwatch is regional, outside any VPC"
cloudwatch.composite_alarm,cloudwatch,R1,regional,spatial,,regional-service,"cloudwatch is regional, outside any VPC"
cloudwatch.dashboard,cloudwatch,R1,regional,spatial,,regional-service,"cloudwatch is regional, outside any VPC"
cloudwatch.insight_rule,cloudwatch,R1,regional,spatial,,regional-service,"cloudwatch is regional, outside any VPC"
cloudwatch.log_alarm,cloudwatch,R1,regional,spatial,,regional-service,"cloudwatch is regional, outside any VPC"
cloudwatch.metric_stream,cloudwatch,R1,regional,spatial,,regional-service,"cloudwatch is regional, outside any VPC"
cloudwatch.o_tel_enrichment,cloudwatch,R1,regional,spatial,,regional-service,"cloudwatch is regional, outside any VPC"
cloudwatch.tags_for_resource,cloudwatch,R1,regional,spatial,,regional-service,"cloudwatch is regional, outside any VPC"
codeartifact.domain,codeartifact,R1,regional,spatial,,regional,collectable but has no VPC presence
codeartifact.repository,codeartifact,R1,regional,spatial,,regional,collectable but has no VPC presence
codebuild.fleet,codebuild,R1,regional,spatial,,regional-service,"codebuild is regional, outside any VPC"
codebuild.report_group,codebuild,R1,regional,spatial,,regional-service,"codebuild is regional, outside any VPC"
codebuild.source_credential,codebuild,R1,regional,spatial,,regional-service,"codebuild is regional, outside any VPC"
codecatalyst.access_token,codecatalyst,R1,regional,spatial,,regional,collectable but has no VPC presence
codecatalyst.dev_environment,codecatalyst,R1,regional,spatial,,regional,collectable but has no VPC presence
codecatalyst.dev_environment_session,codecatalyst,R1,regional,spatial,,regional,collectable but has no VPC presence
codecatalyst.event_log,codecatalyst,R1,regional,spatial,,regional,collectable but has no VPC presence
codecatalyst.project,codecatalyst,R1,regional,spatial,,regional,collectable but has no VPC presence
codecatalyst.source_repository,codecatalyst,R1,regional,spatial,,regional,collectable but has no VPC presence
codecatalyst.source_repository_branch,codecatalyst,R1,regional,spatial,,regional,collectable but has no VPC presence
codecatalyst.source_repository_clone_url,codecatalyst,R1,regional,spatial,,regional,collectable but has no VPC presence
codecatalyst.space,codecatalyst,R1,regional,spatial,,regional,collectable but has no VPC presence
codecatalyst.subscription,codecatalyst,R1,regional,spatial,,regional,collectable but has no VPC presence
codecatalyst.user_detail,codecatalyst,R1,regional,spatial,,regional,collectable but has no VPC presence
codecatalyst.workflow,codecatalyst,R1,regional,spatial,,regional,collectable but has no VPC presence
codecatalyst.workflow_run,codecatalyst,R1,regional,spatial,,regional,collectable but has no VPC presence
codecommit.approval_rule_template,codecommit,R1,regional,spatial,,regional-service,"codecommit is regional, outside any VPC"
codecommit.blob,codecommit,R1,regional,spatial,,regional-service,"codecommit is regional, outside any VPC"
codecommit.branch,codecommit,R1,regional,spatial,,regional-service,"codecommit is regional, outside any VPC"
codecommit.comment,codecommit,R1,regional,spatial,,regional-service,"codecommit is regional, outside any VPC"
codecommit.comment_reaction,codecommit,R1,regional,spatial,,regional-service,"codecommit is regional, outside any VPC"
codecommit.comments_for_compared_commit,codecommit,R1,regional,spatial,,regional-service,"codecommit is regional, outside any VPC"
codecommit.comments_for_pull_request,codecommit,R1,regional,spatial,,regional-service,"codecommit is regional, outside any VPC"
codecommit.commit,codecommit,R1,regional,spatial,,regional-service,"codecommit is regional, outside any VPC"
codecommit.difference,codecommit,R1,regional,spatial,,regional-service,"codecommit is regional, outside any VPC"
codecommit.file,codecommit,R1,regional,spatial,,regional-service,"codecommit is regional, outside any VPC"
codecommit.file_commit_history,codecommit,R1,regional,spatial,,regional-service,"codecommit is regional, outside any VPC"
codecommit.folder,codecommit,R1,regional,spatial,,regional-service,"codecommit is regional, outside any VPC"
codecommit.merge_commit,codecommit,R1,regional,spatial,,regional-service,"codecommit is regional, outside any VPC"
codecommit.merge_conflict,codecommit,R1,regional,spatial,,regional-service,"codecommit is regional, outside any VPC"
codecommit.pull_request,codecommit,R1,regional,spatial,,regional-service,"codecommit is regional, outside any VPC"
codecommit.pull_request_approval_state,codecommit,R1,regional,spatial,,regional-service,"codecommit is regional, outside any VPC"
codecommit.pull_request_event,codecommit,R1,regional,spatial,,regional-service,"codecommit is regional, outside any VPC"
codecommit.pull_request_override_state,codecommit,R1,regional,spatial,,regional-service,"codecommit is regional, outside any VPC"
codecommit.repository,codecommit,R1,regional,spatial,,regional-service,"codecommit is regional, outside any VPC"
codecommit.repository_trigger,codecommit,R1,regional,spatial,,regional-service,"codecommit is regional, outside any VPC"
codecommit.tags_for_resource,codecommit,R1,regional,spatial,,regional-service,"codecommit is regional, outside any VPC"
codeconnections.connection,codeconnections,R1,regional,spatial,,regional,collectable but has no VPC presence
codeconnections.host,codeconnections,R1,regional,spatial,,regional,collectable but has no VPC presence
codeconnections.repository_link,codeconnections,R1,regional,spatial,,regional,collectable but has no VPC presence
codeconnections.repository_sync_definition,codeconnections,R1,regional,spatial,,regional,collectable but has no VPC presence
codeconnections.repository_sync_status,codeconnections,R1,regional,spatial,,regional,collectable but has no VPC presence
codeconnections.resource_sync_status,codeconnections,R1,regional,spatial,,regional,collectable but has no VPC presence
codeconnections.sync_blocker_summary,codeconnections,R1,regional,spatial,,regional,collectable but has no VPC presence
codeconnections.sync_configuration,codeconnections,R1,regional,spatial,,regional,collectable but has no VPC presence
codeconnections.tags_for_resource,codeconnections,R1,regional,spatial,,regional,collectable but has no VPC presence
codedeploy.application,codedeploy,R1,regional,spatial,,regional,collectable but has no VPC presence
codedeploy.application_revision,codedeploy,R1,regional,spatial,,regional,collectable but has no VPC presence
codedeploy.codedeploy_deployment,codedeploy,R1,regional,spatial,,regional,collectable but has no VPC presence
codedeploy.deployment,codedeploy,R1,regional,spatial,,regional,collectable but has no VPC presence
codedeploy.deployment_config,codedeploy,R1,regional,spatial,,regional,collectable but has no VPC presence
codedeploy.deployment_instance,codedeploy,R1,regional,spatial,,regional,collectable but has no VPC presence
codedeploy.deployment_target,codedeploy,R1,regional,spatial,,regional,collectable but has no VPC presence
codedeploy.git_hub_account_token_name,codedeploy,R1,regional,spatial,,regional,collectable but has no VPC presence
codedeploy.on_premises_instance,codedeploy,R1,regional,spatial,,regional,collectable but has no VPC presence
codedeploy.tags_for_resource,codedeploy,R1,regional,spatial,,regional,collectable but has no VPC presence
codeguru-reviewer.code_review,codeguru-reviewer,R1,regional,spatial,,regional,collectable but has no VPC presence
codeguru-reviewer.recommendation,codeguru-reviewer,R1,regional,spatial,,regional,collectable but has no VPC presence
codeguru-reviewer.recommendation_feedback,codeguru-reviewer,R1,regional,spatial,,regional,collectable but has no VPC presence
codeguru-reviewer.repository_association,codeguru-reviewer,R1,regional,spatial,,regional,collectable but has no VPC presence
codeguru-reviewer.tags_for_resource,codeguru-reviewer,R1,regional,spatial,,regional,collectable but has no VPC presence
codeguru-security.account_configuration,codeguru-security,R1,regional,spatial,,regional,collectable but has no VPC presence
codeguru-security.finding,codeguru-security,R1,regional,spatial,,regional,collectable but has no VPC presence
codeguru-security.findings_metric,codeguru-security,R1,regional,spatial,,regional,collectable but has no VPC presence
codeguru-security.metrics_summary,codeguru-security,R1,regional,spatial,,regional,collectable but has no VPC presence
codeguru-security.scan,codeguru-security,R1,regional,spatial,,regional,collectable but has no VPC presence
codeguru-security.tags_for_resource,codeguru-security,R1,regional,spatial,,regional,collectable but has no VPC presence
codeguruprofiler.findings_report,codeguruprofiler,R1,regional,spatial,,regional,collectable but has no VPC presence
codeguruprofiler.findings_report_account_summary,codeguruprofiler,R1,regional,spatial,,regional,collectable but has no VPC presence
codeguruprofiler.notification_configuration,codeguruprofiler,R1,regional,spatial,,regional,collectable but has no VPC presence
codeguruprofiler.policy,codeguruprofiler,R1,regional,spatial,,regional,collectable but has no VPC presence
codeguruprofiler.profile,codeguruprofiler,R1,regional,spatial,,regional,collectable but has no VPC presence
codeguruprofiler.profile_time,codeguruprofiler,R1,regional,spatial,,regional,collectable but has no VPC presence
codeguruprofiler.profiling_group,codeguruprofiler,R1,regional,spatial,,regional,collectable but has no VPC presence
codeguruprofiler.recommendation,codeguruprofiler,R1,regional,spatial,,regional,collectable but has no VPC presence
codeguruprofiler.tags_for_resource,codeguruprofiler,R1,regional,spatial,,regional,collectable but has no VPC presence
codepipeline.action_execution,codepipeline,R1,regional,spatial,,regional-service,"codepipeline is regional, outside any VPC"
codepipeline.action_type,codepipeline,R1,regional,spatial,,regional-service,"codepipeline is regional, outside any VPC"
codepipeline.custom_action_type,codepipeline,R1,regional,spatial,,regional-service,"codepipeline is regional, outside any VPC"
codepipeline.deploy_action_execution_target,codepipeline,R1,regional,spatial,,regional-service,"codepipeline is regional, outside any VPC"
codepipeline.job_detail,codepipeline,R1,regional,spatial,,regional-service,"codepipeline is regional, outside any VPC"
codepipeline.pipeline,codepipeline,R1,regional,spatial,,regional-service,"codepipeline is regional, outside any VPC"
codepipeline.pipeline_execution,codepipeline,R1,regional,spatial,,regional-service,"codepipeline is regional, outside any VPC"
codepipeline.pipeline_state,codepipeline,R1,regional,spatial,,regional-service,"codepipeline is regional, outside any VPC"
codepipeline.rule_execution,codepipeline,R1,regional,spatial,,regional-service,"codepipeline is regional, outside any VPC"
codepipeline.tags_for_resource,codepipeline,R1,regional,spatial,,regional-service,"codepipeline is regional, outside any VPC"
codepipeline.third_party_job_detail,codepipeline,R1,regional,spatial,,regional-service,"codepipeline is regional, outside any VPC"
codepipeline.webhook,codepipeline,R1,regional,spatial,,regional-service,"codepipeline is regional, outside any VPC"
codestar-connections.connection,codestar-connections,R1,regional,spatial,,regional,collectable but has no VPC presence
codestar-connections.repository_link,codestar-connections,R1,regional,spatial,,regional,collectable but has no VPC presence
codestar-connections.repository_sync_definition,codestar-connections,R1,regional,spatial,,regional,collectable but has no VPC presence
codestar-connections.repository_sync_status,codestar-connections,R1,regional,spatial,,regional,collectable but has no VPC presence
codestar-connections.resource_sync_status,codestar-connections,R1,regional,spatial,,regional,collectable but has no VPC presence
codestar-connections.sync_blocker_summary,codestar-connections,R1,regional,spatial,,regional,collectable but has no VPC presence
codestar-connections.sync_configuration,codestar-connections,R1,regional,spatial,,regional,collectable but has no VPC presence
codestar-connections.tags_for_resource,codestar-connections,R1,regional,spatial,,regional,collectable but has no VPC presence
codestar-notifications.event_type,codestar-notifications,R1,regional,spatial,,regional,collectable but has no VPC presence
codestar-notifications.notification_rule,codestar-notifications,R1,regional,spatial,,regional,collectable but has no VPC presence
codestar-notifications.tags_for_resource,codestar-notifications,R1,regional,spatial,,regional,collectable but has no VPC presence
codestar-notifications.target,codestar-notifications,R1,regional,spatial,,regional,collectable but has no VPC presence
cognito-identity.credentials_for_identity,cognito-identity,R1,regional,spatial,,regional,collectable but has no VPC presence
cognito-identity.id,cognito-identity,R1,regional,spatial,,regional,collectable but has no VPC presence
cognito-identity.identity,cognito-identity,R1,regional,spatial,,regional,collectable but has no VPC presence
cognito-identity.identity_pool,cognito-identity,R1,regional,spatial,,regional,collectable but has no VPC presence
cognito-identity.identity_pool_role,cognito-identity,R1,regional,spatial,,regional,collectable but has no VPC presence
cognito-identity.open_id_token,cognito-identity,R1,regional,spatial,,regional,collectable but has no VPC presence
cognito-identity.open_id_token_for_developer_identity,cognito-identity,R1,regional,spatial,,regional,collectable but has no VPC presence
cognito-identity.principal_tag_attribute_map,cognito-identity,R1,regional,spatial,,regional,collectable but has no VPC presence
cognito-identity.tags_for_resource,cognito-identity,R1,regional,spatial,,regional,collectable but has no VPC presence
cognito-identity.user_pool,cognito-identity,R1,regional,spatial,,regional,collectable but has no VPC presence
cognito-idp.csv_header,cognito-idp,R1,regional,spatial,,regional,collectable but has no VPC presence
cognito-idp.device,cognito-idp,R1,regional,spatial,,regional,collectable but has no VPC presence
cognito-idp.group,cognito-idp,R1,regional,spatial,,regional,collectable but has no VPC presence
cognito-idp.identity_provider,cognito-idp,R1,regional,spatial,,regional,collectable but has no VPC presence
cognito-idp.identity_provider_by_identifier,cognito-idp,R1,regional,spatial,,regional,collectable but has no VPC presence
cognito-idp.log_delivery_configuration,cognito-idp,R1,regional,spatial,,regional,collectable but has no VPC presence
cognito-idp.managed_login_branding,cognito-idp,R1,regional,spatial,,regional,collectable but has no VPC presence
cognito-idp.managed_login_branding_by_client,cognito-idp,R1,regional,spatial,,regional,collectable but has no VPC presence
cognito-idp.resource_server,cognito-idp,R1,regional,spatial,,regional,collectable but has no VPC presence
cognito-idp.risk_configuration,cognito-idp,R1,regional,spatial,,regional,collectable but has no VPC presence
cognito-idp.signing_certificate,cognito-idp,R1,regional,spatial,,regional,collectable but has no VPC presence
cognito-idp.tags_for_resource,cognito-idp,R1,regional,spatial,,regional,collectable but has no VPC presence
cognito-idp.term,cognito-idp,R1,regional,spatial,,regional,collectable but has no VPC presence
cognito-idp.tokens_from_refresh_token,cognito-idp,R1,regional,spatial,,regional,collectable but has no VPC presence
cognito-idp.ui_customization,cognito-idp,R1,regional,spatial,,regional,collectable but has no VPC presence
cognito-idp.user,cognito-idp,R1,regional,spatial,,regional,collectable but has no VPC presence
cognito-idp.user_attribute_verification_code,cognito-idp,R1,regional,spatial,,regional,collectable but has no VPC presence
cognito-idp.user_auth_factor,cognito-idp,R1,regional,spatial,,regional,collectable but has no VPC presence
cognito-idp.user_import_job,cognito-idp,R1,regional,spatial,,regional,collectable but has no VPC presence
cognito-idp.user_pool,cognito-idp,R1,regional,spatial,,regional,collectable but has no VPC presence
cognito-idp.user_pool_client,cognito-idp,R1,regional,spatial,,regional,collectable but has no VPC presence
cognito-idp.user_pool_domain,cognito-idp,R1,regional,spatial,,regional,collectable but has no VPC presence
cognito-idp.user_pool_mfa_config,cognito-idp,R1,regional,spatial,,regional,collectable but has no VPC presence
cognito-idp.users_in_group,cognito-idp,R1,regional,spatial,,regional,collectable but has no VPC presence
cognito-idp.web_authn_credential,cognito-idp,R1,regional,spatial,,regional,collectable but has no VPC presence
cognito-sync.bulk_publish_detail,cognito-sync,R1,regional,spatial,,regional,collectable but has no VPC presence
cognito-sync.cognito_event,cognito-sync,R1,regional,spatial,,regional,collectable but has no VPC presence
cognito-sync.dataset,cognito-sync,R1,regional,spatial,,regional,collectable but has no VPC presence
cognito-sync.identity_pool_configuration,cognito-sync,R1,regional,spatial,,regional,collectable but has no VPC presence
cognito-sync.identity_pool_usage,cognito-sync,R1,regional,spatial,,regional,collectable but has no VPC presence
cognito-sync.identity_usage,cognito-sync,R1,regional,spatial,,regional,collectable but has no VPC presence
cognito-sync.record,cognito-sync,R1,regional,spatial,,regional,collectable but has no VPC presence
cognito.user_pool,cognito,R1,regional,spatial,,regional,collectable but has no VPC presence
comprehend.dataset,comprehend,R1,regional,spatial,,regional,collectable but has no VPC presence
comprehend.document_classification_job,comprehend,R1,regional,spatial,,regional,collectable but has no VPC presence
comprehend.document_classifier,comprehend,R1,regional,spatial,,regional,collectable but has no VPC presence
comprehend.document_classifier_summary,comprehend,R1,regional,spatial,,regional,collectable but has no VPC presence
comprehend.dominant_language_detection_job,comprehend,R1,regional,spatial,,regional,collectable but has no VPC presence
comprehend.endpoint,comprehend,R1,regional,spatial,,regional,collectable but has no VPC presence
comprehend.entities_detection_job,comprehend,R1,regional,spatial,,regional,collectable but has no VPC presence
comprehend.entity_recognizer,comprehend,R1,regional,spatial,,regional,collectable but has no VPC presence
comprehend.entity_recognizer_summary,comprehend,R1,regional,spatial,,regional,collectable but has no VPC presence
comprehend.events_detection_job,comprehend,R1,regional,spatial,,regional,collectable but has no VPC presence
comprehend.flywheel,comprehend,R1,regional,spatial,,regional,collectable but has no VPC presence
comprehend.key_phrases_detection_job,comprehend,R1,regional,spatial,,regional,collectable but has no VPC presence
comprehend.pii_entities_detection_job,comprehend,R1,regional,spatial,,regional,collectable but has no VPC presence
comprehend.resource_policy,comprehend,R1,regional,spatial,,regional,collectable but has no VPC presence
comprehend.sentiment_detection_job,comprehend,R1,regional,spatial,,regional,collectable but has no VPC presence
comprehend.tags_for_resource,comprehend,R1,regional,spatial,,regional,collectable but has no VPC presence
comprehend.targeted_sentiment_detection_job,comprehend,R1,regional,spatial,,regional,collectable but has no VPC presence
comprehend.topics_detection_job,comprehend,R1,regional,spatial,,regional,collectable but has no VPC presence
comprehendmedical.entities_detection_v2_job,comprehendmedical,R1,regional,spatial,,regional,collectable but has no VPC presence
comprehendmedical.icd10_cm_inference_job,comprehendmedical,R1,regional,spatial,,regional,collectable but has no VPC presence
comprehendmedical.phi_detection_job,comprehendmedical,R1,regional,spatial,,regional,collectable but has no VPC presence
comprehendmedical.rx_norm_inference_job,comprehendmedical,R1,regional,spatial,,regional,collectable but has no VPC presence
comprehendmedical.snomedct_inference_job,comprehendmedical,R1,regional,spatial,,regional,collectable but has no VPC presence
compute-optimizer-automation.account,compute-optimizer-automation,R1,regional,spatial,,regional,collectable but has no VPC presence
compute-optimizer-automation.automation_event,compute-optimizer-automation,R1,regional,spatial,,regional,collectable but has no VPC presence
compute-optimizer-automation.automation_event_step,compute-optimizer-automation,R1,regional,spatial,,regional,collectable but has no VPC presence
compute-optimizer-automation.automation_event_summary,compute-optimizer-automation,R1,regional,spatial,,regional,collectable but has no VPC presence
compute-optimizer-automation.automation_rule,compute-optimizer-automation,R1,regional,spatial,,regional,collectable but has no VPC presence
compute-optimizer-automation.automation_rule_preview,compute-optimizer-automation,R1,regional,spatial,,regional,collectable but has no VPC presence
compute-optimizer-automation.automation_rule_preview_summary,compute-optimizer-automation,R1,regional,spatial,,regional,collectable but has no VPC presence
compute-optimizer-automation.enrollment_configuration,compute-optimizer-automation,R1,regional,spatial,,regional,collectable but has no VPC presence
compute-optimizer-automation.recommended_action,compute-optimizer-automation,R1,regional,spatial,,regional,collectable but has no VPC presence
compute-optimizer-automation.recommended_action_summary,compute-optimizer-automation,R1,regional,spatial,,regional,collectable but has no VPC presence
compute-optimizer-automation.tags_for_resource,compute-optimizer-automation,R1,regional,spatial,,regional,collectable but has no VPC presence
compute-optimizer.auto_scaling_group_recommendation,compute-optimizer,R1,regional,spatial,,regional,collectable but has no VPC presence
compute-optimizer.ebs_volume_recommendation,compute-optimizer,R1,regional,spatial,,regional,collectable but has no VPC presence
compute-optimizer.ec2_instance_recommendation,compute-optimizer,R1,regional,spatial,,regional,collectable but has no VPC presence
compute-optimizer.ec2_recommendation_projected_metric,compute-optimizer,R1,regional,spatial,,regional,collectable but has no VPC presence
compute-optimizer.ecs_service_recommendation,compute-optimizer,R1,regional,spatial,,regional,collectable but has no VPC presence
compute-optimizer.ecs_service_recommendation_projected_metric,compute-optimizer,R1,regional,spatial,,regional,collectable but has no VPC presence
compute-optimizer.effective_recommendation_preference,compute-optimizer,R1,regional,spatial,,regional,collectable but has no VPC presence
compute-optimizer.enrollment_status,compute-optimizer,R1,regional,spatial,,regional,collectable but has no VPC presence
compute-optimizer.enrollment_statuses_for_organization,compute-optimizer,R1,regional,spatial,,regional,collectable but has no VPC presence
compute-optimizer.idle_recommendation,compute-optimizer,R1,regional,spatial,,regional,collectable but has no VPC presence
compute-optimizer.lambda_function_recommendation,compute-optimizer,R1,regional,spatial,,regional,collectable but has no VPC presence
compute-optimizer.license_recommendation,compute-optimizer,R1,regional,spatial,,regional,collectable but has no VPC presence
compute-optimizer.rds_database_recommendation,compute-optimizer,R1,regional,spatial,,regional,collectable but has no VPC presence
compute-optimizer.rds_database_recommendation_projected_metric,compute-optimizer,R1,regional,spatial,,regional,collectable but has no VPC presence
compute-optimizer.recommendation_export_job,compute-optimizer,R1,regional,spatial,,regional,collectable but has no VPC presence
compute-optimizer.recommendation_preference,compute-optimizer,R1,regional,spatial,,regional,collectable but has no VPC presence
compute-optimizer.recommendation_summary,compute-optimizer,R1,regional,spatial,,regional,collectable but has no VPC presence
config.aggregation_authorization,config,R1,regional,spatial,,regional-service,"config is regional, outside any VPC"
config.config_rule,config,R1,regional,spatial,,regional-service,"config is regional, outside any VPC"
config.config_rule_evaluation_status,config,R1,regional,spatial,,regional-service,"config is regional, outside any VPC"
config.configuration_aggregator,config,R1,regional,spatial,,regional-service,"config is regional, outside any VPC"
config.configuration_recorder,config,R1,regional,spatial,,regional-service,"config is regional, outside any VPC"
config.configuration_recorder_status,config,R1,regional,spatial,,regional-service,"config is regional, outside any VPC"
config.conformance_pack,config,R1,regional,spatial,,regional-service,"config is regional, outside any VPC"
config.conformance_pack_status,config,R1,regional,spatial,,regional-service,"config is regional, outside any VPC"
config.connector,config,R1,regional,spatial,,regional-service,"config is regional, outside any VPC"
config.delivery_channel,config,R1,regional,spatial,,regional-service,"config is regional, outside any VPC"
config.organization_config_rule,config,R1,regional,spatial,,regional-service,"config is regional, outside any VPC"
config.organization_conformance_pack,config,R1,regional,spatial,,regional-service,"config is regional, outside any VPC"
config.remediation_configuration,config,R1,regional,spatial,,regional-service,"config is regional, outside any VPC"
config.stored_query,config,R1,regional,spatial,,regional-service,"config is regional, outside any VPC"
connect-contact-lens.realtime_contact_analysis_segment,connect-contact-lens,R1,regional,spatial,,regional,collectable but has no VPC presence
connect.agent_status,connect,R1,regional,spatial,,regional,collectable but has no VPC presence
connect.analytics_data_association,connect,R1,regional,spatial,,regional,collectable but has no VPC presence
connect.analytics_data_lake_data_set,connect,R1,regional,spatial,,regional,collectable but has no VPC presence
connect.approved_origin,connect,R1,regional,spatial,,regional,collectable but has no VPC presence
connect.associated_contact,connect,R1,regional,spatial,,regional,collectable but has no VPC presence
connect.attached_file,connect,R1,regional,spatial,,regional,collectable but has no VPC presence
connect.authentication_profile,connect,R1,regional,spatial,,regional,collectable but has no VPC presence
connect.bot,connect,R1,regional,spatial,,regional,collectable but has no VPC presence
connect.instance,connect,R1,regional,spatial,,regional,collectable but has no VPC presence
connect.contact,connect,R1,regional,spatial,,regional,collectable but has no VPC presence
connect.contact_attribute,connect,R1,regional,spatial,,regional,collectable but has no VPC presence
connect.contact_evaluation,connect,R1,regional,spatial,,regional,collectable but has no VPC presence
connect.contact_flow,connect,R1,regional,spatial,,regional,collectable but has no VPC presence
connect.contact_flow_module,connect,R1,regional,spatial,,regional,collectable but has no VPC presence
connect.contact_flow_module_alias,connect,R1,regional,spatial,,regional,collectable but has no VPC presence
connect.contact_flow_module_version,connect,R1,regional,spatial,,regional,collectable but has no VPC presence
connect.contact_flow_version,connect,R1,regional,spatial,,regional,collectable but has no VPC presence
connect.contact_metric,connect,R1,regional,spatial,,regional,collectable but has no VPC presence
connect.contact_reference,connect,R1,regional,spatial,,regional,collectable but has no VPC presence
connect.current_metric_data,connect,R1,regional,spatial,,regional,collectable but has no VPC presence
connect.current_user_data,connect,R1,regional,spatial,,regional,collectable but has no VPC presence
connect.default_vocabulary,connect,R1,regional,spatial,,regional,collectable but has no VPC presence
connect.effective_hours_of_operation,connect,R1,regional,spatial,,regional,collectable but has no VPC presence
connect.email_address,connect,R1,regional,spatial,,regional,collectable but has no VPC presence
connect.evaluation_form,connect,R1,regional,spatial,,regional,collectable but has no VPC presence
connect.evaluation_form_version,connect,R1,regional,spatial,,regional,collectable but has no VPC presence
connect.federation_token,connect,R1,regional,spatial,,regional,collectable but has no VPC presence
connect.flow_association,connect,R1,regional,spatial,,regional,collectable but has no VPC presence
connect.hours_of_operation,connect,R1,regional,spatial,,regional,collectable but has no VPC presence
connect.hours_of_operation_override,connect,R1,regional,spatial,,regional,collectable but has no VPC presence
connect.instance_attribute,connect,R1,regional,spatial,,regional,collectable but has no VPC presence
connect.instance_storage_config,connect,R1,regional,spatial,,regional,collectable but has no VPC presence
connect.integration_association,connect,R1,regional,spatial,,regional,collectable but has no VPC presence
connect.lex_bot,connect,R1,regional,spatial,,regional,collectable but has no VPC presence
connect.metric_data,connect,R1,regional,spatial,,regional,collectable but has no VPC presence
connect.metric_data_v2,connect,R1,regional,spatial,,regional,collectable but has no VPC presence
connect.phone_number,connect,R1,regional,spatial,,regional,collectable but has no VPC presence
connect.phone_numbers_v2,connect,R1,regional,spatial,,regional,collectable but has no VPC presence
connect.predefined_attribute,connect,R1,regional,spatial,,regional,collectable but has no VPC presence
connect.prompt,connect,R1,regional,spatial,,regional,collectable but has no VPC presence
connect.prompt_file,connect,R1,regional,spatial,,regional,collectable but has no VPC presence
connect.queue,connect,R1,regional,spatial,,regional,collectable but has no VPC presence
connect.queue_quick_connect,connect,R1,regional,spatial,,regional,collectable but has no VPC presence
connect.quick_connect,connect,R1,regional,spatial,,regional,collectable but has no VPC presence
connect.realtime_contact_analysis_segments_v2,connect,R1,regional,spatial,,regional,collectable but has no VPC presence
connect.routing_profile,connect,R1,regional,spatial,,regional,collectable but has no VPC presence
connect.routing_profile_manual_assignment_queue,connect,R1,regional,spatial,,regional,collectable but has no VPC presence
connect.routing_profile_queue,connect,R1,regional,spatial,,regional,collectable but has no VPC presence
connect.rule,connect,R1,regional,spatial,,regional,collectable but has no VPC presence
connect.search_agent_status,connect,R1,regional,spatial,,regional,collectable but has no VPC presence
connect.search_contact,connect,R1,regional,spatial,,regional,collectable but has no VPC presence
connect.search_contact_evaluation,connect,R1,regional,spatial,,regional,collectable but has no VPC presence
connect.search_contact_flow,connect,R1,regional,spatial,,regional,collectable but has no VPC presence
connect.search_contact_flow_module,connect,R1,regional,spatial,,regional,collectable but has no VPC presence
connect.search_email_address,connect,R1,regional,spatial,,regional,collectable but has no VPC presence
connect.search_evaluation_form,connect,R1,regional,spatial,,regional,collectable but has no VPC presence
connect.search_hours_of_operation,connect,R1,regional,spatial,,regional,collectable but has no VPC presence
connect.search_hours_of_operation_override,connect,R1,regional,spatial,,regional,collectable but has no VPC presence
connect.search_predefined_attribute,connect,R1,regional,spatial,,regional,collectable but has no VPC presence
connect.search_prompt,connect,R1,regional,spatial,,regional,collectable but has no VPC presence
connect.search_queue,connect,R1,regional,spatial,,regional,collectable but has no VPC presence
connect.search_quick_connect,connect,R1,regional,spatial,,regional,collectable but has no VPC presence
connect.search_routing_profile,connect,R1,regional,spatial,,regional,collectable but has no VPC presence
connect.search_security_profile,connect,R1,regional,spatial,,regional,collectable but has no VPC presence
connect.search_user,connect,R1,regional,spatial,,regional,collectable but has no VPC presence
connect.search_user_hierarchy_group,connect,R1,regional,spatial,,regional,collectable but has no VPC presence
connect.security_key,connect,R1,regional,spatial,,regional,collectable but has no VPC presence
connect.security_profile,connect,R1,regional,spatial,,regional,collectable but has no VPC presence
connect.security_profile_application,connect,R1,regional,spatial,,regional,collectable but has no VPC presence
connect.security_profile_permission,connect,R1,regional,spatial,,regional,collectable but has no VPC presence
connect.tags_for_resource,connect,R1,regional,spatial,,regional,collectable but has no VPC presence
connect.task_template,connect,R1,regional,spatial,,regional,collectable but has no VPC presence
connect.traffic_distribution,connect,R1,regional,spatial,,regional,collectable but has no VPC presence
connect.traffic_distribution_group,connect,R1,regional,spatial,,regional,collectable but has no VPC presence
connect.traffic_distribution_group_user,connect,R1,regional,spatial,,regional,collectable but has no VPC presence
connect.use_cas,connect,R1,regional,spatial,,regional,collectable but has no VPC presence
connect.user,connect,R1,regional,spatial,,regional,collectable but has no VPC presence
connect.user_hierarchy_group,connect,R1,regional,spatial,,regional,collectable but has no VPC presence
connect.user_hierarchy_structure,connect,R1,regional,spatial,,regional,collectable but has no VPC presence
connect.user_proficiency,connect,R1,regional,spatial,,regional,collectable but has no VPC presence
connect.view,connect,R1,regional,spatial,,regional,collectable but has no VPC presence
connect.view_version,connect,R1,regional,spatial,,regional,collectable but has no VPC presence
connect.vocabulary,connect,R1,regional,spatial,,regional,collectable but has no VPC presence
connectcampaigns.campaign,connectcampaigns,R1,regional,spatial,,regional,collectable but has no VPC presence
connectcampaigns.campaign_state,connectcampaigns,R1,regional,spatial,,regional,collectable but has no VPC presence
connectcampaigns.campaign_state_batch,connectcampaigns,R1,regional,spatial,,regional,collectable but has no VPC presence
connectcampaigns.connect_instance_config,connectcampaigns,R1,regional,spatial,,regional,collectable but has no VPC presence
connectcampaigns.instance_onboarding_job_status,connectcampaigns,R1,regional,spatial,,regional,collectable but has no VPC presence
connectcampaigns.tags_for_resource,connectcampaigns,R1,regional,spatial,,regional,collectable but has no VPC presence
connectcampaignsv2.campaign,connectcampaignsv2,R1,regional,spatial,,regional,collectable but has no VPC presence
connectcampaignsv2.campaign_state,connectcampaignsv2,R1,regional,spatial,,regional,collectable but has no VPC presence
connectcampaignsv2.campaign_state_batch,connectcampaignsv2,R1,regional,spatial,,regional,collectable but has no VPC presence
connectcampaignsv2.connect_instance_config,connectcampaignsv2,R1,regional,spatial,,regional,collectable but has no VPC presence
connectcampaignsv2.connect_instance_integration,connectcampaignsv2,R1,regional,spatial,,regional,collectable but has no VPC presence
connectcampaignsv2.instance_communication_limit,connectcampaignsv2,R1,regional,spatial,,regional,collectable but has no VPC presence
connectcampaignsv2.instance_onboarding_job_status,connectcampaignsv2,R1,regional,spatial,,regional,collectable but has no VPC presence
connectcampaignsv2.tags_for_resource,connectcampaignsv2,R1,regional,spatial,,regional,collectable but has no VPC presence
connectcases.case,connectcases,R1,regional,spatial,,regional,collectable but has no VPC presence
connectcases.case_audit_event,connectcases,R1,regional,spatial,,regional,collectable but has no VPC presence
connectcases.case_event_configuration,connectcases,R1,regional,spatial,,regional,collectable but has no VPC presence
connectcases.case_rule,connectcases,R1,regional,spatial,,regional,collectable but has no VPC presence
connectcases.cases_for_contact,connectcases,R1,regional,spatial,,regional,collectable but has no VPC presence
connectcases.domain,connectcases,R1,regional,spatial,,regional,collectable but has no VPC presence
connectcases.field,connectcases,R1,regional,spatial,,regional,collectable but has no VPC presence
connectcases.field_option,connectcases,R1,regional,spatial,,regional,collectable but has no VPC presence
connectcases.layout,connectcases,R1,regional,spatial,,regional,collectable but has no VPC presence
connectcases.search_cas,connectcases,R1,regional,spatial,,regional,collectable but has no VPC presence
connectcases.search_related_item,connectcases,R1,regional,spatial,,regional,collectable but has no VPC presence
connectcases.tags_for_resource,connectcases,R1,regional,spatial,,regional,collectable but has no VPC presence
connectcases.template,connectcases,R1,regional,spatial,,regional,collectable but has no VPC presence
connectparticipant.attachment,connectparticipant,R1,regional,spatial,,regional,collectable but has no VPC presence
connectparticipant.authentication_url,connectparticipant,R1,regional,spatial,,regional,collectable but has no VPC presence
connectparticipant.transcript,connectparticipant,R1,regional,spatial,,regional,collectable but has no VPC presence
connectparticipant.view,connectparticipant,R1,regional,spatial,,regional,collectable but has no VPC presence
controlcatalog.common_control,controlcatalog,R1,regional,spatial,,regional,collectable but has no VPC presence
controlcatalog.control,controlcatalog,R1,regional,spatial,,regional,collectable but has no VPC presence
controlcatalog.control_mapping,controlcatalog,R1,regional,spatial,,regional,collectable but has no VPC presence
controlcatalog.domain,controlcatalog,R1,regional,spatial,,regional,collectable but has no VPC presence
controlcatalog.objective,controlcatalog,R1,regional,spatial,,regional,collectable but has no VPC presence
controltower.control_operation,controltower,R1,regional,spatial,,regional,collectable but has no VPC presence
controltower.enabled_baseline,controltower,R1,regional,spatial,,regional,collectable but has no VPC presence
controltower.enabled_control,controltower,R1,regional,spatial,,regional,collectable but has no VPC presence
controltower.landing_zone,controltower,R1,regional,spatial,,regional,collectable but has no VPC presence
cost-optimization-hub.efficiency_metric,cost-optimization-hub,R1,regional,spatial,,regional,collectable but has no VPC presence
cost-optimization-hub.enrollment_status,cost-optimization-hub,R1,regional,spatial,,regional,collectable but has no VPC presence
cost-optimization-hub.preference,cost-optimization-hub,R1,regional,spatial,,regional,collectable but has no VPC presence
cost-optimization-hub.recommendation,cost-optimization-hub,R1,regional,spatial,,regional,collectable but has no VPC presence
cost-optimization-hub.recommendation_summary,cost-optimization-hub,R1,regional,spatial,,regional,collectable but has no VPC presence
costexplorer.anomaly_monitor,costexplorer,R1,regional,spatial,,regional,collectable but has no VPC presence
costexplorer.anomaly_subscription,costexplorer,R1,regional,spatial,,regional,collectable but has no VPC presence
costexplorer.cost_allocation_tag,costexplorer,R1,regional,spatial,,regional,collectable but has no VPC presence
costexplorer.cost_category_definition,costexplorer,R1,regional,spatial,,regional,collectable but has no VPC presence
cur.report_definition,cur,R1,regional,spatial,,regional,collectable but has no VPC presence
cur.tags_for_resource,cur,R1,regional,spatial,,regional,collectable but has no VPC presence
custom.event_bu,custom,R1,regional,spatial,,regional,collectable but has no VPC presence
custom.event_bus,custom,R1,regional,spatial,,regional,collectable but has no VPC presence
customer-profiles.account_integration,customer-profiles,R1,regional,spatial,,regional,collectable but has no VPC presence
customer-profiles.auto_merging_preview,customer-profiles,R1,regional,spatial,,regional,collectable but has no VPC presence
customer-profiles.calculated_attribute_definition,customer-profiles,R1,regional,spatial,,regional,collectable but has no VPC presence
customer-profiles.calculated_attribute_for_profile,customer-profiles,R1,regional,spatial,,regional,collectable but has no VPC presence
customer-profiles.calculated_attributes_for_profile,customer-profiles,R1,regional,spatial,,regional,collectable but has no VPC presence
customer-profiles.domain,customer-profiles,R1,regional,spatial,,regional,collectable but has no VPC presence
customer-profiles.domain_layout,customer-profiles,R1,regional,spatial,,regional,collectable but has no VPC presence
customer-profiles.event_stream,customer-profiles,R1,regional,spatial,,regional,collectable but has no VPC presence
customer-profiles.event_trigger,customer-profiles,R1,regional,spatial,,regional,collectable but has no VPC presence
customer-profiles.identity_resolution_job,customer-profiles,R1,regional,spatial,,regional,collectable but has no VPC presence
customer-profiles.integration,customer-profiles,R1,regional,spatial,,regional,collectable but has no VPC presence
customer-profiles.match,customer-profiles,R1,regional,spatial,,regional,collectable but has no VPC presence
customer-profiles.object_type_attribute,customer-profiles,R1,regional,spatial,,regional,collectable but has no VPC presence
customer-profiles.profile_attribute_value,customer-profiles,R1,regional,spatial,,regional,collectable but has no VPC presence
customer-profiles.profile_history_record,customer-profiles,R1,regional,spatial,,regional,collectable but has no VPC presence
customer-profiles.profile_object,customer-profiles,R1,regional,spatial,,regional,collectable but has no VPC presence
customer-profiles.profile_object_type,customer-profiles,R1,regional,spatial,,regional,collectable but has no VPC presence
customer-profiles.profile_object_type_template,customer-profiles,R1,regional,spatial,,regional,collectable but has no VPC presence
customer-profiles.rule_based_match,customer-profiles,R1,regional,spatial,,regional,collectable but has no VPC presence
customer-profiles.segment_definition,customer-profiles,R1,regional,spatial,,regional,collectable but has no VPC presence
customer-profiles.segment_estimate,customer-profiles,R1,regional,spatial,,regional,collectable but has no VPC presence
customer-profiles.segment_membership,customer-profiles,R1,regional,spatial,,regional,collectable but has no VPC presence
customer-profiles.segment_snapshot,customer-profiles,R1,regional,spatial,,regional,collectable but has no VPC presence
customer-profiles.similar_profile,customer-profiles,R1,regional,spatial,,regional,collectable but has no VPC presence
customer-profiles.tags_for_resource,customer-profiles,R1,regional,spatial,,regional,collectable but has no VPC presence
customer-profiles.upload_job,customer-profiles,R1,regional,spatial,,regional,collectable but has no VPC presence
customer-profiles.upload_job_path,customer-profiles,R1,regional,spatial,,regional,collectable but has no VPC presence
customer-profiles.workflow,customer-profiles,R1,regional,spatial,,regional,collectable but has no VPC presence
customer-profiles.workflow_step,customer-profiles,R1,regional,spatial,,regional,collectable but has no VPC presence
databrew.dataset,databrew,R1,regional,spatial,,regional,collectable but has no VPC presence
databrew.job,databrew,R1,regional,spatial,,regional,collectable but has no VPC presence
databrew.job_run,databrew,R1,regional,spatial,,regional,collectable but has no VPC presence
databrew.project,databrew,R1,regional,spatial,,regional,collectable but has no VPC presence
databrew.recipe,databrew,R1,regional,spatial,,regional,collectable but has no VPC presence
databrew.recipe_version,databrew,R1,regional,spatial,,regional,collectable but has no VPC presence
databrew.ruleset,databrew,R1,regional,spatial,,regional,collectable but has no VPC presence
databrew.schedule,databrew,R1,regional,spatial,,regional,collectable but has no VPC presence
databrew.tags_for_resource,databrew,R1,regional,spatial,,regional,collectable but has no VPC presence
dataexchange.asset,dataexchange,R1,regional,spatial,,regional,collectable but has no VPC presence
dataexchange.data_grant,dataexchange,R1,regional,spatial,,regional,collectable but has no VPC presence
dataexchange.data_set,dataexchange,R1,regional,spatial,,regional,collectable but has no VPC presence
dataexchange.data_set_revision,dataexchange,R1,regional,spatial,,regional,collectable but has no VPC presence
dataexchange.event_action,dataexchange,R1,regional,spatial,,regional,collectable but has no VPC presence
dataexchange.job,dataexchange,R1,regional,spatial,,regional,collectable but has no VPC presence
dataexchange.received_data_grant,dataexchange,R1,regional,spatial,,regional,collectable but has no VPC presence
dataexchange.revision,dataexchange,R1,regional,spatial,,regional,collectable but has no VPC presence
dataexchange.revision_asset,dataexchange,R1,regional,spatial,,regional,collectable but has no VPC presence
dataexchange.tags_for_resource,dataexchange,R1,regional,spatial,,regional,collectable but has no VPC presence
datapipeline.pipeline,datapipeline,R1,regional,spatial,,regional,collectable but has no VPC presence
datapipeline.object,datapipeline,R1,regional,spatial,,regional,collectable but has no VPC presence
datapipeline.pipeline_definition,datapipeline,R1,regional,spatial,,regional,collectable but has no VPC presence
datapipeline.query_object,datapipeline,R1,regional,spatial,,regional,collectable but has no VPC presence
datasync.location,datasync,R1,regional,spatial,,regional,collectable but has no VPC presence
datasync.task,datasync,R1,regional,spatial,,regional,collectable but has no VPC presence
datasync.task_execution,datasync,R1,regional,spatial,,regional,collectable but has no VPC presence
datazone.account_pool,datazone,R1,regional,spatial,,regional,collectable but has no VPC presence
datazone.accounts_in_account_pool,datazone,R1,regional,spatial,,regional,collectable but has no VPC presence
datazone.asset,datazone,R1,regional,spatial,,regional,collectable but has no VPC presence
datazone.asset_filter,datazone,R1,regional,spatial,,regional,collectable but has no VPC presence
datazone.asset_revision,datazone,R1,regional,spatial,,regional,collectable but has no VPC presence
datazone.asset_type,datazone,R1,regional,spatial,,regional,collectable but has no VPC presence
datazone.connection,datazone,R1,regional,spatial,,regional,collectable but has no VPC presence
datazone.data_product,datazone,R1,regional,spatial,,regional,collectable but has no VPC presence
datazone.data_product_revision,datazone,R1,regional,spatial,,regional,collectable but has no VPC presence
datazone.data_source,datazone,R1,regional,spatial,,regional,collectable but has no VPC presence
datazone.data_source_run,datazone,R1,regional,spatial,,regional,collectable but has no VPC presence
datazone.data_source_run_activity,datazone,R1,regional,spatial,,regional,collectable but has no VPC presence
datazone.domain,datazone,R1,regional,spatial,,regional,collectable but has no VPC presence
datazone.domain_unit,datazone,R1,regional,spatial,,regional,collectable but has no VPC presence
datazone.domain_units_for_parent,datazone,R1,regional,spatial,,regional,collectable but has no VPC presence
datazone.environment,datazone,R1,regional,spatial,,regional,collectable but has no VPC presence
datazone.environment_action,datazone,R1,regional,spatial,,regional,collectable but has no VPC presence
datazone.environment_actions,datazone,R1,regional,spatial,,regional,collectable but has no VPC presence
datazone.environment_blueprint,datazone,R1,regional,spatial,,regional,collectable but has no VPC presence
datazone.environment_blueprint_configuration,datazone,R1,regional,spatial,,regional,collectable but has no VPC presence
datazone.environment_credential,datazone,R1,regional,spatial,,regional,collectable but has no VPC presence
datazone.environment_profile,datazone,R1,regional,spatial,,regional,collectable but has no VPC presence
datazone.form_type,datazone,R1,regional,spatial,,regional,collectable but has no VPC presence
datazone.glossary,datazone,R1,regional,spatial,,regional,collectable but has no VPC presence
datazone.glossary_term,datazone,R1,regional,spatial,,regional,collectable but has no VPC presence
datazone.group_profile,datazone,R1,regional,spatial,,regional,collectable but has no VPC presence
datazone.iam_portal_login_url,datazone,R1,regional,spatial,,regional,collectable but has no VPC presence
datazone.job_run,datazone,R1,regional,spatial,,regional,collectable but has no VPC presence
datazone.lineage_event,datazone,R1,regional,spatial,,regional,collectable but has no VPC presence
datazone.lineage_node,datazone,R1,regional,spatial,,regional,collectable but has no VPC presence
datazone.lineage_node_history,datazone,R1,regional,spatial,,regional,collectable but has no VPC presence
datazone.listing,datazone,R1,regional,spatial,,regional,collectable but has no VPC presence
datazone.metadata_generation_run,datazone,R1,regional,spatial,,regional,collectable but has no VPC presence
datazone.notification,datazone,R1,regional,spatial,,regional,collectable but has no VPC presence
datazone.owner,datazone,R1,regional,spatial,,regional,collectable but has no VPC presence
datazone.policy_grant,datazone,R1,regional,spatial,,regional,collectable but has no VPC presence
datazone.project,datazone,R1,regional,spatial,,regional,collectable but has no VPC presence
datazone.project_membership,datazone,R1,regional,spatial,,regional,collectable but has no VPC presence
datazone.project_profile,datazone,R1,regional,spatial,,regional,collectable but has no VPC presence
datazone.rule,datazone,R1,regional,spatial,,regional,collectable but has no VPC presence
datazone.search,datazone,R1,regional,spatial,,regional,collectable but has no VPC presence
datazone.search_group_profile,datazone,R1,regional,spatial,,regional,collectable but has no VPC presence
datazone.search_listing,datazone,R1,regional,spatial,,regional,collectable but has no VPC presence
datazone.search_type,datazone,R1,regional,spatial,,regional,collectable but has no VPC presence
datazone.search_user_profile,datazone,R1,regional,spatial,,regional,collectable but has no VPC presence
datazone.subscription,datazone,R1,regional,spatial,,regional,collectable but has no VPC presence
datazone.subscription_grant,datazone,R1,regional,spatial,,regional,collectable but has no VPC presence
datazone.subscription_request,datazone,R1,regional,spatial,,regional,collectable but has no VPC presence
datazone.subscription_request_detail,datazone,R1,regional,spatial,,regional,collectable but has no VPC presence
datazone.subscription_target,datazone,R1,regional,spatial,,regional,collectable but has no VPC presence
datazone.tags_for_resource,datazone,R1,regional,spatial,,regional,collectable but has no VPC presence
datazone.time_series_data_point,datazone,R1,regional,spatial,,regional,collectable but has no VPC presence
datazone.user_profile,datazone,R1,regional,spatial,,regional,collectable but has no VPC presence
dax.default_parameter,dax,R1,regional,spatial,,regional,collectable but has no VPC presence
dax.event,dax,R1,regional,spatial,,regional,collectable but has no VPC presence
dax.parameter,dax,R1,regional,spatial,,regional,collectable but has no VPC presence
dax.parameter_group,dax,R1,regional,spatial,,regional,collectable but has no VPC presence
dax.tag,dax,R1,regional,spatial,,regional,collectable but has no VPC presence
deadline.budget,deadline,R1,regional,spatial,,regional,collectable but has no VPC presence
deadline.farm,deadline,R1,regional,spatial,,regional,collectable but has no VPC presence
deadline.farm_member,deadline,R1,regional,spatial,,regional,collectable but has no VPC presence
deadline.fleet,deadline,R1,regional,spatial,,regional,collectable but has no VPC presence
deadline.fleet_member,deadline,R1,regional,spatial,,regional,collectable but has no VPC presence
deadline.job,deadline,R1,regional,spatial,,regional,collectable but has no VPC presence
deadline.job_member,deadline,R1,regional,spatial,,regional,collectable but has no VPC presence
deadline.job_parameter_definition,deadline,R1,regional,spatial,,regional,collectable but has no VPC presence
deadline.license_endpoint,deadline,R1,regional,spatial,,regional,collectable but has no VPC presence
deadline.limit,deadline,R1,regional,spatial,,regional,collectable but has no VPC presence
deadline.metered_product,deadline,R1,regional,spatial,,regional,collectable but has no VPC presence
deadline.monitor,deadline,R1,regional,spatial,,regional,collectable but has no VPC presence
deadline.queue,deadline,R1,regional,spatial,,regional,collectable but has no VPC presence
deadline.queue_environment,deadline,R1,regional,spatial,,regional,collectable but has no VPC presence
deadline.queue_fleet_association,deadline,R1,regional,spatial,,regional,collectable but has no VPC presence
deadline.queue_limit_association,deadline,R1,regional,spatial,,regional,collectable but has no VPC presence
deadline.queue_member,deadline,R1,regional,spatial,,regional,collectable but has no VPC presence
deadline.search_job,deadline,R1,regional,spatial,,regional,collectable but has no VPC presence
deadline.search_step,deadline,R1,regional,spatial,,regional,collectable but has no VPC presence
deadline.search_task,deadline,R1,regional,spatial,,regional,collectable but has no VPC presence
deadline.search_worker,deadline,R1,regional,spatial,,regional,collectable but has no VPC presence
deadline.session,deadline,R1,regional,spatial,,regional,collectable but has no VPC presence
deadline.session_action,deadline,R1,regional,spatial,,regional,collectable but has no VPC presence
deadline.sessions_for_worker,deadline,R1,regional,spatial,,regional,collectable but has no VPC presence
deadline.sessions_statistics_aggregation,deadline,R1,regional,spatial,,regional,collectable but has no VPC presence
deadline.step,deadline,R1,regional,spatial,,regional,collectable but has no VPC presence
deadline.step_consumer,deadline,R1,regional,spatial,,regional,collectable but has no VPC presence
deadline.step_dependency,deadline,R1,regional,spatial,,regional,collectable but has no VPC presence
deadline.storage_profile,deadline,R1,regional,spatial,,regional,collectable but has no VPC presence
deadline.storage_profile_for_queue,deadline,R1,regional,spatial,,regional,collectable but has no VPC presence
deadline.storage_profiles_for_queue,deadline,R1,regional,spatial,,regional,collectable but has no VPC presence
deadline.tags_for_resource,deadline,R1,regional,spatial,,regional,collectable but has no VPC presence
deadline.task,deadline,R1,regional,spatial,,regional,collectable but has no VPC presence
deadline.worker,deadline,R1,regional,spatial,,regional,collectable but has no VPC presence
desired.instance,desired,R1,regional,spatial,,regional,collectable but has no VPC presence
detective.graph,detective,R1,regional,spatial,,regional,collectable but has no VPC presence
detective.invitation,detective,R1,regional,spatial,,regional,collectable but has no VPC presence
detective.member,detective,R1,regional,spatial,,regional,collectable but has no VPC presence
devicefarm.account_setting,devicefarm,R1,regional,spatial,,regional,collectable but has no VPC presence
devicefarm.artifact,devicefarm,R1,regional,spatial,,regional,collectable but has no VPC presence
devicefarm.device,devicefarm,R1,regional,spatial,,regional,collectable but has no VPC presence
devicefarm.device_instance,devicefarm,R1,regional,spatial,,regional,collectable but has no VPC presence
devicefarm.device_pool,devicefarm,R1,regional,spatial,,regional,collectable but has no VPC presence
devicefarm.device_pool_compatibility,devicefarm,R1,regional,spatial,,regional,collectable but has no VPC presence
devicefarm.instance_profile,devicefarm,R1,regional,spatial,,regional,collectable but has no VPC presence
devicefarm.job,devicefarm,R1,regional,spatial,,regional,collectable but has no VPC presence
devicefarm.network_profile,devicefarm,R1,regional,spatial,,regional,collectable but has no VPC presence
devicefarm.offering,devicefarm,R1,regional,spatial,,regional,collectable but has no VPC presence
devicefarm.offering_promotion,devicefarm,R1,regional,spatial,,regional,collectable but has no VPC presence
devicefarm.offering_status,devicefarm,R1,regional,spatial,,regional,collectable but has no VPC presence
devicefarm.offering_transaction,devicefarm,R1,regional,spatial,,regional,collectable but has no VPC presence
devicefarm.sample,devicefarm,R1,regional,spatial,,regional,collectable but has no VPC presence
devicefarm.suite,devicefarm,R1,regional,spatial,,regional,collectable but has no VPC presence
devicefarm.tags_for_resource,devicefarm,R1,regional,spatial,,regional,collectable but has no VPC presence
devicefarm.test,devicefarm,R1,regional,spatial,,regional,collectable but has no VPC presence
devicefarm.test_grid_session,devicefarm,R1,regional,spatial,,regional,collectable but has no VPC presence
devicefarm.test_grid_session_action,devicefarm,R1,regional,spatial,,regional,collectable but has no VPC presence
devicefarm.test_grid_session_artifact,devicefarm,R1,regional,spatial,,regional,collectable but has no VPC presence
devicefarm.unique_problem,devicefarm,R1,regional,spatial,,regional,collectable but has no VPC presence
devicefarm.upload,devicefarm,R1,regional,spatial,,regional,collectable but has no VPC presence
devicefarm.vpce_configuration,devicefarm,R1,regional,spatial,,regional,collectable but has no VPC presence
devops-guru.account_health,devops-guru,R1,regional,spatial,,regional,collectable but has no VPC presence
devops-guru.account_overview,devops-guru,R1,regional,spatial,,regional,collectable but has no VPC presence
devops-guru.anomalies_for_insight,devops-guru,R1,regional,spatial,,regional,collectable but has no VPC presence
devops-guru.anomalous_log_group,devops-guru,R1,regional,spatial,,regional,collectable but has no VPC presence
devops-guru.anomaly,devops-guru,R1,regional,spatial,,regional,collectable but has no VPC presence
devops-guru.cost_estimation,devops-guru,R1,regional,spatial,,regional,collectable but has no VPC presence
devops-guru.event,devops-guru,R1,regional,spatial,,regional,collectable but has no VPC presence
devops-guru.event_sources_config,devops-guru,R1,regional,spatial,,regional,collectable but has no VPC presence
devops-guru.feedback,devops-guru,R1,regional,spatial,,regional,collectable but has no VPC presence
devops-guru.insight,devops-guru,R1,regional,spatial,,regional,collectable but has no VPC presence
devops-guru.monitored_resource,devops-guru,R1,regional,spatial,,regional,collectable but has no VPC presence
devops-guru.notification_channel,devops-guru,R1,regional,spatial,,regional,collectable but has no VPC presence
devops-guru.organization_health,devops-guru,R1,regional,spatial,,regional,collectable but has no VPC presence
devops-guru.organization_insight,devops-guru,R1,regional,spatial,,regional,collectable but has no VPC presence
devops-guru.organization_overview,devops-guru,R1,regional,spatial,,regional,collectable but has no VPC presence
devops-guru.organization_resource_collection_health,devops-guru,R1,regional,spatial,,regional,collectable but has no VPC presence
devops-guru.recommendation,devops-guru,R1,regional,spatial,,regional,collectable but has no VPC presence
devops-guru.resource_collection,devops-guru,R1,regional,spatial,,regional,collectable but has no VPC presence
devops-guru.resource_collection_health,devops-guru,R1,regional,spatial,,regional,collectable but has no VPC presence
devops-guru.service_integration,devops-guru,R1,regional,spatial,,regional,collectable but has no VPC presence
directconnect.connection,directconnect,R1,regional,spatial,,regional,collectable but has no VPC presence
directconnect.direct_connect_gateway,directconnect,R1,regional,spatial,,regional,collectable but has no VPC presence
directconnect.direct_connect_gateway_association,directconnect,R1,regional,spatial,,regional,collectable but has no VPC presence
directconnect.lag,directconnect,R1,regional,spatial,,regional,collectable but has no VPC presence
directconnect.virtual_interface,directconnect,R1,regional,spatial,,regional,collectable but has no VPC presence
directconnect.virtual_interface_test_history,directconnect,R1,regional,spatial,,regional,collectable but has no VPC presence
directoryservice.directory,directoryservice,R1,regional,spatial,,regional,collectable but has no VPC presence
directoryservice.event_topic,directoryservice,R1,regional,spatial,,regional,collectable but has no VPC presence
discovery.appdiscovery_agent,discovery,R1,regional,spatial,,regional,collectable but has no VPC presence
discovery.batch_delete_configuration_task,discovery,R1,regional,spatial,,regional,collectable but has no VPC presence
discovery.configuration,discovery,R1,regional,spatial,,regional,collectable but has no VPC presence
discovery.continuous_export,discovery,R1,regional,spatial,,regional,collectable but has no VPC presence
discovery.discovery_summary,discovery,R1,regional,spatial,,regional,collectable but has no VPC presence
discovery.export_configuration,discovery,R1,regional,spatial,,regional,collectable but has no VPC presence
discovery.export_task,discovery,R1,regional,spatial,,regional,collectable but has no VPC presence
discovery.import_task,discovery,R1,regional,spatial,,regional,collectable but has no VPC presence
discovery.server_neighbor,discovery,R1,regional,spatial,,regional,collectable but has no VPC presence
discovery.tag,discovery,R1,regional,spatial,,regional,collectable but has no VPC presence
dlm.lifecycle_policy,dlm,R1,regional,spatial,,regional,collectable but has no VPC presence
dlm.tags_for_resource,dlm,R1,regional,spatial,,regional,collectable but has no VPC presence
dms.certificate,dms,R1,regional,spatial,,regional,collectable but has no VPC presence
dms.data_migration,dms,R1,regional,spatial,,regional,collectable but has no VPC presence
dms.data_provider,dms,R1,regional,spatial,,regional,collectable but has no VPC presence
dms.endpoint,dms,R1,regional,spatial,,regional,collectable but has no VPC presence
dms.event_subscription,dms,R1,regional,spatial,,regional,collectable but has no VPC presence
dms.instance_profile,dms,R1,regional,spatial,,regional,collectable but has no VPC presence
dms.migration_project,dms,R1,regional,spatial,,regional,collectable but has no VPC presence
dms.replication,dms,R1,regional,spatial,,regional,collectable but has no VPC presence
dms.replication_config,dms,R1,regional,spatial,,regional,collectable but has no VPC presence
dms.replication_task,dms,R1,regional,spatial,,regional,collectable but has no VPC presence
dms.replication_task_assessment_run,dms,R1,regional,spatial,,regional,collectable but has no VPC presence
dms.replication_task_individual_assessment,dms,R1,regional,spatial,,regional,collectable but has no VPC presence
dms.tags_for_resource,dms,R1,regional,spatial,,regional,collectable but has no VPC presence
docdb-elastic.cluster,docdb-elastic,R1,regional,spatial,,regional,collectable but has no VPC presence
docdb-elastic.cluster_snapshot,docdb-elastic,R1,regional,spatial,,regional,collectable but has no VPC presence
docdb-elastic.pending_maintenance_action,docdb-elastic,R1,regional,spatial,,regional,collectable but has no VPC presence
docdb-elastic.tags_for_resource,docdb-elastic,R1,regional,spatial,,regional,collectable but has no VPC presence
docdb.certificate,docdb,R1,regional,spatial,,regional,collectable but has no VPC presence
docdb.db_cluster,docdb,R1,regional,spatial,,regional,collectable but has no VPC presence
docdb.db_cluster_parameter_group,docdb,R1,regional,spatial,,regional,collectable but has no VPC presence
docdb.event,docdb,R1,regional,spatial,,regional,collectable but has no VPC presence
docdb.event_subscription,docdb,R1,regional,spatial,,regional,collectable but has no VPC presence
docdb.global_cluster,docdb,R1,regional,spatial,,regional,collectable but has no VPC presence
drs.launch_configuration_template,drs,R1,regional,spatial,,regional,collectable but has no VPC presence
drs.recovery_instance,drs,R1,regional,spatial,,regional,collectable but has no VPC presence
drs.replication_configuration_template,drs,R1,regional,spatial,,regional,collectable but has no VPC presence
drs.source_server,drs,R1,regional,spatial,,regional,collectable but has no VPC presence
ds-data.group,ds-data,R1,regional,spatial,,regional,collectable but has no VPC presence
ds-data.group_member,ds-data,R1,regional,spatial,,regional,collectable but has no VPC presence
ds-data.groups_for_member,ds-data,R1,regional,spatial,,regional,collectable but has no VPC presence
ds-data.search_group,ds-data,R1,regional,spatial,,regional,collectable but has no VPC presence
ds-data.search_user,ds-data,R1,regional,spatial,,regional,collectable but has no VPC presence
ds-data.user,ds-data,R1,regional,spatial,,regional,collectable but has no VPC presence
ds.ad_assessment,ds,R1,regional,spatial,,regional,collectable but has no VPC presence
ds.ca_enrollment_policy,ds,R1,regional,spatial,,regional,collectable but has no VPC presence
ds.certificate,ds,R1,regional,spatial,,regional,collectable but has no VPC presence
ds.client_authentication_setting,ds,R1,regional,spatial,,regional,collectable but has no VPC presence
ds.conditional_forwarder,ds,R1,regional,spatial,,regional,collectable but has no VPC presence
ds.directory_data_access,ds,R1,regional,spatial,,regional,collectable but has no VPC presence
ds.directory_limit,ds,R1,regional,spatial,,regional,collectable but has no VPC presence
ds.event_topic,ds,R1,regional,spatial,,regional,collectable but has no VPC presence
ds.hybrid_ad_update,ds,R1,regional,spatial,,regional,collectable but has no VPC presence
ds.ip_route,ds,R1,regional,spatial,,regional,collectable but has no VPC presence
ds.ldaps_setting,ds,R1,regional,spatial,,regional,collectable but has no VPC presence
ds.log_subscription,ds,R1,regional,spatial,,regional,collectable but has no VPC presence
ds.schema_extension,ds,R1,regional,spatial,,regional,collectable but has no VPC presence
ds.setting,ds,R1,regional,spatial,,regional,collectable but has no VPC presence
ds.shared_directory,ds,R1,regional,spatial,,regional,collectable but has no VPC presence
ds.snapshot,ds,R1,regional,spatial,,regional,collectable but has no VPC presence
ds.snapshot_limit,ds,R1,regional,spatial,,regional,collectable but has no VPC presence
ds.tags_for_resource,ds,R1,regional,spatial,,regional,collectable but has no VPC presence
ds.trust,ds,R1,regional,spatial,,regional,collectable but has no VPC presence
ds.update_directory,ds,R1,regional,spatial,,regional,collectable but has no VPC presence
dsql.cluster,dsql,R1,regional,spatial,,regional,collectable but has no VPC presence
dsql.cluster_policy,dsql,R1,regional,spatial,,regional,collectable but has no VPC presence
dsql.tags_for_resource,dsql,R1,regional,spatial,,regional,collectable but has no VPC presence
dsql.vpc_endpoint_service_name,dsql,R1,regional,spatial,,regional,collectable but has no VPC presence
dynamodb.continuous_backup,dynamodb,R1,regional,spatial,,regional-service,"dynamodb is regional, outside any VPC"
dynamodb.dynamodb_backup,dynamodb,R1,regional,spatial,,regional-service,"dynamodb is regional, outside any VPC"
dynamodb.export,dynamodb,R1,regional,spatial,,regional-service,"dynamodb is regional, outside any VPC"
dynamodb.global_table,dynamodb,R1,regional,spatial,,regional-service,"dynamodb is regional, outside any VPC"
dynamodb.import,dynamodb,R1,regional,spatial,,regional-service,"dynamodb is regional, outside any VPC"
dynamodb.table,dynamodb,R1,regional,spatial,,regional-service,"dynamodb is regional, outside any VPC"
dynamodb.table_replica_auto_scaling,dynamodb,R1,regional,spatial,,regional-service,"dynamodb is regional, outside any VPC"
dynamodbstreams.dynamodb_stream,dynamodbstreams,R1,regional,spatial,,regional,collectable but has no VPC presence
dynamodbstreams.record,dynamodbstreams,R1,regional,spatial,,regional,collectable but has no VPC presence
dynamodbstreams.shard_iterator,dynamodbstreams,R1,regional,spatial,,regional,collectable but has no VPC presence
dynamodbstreams.stream,dynamodbstreams,R1,regional,spatial,,regional,collectable but has no VPC presence
ebs.fast_snapshot_restore,ebs,R1,regional,spatial,,regional,collectable but has no VPC presence
ec2.active_vpn_tunnel_status,ec2,R1,regional,spatial,,regional,collectable but has no VPC presence
ec2.capacity_reservation_fleet,ec2,R1,regional,spatial,,regional,collectable but has no VPC presence
ec2.coip_pool,ec2,R1,regional,spatial,,regional,collectable but has no VPC presence
ec2.ebs_encryption_by_default,ec2,R1,regional,spatial,,regional,collectable but has no VPC presence
ec2.enabled_ipam_policy,ec2,R1,regional,spatial,,regional,collectable but has no VPC presence
ec2.flow_log,ec2,R1,regional,spatial,,regional,collectable but has no VPC presence
ec2.iam_instance_profile_association,ec2,R1,regional,spatial,,regional,collectable but has no VPC presence
ec2.import_image_task,ec2,R1,regional,spatial,,regional,collectable but has no VPC presence
ec2.instance_image_metadata,ec2,R1,regional,spatial,,regional,collectable but has no VPC presence
ec2.instance_status,ec2,R1,regional,spatial,,regional,collectable but has no VPC presence
ec2.ipam_external_resource_verification_token,ec2,R1,regional,spatial,,regional,collectable but has no VPC presence
ec2.ipam_policy,ec2,R1,regional,spatial,,regional,collectable but has no VPC presence
ec2.ipam_pool,ec2,R1,regional,spatial,,regional,collectable but has no VPC presence
ec2.ipam_prefix_list_resolver,ec2,R1,regional,spatial,,regional,collectable but has no VPC presence
ec2.ipam_prefix_list_resolver_target,ec2,R1,regional,spatial,,regional,collectable but has no VPC presence
ec2.ipam_resource_discovery,ec2,R1,regional,spatial,,regional,collectable but has no VPC presence
ec2.ipam_resource_discovery_association,ec2,R1,regional,spatial,,regional,collectable but has no VPC presence
ec2.ipam_scope,ec2,R1,regional,spatial,,regional,collectable but has no VPC presence
ec2.ipv6_pool,ec2,R1,regional,spatial,,regional,collectable but has no VPC presence
ec2.key_pair,ec2,R1,regional,spatial,,regional,collectable but has no VPC presence
ec2.local_gateway,ec2,R1,regional,spatial,,regional,collectable but has no VPC presence
ec2.local_gateway_route_table,ec2,R1,regional,spatial,,regional,collectable but has no VPC presence
ec2.local_gateway_route_table_virtual_interface_group_association,ec2,R1,regional,spatial,,regional,collectable but has no VPC presence
ec2.local_gateway_virtual_interface,ec2,R1,regional,spatial,,regional,collectable but has no VPC presence
ec2.local_gateway_virtual_interface_group,ec2,R1,regional,spatial,,regional,collectable but has no VPC presence
ec2.outpost_lag,ec2,R1,regional,spatial,,regional,collectable but has no VPC presence
ec2.placement_group,ec2,R1,regional,spatial,,regional,collectable but has no VPC presence
ec2.principal_id_format,ec2,R1,regional,spatial,,regional,collectable but has no VPC presence
ec2.public_ipv4_pool,ec2,R1,regional,spatial,,regional,collectable but has no VPC presence
ec2.serial_console_access_status,ec2,R1,regional,spatial,,regional,collectable but has no VPC presence
ec2.service_link_virtual_interface,ec2,R1,regional,spatial,,regional,collectable but has no VPC presence
ec2.traffic_mirror_filter,ec2,R1,regional,spatial,,regional,collectable but has no VPC presence
ec2.verified_access_group,ec2,R1,regional,spatial,,regional,collectable but has no VPC presence
ec2.verified_access_instance,ec2,R1,regional,spatial,,regional,collectable but has no VPC presence
ec2.verified_access_trust_provider,ec2,R1,regional,spatial,,regional,collectable but has no VPC presence
ec2.volumes_in_recycle_bin,ec2,R1,regional,spatial,,regional,collectable but has no VPC presence
ec2.vpc_block_public_access_exclusion,ec2,R1,regional,spatial,,regional,collectable but has no VPC presence
ec2.vpc_block_public_access_options,ec2,R1,regional,spatial,,regional,collectable but has no VPC presence
ecr-public.authorization_token,ecr-public,R1,regional,spatial,,regional-service,"ecr-public is regional, outside any VPC"
ecr-public.image,ecr-public,R1,regional,spatial,,regional-service,"ecr-public is regional, outside any VPC"
ecr-public.image_tag,ecr-public,R1,regional,spatial,,regional-service,"ecr-public is regional, outside any VPC"
ecr-public.registry,ecr-public,R1,regional,spatial,,regional-service,"ecr-public is regional, outside any VPC"
ecr-public.registry_catalog_data,ecr-public,R1,regional,spatial,,regional-service,"ecr-public is regional, outside any VPC"
ecr-public.repository,ecr-public,R1,regional,spatial,,regional-service,"ecr-public is regional, outside any VPC"
ecr-public.repository_catalog_data,ecr-public,R1,regional,spatial,,regional-service,"ecr-public is regional, outside any VPC"
ecr-public.repository_policy,ecr-public,R1,regional,spatial,,regional-service,"ecr-public is regional, outside any VPC"
ecr-public.tags_for_resource,ecr-public,R1,regional,spatial,,regional-service,"ecr-public is regional, outside any VPC"
ecr.lifecycle_policy,ecr,R1,regional,spatial,,regional-service,"ecr is regional, outside any VPC"
ecr.public_repository,ecr,R1,regional,spatial,,regional-service,"ecr is regional, outside any VPC"
ecr.pull_through_cache_rule,ecr,R1,regional,spatial,,regional-service,"ecr is regional, outside any VPC"
ecr.pull_time_update_exclusion,ecr,R1,regional,spatial,,regional-service,"ecr is regional, outside any VPC"
ecr.registry,ecr,R1,regional,spatial,,regional-service,"ecr is regional, outside any VPC"
ecr.registry_policy,ecr,R1,regional,spatial,,regional-service,"ecr is regional, outside any VPC"
ecr.registry_scanning_configuration,ecr,R1,regional,spatial,,regional-service,"ecr is regional, outside any VPC"
ecr.replication_configuration,ecr,R1,regional,spatial,,regional-service,"ecr is regional, outside any VPC"
ecr.repository,ecr,R1,regional,spatial,,regional-service,"ecr is regional, outside any VPC"
ecr.repository_creation_template,ecr,R1,regional,spatial,,regional-service,"ecr is regional, outside any VPC"
ecr.repository_policy,ecr,R1,regional,spatial,,regional-service,"ecr is regional, outside any VPC"
ecr.signing_configuration,ecr,R1,regional,spatial,,regional-service,"ecr is regional, outside any VPC"
ecs.account_setting,ecs,R1,regional,spatial,,regional,collectable but has no VPC presence
ecs.capacity_provider,ecs,R1,regional,spatial,,regional,collectable but has no VPC presence
ecs.cluster,ecs,R1,regional,spatial,,regional,collectable but has no VPC presence
ecs.service_revision,ecs,R1,regional,spatial,,regional,collectable but has no VPC presence
ecs.task_definition,ecs,R1,regional,spatial,,regional,collectable but has no VPC presence
edr.cas,edr,R1,regional,spatial,,regional,collectable but has no VPC presence
edr.membership,edr,R1,regional,spatial,,regional,collectable but has no VPC presence
efs.access_point,efs,R1,regional,spatial,,regional,collectable but has no VPC presence
efs.account_preference,efs,R1,regional,spatial,,regional,collectable but has no VPC presence
efs.backup_policy,efs,R1,regional,spatial,,regional,collectable but has no VPC presence
efs.file_system_policy,efs,R1,regional,spatial,,regional,collectable but has no VPC presence
efs.lifecycle_configuration,efs,R1,regional,spatial,,regional,collectable but has no VPC presence
efs.replication_configuration,efs,R1,regional,spatial,,regional,collectable but has no VPC presence
efs.tag,efs,R1,regional,spatial,,regional,collectable but has no VPC presence
efs.tags_for_resource,efs,R1,regional,spatial,,regional,collectable but has no VPC presence
eip.address,eip,R1,regional,spatial,,regional,collectable but has no VPC presence
eks.access_entry,eks,R1,regional,spatial,,regional,collectable but has no VPC presence
eks.access_policy,eks,R1,regional,spatial,,regional,collectable but has no VPC presence
eks.addon,eks,R1,regional,spatial,,regional,collectable but has no VPC presence
eks.eks_anywhere_subscription,eks,R1,regional,spatial,,regional,collectable but has no VPC presence
eks.fargate_profile,eks,R1,regional,spatial,,regional,collectable but has no VPC presence
elastic.domain_name,elastic,R1,regional,spatial,,regional,collectable but has no VPC presence
elastic.elasticsearch_domain,elastic,R1,regional,spatial,,regional,collectable but has no VPC presence
elasticache.cache_parameter_group,elasticache,R1,regional,spatial,,regional-service,"elasticache is regional, outside any VPC"
elasticache.global_replication_group,elasticache,R1,regional,spatial,,regional-service,"elasticache is regional, outside any VPC"
elasticache.parameter_group,elasticache,R1,regional,spatial,,regional-service,"elasticache is regional, outside any VPC"
elasticache.replication_group,elasticache,R1,regional,spatial,,regional-service,"elasticache is regional, outside any VPC"
elasticache.reserved_cache_node,elasticache,R1,regional,spatial,,regional-service,"elasticache is regional, outside any VPC"
elasticache.security_group,elasticache,R1,regional,spatial,,regional-service,"elasticache is regional, outside any VPC"
elasticache.security_group_ingress,elasticache,R1,regional,spatial,,regional-service,"elasticache is regional, outside any VPC"
elasticache.serverless_cache,elasticache,R1,regional,spatial,,regional-service,"elasticache is regional, outside any VPC"
elasticache.user,elasticache,R1,regional,spatial,,regional-service,"elasticache is regional, outside any VPC"
elasticache.user_group,elasticache,R1,regional,spatial,,regional-service,"elasticache is regional, outside any VPC"
elasticbeanstalk.application,elasticbeanstalk,R1,regional,spatial,,regional,collectable but has no VPC presence
elasticbeanstalk.application_version,elasticbeanstalk,R1,regional,spatial,,regional,collectable but has no VPC presence
elasticbeanstalk.configuration_setting,elasticbeanstalk,R1,regional,spatial,,regional,collectable but has no VPC presence
elasticbeanstalk.environment,elasticbeanstalk,R1,regional,spatial,,regional,collectable but has no VPC presence
elastictranscoder.jobs_by_pipeline,elastictranscoder,R1,regional,spatial,,regional,collectable but has no VPC presence
elastictranscoder.jobs_by_status,elastictranscoder,R1,regional,spatial,,regional,collectable but has no VPC presence
elastictranscoder.pipeline,elastictranscoder,R1,regional,spatial,,regional,collectable but has no VPC presence
elastictranscoder.preset,elastictranscoder,R1,regional,spatial,,regional,collectable but has no VPC presence
elb.load_balancer_attribute,elb,R1,regional,spatial,dns,regional,collectable but has no VPC presence
elbv2.listener,elbv2,L6,attached,spatial,dns,regional,collectable but has no VPC presence
elbv2.listener_certificate,elbv2,R1,regional,spatial,dns,regional,collectable but has no VPC presence
elbv2.load_balancer_attribute,elbv2,R1,regional,spatial,dns,regional,collectable but has no VPC presence
elbv2.rule,elbv2,R1,regional,spatial,dns,regional,collectable but has no VPC presence
elbv2.ssl_policy,elbv2,R1,regional,spatial,dns,regional,collectable but has no VPC presence
elbv2.target_health,elbv2,R1,regional,spatial,dns,regional,collectable but has no VPC presence
elbv2.trust_store,elbv2,R1,regional,spatial,dns,regional,collectable but has no VPC presence
emr-containers.job_run,emr-containers,R1,regional,spatial,,regional,collectable but has no VPC presence
emr-containers.job_template,emr-containers,R1,regional,spatial,,regional,collectable but has no VPC presence
emr-containers.managed_endpoint,emr-containers,R1,regional,spatial,,regional,collectable but has no VPC presence
emr-containers.managed_endpoint_session_credential,emr-containers,R1,regional,spatial,,regional,collectable but has no VPC presence
emr-containers.security_configuration,emr-containers,R1,regional,spatial,,regional,collectable but has no VPC presence
emr-containers.tags_for_resource,emr-containers,R1,regional,spatial,,regional,collectable but has no VPC presence
emr-containers.virtual_cluster,emr-containers,R1,regional,spatial,,regional,collectable but has no VPC presence
emr-serverless.application,emr-serverless,R1,regional,spatial,,regional,collectable but has no VPC presence
emr-serverless.dashboard_for_job_run,emr-serverless,R1,regional,spatial,,regional,collectable but has no VPC presence
emr-serverless.job_run,emr-serverless,R1,regional,spatial,,regional,collectable but has no VPC presence
emr-serverless.job_run_attempt,emr-serverless,R1,regional,spatial,,regional,collectable but has no VPC presence
emr-serverless.tags_for_resource,emr-serverless,R1,regional,spatial,,regional,collectable but has no VPC presence
emr.auto_termination_policy,emr,R1,regional,spatial,,regional-service,"emr is regional, outside any VPC"
emr.block_public_access_configuration,emr,R1,regional,spatial,,regional-service,"emr is regional, outside any VPC"
emr.cluster_session_credential,emr,R1,regional,spatial,,regional-service,"emr is regional, outside any VPC"
emr.instance_fleet_config,emr,R1,regional,spatial,,regional-service,"emr is regional, outside any VPC"
emr.instance_group_config,emr,R1,regional,spatial,,regional-service,"emr is regional, outside any VPC"
emr.managed_scaling_policy,emr,R1,regional,spatial,,regional-service,"emr is regional, outside any VPC"
emr.notebook_execution,emr,R1,regional,spatial,,regional-service,"emr is regional, outside any VPC"
emr.on_cluster_app_ui_presigned_url,emr,R1,regional,spatial,,regional-service,"emr is regional, outside any VPC"
emr.persistent_app_ui,emr,R1,regional,spatial,,regional-service,"emr is regional, outside any VPC"
emr.persistent_app_ui_presigned_url,emr,R1,regional,spatial,,regional-service,"emr is regional, outside any VPC"
emr.security_configuration,emr,R1,regional,spatial,,regional-service,"emr is regional, outside any VPC"
emr.step,emr,R1,regional,spatial,,regional-service,"emr is regional, outside any VPC"
emr.studio_session_mapping,emr,R1,regional,spatial,,regional-service,"emr is regional, outside any VPC"
emr.wal_workspace,emr,R1,regional,spatial,,regional-service,"emr is regional, outside any VPC"
entityresolution.id_mapping_job,entityresolution,R1,regional,spatial,,regional,collectable but has no VPC presence
entityresolution.id_mapping_workflow,entityresolution,R1,regional,spatial,,regional,collectable but has no VPC presence
entityresolution.id_namespace,entityresolution,R1,regional,spatial,,regional,collectable but has no VPC presence
entityresolution.match_id,entityresolution,R1,regional,spatial,,regional,collectable but has no VPC presence
entityresolution.matching_job,entityresolution,R1,regional,spatial,,regional,collectable but has no VPC presence
entityresolution.matching_workflow,entityresolution,R1,regional,spatial,,regional,collectable but has no VPC presence
entityresolution.policy,entityresolution,R1,regional,spatial,,regional,collectable but has no VPC presence
entityresolution.provider_service,entityresolution,R1,regional,spatial,,regional,collectable but has no VPC presence
entityresolution.schema_mapping,entityresolution,R1,regional,spatial,,regional,collectable but has no VPC presence
entityresolution.tags_for_resource,entityresolution,R1,regional,spatial,,regional,collectable but has no VPC presence
es.domain_auto_tune,es,R1,regional,spatial,,regional,collectable but has no VPC presence
es.domain_change_progress,es,R1,regional,spatial,,regional,collectable but has no VPC presence
es.elasticsearch_instance_type_limit,es,R1,regional,spatial,,regional,collectable but has no VPC presence
es.elasticsearch_reserved,es,R1,regional,spatial,,regional,collectable but has no VPC presence
es.inbound_cross_cluster_search_connection,es,R1,regional,spatial,,regional,collectable but has no VPC presence
es.outbound_cross_cluster_search_connection,es,R1,regional,spatial,,regional,collectable but has no VPC presence
es.packages_for_domain,es,R1,regional,spatial,,regional,collectable but has no VPC presence
es.reserved_elasticsearch_instance_offering,es,R1,regional,spatial,,regional,collectable but has no VPC presence
es.tag,es,R1,regional,spatial,,regional,collectable but has no VPC presence
es.upgrade_history,es,R1,regional,spatial,,regional,collectable but has no VPC presence
es.upgrade_status,es,R1,regional,spatial,,regional,collectable but has no VPC presence
es.vpc_endpoint_access,es,R1,regional,spatial,,regional,collectable but has no VPC presence
es.vpc_endpoints_for_domain,es,R1,regional,spatial,,regional,collectable but has no VPC presence
event.event_data_store,event,R1,regional,spatial,,regional,collectable but has no VPC presence
eventbridge.event_bus,eventbridge,R1,regional,spatial,,regional,collectable but has no VPC presence
eventbridge.replay,eventbridge,R1,regional,spatial,,regional,collectable but has no VPC presence
events.api_destination,events,R1,regional,spatial,,regional-service,"events is regional, outside any VPC"
events.archive,events,R1,regional,spatial,,regional-service,"events is regional, outside any VPC"
events.connection,events,R1,regional,spatial,,regional-service,"events is regional, outside any VPC"
events.endpoint,events,R1,regional,spatial,,regional-service,"events is regional, outside any VPC"
events.event_bu,events,R1,regional,spatial,,regional-service,"events is regional, outside any VPC"
events.event_bus,events,R1,regional,spatial,,regional-service,"events is regional, outside any VPC"
events.event_bus_policy,events,R1,regional,spatial,,regional-service,"events is regional, outside any VPC"
events.event_source,events,R1,regional,spatial,,regional-service,"events is regional, outside any VPC"
events.partner_event_source,events,R1,regional,spatial,,regional-service,"events is regional, outside any VPC"
events.partner_event_source_account,events,R1,regional,spatial,,regional-service,"events is regional, outside any VPC"
events.replay,events,R1,regional,spatial,,regional-service,"events is regional, outside any VPC"
events.rule,events,R1,regional,spatial,,regional-service,"events is regional, outside any VPC"
events.tags_for_resource,events,R1,regional,spatial,,regional-service,"events is regional, outside any VPC"
eventschemas.discoverer,eventschemas,R1,regional,spatial,,regional,collectable but has no VPC presence
eventschemas.registry,eventschemas,R1,regional,spatial,,regional,collectable but has no VPC presence
evidently.experiment,evidently,R1,regional,spatial,,regional,collectable but has no VPC presence
evidently.experiment_result,evidently,R1,regional,spatial,,regional,collectable but has no VPC presence
evidently.feature,evidently,R1,regional,spatial,,regional,collectable but has no VPC presence
evidently.launch,evidently,R1,regional,spatial,,regional,collectable but has no VPC presence
evidently.project,evidently,R1,regional,spatial,,regional,collectable but has no VPC presence
evidently.segment,evidently,R1,regional,spatial,,regional,collectable but has no VPC presence
evidently.segment_reference,evidently,R1,regional,spatial,,regional,collectable but has no VPC presence
evidently.tags_for_resource,evidently,R1,regional,spatial,,regional,collectable but has no VPC presence
evs.environment,evs,R1,regional,spatial,,regional,collectable but has no VPC presence
evs.environment_host,evs,R1,regional,spatial,,regional,collectable but has no VPC presence
evs.environment_vlan,evs,R1,regional,spatial,,regional,collectable but has no VPC presence
evs.tags_for_resource,evs,R1,regional,spatial,,regional,collectable but has no VPC presence
fargate.account_setting,fargate,R1,regional,spatial,,regional,collectable but has no VPC presence
fargate.capacity_provider,fargate,R1,regional,spatial,,regional,collectable but has no VPC presence
fargate.cluster,fargate,R1,regional,spatial,,regional,collectable but has no VPC presence
fargate.service,fargate,R1,regional,spatial,,regional,collectable but has no VPC presence
fargate.task,fargate,R1,regional,spatial,,regional,collectable but has no VPC presence
fargate.task_definition,fargate,R1,regional,spatial,,regional,collectable but has no VPC presence
finspace-data.changeset,finspace-data,R1,regional,spatial,,regional,collectable but has no VPC presence
finspace-data.data_view,finspace-data,R1,regional,spatial,,regional,collectable but has no VPC presence
finspace-data.dataset,finspace-data,R1,regional,spatial,,regional,collectable but has no VPC presence
finspace-data.external_data_view_access_detail,finspace-data,R1,regional,spatial,,regional,collectable but has no VPC presence
finspace-data.permission_group,finspace-data,R1,regional,spatial,,regional,collectable but has no VPC presence
finspace-data.permission_groups_by_user,finspace-data,R1,regional,spatial,,regional,collectable but has no VPC presence
finspace-data.programmatic_access_credential,finspace-data,R1,regional,spatial,,regional,collectable but has no VPC presence
finspace-data.user,finspace-data,R1,regional,spatial,,regional,collectable but has no VPC presence
finspace-data.users_by_permission_group,finspace-data,R1,regional,spatial,,regional,collectable but has no VPC presence
finspace-data.working_location,finspace-data,R1,regional,spatial,,regional,collectable but has no VPC presence
finspace.environment,finspace,R1,regional,spatial,,regional,collectable but has no VPC presence
finspace.kx_changeset,finspace,R1,regional,spatial,,regional,collectable but has no VPC presence
finspace.kx_cluster_node,finspace,R1,regional,spatial,,regional,collectable but has no VPC presence
finspace.kx_connection_string,finspace,R1,regional,spatial,,regional,collectable but has no VPC presence
finspace.kx_databas,finspace,R1,regional,spatial,,regional,collectable but has no VPC presence
finspace.kx_database,finspace,R1,regional,spatial,,regional,collectable but has no VPC presence
finspace.kx_environment,finspace,R1,regional,spatial,,regional,collectable but has no VPC presence
finspace.kx_scaling_group,finspace,R1,regional,spatial,,regional,collectable but has no VPC presence
finspace.kx_user,finspace,R1,regional,spatial,,regional,collectable but has no VPC presence
finspace.tags_for_resource,finspace,R1,regional,spatial,,regional,collectable but has no VPC presence
fis.action,fis,R1,regional,spatial,,regional,collectable but has no VPC presence
fis.experiment,fis,R1,regional,spatial,,regional,collectable but has no VPC presence
fis.experiment_resolved_target,fis,R1,regional,spatial,,regional,collectable but has no VPC presence
fis.experiment_target_account_configuration,fis,R1,regional,spatial,,regional,collectable but has no VPC presence
fis.experiment_template,fis,R1,regional,spatial,,regional,collectable but has no VPC presence
fis.fis_experiment,fis,R1,regional,spatial,,regional,collectable but has no VPC presence
fis.safety_lever,fis,R1,regional,spatial,,regional,collectable but has no VPC presence
fis.tags_for_resource,fis,R1,regional,spatial,,regional,collectable but has no VPC presence
fis.target_account_configuration,fis,R1,regional,spatial,,regional,collectable but has no VPC presence
fis.target_resource_type,fis,R1,regional,spatial,,regional,collectable but has no VPC presence
fms.admin_account,fms,R1,regional,spatial,,regional,collectable but has no VPC presence
fms.admin_accounts_for_organization,fms,R1,regional,spatial,,regional,collectable but has no VPC presence
fms.admin_scope,fms,R1,regional,spatial,,regional,collectable but has no VPC presence
fms.apps_list,fms,R1,regional,spatial,,regional,collectable but has no VPC presence
fms.compliance_detail,fms,R1,regional,spatial,,regional,collectable but has no VPC presence
fms.compliance_status,fms,R1,regional,spatial,,regional,collectable but has no VPC presence
fms.discovered_resource,fms,R1,regional,spatial,,regional,collectable but has no VPC presence
fms.notification_channel,fms,R1,regional,spatial,,regional,collectable but has no VPC presence
fms.policy,fms,R1,regional,spatial,,regional,collectable but has no VPC presence
fms.protection_status,fms,R1,regional,spatial,,regional,collectable but has no VPC presence
fms.protocols_list,fms,R1,regional,spatial,,regional,collectable but has no VPC presence
fms.resource_set,fms,R1,regional,spatial,,regional,collectable but has no VPC presence
fms.resource_set_resource,fms,R1,regional,spatial,,regional,collectable but has no VPC presence
fms.tags_for_resource,fms,R1,regional,spatial,,regional,collectable but has no VPC presence
fms.third_party_firewall_association_status,fms,R1,regional,spatial,,regional,collectable but has no VPC presence
fms.third_party_firewall_firewall_policy,fms,R1,regional,spatial,,regional,collectable but has no VPC presence
forecast.dataset,forecast,R1,regional,spatial,,regional,collectable but has no VPC presence
forecast.dataset_group,forecast,R1,regional,spatial,,regional,collectable but has no VPC presence
forecast.dataset_import_job,forecast,R1,regional,spatial,,regional,collectable but has no VPC presence
forecast.explainability,forecast,R1,regional,spatial,,regional,collectable but has no VPC presence
forecast.explainability_export,forecast,R1,regional,spatial,,regional,collectable but has no VPC presence
forecast.forecast,forecast,R1,regional,spatial,,regional,collectable but has no VPC presence
forecast.forecast_export_job,forecast,R1,regional,spatial,,regional,collectable but has no VPC presence
forecast.monitor,forecast,R1,regional,spatial,,regional,collectable but has no VPC presence
forecast.predictor,forecast,R1,regional,spatial,,regional,collectable but has no VPC presence
forecast.predictor_backtest_export_job,forecast,R1,regional,spatial,,regional,collectable but has no VPC presence
forecast.what_if_analys,forecast,R1,regional,spatial,,regional,collectable but has no VPC presence
forecast.what_if_forecast,forecast,R1,regional,spatial,,regional,collectable but has no VPC presence
forecast.what_if_forecast_export,forecast,R1,regional,spatial,,regional,collectable but has no VPC presence
forecastquery.query_forecast,forecastquery,R1,regional,spatial,,regional,collectable but has no VPC presence
forecastquery.query_what_if_forecast,forecastquery,R1,regional,spatial,,regional,collectable but has no VPC presence
frauddetector.batch_import_job,frauddetector,R1,regional,spatial,,regional,collectable but has no VPC presence
frauddetector.batch_prediction_job,frauddetector,R1,regional,spatial,,regional,collectable but has no VPC presence
frauddetector.detector,frauddetector,R1,regional,spatial,,regional,collectable but has no VPC presence
frauddetector.entity_type,frauddetector,R1,regional,spatial,,regional,collectable but has no VPC presence
frauddetector.event_prediction,frauddetector,R1,regional,spatial,,regional,collectable but has no VPC presence
frauddetector.event_type,frauddetector,R1,regional,spatial,,regional,collectable but has no VPC presence
frauddetector.external_model,frauddetector,R1,regional,spatial,,regional,collectable but has no VPC presence
frauddetector.kms_encryption_key,frauddetector,R1,regional,spatial,,regional,collectable but has no VPC presence
frauddetector.label,frauddetector,R1,regional,spatial,,regional,collectable but has no VPC presence
frauddetector.list,frauddetector,R1,regional,spatial,,regional,collectable but has no VPC presence
frauddetector.model,frauddetector,R1,regional,spatial,,regional,collectable but has no VPC presence
frauddetector.model_version,frauddetector,R1,regional,spatial,,regional,collectable but has no VPC presence
frauddetector.outcome,frauddetector,R1,regional,spatial,,regional,collectable but has no VPC presence
frauddetector.tags_for_resource,frauddetector,R1,regional,spatial,,regional,collectable but has no VPC presence
frauddetector.variable,frauddetector,R1,regional,spatial,,regional,collectable but has no VPC presence
freetier.account_activity,freetier,R1,regional,spatial,,regional,collectable but has no VPC presence
freetier.account_plan_state,freetier,R1,regional,spatial,,regional,collectable but has no VPC presence
freetier.free_tier_usage,freetier,R1,regional,spatial,,regional,collectable but has no VPC presence
fsx.data_repository_association,fsx,R1,regional,spatial,,regional,collectable but has no VPC presence
fsx.storage_virtual_machine,fsx,R1,regional,spatial,,regional,collectable but has no VPC presence
gamelift.alias,gamelift,R1,regional,spatial,,regional,collectable but has no VPC presence
gamelift.build,gamelift,R1,regional,spatial,,regional,collectable but has no VPC presence
gamelift.compute,gamelift,R1,regional,spatial,,regional,collectable but has no VPC presence
gamelift.compute_access,gamelift,R1,regional,spatial,,regional,collectable but has no VPC presence
gamelift.compute_auth_token,gamelift,R1,regional,spatial,,regional,collectable but has no VPC presence
gamelift.container_fleet,gamelift,R1,regional,spatial,,regional,collectable but has no VPC presence
gamelift.container_group_definition,gamelift,R1,regional,spatial,,regional,collectable but has no VPC presence
gamelift.container_group_definition_version,gamelift,R1,regional,spatial,,regional,collectable but has no VPC presence
gamelift.ec2_instance_limit,gamelift,R1,regional,spatial,,regional,collectable but has no VPC presence
gamelift.fleet,gamelift,R1,regional,spatial,,regional,collectable but has no VPC presence
gamelift.fleet_attribute,gamelift,R1,regional,spatial,,regional,collectable but has no VPC presence
gamelift.fleet_capacity,gamelift,R1,regional,spatial,,regional,collectable but has no VPC presence
gamelift.fleet_deployment,gamelift,R1,regional,spatial,,regional,collectable but has no VPC presence
gamelift.fleet_event,gamelift,R1,regional,spatial,,regional,collectable but has no VPC presence
gamelift.fleet_location_attribute,gamelift,R1,regional,spatial,,regional,collectable but has no VPC presence
gamelift.fleet_location_capacity,gamelift,R1,regional,spatial,,regional,collectable but has no VPC presence
gamelift.fleet_location_utilization,gamelift,R1,regional,spatial,,regional,collectable but has no VPC presence
gamelift.fleet_port_setting,gamelift,R1,regional,spatial,,regional,collectable but has no VPC presence
gamelift.fleet_utilization,gamelift,R1,regional,spatial,,regional,collectable but has no VPC presence
gamelift.game_server,gamelift,R1,regional,spatial,,regional,collectable but has no VPC presence
gamelift.game_server_group,gamelift,R1,regional,spatial,,regional,collectable but has no VPC presence
gamelift.game_server_instance,gamelift,R1,regional,spatial,,regional,collectable but has no VPC presence
gamelift.game_session,gamelift,R1,regional,spatial,,regional,collectable but has no VPC presence
gamelift.game_session_detail,gamelift,R1,regional,spatial,,regional,collectable but has no VPC presence
gamelift.game_session_log_url,gamelift,R1,regional,spatial,,regional,collectable but has no VPC presence
gamelift.game_session_placement,gamelift,R1,regional,spatial,,regional,collectable but has no VPC presence
gamelift.game_session_queue,gamelift,R1,regional,spatial,,regional,collectable but has no VPC presence
gamelift.instance,gamelift,R1,regional,spatial,,regional,collectable but has no VPC presence
gamelift.instance_access,gamelift,R1,regional,spatial,,regional,collectable but has no VPC presence
gamelift.location,gamelift,R1,regional,spatial,,regional,collectable but has no VPC presence
gamelift.matchmaking,gamelift,R1,regional,spatial,,regional,collectable but has no VPC presence
gamelift.matchmaking_configuration,gamelift,R1,regional,spatial,,regional,collectable but has no VPC presence
gamelift.matchmaking_rule_set,gamelift,R1,regional,spatial,,regional,collectable but has no VPC presence
gamelift.player_session,gamelift,R1,regional,spatial,,regional,collectable but has no VPC presence
gamelift.runtime_configuration,gamelift,R1,regional,spatial,,regional,collectable but has no VPC presence
gamelift.scaling_policy,gamelift,R1,regional,spatial,,regional,collectable but has no VPC presence
gamelift.script,gamelift,R1,regional,spatial,,regional,collectable but has no VPC presence
gamelift.tags_for_resource,gamelift,R1,regional,spatial,,regional,collectable but has no VPC presence
gamelift.vpc_peering_authorization,gamelift,R1,regional,spatial,,regional,collectable but has no VPC presence
gamelift.vpc_peering_connection,gamelift,R1,regional,spatial,,regional,collectable but has no VPC presence
gameliftstreams.application,gameliftstreams,R1,regional,spatial,,regional,collectable but has no VPC presence
gameliftstreams.stream_group,gameliftstreams,R1,regional,spatial,,regional,collectable but has no VPC presence
gameliftstreams.stream_session,gameliftstreams,R1,regional,spatial,,regional,collectable but has no VPC presence
gameliftstreams.stream_sessions_by_account,gameliftstreams,R1,regional,spatial,,regional,collectable but has no VPC presence
gameliftstreams.tags_for_resource,gameliftstreams,R1,regional,spatial,,regional,collectable but has no VPC presence
geo-maps.glyph,geo-maps,R1,regional,spatial,,regional,collectable but has no VPC presence
geo-maps.sprite,geo-maps,R1,regional,spatial,,regional,collectable but has no VPC presence
geo-maps.static_map,geo-maps,R1,regional,spatial,,regional,collectable but has no VPC presence
geo-maps.style_descriptor,geo-maps,R1,regional,spatial,,regional,collectable but has no VPC presence
geo-maps.tile,geo-maps,R1,regional,spatial,,regional,collectable but has no VPC presence
geo-places.place,geo-places,R1,regional,spatial,,regional,collectable but has no VPC presence
geo-places.search_nearby,geo-places,R1,regional,spatial,,regional,collectable but has no VPC presence
geo-places.search_text,geo-places,R1,regional,spatial,,regional,collectable but has no VPC presence
glacier.data_retrieval_policy,glacier,R1,regional,spatial,,regional-service,"glacier is regional, outside any VPC"
glacier.glacier,glacier,R1,regional,spatial,,regional-service,"glacier is regional, outside any VPC"
glacier.vault,glacier,R1,regional,spatial,,regional-service,"glacier is regional, outside any VPC"
glacier.vault_access_policy,glacier,R1,regional,spatial,,regional-service,"glacier is regional, outside any VPC"
glacier.vault_lock,glacier,R1,regional,spatial,,regional-service,"glacier is regional, outside any VPC"
glue.blueprint,glue,R1,regional,spatial,,regional-service,"glue is regional, outside any VPC"
glue.catalog,glue,R1,regional,spatial,,regional-service,"glue is regional, outside any VPC"
glue.classifier,glue,R1,regional,spatial,,regional-service,"glue is regional, outside any VPC"
glue.column_statistics_task_run,glue,R1,regional,spatial,,regional-service,"glue is regional, outside any VPC"
glue.crawler,glue,R1,regional,spatial,,regional-service,"glue is regional, outside any VPC"
glue.custom_entity_type,glue,R1,regional,spatial,,regional-service,"glue is regional, outside any VPC"
glue.data_catalog_encryption_settings,glue,R1,regional,spatial,,regional-service,"glue is regional, outside any VPC"
glue.data_quality_ruleset,glue,R1,regional,spatial,,regional-service,"glue is regional, outside any VPC"
glue.database,glue,R1,regional,spatial,,regional-service,"glue is regional, outside any VPC"
glue.glue_identity_center_configuration,glue,R1,regional,spatial,,regional-service,"glue is regional, outside any VPC"
glue.identity_center_configuration,glue,R1,regional,spatial,,regional-service,"glue is regional, outside any VPC"
glue.integration,glue,R1,regional,spatial,,regional-service,"glue is regional, outside any VPC"
glue.integration_resource_property,glue,R1,regional,spatial,,regional-service,"glue is regional, outside any VPC"
glue.job,glue,R1,regional,spatial,,regional-service,"glue is regional, outside any VPC"
glue.ml_transform,glue,R1,regional,spatial,,regional-service,"glue is regional, outside any VPC"
glue.partition,glue,R1,regional,spatial,,regional-service,"glue is regional, outside any VPC"
glue.registry,glue,R1,regional,spatial,,regional-service,"glue is regional, outside any VPC"
glue.schema,glue,R1,regional,spatial,,regional-service,"glue is regional, outside any VPC"
glue.schema_version,glue,R1,regional,spatial,,regional-service,"glue is regional, outside any VPC"
glue.schema_version_metadata,glue,R1,regional,spatial,,regional-service,"glue is regional, outside any VPC"
glue.security_configuration,glue,R1,regional,spatial,,regional-service,"glue is regional, outside any VPC"
glue.table_optimizer,glue,R1,regional,spatial,,regional-service,"glue is regional, outside any VPC"
glue.trigger,glue,R1,regional,spatial,,regional-service,"glue is regional, outside any VPC"
glue.usage_profile,glue,R1,regional,spatial,,regional-service,"glue is regional, outside any VPC"
glue.user_defined_function,glue,R1,regional,spatial,,regional-service,"glue is regional, outside any VPC"
glue.workflow,glue,R1,regional,spatial,,regional-service,"glue is regional, outside any VPC"
grafana.permission,grafana,R1,regional,spatial,,regional,collectable but has no VPC presence
grafana.tags_for_resource,grafana,R1,regional,spatial,,regional,collectable but has no VPC presence
grafana.version,grafana,R1,regional,spatial,,regional,collectable but has no VPC presence
grafana.workspace,grafana,R1,regional,spatial,,regional,collectable but has no VPC presence
grafana.workspace_authentication,grafana,R1,regional,spatial,,regional,collectable but has no VPC presence
grafana.workspace_configuration,grafana,R1,regional,spatial,,regional,collectable but has no VPC presence
grafana.workspace_service_account,grafana,R1,regional,spatial,,regional,collectable but has no VPC presence
grafana.workspace_service_account_token,grafana,R1,regional,spatial,,regional,collectable but has no VPC presence
greengrass.associated_role,greengrass,R1,regional,spatial,,regional,collectable but has no VPC presence
greengrass.bulk_deployment,greengrass,R1,regional,spatial,,regional,collectable but has no VPC presence
greengrass.bulk_deployment_detailed_report,greengrass,R1,regional,spatial,,regional,collectable but has no VPC presence
greengrass.bulk_deployment_status,greengrass,R1,regional,spatial,,regional,collectable but has no VPC presence
greengrass.connectivity_info,greengrass,R1,regional,spatial,,regional,collectable but has no VPC presence
greengrass.connector_definition,greengrass,R1,regional,spatial,,regional,collectable but has no VPC presence
greengrass.connector_definition_version,greengrass,R1,regional,spatial,,regional,collectable but has no VPC presence
greengrass.core_definition,greengrass,R1,regional,spatial,,regional,collectable but has no VPC presence
greengrass.core_definition_version,greengrass,R1,regional,spatial,,regional,collectable but has no VPC presence
greengrass.deployment,greengrass,R1,regional,spatial,,regional,collectable but has no VPC presence
greengrass.deployment_status,greengrass,R1,regional,spatial,,regional,collectable but has no VPC presence
greengrass.device_definition,greengrass,R1,regional,spatial,,regional,collectable but has no VPC presence
greengrass.device_definition_version,greengrass,R1,regional,spatial,,regional,collectable but has no VPC presence
greengrass.function_definition,greengrass,R1,regional,spatial,,regional,collectable but has no VPC presence
greengrass.function_definition_version,greengrass,R1,regional,spatial,,regional,collectable but has no VPC presence
greengrass.group,greengrass,R1,regional,spatial,,regional,collectable but has no VPC presence
greengrass.group_certificate_authority,greengrass,R1,regional,spatial,,regional,collectable but has no VPC presence
greengrass.group_certificate_configuration,greengrass,R1,regional,spatial,,regional,collectable but has no VPC presence
greengrass.group_version,greengrass,R1,regional,spatial,,regional,collectable but has no VPC presence
greengrass.logger_definition,greengrass,R1,regional,spatial,,regional,collectable but has no VPC presence
greengrass.logger_definition_version,greengrass,R1,regional,spatial,,regional,collectable but has no VPC presence
greengrass.resource_definition,greengrass,R1,regional,spatial,,regional,collectable but has no VPC presence
greengrass.resource_definition_version,greengrass,R1,regional,spatial,,regional,collectable but has no VPC presence
greengrass.service_role_for_account,greengrass,R1,regional,spatial,,regional,collectable but has no VPC presence
greengrass.subscription_definition,greengrass,R1,regional,spatial,,regional,collectable but has no VPC presence
greengrass.subscription_definition_version,greengrass,R1,regional,spatial,,regional,collectable but has no VPC presence
greengrass.tags_for_resource,greengrass,R1,regional,spatial,,regional,collectable but has no VPC presence
greengrass.thing_runtime_configuration,greengrass,R1,regional,spatial,,regional,collectable but has no VPC presence
greengrassv2.client_devices_associated_with_core_device,greengrassv2,R1,regional,spatial,,regional,collectable but has no VPC presence
greengrassv2.component,greengrassv2,R1,regional,spatial,,regional,collectable but has no VPC presence
greengrassv2.component_version,greengrassv2,R1,regional,spatial,,regional,collectable but has no VPC presence
greengrassv2.component_version_artifact,greengrassv2,R1,regional,spatial,,regional,collectable but has no VPC presence
greengrassv2.connectivity_info,greengrassv2,R1,regional,spatial,,regional,collectable but has no VPC presence
greengrassv2.core_device,greengrassv2,R1,regional,spatial,,regional,collectable but has no VPC presence
greengrassv2.deployment,greengrassv2,R1,regional,spatial,,regional,collectable but has no VPC presence
greengrassv2.effective_deployment,greengrassv2,R1,regional,spatial,,regional,collectable but has no VPC presence
greengrassv2.installed_component,greengrassv2,R1,regional,spatial,,regional,collectable but has no VPC presence
greengrassv2.service_role_for_account,greengrassv2,R1,regional,spatial,,regional,collectable but has no VPC presence
greengrassv2.tags_for_resource,greengrassv2,R1,regional,spatial,,regional,collectable but has no VPC presence
groundstation.agent_configuration,groundstation,R1,regional,spatial,,regional,collectable but has no VPC presence
groundstation.agent_task_response_url,groundstation,R1,regional,spatial,,regional,collectable but has no VPC presence
groundstation.config,groundstation,R1,regional,spatial,,regional,collectable but has no VPC presence
groundstation.contact,groundstation,R1,regional,spatial,,regional,collectable but has no VPC presence
groundstation.dataflow_endpoint_group,groundstation,R1,regional,spatial,,regional,collectable but has no VPC presence
groundstation.ephemeri,groundstation,R1,regional,spatial,,regional,collectable but has no VPC presence
groundstation.ephemeride,groundstation,R1,regional,spatial,,regional,collectable but has no VPC presence
groundstation.ground_station,groundstation,R1,regional,spatial,,regional,collectable but has no VPC presence
groundstation.minute_usage,groundstation,R1,regional,spatial,,regional,collectable but has no VPC presence
groundstation.mission_profile,groundstation,R1,regional,spatial,,regional,collectable but has no VPC presence
groundstation.satellite,groundstation,R1,regional,spatial,,regional,collectable but has no VPC presence
groundstation.tags_for_resource,groundstation,R1,regional,spatial,,regional,collectable but has no VPC presence
guardduty.detector,guardduty,R1,regional,spatial,,regional,collectable but has no VPC presence
guardduty.member_detector,guardduty,R1,regional,spatial,,regional,collectable but has no VPC presence
guardduty.organization_configuration,guardduty,R1,regional,spatial,,regional,collectable but has no VPC presence
health.affected_accounts_for_organization,health,R1,regional,spatial,,regional,collectable but has no VPC presence
health.affected_entities_for_organization,health,R1,regional,spatial,,regional,collectable but has no VPC presence
health.affected_entity,health,R1,regional,spatial,,regional,collectable but has no VPC presence
health.entity_aggregate,health,R1,regional,spatial,,regional,collectable but has no VPC presence
health.entity_aggregates_for_organization,health,R1,regional,spatial,,regional,collectable but has no VPC presence
health.event_aggregate,health,R1,regional,spatial,,regional,collectable but has no VPC presence
health.event_detail,health,R1,regional,spatial,,regional,collectable but has no VPC presence
health.event_details_for_organization,health,R1,regional,spatial,,regional,collectable but has no VPC presence
health.event_type,health,R1,regional,spatial,,regional,collectable but has no VPC presence
health.events_for_organization,health,R1,regional,spatial,,regional,collectable but has no VPC presence
health.health_service_status_for_organization,health,R1,regional,spatial,,regional,collectable but has no VPC presence
healthlake.fhir_datastore,healthlake,R1,regional,spatial,,regional,collectable but has no VPC presence
healthlake.fhir_export_job,healthlake,R1,regional,spatial,,regional,collectable but has no VPC presence
healthlake.fhir_import_job,healthlake,R1,regional,spatial,,regional,collectable but has no VPC presence
healthlake.tags_for_resource,healthlake,R1,regional,spatial,,regional,collectable but has no VPC presence
importexport.job,importexport,R1,regional,spatial,,regional,collectable but has no VPC presence
importexport.shipping_label,importexport,R1,regional,spatial,,regional,collectable but has no VPC presence
importexport.status,importexport,R1,regional,spatial,,regional,collectable but has no VPC presence
inspector-scan.scan_sbom,inspector-scan,R1,regional,spatial,,regional,collectable but has no VPC presence
inspector.assessment_run,inspector,R1,regional,spatial,,regional,collectable but has no VPC presence
inspector.assessment_target,inspector,R1,regional,spatial,,regional,collectable but has no VPC presence
inspector.assessment_template,inspector,R1,regional,spatial,,regional,collectable but has no VPC presence
inspector.cross_account_access_role,inspector,R1,regional,spatial,,regional,collectable but has no VPC presence
inspector.event_subscription,inspector,R1,regional,spatial,,regional,collectable but has no VPC presence
inspector.rules_package,inspector,R1,regional,spatial,,regional,collectable but has no VPC presence
inspector2.cis_scan,inspector2,R1,regional,spatial,,regional,collectable but has no VPC presence
inspector2.code_security_integration,inspector2,R1,regional,spatial,,regional,collectable but has no VPC presence
inspector2.coverage,inspector2,R1,regional,spatial,,regional,collectable but has no VPC presence
inspector2.filter,inspector2,R1,regional,spatial,,regional,collectable but has no VPC presence
inspector2.findings_report_status,inspector2,R1,regional,spatial,,regional,collectable but has no VPC presence
inspector2.organization_configuration,inspector2,R1,regional,spatial,,regional,collectable but has no VPC presence
internetmonitor.health_event,internetmonitor,R1,regional,spatial,,regional,collectable but has no VPC presence
internetmonitor.internet_event,internetmonitor,R1,regional,spatial,,regional,collectable but has no VPC presence
internetmonitor.monitor,internetmonitor,R1,regional,spatial,,regional,collectable but has no VPC presence
internetmonitor.query_result,internetmonitor,R1,regional,spatial,,regional,collectable but has no VPC presence
internetmonitor.query_status,internetmonitor,R1,regional,spatial,,regional,collectable but has no VPC presence
internetmonitor.tags_for_resource,internetmonitor,R1,regional,spatial,,regional,collectable but has no VPC presence
invoicing.invoice_pdf,invoicing,R1,regional,spatial,,regional,collectable but has no VPC presence
invoicing.invoice_summary,invoicing,R1,regional,spatial,,regional,collectable but has no VPC presence
invoicing.invoice_unit,invoicing,R1,regional,spatial,,regional,collectable but has no VPC presence
invoicing.procurement_portal_preference,invoicing,R1,regional,spatial,,regional,collectable but has no VPC presence
invoicing.tags_for_resource,invoicing,R1,regional,spatial,,regional,collectable but has no VPC presence
iot-data.named_shadows_for_thing,iot-data,R1,regional,spatial,,regional,collectable but has no VPC presence
iot-data.retained_message,iot-data,R1,regional,spatial,,regional,collectable but has no VPC presence
iot-data.thing_shadow,iot-data,R1,regional,spatial,,regional,collectable but has no VPC presence
iot-jobs-data.job_execution,iot-jobs-data,R1,regional,spatial,,regional,collectable but has no VPC presence
iot-jobs-data.pending_job_execution,iot-jobs-data,R1,regional,spatial,,regional,collectable but has no VPC presence
iot-managed-integrations.account_association,iot-managed-integrations,R1,regional,spatial,,regional,collectable but has no VPC presence
iot-managed-integrations.cloud_connector,iot-managed-integrations,R1,regional,spatial,,regional,collectable but has no VPC presence
iot-managed-integrations.connector_destination,iot-managed-integrations,R1,regional,spatial,,regional,collectable but has no VPC presence
iot-managed-integrations.credential_locker,iot-managed-integrations,R1,regional,spatial,,regional,collectable but has no VPC presence
iot-managed-integrations.custom_endpoint,iot-managed-integrations,R1,regional,spatial,,regional,collectable but has no VPC presence
iot-managed-integrations.default_encryption_configuration,iot-managed-integrations,R1,regional,spatial,,regional,collectable but has no VPC presence
iot-managed-integrations.destination,iot-managed-integrations,R1,regional,spatial,,regional,collectable but has no VPC presence
iot-managed-integrations.device_discovery,iot-managed-integrations,R1,regional,spatial,,regional,collectable but has no VPC presence
iot-managed-integrations.discovered_device,iot-managed-integrations,R1,regional,spatial,,regional,collectable but has no VPC presence
iot-managed-integrations.event_log_configuration,iot-managed-integrations,R1,regional,spatial,,regional,collectable but has no VPC presence
iot-managed-integrations.hub_configuration,iot-managed-integrations,R1,regional,spatial,,regional,collectable but has no VPC presence
iot-managed-integrations.managed_thing,iot-managed-integrations,R1,regional,spatial,,regional,collectable but has no VPC presence
iot-managed-integrations.managed_thing_account_association,iot-managed-integrations,R1,regional,spatial,,regional,collectable but has no VPC presence
iot-managed-integrations.managed_thing_capability,iot-managed-integrations,R1,regional,spatial,,regional,collectable but has no VPC presence
iot-managed-integrations.managed_thing_certificate,iot-managed-integrations,R1,regional,spatial,,regional,collectable but has no VPC presence
iot-managed-integrations.managed_thing_connectivity_data,iot-managed-integrations,R1,regional,spatial,,regional,collectable but has no VPC presence
iot-managed-integrations.managed_thing_meta_data,iot-managed-integrations,R1,regional,spatial,,regional,collectable but has no VPC presence
iot-managed-integrations.managed_thing_schema,iot-managed-integrations,R1,regional,spatial,,regional,collectable but has no VPC presence
iot-managed-integrations.managed_thing_state,iot-managed-integrations,R1,regional,spatial,,regional,collectable but has no VPC presence
iot-managed-integrations.notification_configuration,iot-managed-integrations,R1,regional,spatial,,regional,collectable but has no VPC presence
iot-managed-integrations.ota_task,iot-managed-integrations,R1,regional,spatial,,regional,collectable but has no VPC presence
iot-managed-integrations.ota_task_configuration,iot-managed-integrations,R1,regional,spatial,,regional,collectable but has no VPC presence
iot-managed-integrations.ota_task_execution,iot-managed-integrations,R1,regional,spatial,,regional,collectable but has no VPC presence
iot-managed-integrations.provisioning_profile,iot-managed-integrations,R1,regional,spatial,,regional,collectable but has no VPC presence
iot-managed-integrations.runtime_log_configuration,iot-managed-integrations,R1,regional,spatial,,regional,collectable but has no VPC presence
iot-managed-integrations.schema_version,iot-managed-integrations,R1,regional,spatial,,regional,collectable but has no VPC presence
iot-managed-integrations.tags_for_resource,iot-managed-integrations,R1,regional,spatial,,regional,collectable but has no VPC presence
iot.account_audit_configuration,iot,R1,regional,spatial,,regional,collectable but has no VPC presence
iot.active_violation,iot,R1,regional,spatial,,regional,collectable but has no VPC presence
iot.attached_policy,iot,R1,regional,spatial,,regional,collectable but has no VPC presence
iot.audit_finding,iot,R1,regional,spatial,,regional,collectable but has no VPC presence
iot.audit_mitigation_actions_execution,iot,R1,regional,spatial,,regional,collectable but has no VPC presence
iot.audit_mitigation_actions_task,iot,R1,regional,spatial,,regional,collectable but has no VPC presence
iot.audit_suppression,iot,R1,regional,spatial,,regional,collectable but has no VPC presence
iot.audit_task,iot,R1,regional,spatial,,regional,collectable but has no VPC presence
iot.authorizer,iot,R1,regional,spatial,,regional,collectable but has no VPC presence
iot.behavior_model_training_summary,iot,R1,regional,spatial,,regional,collectable but has no VPC presence
iot.billing_group,iot,R1,regional,spatial,,regional,collectable but has no VPC presence
iot.buckets_aggregation,iot,R1,regional,spatial,,regional,collectable but has no VPC presence
iot.ca_certificate,iot,R1,regional,spatial,,regional,collectable but has no VPC presence
iot.cardinality,iot,R1,regional,spatial,,regional,collectable but has no VPC presence
iot.certificate,iot,R1,regional,spatial,,regional,collectable but has no VPC presence
iot.certificate_provider,iot,R1,regional,spatial,,regional,collectable but has no VPC presence
iot.certificates_by_ca,iot,R1,regional,spatial,,regional,collectable but has no VPC presence
iot.command,iot,R1,regional,spatial,,regional,collectable but has no VPC presence
iot.command_execution,iot,R1,regional,spatial,,regional,collectable but has no VPC presence
iot.custom_metric,iot,R1,regional,spatial,,regional,collectable but has no VPC presence
iot.default_authorizer,iot,R1,regional,spatial,,regional,collectable but has no VPC presence
iot.detect_mitigation_actions_execution,iot,R1,regional,spatial,,regional,collectable but has no VPC presence
iot.detect_mitigation_actions_task,iot,R1,regional,spatial,,regional,collectable but has no VPC presence
iot.dimension,iot,R1,regional,spatial,,regional,collectable but has no VPC presence
iot.domain_configuration,iot,R1,regional,spatial,,regional,collectable but has no VPC presence
iot.effective_policy,iot,R1,regional,spatial,,regional,collectable but has no VPC presence
iot.encryption_configuration,iot,R1,regional,spatial,,regional,collectable but has no VPC presence
iot.endpoint,iot,R1,regional,spatial,,regional,collectable but has no VPC presence
iot.event_configuration,iot,R1,regional,spatial,,regional,collectable but has no VPC presence
iot.fleet_metric,iot,R1,regional,spatial,,regional,collectable but has no VPC presence
iot.index,iot,R1,regional,spatial,,regional,collectable but has no VPC presence
iot.indexing_configuration,iot,R1,regional,spatial,,regional,collectable but has no VPC presence
iot.indice,iot,R1,regional,spatial,,regional,collectable but has no VPC presence
iot.job,iot,R1,regional,spatial,,regional,collectable but has no VPC presence
iot.job_document,iot,R1,regional,spatial,,regional,collectable but has no VPC presence
iot.job_execution,iot,R1,regional,spatial,,regional,collectable but has no VPC presence
iot.job_executions_for_job,iot,R1,regional,spatial,,regional,collectable but has no VPC presence
iot.job_executions_for_thing,iot,R1,regional,spatial,,regional,collectable but has no VPC presence
iot.job_template,iot,R1,regional,spatial,,regional,collectable but has no VPC presence
iot.logging_option,iot,R1,regional,spatial,,regional,collectable but has no VPC presence
iot.managed_job_template,iot,R1,regional,spatial,,regional,collectable but has no VPC presence
iot.metric_value,iot,R1,regional,spatial,,regional,collectable but has no VPC presence
iot.mitigation_action,iot,R1,regional,spatial,,regional,collectable but has no VPC presence
iot.ota_update,iot,R1,regional,spatial,,regional,collectable but has no VPC presence
iot.outgoing_certificate,iot,R1,regional,spatial,,regional,collectable but has no VPC presence
iot.package,iot,R1,regional,spatial,,regional,collectable but has no VPC presence
iot.package_configuration,iot,R1,regional,spatial,,regional,collectable but has no VPC presence
iot.package_version,iot,R1,regional,spatial,,regional,collectable but has no VPC presence
iot.percentile,iot,R1,regional,spatial,,regional,collectable but has no VPC presence
iot.policy,iot,R1,regional,spatial,,regional,collectable but has no VPC presence
iot.policy_principal,iot,R1,regional,spatial,,regional,collectable but has no VPC presence
iot.policy_version,iot,R1,regional,spatial,,regional,collectable but has no VPC presence
iot.principal_policy,iot,R1,regional,spatial,,regional,collectable but has no VPC presence
iot.principal_thing,iot,R1,regional,spatial,,regional,collectable but has no VPC presence
iot.principal_things_v2,iot,R1,regional,spatial,,regional,collectable but has no VPC presence
iot.provisioning_template,iot,R1,regional,spatial,,regional,collectable but has no VPC presence
iot.provisioning_template_version,iot,R1,regional,spatial,,regional,collectable but has no VPC presence
iot.registration_code,iot,R1,regional,spatial,,regional,collectable but has no VPC presence
iot.related_resources_for_audit_finding,iot,R1,regional,spatial,,regional,collectable but has no VPC presence
iot.role_alias,iot,R1,regional,spatial,,regional,collectable but has no VPC presence
iot.sbom_validation_result,iot,R1,regional,spatial,,regional,collectable but has no VPC presence
iot.scheduled_audit,iot,R1,regional,spatial,,regional,collectable but has no VPC presence
iot.search_index,iot,R1,regional,spatial,,regional,collectable but has no VPC presence
iot.security_profile,iot,R1,regional,spatial,,regional,collectable but has no VPC presence
iot.security_profiles_for_target,iot,R1,regional,spatial,,regional,collectable but has no VPC presence
iot.statistic,iot,R1,regional,spatial,,regional,collectable but has no VPC presence
iot.stream,iot,R1,regional,spatial,,regional,collectable but has no VPC presence
iot.tags_for_resource,iot,R1,regional,spatial,,regional,collectable but has no VPC presence
iot.targets_for_policy,iot,R1,regional,spatial,,regional,collectable but has no VPC presence
iot.targets_for_security_profile,iot,R1,regional,spatial,,regional,collectable but has no VPC presence
iot.thing,iot,R1,regional,spatial,,regional,collectable but has no VPC presence
iot.thing_connectivity_data,iot,R1,regional,spatial,,regional,collectable but has no VPC presence
iot.thing_group,iot,R1,regional,spatial,,regional,collectable but has no VPC presence
iot.thing_groups_for_thing,iot,R1,regional,spatial,,regional,collectable but has no VPC presence
iot.thing_principal,iot,R1,regional,spatial,,regional,collectable but has no VPC presence
iot.thing_principals_v2,iot,R1,regional,spatial,,regional,collectable but has no VPC presence
iot.thing_registration_task,iot,R1,regional,spatial,,regional,collectable but has no VPC presence
iot.thing_registration_task_report,iot,R1,regional,spatial,,regional,collectable but has no VPC presence
iot.thing_type,iot,R1,regional,spatial,,regional,collectable but has no VPC presence
iot.things_in_billing_group,iot,R1,regional,spatial,,regional,collectable but has no VPC presence
iot.things_in_thing_group,iot,R1,regional,spatial,,regional,collectable but has no VPC presence
iot.topic_rule,iot,R1,regional,spatial,,regional,collectable but has no VPC presence
iot.v2_logging_level,iot,R1,regional,spatial,,regional,collectable but has no VPC presence
iot.v2_logging_option,iot,R1,regional,spatial,,regional,collectable but has no VPC presence
iot.violation_event,iot,R1,regional,spatial,,regional,collectable but has no VPC presence
iotanalytics.channel,iotanalytics,R1,regional,spatial,,regional,collectable but has no VPC presence
iotanalytics.dataset,iotanalytics,R1,regional,spatial,,regional,collectable but has no VPC presence
iotanalytics.dataset_content,iotanalytics,R1,regional,spatial,,regional,collectable but has no VPC presence
iotanalytics.datastore,iotanalytics,R1,regional,spatial,,regional,collectable but has no VPC presence
iotanalytics.logging_option,iotanalytics,R1,regional,spatial,,regional,collectable but has no VPC presence
iotanalytics.pipeline,iotanalytics,R1,regional,spatial,,regional,collectable but has no VPC presence
iotanalytics.tags_for_resource,iotanalytics,R1,regional,spatial,,regional,collectable but has no VPC presence
iotdeviceadvisor.endpoint,iotdeviceadvisor,R1,regional,spatial,,regional,collectable but has no VPC presence
iotdeviceadvisor.suite_definition,iotdeviceadvisor,R1,regional,spatial,,regional,collectable but has no VPC presence
iotdeviceadvisor.suite_run,iotdeviceadvisor,R1,regional,spatial,,regional,collectable but has no VPC presence
iotdeviceadvisor.suite_run_report,iotdeviceadvisor,R1,regional,spatial,,regional,collectable but has no VPC presence
iotdeviceadvisor.tags_for_resource,iotdeviceadvisor,R1,regional,spatial,,regional,collectable but has no VPC presence
iotdevicedefender.custom_metric,iotdevicedefender,R1,regional,spatial,,regional,collectable but has no VPC presence
iotdevicedefender.tags_for_resource,iotdevicedefender,R1,regional,spatial,,regional,collectable but has no VPC presence
iotevents-data.alarm,iotevents-data,R1,regional,spatial,,regional,collectable but has no VPC presence
iotevents-data.detector,iotevents-data,R1,regional,spatial,,regional,collectable but has no VPC presence
iotevents.alarm_model,iotevents,R1,regional,spatial,,regional,collectable but has no VPC presence
iotevents.alarm_model_version,iotevents,R1,regional,spatial,,regional,collectable but has no VPC presence
iotevents.detector_model,iotevents,R1,regional,spatial,,regional,collectable but has no VPC presence
iotevents.detector_model_analysis,iotevents,R1,regional,spatial,,regional,collectable but has no VPC presence
iotevents.detector_model_analysis_result,iotevents,R1,regional,spatial,,regional,collectable but has no VPC presence
iotevents.detector_model_version,iotevents,R1,regional,spatial,,regional,collectable but has no VPC presence
iotevents.input,iotevents,R1,regional,spatial,,regional,collectable but has no VPC presence
iotevents.input_routing,iotevents,R1,regional,spatial,,regional,collectable but has no VPC presence
iotevents.logging_option,iotevents,R1,regional,spatial,,regional,collectable but has no VPC presence
iotevents.tags_for_resource,iotevents,R1,regional,spatial,,regional,collectable but has no VPC presence
iotfleetwise.campaign,iotfleetwise,R1,regional,spatial,,regional,collectable but has no VPC presence
iotfleetwise.decoder_manifest,iotfleetwise,R1,regional,spatial,,regional,collectable but has no VPC presence
iotfleetwise.decoder_manifest_signal,iotfleetwise,R1,regional,spatial,,regional,collectable but has no VPC presence
iotfleetwise.encryption_configuration,iotfleetwise,R1,regional,spatial,,regional,collectable but has no VPC presence
iotfleetwise.fleet,iotfleetwise,R1,regional,spatial,,regional,collectable but has no VPC presence
iotfleetwise.fleets_for_vehicle,iotfleetwise,R1,regional,spatial,,regional,collectable but has no VPC presence
iotfleetwise.logging_option,iotfleetwise,R1,regional,spatial,,regional,collectable but has no VPC presence
iotfleetwise.model_manifest,iotfleetwise,R1,regional,spatial,,regional,collectable but has no VPC presence
iotfleetwise.model_manifest_node,iotfleetwise,R1,regional,spatial,,regional,collectable but has no VPC presence
iotfleetwise.register_account_status,iotfleetwise,R1,regional,spatial,,regional,collectable but has no VPC presence
iotfleetwise.signal_catalog,iotfleetwise,R1,regional,spatial,,regional,collectable but has no VPC presence
iotfleetwise.signal_catalog_node,iotfleetwise,R1,regional,spatial,,regional,collectable but has no VPC presence
iotfleetwise.state_template,iotfleetwise,R1,regional,spatial,,regional,collectable but has no VPC presence
iotfleetwise.tags_for_resource,iotfleetwise,R1,regional,spatial,,regional,collectable but has no VPC presence
iotfleetwise.vehicle,iotfleetwise,R1,regional,spatial,,regional,collectable but has no VPC presence
iotfleetwise.vehicle_status,iotfleetwise,R1,regional,spatial,,regional,collectable but has no VPC presence
iotfleetwise.vehicles_in_fleet,iotfleetwise,R1,regional,spatial,,regional,collectable but has no VPC presence
iotsecuretunneling.tags_for_resource,iotsecuretunneling,R1,regional,spatial,,regional,collectable but has no VPC presence
iotsecuretunneling.tunnel,iotsecuretunneling,R1,regional,spatial,,regional,collectable but has no VPC presence
iotsitewise.access_policy,iotsitewise,R1,regional,spatial,,regional,collectable but has no VPC presence
iotsitewise.action,iotsitewise,R1,regional,spatial,,regional,collectable but has no VPC presence
iotsitewise.asset,iotsitewise,R1,regional,spatial,,regional,collectable but has no VPC presence
iotsitewise.asset_composite_model,iotsitewise,R1,regional,spatial,,regional,collectable but has no VPC presence
iotsitewise.asset_model,iotsitewise,R1,regional,spatial,,regional,collectable but has no VPC presence
iotsitewise.asset_model_composite_model,iotsitewise,R1,regional,spatial,,regional,collectable but has no VPC presence
iotsitewise.asset_model_interface_relationship,iotsitewise,R1,regional,spatial,,regional,collectable but has no VPC presence
iotsitewise.asset_model_property,iotsitewise,R1,regional,spatial,,regional,collectable but has no VPC presence
iotsitewise.asset_property,iotsitewise,R1,regional,spatial,,regional,collectable but has no VPC presence
iotsitewise.asset_property_aggregate,iotsitewise,R1,regional,spatial,,regional,collectable but has no VPC presence
iotsitewise.asset_property_value,iotsitewise,R1,regional,spatial,,regional,collectable but has no VPC presence
iotsitewise.asset_property_value_history,iotsitewise,R1,regional,spatial,,regional,collectable but has no VPC presence
iotsitewise.asset_relationship,iotsitewise,R1,regional,spatial,,regional,collectable but has no VPC presence
iotsitewise.associated_asset,iotsitewise,R1,regional,spatial,,regional,collectable but has no VPC presence
iotsitewise.bulk_import_job,iotsitewise,R1,regional,spatial,,regional,collectable but has no VPC presence
iotsitewise.composition_relationship,iotsitewise,R1,regional,spatial,,regional,collectable but has no VPC presence
iotsitewise.computation_model,iotsitewise,R1,regional,spatial,,regional,collectable but has no VPC presence
iotsitewise.computation_model_data_binding_usage,iotsitewise,R1,regional,spatial,,regional,collectable but has no VPC presence
iotsitewise.computation_model_execution_summary,iotsitewise,R1,regional,spatial,,regional,collectable but has no VPC presence
iotsitewise.computation_model_resolve_to_resource,iotsitewise,R1,regional,spatial,,regional,collectable but has no VPC presence
iotsitewise.dashboard,iotsitewise,R1,regional,spatial,,regional,collectable but has no VPC presence
iotsitewise.dataset,iotsitewise,R1,regional,spatial,,regional,collectable but has no VPC presence
iotsitewise.default_encryption_configuration,iotsitewise,R1,regional,spatial,,regional,collectable but has no VPC presence
iotsitewise.execution,iotsitewise,R1,regional,spatial,,regional,collectable but has no VPC presence
iotsitewise.gateway,iotsitewise,R1,regional,spatial,,regional,collectable but has no VPC presence
iotsitewise.gateway_capability_configuration,iotsitewise,R1,regional,spatial,,regional,collectable but has no VPC presence
iotsitewise.interface_relationship,iotsitewise,R1,regional,spatial,,regional,collectable but has no VPC presence
iotsitewise.interpolated_asset_property_value,iotsitewise,R1,regional,spatial,,regional,collectable but has no VPC presence
iotsitewise.logging_option,iotsitewise,R1,regional,spatial,,regional,collectable but has no VPC presence
iotsitewise.portal,iotsitewise,R1,regional,spatial,,regional,collectable but has no VPC presence
iotsitewise.project,iotsitewise,R1,regional,spatial,,regional,collectable but has no VPC presence
iotsitewise.project_asset,iotsitewise,R1,regional,spatial,,regional,collectable but has no VPC presence
iotsitewise.storage_configuration,iotsitewise,R1,regional,spatial,,regional,collectable but has no VPC presence
iotsitewise.tags_for_resource,iotsitewise,R1,regional,spatial,,regional,collectable but has no VPC presence
iotsitewise.time_sery,iotsitewise,R1,regional,spatial,,regional,collectable but has no VPC presence
iotthingsgraph.entity,iotthingsgraph,R1,regional,spatial,,regional,collectable but has no VPC presence
iotthingsgraph.flow_execution_message,iotthingsgraph,R1,regional,spatial,,regional,collectable but has no VPC presence
iotthingsgraph.flow_template,iotthingsgraph,R1,regional,spatial,,regional,collectable but has no VPC presence
iotthingsgraph.flow_template_revision,iotthingsgraph,R1,regional,spatial,,regional,collectable but has no VPC presence
iotthingsgraph.namespace,iotthingsgraph,R1,regional,spatial,,regional,collectable but has no VPC presence
iotthingsgraph.namespace_deletion_status,iotthingsgraph,R1,regional,spatial,,regional,collectable but has no VPC presence
iotthingsgraph.search_entity,iotthingsgraph,R1,regional,spatial,,regional,collectable but has no VPC presence
iotthingsgraph.search_flow_execution,iotthingsgraph,R1,regional,spatial,,regional,collectable but has no VPC presence
iotthingsgraph.search_flow_template,iotthingsgraph,R1,regional,spatial,,regional,collectable but has no VPC presence
iotthingsgraph.search_system_instance,iotthingsgraph,R1,regional,spatial,,regional,collectable but has no VPC presence
iotthingsgraph.search_system_template,iotthingsgraph,R1,regional,spatial,,regional,collectable but has no VPC presence
iotthingsgraph.search_thing,iotthingsgraph,R1,regional,spatial,,regional,collectable but has no VPC presence
iotthingsgraph.system_instance,iotthingsgraph,R1,regional,spatial,,regional,collectable but has no VPC presence
iotthingsgraph.system_template,iotthingsgraph,R1,regional,spatial,,regional,collectable but has no VPC presence
iotthingsgraph.system_template_revision,iotthingsgraph,R1,regional,spatial,,regional,collectable but has no VPC presence
iotthingsgraph.tags_for_resource,iotthingsgraph,R1,regional,spatial,,regional,collectable but has no VPC presence
iotthingsgraph.upload_status,iotthingsgraph,R1,regional,spatial,,regional,collectable but has no VPC presence
iottwinmaker.component,iottwinmaker,R1,regional,spatial,,regional,collectable but has no VPC presence
iottwinmaker.component_type,iottwinmaker,R1,regional,spatial,,regional,collectable but has no VPC presence
iottwinmaker.entity,iottwinmaker,R1,regional,spatial,,regional,collectable but has no VPC presence
iottwinmaker.metadata_transfer_job,iottwinmaker,R1,regional,spatial,,regional,collectable but has no VPC presence
iottwinmaker.pricing_plan,iottwinmaker,R1,regional,spatial,,regional,collectable but has no VPC presence
iottwinmaker.property,iottwinmaker,R1,regional,spatial,,regional,collectable but has no VPC presence
iottwinmaker.property_value,iottwinmaker,R1,regional,spatial,,regional,collectable but has no VPC presence
iottwinmaker.property_value_history,iottwinmaker,R1,regional,spatial,,regional,collectable but has no VPC presence
iottwinmaker.scene,iottwinmaker,R1,regional,spatial,,regional,collectable but has no VPC presence
iottwinmaker.sync_job,iottwinmaker,R1,regional,spatial,,regional,collectable but has no VPC presence
iottwinmaker.sync_resource,iottwinmaker,R1,regional,spatial,,regional,collectable but has no VPC presence
iottwinmaker.tags_for_resource,iottwinmaker,R1,regional,spatial,,regional,collectable but has no VPC presence
iottwinmaker.workspace,iottwinmaker,R1,regional,spatial,,regional,collectable but has no VPC presence
iotwireless.destination,iotwireless,R1,regional,spatial,,regional,collectable but has no VPC presence
iotwireless.device_profile,iotwireless,R1,regional,spatial,,regional,collectable but has no VPC presence
iotwireless.devices_for_wireless_device_import_task,iotwireless,R1,regional,spatial,,regional,collectable but has no VPC presence
iotwireless.event_configuration,iotwireless,R1,regional,spatial,,regional,collectable but has no VPC presence
iotwireless.event_configuration_by_resource_type,iotwireless,R1,regional,spatial,,regional,collectable but has no VPC presence
iotwireless.fuota_task,iotwireless,R1,regional,spatial,,regional,collectable but has no VPC presence
iotwireless.log_levels_by_resource_type,iotwireless,R1,regional,spatial,,regional,collectable but has no VPC presence
iotwireless.metric,iotwireless,R1,regional,spatial,,regional,collectable but has no VPC presence
iotwireless.metric_configuration,iotwireless,R1,regional,spatial,,regional,collectable but has no VPC presence
iotwireless.multicast_group,iotwireless,R1,regional,spatial,,regional,collectable but has no VPC presence
iotwireless.multicast_group_session,iotwireless,R1,regional,spatial,,regional,collectable but has no VPC presence
iotwireless.multicast_groups_by_fuota_task,iotwireless,R1,regional,spatial,,regional,collectable but has no VPC presence
iotwireless.network_analyzer_configuration,iotwireless,R1,regional,spatial,,regional,collectable but has no VPC presence
iotwireless.partner_account,iotwireless,R1,regional,spatial,,regional,collectable but has no VPC presence
iotwireless.position,iotwireless,R1,regional,spatial,,regional,collectable but has no VPC presence
iotwireless.position_configuration,iotwireless,R1,regional,spatial,,regional,collectable but has no VPC presence
iotwireless.position_estimate,iotwireless,R1,regional,spatial,,regional,collectable but has no VPC presence
iotwireless.queued_message,iotwireless,R1,regional,spatial,,regional,collectable but has no VPC presence
iotwireless.resource_event_configuration,iotwireless,R1,regional,spatial,,regional,collectable but has no VPC presence
iotwireless.resource_log_level,iotwireless,R1,regional,spatial,,regional,collectable but has no VPC presence
iotwireless.resource_position,iotwireless,R1,regional,spatial,,regional,collectable but has no VPC presence
iotwireless.service_endpoint,iotwireless,R1,regional,spatial,,regional,collectable but has no VPC presence
iotwireless.service_profile,iotwireless,R1,regional,spatial,,regional,collectable but has no VPC presence
iotwireless.tags_for_resource,iotwireless,R1,regional,spatial,,regional,collectable but has no VPC presence
iotwireless.task_definition,iotwireless,R1,regional,spatial,,regional,collectable but has no VPC presence
iotwireless.wireless_device,iotwireless,R1,regional,spatial,,regional,collectable but has no VPC presence
iotwireless.wireless_device_import_task,iotwireless,R1,regional,spatial,,regional,collectable but has no VPC presence
iotwireless.wireless_device_statistic,iotwireless,R1,regional,spatial,,regional,collectable but has no VPC presence
iotwireless.wireless_gateway,iotwireless,R1,regional,spatial,,regional,collectable but has no VPC presence
iotwireless.wireless_gateway_certificate,iotwireless,R1,regional,spatial,,regional,collectable but has no VPC presence
iotwireless.wireless_gateway_firmware_information,iotwireless,R1,regional,spatial,,regional,collectable but has no VPC presence
iotwireless.wireless_gateway_statistic,iotwireless,R1,regional,spatial,,regional,collectable but has no VPC presence
iotwireless.wireless_gateway_task,iotwireless,R1,regional,spatial,,regional,collectable but has no VPC presence
iotwireless.wireless_gateway_task_definition,iotwireless,R1,regional,spatial,,regional,collectable but has no VPC presence
ivs-realtime.composition,ivs-realtime,R1,regional,spatial,,regional,collectable but has no VPC presence
ivs-realtime.encoder_configuration,ivs-realtime,R1,regional,spatial,,regional,collectable but has no VPC presence
ivs-realtime.ingest_configuration,ivs-realtime,R1,regional,spatial,,regional,collectable but has no VPC presence
ivs-realtime.participant,ivs-realtime,R1,regional,spatial,,regional,collectable but has no VPC presence
ivs-realtime.participant_event,ivs-realtime,R1,regional,spatial,,regional,collectable but has no VPC presence
ivs-realtime.participant_replica,ivs-realtime,R1,regional,spatial,,regional,collectable but has no VPC presence
ivs-realtime.public_key,ivs-realtime,R1,regional,spatial,,regional,collectable but has no VPC presence
ivs-realtime.stage,ivs-realtime,R1,regional,spatial,,regional,collectable but has no VPC presence
ivs-realtime.stage_session,ivs-realtime,R1,regional,spatial,,regional,collectable but has no VPC presence
ivs-realtime.storage_configuration,ivs-realtime,R1,regional,spatial,,regional,collectable but has no VPC presence
ivs-realtime.tags_for_resource,ivs-realtime,R1,regional,spatial,,regional,collectable but has no VPC presence
ivs.channel,ivs,R1,regional,spatial,,regional,collectable but has no VPC presence
ivs.playback_key_pair,ivs,R1,regional,spatial,,regional,collectable but has no VPC presence
ivs.playback_restriction_policy,ivs,R1,regional,spatial,,regional,collectable but has no VPC presence
ivs.recording_configuration,ivs,R1,regional,spatial,,regional,collectable but has no VPC presence
ivs.stream,ivs,R1,regional,spatial,,regional,collectable but has no VPC presence
ivs.stream_key,ivs,R1,regional,spatial,,regional,collectable but has no VPC presence
ivs.stream_session,ivs,R1,regional,spatial,,regional,collectable but has no VPC presence
ivs.tags_for_resource,ivs,R1,regional,spatial,,regional,collectable but has no VPC presence
ivschat.logging_configuration,ivschat,R1,regional,spatial,,regional,collectable but has no VPC presence
ivschat.room,ivschat,R1,regional,spatial,,regional,collectable but has no VPC presence
ivschat.tags_for_resource,ivschat,R1,regional,spatial,,regional,collectable but has no VPC presence
kafka.bootstrap_broker,kafka,R1,regional,spatial,,regional,collectable but has no VPC presence
kafka.client_vpc_connection,kafka,R1,regional,spatial,,regional,collectable but has no VPC presence
kafka.cluster_operation,kafka,R1,regional,spatial,,regional,collectable but has no VPC presence
kafka.cluster_operation_v2,kafka,R1,regional,spatial,,regional,collectable but has no VPC presence
kafka.cluster_operations_v2,kafka,R1,regional,spatial,,regional,collectable but has no VPC presence
kafka.cluster_policy,kafka,R1,regional,spatial,,regional,collectable but has no VPC presence
kafka.cluster_v2,kafka,R1,regional,spatial,,regional,collectable but has no VPC presence
kafka.compatible_kafka_version,kafka,R1,regional,spatial,,regional,collectable but has no VPC presence
kafka.configuration,kafka,R1,regional,spatial,,regional,collectable but has no VPC presence
kafka.configuration_revision,kafka,R1,regional,spatial,,regional,collectable but has no VPC presence
kafka.kafka_version,kafka,R1,regional,spatial,,regional,collectable but has no VPC presence
kafka.node,kafka,R1,regional,spatial,,regional,collectable but has no VPC presence
kafka.replicator,kafka,R1,regional,spatial,,regional,collectable but has no VPC presence
kafka.tags_for_resource,kafka,R1,regional,spatial,,regional,collectable but has no VPC presence
kafka.topic,kafka,R1,regional,spatial,,regional,collectable but has no VPC presence
kafka.topic_partition,kafka,R1,regional,spatial,,regional,collectable but has no VPC presence
kafkaconnect.connector,kafkaconnect,R1,regional,spatial,,regional,collectable but has no VPC presence
kafkaconnect.connector_operation,kafkaconnect,R1,regional,spatial,,regional,collectable but has no VPC presence
kafkaconnect.custom_plugin,kafkaconnect,R1,regional,spatial,,regional,collectable but has no VPC presence
kafkaconnect.tags_for_resource,kafkaconnect,R1,regional,spatial,,regional,collectable but has no VPC presence
kafkaconnect.worker_configuration,kafkaconnect,R1,regional,spatial,,regional,collectable but has no VPC presence
kendra-ranking.rescore_execution_plan,kendra-ranking,R1,regional,spatial,,regional,collectable but has no VPC presence
kendra-ranking.tags_for_resource,kendra-ranking,R1,regional,spatial,,regional,collectable but has no VPC presence
kendra.access_control_configuration,kendra,R1,regional,spatial,,regional,collectable but has no VPC presence
kendra.data_source,kendra,R1,regional,spatial,,regional,collectable but has no VPC presence
kendra.experience,kendra,R1,regional,spatial,,regional,collectable but has no VPC presence
kendra.faq,kendra,R1,regional,spatial,,regional,collectable but has no VPC presence
kendra.featured_results_set,kendra,R1,regional,spatial,,regional,collectable but has no VPC presence
kendra.groups_older_than_ordering_id,kendra,R1,regional,spatial,,regional,collectable but has no VPC presence
kendra.indice,kendra,R1,regional,spatial,,regional,collectable but has no VPC presence
kendra.principal_mapping,kendra,R1,regional,spatial,,regional,collectable but has no VPC presence
kendra.query,kendra,R1,regional,spatial,,regional,collectable but has no VPC presence
kendra.query_suggestion,kendra,R1,regional,spatial,,regional,collectable but has no VPC presence
kendra.query_suggestions_block_list,kendra,R1,regional,spatial,,regional,collectable but has no VPC presence
kendra.query_suggestions_config,kendra,R1,regional,spatial,,regional,collectable but has no VPC presence
kendra.snapshot,kendra,R1,regional,spatial,,regional,collectable but has no VPC presence
kendra.tags_for_resource,kendra,R1,regional,spatial,,regional,collectable but has no VPC presence
kendra.thesauri,kendra,R1,regional,spatial,,regional,collectable but has no VPC presence
keyspaces.keyspace,keyspaces,R1,regional,spatial,,regional,collectable but has no VPC presence
keyspacesstreams.record,keyspacesstreams,R1,regional,spatial,,regional,collectable but has no VPC presence
keyspacesstreams.shard_iterator,keyspacesstreams,R1,regional,spatial,,regional,collectable but has no VPC presence
keyspacesstreams.stream,keyspacesstreams,R1,regional,spatial,,regional,collectable but has no VPC presence
kinesis-video-archived-media.clip,kinesis-video-archived-media,R1,regional,spatial,,regional,collectable but has no VPC presence
kinesis-video-archived-media.dash_streaming_session_url,kinesis-video-archived-media,R1,regional,spatial,,regional,collectable but has no VPC presence
kinesis-video-archived-media.fragment,kinesis-video-archived-media,R1,regional,spatial,,regional,collectable but has no VPC presence
kinesis-video-archived-media.hls_streaming_session_url,kinesis-video-archived-media,R1,regional,spatial,,regional,collectable but has no VPC presence
kinesis-video-archived-media.image,kinesis-video-archived-media,R1,regional,spatial,,regional,collectable but has no VPC presence
kinesis-video-archived-media.media_for_fragment_list,kinesis-video-archived-media,R1,regional,spatial,,regional,collectable but has no VPC presence
kinesis-video-media.media,kinesis-video-media,R1,regional,spatial,,regional,collectable but has no VPC presence
kinesis-video-signaling.ice_server_config,kinesis-video-signaling,R1,regional,spatial,,regional,collectable but has no VPC presence
kinesis.resource_policy,kinesis,R1,regional,spatial,,regional-service,"kinesis is regional, outside any VPC"
kinesis.stream,kinesis,R1,regional,spatial,,regional-service,"kinesis is regional, outside any VPC"
kinesis.stream_consumer,kinesis,R1,regional,spatial,,regional-service,"kinesis is regional, outside any VPC"
kinesis.stream_summary,kinesis,R1,regional,spatial,,regional-service,"kinesis is regional, outside any VPC"
kinesisanalytics.application,kinesisanalytics,R1,regional,spatial,,regional,collectable but has no VPC presence
kinesisanalyticsv2.application_operation,kinesisanalyticsv2,R1,regional,spatial,,regional,collectable but has no VPC presence
kinesisanalyticsv2.application_snapshot,kinesisanalyticsv2,R1,regional,spatial,,regional,collectable but has no VPC presence
kinesisanalyticsv2.tags_for_resource,kinesisanalyticsv2,R1,regional,spatial,,regional,collectable but has no VPC presence
kinesisfirehose.delivery_stream,kinesisfirehose,R1,regional,spatial,,regional,collectable but has no VPC presence
kinesisvideo.data_endpoint,kinesisvideo,R1,regional,spatial,,regional,collectable but has no VPC presence
kinesisvideo.edge_agent_configuration,kinesisvideo,R1,regional,spatial,,regional,collectable but has no VPC presence
kinesisvideo.edge_configuration,kinesisvideo,R1,regional,spatial,,regional,collectable but has no VPC presence
kinesisvideo.image_generation_configuration,kinesisvideo,R1,regional,spatial,,regional,collectable but has no VPC presence
kinesisvideo.stream,kinesisvideo,R1,regional,spatial,,regional,collectable but has no VPC presence
kinesisvideo.mapped_resource_configuration,kinesisvideo,R1,regional,spatial,,regional,collectable but has no VPC presence
kinesisvideo.media_storage_configuration,kinesisvideo,R1,regional,spatial,,regional,collectable but has no VPC presence
kinesisvideo.notification_configuration,kinesisvideo,R1,regional,spatial,,regional,collectable but has no VPC presence
kinesisvideo.signaling_channel,kinesisvideo,R1,regional,spatial,,regional,collectable but has no VPC presence
kinesisvideo.signaling_channel_endpoint,kinesisvideo,R1,regional,spatial,,regional,collectable but has no VPC presence
kinesisvideo.stream_storage_configuration,kinesisvideo,R1,regional,spatial,,regional,collectable but has no VPC presence
kinesisvideo.tags_for_resource,kinesisvideo,R1,regional,spatial,,regional,collectable but has no VPC presence
kinesisvideo.tags_for_stream,kinesisvideo,R1,regional,spatial,,regional,collectable but has no VPC presence
kinesisvideostreams.edge_configuration,kinesisvideostreams,R1,regional,spatial,,regional,collectable but has no VPC presence
kinesisvideostreams.mapped_resource_configuration,kinesisvideostreams,R1,regional,spatial,,regional,collectable but has no VPC presence
kinesisvideostreams.signaling_channel,kinesisvideostreams,R1,regional,spatial,,regional,collectable but has no VPC presence
kinesisvideostreams.stream,kinesisvideostreams,R1,regional,spatial,,regional,collectable but has no VPC presence
kms.alias,kms,R1,regional,spatial,encryption,regional-service,"kms is regional, outside any VPC"
kms.grant,kms,R1,regional,spatial,encryption,regional-service,"kms is regional, outside any VPC"
kms.key,kms,R1,regional,spatial,encryption,regional-service,"kms is regional, outside any VPC"
kms.key_policy,kms,R1,regional,spatial,encryption,regional-service,"kms is regional, outside any VPC"
kms.key_rotation_status,kms,R1,regional,spatial,encryption,regional-service,"kms is regional, outside any VPC"
kms.replica_key,kms,R1,regional,spatial,encryption,regional-service,"kms is regional, outside any VPC"
lakeformation.data_cells_filter,lakeformation,R1,regional,spatial,,regional,collectable but has no VPC presence
lakeformation.data_lake_settings,lakeformation,R1,regional,spatial,,regional,collectable but has no VPC presence
lakeformation.lake_formation_identity_center_configuration,lakeformation,R1,regional,spatial,,regional,collectable but has no VPC presence
lakeformation.permissions,lakeformation,R1,regional,spatial,,regional,collectable but has no VPC presence
lakeformation.resource,lakeformation,R1,regional,spatial,,regional,collectable but has no VPC presence
lambda.code_signing_config,lambda,R1,regional,spatial,,regional,collectable but has no VPC presence
lambda.event_source_mapping,lambda,R1,regional,spatial,,regional,collectable but has no VPC presence
lambda.function_concurrency,lambda,R1,regional,spatial,,regional,collectable but has no VPC presence
lambda.function_url_config,lambda,R1,regional,spatial,,regional,collectable but has no VPC presence
lambda.layer_version,lambda,R1,regional,spatial,,regional,collectable but has no VPC presence
lambda.layer_version_policy,lambda,R1,regional,spatial,,regional,collectable but has no VPC presence
lambda.policy,lambda,R1,regional,spatial,,regional,collectable but has no VPC presence
launch-wizard.deployment,launch-wizard,R1,regional,spatial,,regional,collectable but has no VPC presence
launch-wizard.deployment_event,launch-wizard,R1,regional,spatial,,regional,collectable but has no VPC presence
launch-wizard.tags_for_resource,launch-wizard,R1,regional,spatial,,regional,collectable but has no VPC presence
launch-wizard.workload,launch-wizard,R1,regional,spatial,,regional,collectable but has no VPC presence
launch-wizard.workload_deployment_pattern,launch-wizard,R1,regional,spatial,,regional,collectable but has no VPC presence
lex-models.bot,lex-models,R1,regional,spatial,,regional,collectable but has no VPC presence
lex-models.builtin_intent,lex-models,R1,regional,spatial,,regional,collectable but has no VPC presence
lex-models.builtin_slot_type,lex-models,R1,regional,spatial,,regional,collectable but has no VPC presence
lex-models.import,lex-models,R1,regional,spatial,,regional,collectable but has no VPC presence
lex-models.intent,lex-models,R1,regional,spatial,,regional,collectable but has no VPC presence
lex-models.migration,lex-models,R1,regional,spatial,,regional,collectable but has no VPC presence
lex-models.slot_type,lex-models,R1,regional,spatial,,regional,collectable but has no VPC presence
lex-models.tags_for_resource,lex-models,R1,regional,spatial,,regional,collectable but has no VPC presence
lex-runtime.session,lex-runtime,R1,regional,spatial,,regional,collectable but has no VPC presence
lexv2-models.bot,lexv2-models,R1,regional,spatial,,regional,collectable but has no VPC presence
lexv2-models.export,lexv2-models,R1,regional,spatial,,regional,collectable but has no VPC presence
lexv2-models.import,lexv2-models,R1,regional,spatial,,regional,collectable but has no VPC presence
lexv2-models.resource_policy,lexv2-models,R1,regional,spatial,,regional,collectable but has no VPC presence
lexv2-models.tags_for_resource,lexv2-models,R1,regional,spatial,,regional,collectable but has no VPC presence
lexv2-models.test_execution,lexv2-models,R1,regional,spatial,,regional,collectable but has no VPC presence
lexv2-models.test_set,lexv2-models,R1,regional,spatial,,regional,collectable but has no VPC presence
lexv2-models.test_set_discrepancy_report,lexv2-models,R1,regional,spatial,,regional,collectable but has no VPC presence
lexv2-models.test_set_generation,lexv2-models,R1,regional,spatial,,regional,collectable but has no VPC presence
lexv2-runtime.session,lexv2-runtime,R1,regional,spatial,,regional,collectable but has no VPC presence
license-manager-linux-subscriptions.linux_subscription,license-manager-linux-subscriptions,R1,regional,spatial,,regional,collectable but has no VPC presence
license-manager-linux-subscriptions.linux_subscription_instance,license-manager-linux-subscriptions,R1,regional,spatial,,regional,collectable but has no VPC presence
license-manager-linux-subscriptions.registered_subscription_provider,license-manager-linux-subscriptions,R1,regional,spatial,,regional,collectable but has no VPC presence
license-manager-linux-subscriptions.service_setting,license-manager-linux-subscriptions,R1,regional,spatial,,regional,collectable but has no VPC presence
license-manager-linux-subscriptions.tags_for_resource,license-manager-linux-subscriptions,R1,regional,spatial,,regional,collectable but has no VPC presence
license-manager-user-subscriptions.identity_provider,license-manager-user-subscriptions,R1,regional,spatial,,regional,collectable but has no VPC presence
license-manager-user-subscriptions.instance,license-manager-user-subscriptions,R1,regional,spatial,,regional,collectable but has no VPC presence
license-manager-user-subscriptions.license_server_endpoint,license-manager-user-subscriptions,R1,regional,spatial,,regional,collectable but has no VPC presence
license-manager-user-subscriptions.product_subscription,license-manager-user-subscriptions,R1,regional,spatial,,regional,collectable but has no VPC presence
license-manager-user-subscriptions.tags_for_resource,license-manager-user-subscriptions,R1,regional,spatial,,regional,collectable but has no VPC presence
license-manager-user-subscriptions.user_association,license-manager-user-subscriptions,R1,regional,spatial,,regional,collectable but has no VPC presence
license-manager.access_token,license-manager,R1,regional,spatial,,regional,collectable but has no VPC presence
license-manager.assets_for_license_asset_group,license-manager,R1,regional,spatial,,regional,collectable but has no VPC presence
license-manager.associations_for_license_configuration,license-manager,R1,regional,spatial,,regional,collectable but has no VPC presence
license-manager.distributed_grant,license-manager,R1,regional,spatial,,regional,collectable but has no VPC presence
license-manager.failures_for_license_configuration_operation,license-manager,R1,regional,spatial,,regional,collectable but has no VPC presence
license-manager.grant,license-manager,R1,regional,spatial,,regional,collectable but has no VPC presence
license-manager.licens,license-manager,R1,regional,spatial,,regional,collectable but has no VPC presence
license-manager.license,license-manager,R1,regional,spatial,,regional,collectable but has no VPC presence
license-manager.license_asset_group,license-manager,R1,regional,spatial,,regional,collectable but has no VPC presence
license-manager.license_asset_ruleset,license-manager,R1,regional,spatial,,regional,collectable but has no VPC presence
license-manager.license_configuration,license-manager,R1,regional,spatial,,regional,collectable but has no VPC presence
license-manager.license_configurations_for_organization,license-manager,R1,regional,spatial,,regional,collectable but has no VPC presence
license-manager.license_conversion_task,license-manager,R1,regional,spatial,,regional,collectable but has no VPC presence
license-manager.license_manager_report_generator,license-manager,R1,regional,spatial,,regional,collectable but has no VPC presence
license-manager.license_specifications_for_resource,license-manager,R1,regional,spatial,,regional,collectable but has no VPC presence
license-manager.license_usage,license-manager,R1,regional,spatial,,regional,collectable but has no VPC presence
license-manager.license_version,license-manager,R1,regional,spatial,,regional,collectable but has no VPC presence
license-manager.received_grant,license-manager,R1,regional,spatial,,regional,collectable but has no VPC presence
license-manager.received_grants_for_organization,license-manager,R1,regional,spatial,,regional,collectable but has no VPC presence
license-manager.received_licens,license-manager,R1,regional,spatial,,regional,collectable but has no VPC presence
license-manager.received_licenses_for_organization,license-manager,R1,regional,spatial,,regional,collectable but has no VPC presence
license-manager.resource_inventory,license-manager,R1,regional,spatial,,regional,collectable but has no VPC presence
license-manager.service_setting,license-manager,R1,regional,spatial,,regional,collectable but has no VPC presence
license-manager.tags_for_resource,license-manager,R1,regional,spatial,,regional,collectable but has no VPC presence
license-manager.token,license-manager,R1,regional,spatial,,regional,collectable but has no VPC presence
license-manager.usage_for_license_configuration,license-manager,R1,regional,spatial,,regional,collectable but has no VPC presence
lightsail.alarm,lightsail,R1,regional,spatial,,regional,collectable but has no VPC presence
lightsail.bucket,lightsail,R1,regional,spatial,,regional,collectable but has no VPC presence
lightsail.certificate,lightsail,R1,regional,spatial,,regional,collectable but has no VPC presence
lightsail.cloud_formation_stack_record,lightsail,R1,regional,spatial,,regional,collectable but has no VPC presence
lightsail.contact_method,lightsail,R1,regional,spatial,,regional,collectable but has no VPC presence
lightsail.container_service,lightsail,R1,regional,spatial,,regional,collectable but has no VPC presence
lightsail.disk,lightsail,R1,regional,spatial,,regional,collectable but has no VPC presence
lightsail.disk_snapshot,lightsail,R1,regional,spatial,,regional,collectable but has no VPC presence
lightsail.distribution,lightsail,R1,regional,spatial,,regional,collectable but has no VPC presence
lightsail.domain,lightsail,R1,regional,spatial,,regional,collectable but has no VPC presence
lightsail.export_snapshot_record,lightsail,R1,regional,spatial,,regional,collectable but has no VPC presence
lightsail.instance_snapshot,lightsail,R1,regional,spatial,,regional,collectable but has no VPC presence
lightsail.key_pair,lightsail,R1,regional,spatial,,regional,collectable but has no VPC presence
lightsail.relational_database_snapshot,lightsail,R1,regional,spatial,,regional,collectable but has no VPC presence
lightsail.static_ip,lightsail,R1,regional,spatial,,regional,collectable but has no VPC presence
location.device_position,location,R1,regional,spatial,,regional,collectable but has no VPC presence
location.device_position_history,location,R1,regional,spatial,,regional,collectable but has no VPC presence
location.geofence,location,R1,regional,spatial,,regional,collectable but has no VPC presence
location.geofence_collection,location,R1,regional,spatial,,regional,collectable but has no VPC presence
location.key,location,R1,regional,spatial,,regional,collectable but has no VPC presence
location.map,location,R1,regional,spatial,,regional,collectable but has no VPC presence
location.map_glyph,location,R1,regional,spatial,,regional,collectable but has no VPC presence
location.map_sprite,location,R1,regional,spatial,,regional,collectable but has no VPC presence
location.map_style_descriptor,location,R1,regional,spatial,,regional,collectable but has no VPC presence
location.map_tile,location,R1,regional,spatial,,regional,collectable but has no VPC presence
location.place,location,R1,regional,spatial,,regional,collectable but has no VPC presence
location.place_index,location,R1,regional,spatial,,regional,collectable but has no VPC presence
location.route_calculator,location,R1,regional,spatial,,regional,collectable but has no VPC presence
location.search_place_index_for_position,location,R1,regional,spatial,,regional,collectable but has no VPC presence
location.search_place_index_for_suggestion,location,R1,regional,spatial,,regional,collectable but has no VPC presence
location.search_place_index_for_text,location,R1,regional,spatial,,regional,collectable but has no VPC presence
location.tags_for_resource,location,R1,regional,spatial,,regional,collectable but has no VPC presence
location.tracker,location,R1,regional,spatial,,regional,collectable but has no VPC presence
location.tracker_consumer,location,R1,regional,spatial,,regional,collectable but has no VPC presence
logs.account_policy,logs,R1,regional,spatial,,regional-service,"logs is regional, outside any VPC"
logs.anomaly,logs,R1,regional,spatial,,regional-service,"logs is regional, outside any VPC"
logs.configuration_template,logs,R1,regional,spatial,,regional-service,"logs is regional, outside any VPC"
logs.data_protection_policy,logs,R1,regional,spatial,,regional-service,"logs is regional, outside any VPC"
logs.delivery,logs,R1,regional,spatial,,regional-service,"logs is regional, outside any VPC"
logs.delivery_destination,logs,R1,regional,spatial,,regional-service,"logs is regional, outside any VPC"
logs.delivery_destination_policy,logs,R1,regional,spatial,,regional-service,"logs is regional, outside any VPC"
logs.delivery_source,logs,R1,regional,spatial,,regional-service,"logs is regional, outside any VPC"
logs.destination,logs,R1,regional,spatial,,regional-service,"logs is regional, outside any VPC"
logs.export_task,logs,R1,regional,spatial,,regional-service,"logs is regional, outside any VPC"
logs.field_index,logs,R1,regional,spatial,,regional-service,"logs is regional, outside any VPC"
logs.index_policy,logs,R1,regional,spatial,,regional-service,"logs is regional, outside any VPC"
logs.integration,logs,R1,regional,spatial,,regional-service,"logs is regional, outside any VPC"
logs.log_anomaly_detector,logs,R1,regional,spatial,,regional-service,"logs is regional, outside any VPC"
logs.log_event,logs,R1,regional,spatial,,regional-service,"logs is regional, outside any VPC"
logs.log_group,logs,R1,regional,spatial,,regional-service,"logs is regional, outside any VPC"
logs.log_group_field,logs,R1,regional,spatial,,regional-service,"logs is regional, outside any VPC"
logs.log_groups_for_query,logs,R1,regional,spatial,,regional-service,"logs is regional, outside any VPC"
logs.log_object,logs,R1,regional,spatial,,regional-service,"logs is regional, outside any VPC"
logs.log_record,logs,R1,regional,spatial,,regional-service,"logs is regional, outside any VPC"
logs.log_stream,logs,R1,regional,spatial,,regional-service,"logs is regional, outside any VPC"
logs.metric_filter,logs,R1,regional,spatial,,regional-service,"logs is regional, outside any VPC"
logs.query,logs,R1,regional,spatial,,regional-service,"logs is regional, outside any VPC"
logs.query_definition,logs,R1,regional,spatial,,regional-service,"logs is regional, outside any VPC"
logs.query_result,logs,R1,regional,spatial,,regional-service,"logs is regional, outside any VPC"
logs.resource_policy,logs,R1,regional,spatial,,regional-service,"logs is regional, outside any VPC"
logs.scheduled_query,logs,R1,regional,spatial,,regional-service,"logs is regional, outside any VPC"
logs.scheduled_query_history,logs,R1,regional,spatial,,regional-service,"logs is regional, outside any VPC"
logs.subscription_filter,logs,R1,regional,spatial,,regional-service,"logs is regional, outside any VPC"
logs.tags_for_resource,logs,R1,regional,spatial,,regional-service,"logs is regional, outside any VPC"
logs.tags_log_group,logs,R1,regional,spatial,,regional-service,"logs is regional, outside any VPC"
logs.transformer,logs,R1,regional,spatial,,regional-service,"logs is regional, outside any VPC"
lookoutequipment.data_ingestion_job,lookoutequipment,R1,regional,spatial,,regional,collectable but has no VPC presence
lookoutequipment.dataset,lookoutequipment,R1,regional,spatial,,regional,collectable but has no VPC presence
lookoutequipment.inference_event,lookoutequipment,R1,regional,spatial,,regional,collectable but has no VPC presence
lookoutequipment.inference_execution,lookoutequipment,R1,regional,spatial,,regional,collectable but has no VPC presence
lookoutequipment.inference_scheduler,lookoutequipment,R1,regional,spatial,,regional,collectable but has no VPC presence
lookoutequipment.label,lookoutequipment,R1,regional,spatial,,regional,collectable but has no VPC presence
lookoutequipment.label_group,lookoutequipment,R1,regional,spatial,,regional,collectable but has no VPC presence
lookoutequipment.model,lookoutequipment,R1,regional,spatial,,regional,collectable but has no VPC presence
lookoutequipment.model_version,lookoutequipment,R1,regional,spatial,,regional,collectable but has no VPC presence
lookoutequipment.resource_policy,lookoutequipment,R1,regional,spatial,,regional,collectable but has no VPC presence
lookoutequipment.retraining_scheduler,lookoutequipment,R1,regional,spatial,,regional,collectable but has no VPC presence
lookoutequipment.sensor_statistic,lookoutequipment,R1,regional,spatial,,regional,collectable but has no VPC presence
lookoutequipment.tags_for_resource,lookoutequipment,R1,regional,spatial,,regional,collectable but has no VPC presence
lookoutvision.project,lookoutvision,R1,regional,spatial,,regional,collectable but has no VPC presence
m2.application,m2,R1,regional,spatial,,regional,collectable but has no VPC presence
m2.application_version,m2,R1,regional,spatial,,regional,collectable but has no VPC presence
m2.batch_job_definition,m2,R1,regional,spatial,,regional,collectable but has no VPC presence
m2.batch_job_execution,m2,R1,regional,spatial,,regional,collectable but has no VPC presence
m2.batch_job_restart_point,m2,R1,regional,spatial,,regional,collectable but has no VPC presence
m2.data_set,m2,R1,regional,spatial,,regional,collectable but has no VPC presence
m2.data_set_detail,m2,R1,regional,spatial,,regional,collectable but has no VPC presence
m2.data_set_export_history,m2,R1,regional,spatial,,regional,collectable but has no VPC presence
m2.data_set_export_task,m2,R1,regional,spatial,,regional,collectable but has no VPC presence
m2.data_set_import_history,m2,R1,regional,spatial,,regional,collectable but has no VPC presence
m2.data_set_import_task,m2,R1,regional,spatial,,regional,collectable but has no VPC presence
m2.deployment,m2,R1,regional,spatial,,regional,collectable but has no VPC presence
m2.engine_version,m2,R1,regional,spatial,,regional,collectable but has no VPC presence
m2.signed_bluinsights_url,m2,R1,regional,spatial,,regional,collectable but has no VPC presence
m2.tags_for_resource,m2,R1,regional,spatial,,regional,collectable but has no VPC presence
machinelearning.batch_prediction,machinelearning,R1,regional,spatial,,regional,collectable but has no VPC presence
machinelearning.data_source,machinelearning,R1,regional,spatial,,regional,collectable but has no VPC presence
machinelearning.evaluation,machinelearning,R1,regional,spatial,,regional,collectable but has no VPC presence
machinelearning.ml_model,machinelearning,R1,regional,spatial,,regional,collectable but has no VPC presence
machinelearning.tag,machinelearning,R1,regional,spatial,,regional,collectable but has no VPC presence
macie.allow_list,macie,R1,regional,spatial,,regional,collectable but has no VPC presence
macie.bucket,macie,R1,regional,spatial,,regional,collectable but has no VPC presence
macie.classification_job,macie,R1,regional,spatial,,regional,collectable but has no VPC presence
macie.finding,macie,R1,regional,spatial,,regional,collectable but has no VPC presence
macie.findings_filter,macie,R1,regional,spatial,,regional,collectable but has no VPC presence
macie2.administrator_account,macie2,R1,regional,spatial,,regional,collectable but has no VPC presence
macie2.allow_list,macie2,R1,regional,spatial,,regional,collectable but has no VPC presence
macie2.automated_discovery_account,macie2,R1,regional,spatial,,regional,collectable but has no VPC presence
macie2.automated_discovery_configuration,macie2,R1,regional,spatial,,regional,collectable but has no VPC presence
macie2.bucket,macie2,R1,regional,spatial,,regional,collectable but has no VPC presence
macie2.bucket_statistic,macie2,R1,regional,spatial,,regional,collectable but has no VPC presence
macie2.classification_export_configuration,macie2,R1,regional,spatial,,regional,collectable but has no VPC presence
macie2.classification_job,macie2,R1,regional,spatial,,regional,collectable but has no VPC presence
macie2.classification_scope,macie2,R1,regional,spatial,,regional,collectable but has no VPC presence
macie2.custom_data_identifier,macie2,R1,regional,spatial,,regional,collectable but has no VPC presence
macie2.finding,macie2,R1,regional,spatial,,regional,collectable but has no VPC presence
macie2.finding_statistic,macie2,R1,regional,spatial,,regional,collectable but has no VPC presence
macie2.findings_filter,macie2,R1,regional,spatial,,regional,collectable but has no VPC presence
macie2.findings_publication_configuration,macie2,R1,regional,spatial,,regional,collectable but has no VPC presence
macie2.invitation,macie2,R1,regional,spatial,,regional,collectable but has no VPC presence
macie2.invitations_count,macie2,R1,regional,spatial,,regional,collectable but has no VPC presence
macie2.macie_session,macie2,R1,regional,spatial,,regional,collectable but has no VPC presence
macie2.managed_data_identifier,macie2,R1,regional,spatial,,regional,collectable but has no VPC presence
macie2.master_account,macie2,R1,regional,spatial,,regional,collectable but has no VPC presence
macie2.member,macie2,R1,regional,spatial,,regional,collectable but has no VPC presence
macie2.organization_admin_account,macie2,R1,regional,spatial,,regional,collectable but has no VPC presence
macie2.organization_configuration,macie2,R1,regional,spatial,,regional,collectable but has no VPC presence
macie2.resource_profile,macie2,R1,regional,spatial,,regional,collectable but has no VPC presence
macie2.resource_profile_artifact,macie2,R1,regional,spatial,,regional,collectable but has no VPC presence
macie2.resource_profile_detection,macie2,R1,regional,spatial,,regional,collectable but has no VPC presence
macie2.reveal_configuration,macie2,R1,regional,spatial,,regional,collectable but has no VPC presence
macie2.search_resource,macie2,R1,regional,spatial,,regional,collectable but has no VPC presence
macie2.sensitive_data_occurrence,macie2,R1,regional,spatial,,regional,collectable but has no VPC presence
macie2.sensitive_data_occurrences_availability,macie2,R1,regional,spatial,,regional,collectable but has no VPC presence
macie2.sensitivity_inspection_template,macie2,R1,regional,spatial,,regional,collectable but has no VPC presence
macie2.tags_for_resource,macie2,R1,regional,spatial,,regional,collectable but has no VPC presence
macie2.usage_statistic,macie2,R1,regional,spatial,,regional,collectable but has no VPC presence
macie2.usage_total,macie2,R1,regional,spatial,,regional,collectable but has no VPC presence
mailmanager.addon_instance,mailmanager,R1,regional,spatial,,regional,collectable but has no VPC presence
mailmanager.addon_subscription,mailmanager,R1,regional,spatial,,regional,collectable but has no VPC presence
mailmanager.address_list,mailmanager,R1,regional,spatial,,regional,collectable but has no VPC presence
mailmanager.address_list_import_job,mailmanager,R1,regional,spatial,,regional,collectable but has no VPC presence
mailmanager.archive,mailmanager,R1,regional,spatial,,regional,collectable but has no VPC presence
mailmanager.archive_export,mailmanager,R1,regional,spatial,,regional,collectable but has no VPC presence
mailmanager.archive_message,mailmanager,R1,regional,spatial,,regional,collectable but has no VPC presence
mailmanager.archive_message_content,mailmanager,R1,regional,spatial,,regional,collectable but has no VPC presence
mailmanager.archive_search,mailmanager,R1,regional,spatial,,regional,collectable but has no VPC presence
mailmanager.archive_search_result,mailmanager,R1,regional,spatial,,regional,collectable but has no VPC presence
mailmanager.ingress_point,mailmanager,R1,regional,spatial,,regional,collectable but has no VPC presence
mailmanager.member_of_address_list,mailmanager,R1,regional,spatial,,regional,collectable but has no VPC presence
mailmanager.members_of_address_list,mailmanager,R1,regional,spatial,,regional,collectable but has no VPC presence
mailmanager.relay,mailmanager,R1,regional,spatial,,regional,collectable but has no VPC presence
mailmanager.rule_set,mailmanager,R1,regional,spatial,,regional,collectable but has no VPC presence
mailmanager.tags_for_resource,mailmanager,R1,regional,spatial,,regional,collectable but has no VPC presence
mailmanager.traffic_policy,mailmanager,R1,regional,spatial,,regional,collectable but has no VPC presence
managedblockchain-query.asset_contract,managedblockchain-query,R1,regional,spatial,,regional,collectable but has no VPC presence
managedblockchain-query.filtered_transaction_event,managedblockchain-query,R1,regional,spatial,,regional,collectable but has no VPC presence
managedblockchain-query.token_balance,managedblockchain-query,R1,regional,spatial,,regional,collectable but has no VPC presence
managedblockchain-query.transaction,managedblockchain-query,R1,regional,spatial,,regional,collectable but has no VPC presence
managedblockchain-query.transaction_event,managedblockchain-query,R1,regional,spatial,,regional,collectable but has no VPC presence
managedblockchain.accessor,managedblockchain,R1,regional,spatial,,regional,collectable but has no VPC presence
managedblockchain.invitation,managedblockchain,R1,regional,spatial,,regional,collectable but has no VPC presence
managedblockchain.member,managedblockchain,R1,regional,spatial,,regional,collectable but has no VPC presence
managedblockchain.node,managedblockchain,R1,regional,spatial,,regional,collectable but has no VPC presence
managedblockchain.proposal,managedblockchain,R1,regional,spatial,,regional,collectable but has no VPC presence
managedblockchain.proposal_vote,managedblockchain,R1,regional,spatial,,regional,collectable but has no VPC presence
managedblockchain.tags_for_resource,managedblockchain,R1,regional,spatial,,regional,collectable but has no VPC presence
marketplace-agreement.agreement,marketplace-agreement,R1,regional,spatial,,regional,collectable but has no VPC presence
marketplace-agreement.agreement_term,marketplace-agreement,R1,regional,spatial,,regional,collectable but has no VPC presence
marketplace-agreement.search_agreement,marketplace-agreement,R1,regional,spatial,,regional,collectable but has no VPC presence
marketplace-catalog.change_set,marketplace-catalog,R1,regional,spatial,,regional,collectable but has no VPC presence
marketplace-catalog.entity,marketplace-catalog,R1,regional,spatial,,regional,collectable but has no VPC presence
marketplace-catalog.resource_policy,marketplace-catalog,R1,regional,spatial,,regional,collectable but has no VPC presence
marketplace-catalog.tags_for_resource,marketplace-catalog,R1,regional,spatial,,regional,collectable but has no VPC presence
marketplace-deployment.tags_for_resource,marketplace-deployment,R1,regional,spatial,,regional,collectable but has no VPC presence
marketplace-entitlement.entitlement,marketplace-entitlement,R1,regional,spatial,,regional,collectable but has no VPC presence
marketplace-reporting.buyer_dashboard,marketplace-reporting,R1,regional,spatial,,regional,collectable but has no VPC presence
mediaconnect.entitlement,mediaconnect,R1,regional,spatial,,regional,collectable but has no VPC presence
mediaconnect.flow_source_metadata,mediaconnect,R1,regional,spatial,,regional,collectable but has no VPC presence
mediaconnect.flow_source_thumbnail,mediaconnect,R1,regional,spatial,,regional,collectable but has no VPC presence
mediaconnect.gateway,mediaconnect,R1,regional,spatial,,regional,collectable but has no VPC presence
mediaconnect.gateway_instance,mediaconnect,R1,regional,spatial,,regional,collectable but has no VPC presence
mediaconnect.offering,mediaconnect,R1,regional,spatial,,regional,collectable but has no VPC presence
mediaconnect.reservation,mediaconnect,R1,regional,spatial,,regional,collectable but has no VPC presence
mediaconnect.router_input,mediaconnect,R1,regional,spatial,,regional,collectable but has no VPC presence
mediaconnect.router_input_source_metadata,mediaconnect,R1,regional,spatial,,regional,collectable but has no VPC presence
mediaconnect.router_input_thumbnail,mediaconnect,R1,regional,spatial,,regional,collectable but has no VPC presence
mediaconnect.router_network_interface,mediaconnect,R1,regional,spatial,,regional,collectable but has no VPC presence
mediaconnect.router_output,mediaconnect,R1,regional,spatial,,regional,collectable but has no VPC presence
mediaconnect.tags_for_global_resource,mediaconnect,R1,regional,spatial,,regional,collectable but has no VPC presence
mediaconnect.tags_for_resource,mediaconnect,R1,regional,spatial,,regional,collectable but has no VPC presence
mediaconvert.endpoint,mediaconvert,R1,regional,spatial,,regional,collectable but has no VPC presence
mediaconvert.job,mediaconvert,R1,regional,spatial,,regional,collectable but has no VPC presence
mediaconvert.job_template,mediaconvert,R1,regional,spatial,,regional,collectable but has no VPC presence
mediaconvert.jobs_query_result,mediaconvert,R1,regional,spatial,,regional,collectable but has no VPC presence
mediaconvert.policy,mediaconvert,R1,regional,spatial,,regional,collectable but has no VPC presence
mediaconvert.preset,mediaconvert,R1,regional,spatial,,regional,collectable but has no VPC presence
mediaconvert.queue,mediaconvert,R1,regional,spatial,,regional,collectable but has no VPC presence
mediaconvert.tags_for_resource,mediaconvert,R1,regional,spatial,,regional,collectable but has no VPC presence
mediaconvert.version,mediaconvert,R1,regional,spatial,,regional,collectable but has no VPC presence
medialive.account_configuration,medialive,R1,regional,spatial,,regional,collectable but has no VPC presence
medialive.alert,medialive,R1,regional,spatial,,regional,collectable but has no VPC presence
medialive.channel,medialive,R1,regional,spatial,,regional,collectable but has no VPC presence
medialive.channel_placement_group,medialive,R1,regional,spatial,,regional,collectable but has no VPC presence
medialive.cloud_watch_alarm_template,medialive,R1,regional,spatial,,regional,collectable but has no VPC presence
medialive.cloud_watch_alarm_template_group,medialive,R1,regional,spatial,,regional,collectable but has no VPC presence
medialive.cluster,medialive,R1,regional,spatial,,regional,collectable but has no VPC presence
medialive.cluster_alert,medialive,R1,regional,spatial,,regional,collectable but has no VPC presence
medialive.event_bridge_rule_template,medialive,R1,regional,spatial,,regional,collectable but has no VPC presence
medialive.event_bridge_rule_template_group,medialive,R1,regional,spatial,,regional,collectable but has no VPC presence
medialive.input_device,medialive,R1,regional,spatial,,regional,collectable but has no VPC presence
medialive.input_device_thumbnail,medialive,R1,regional,spatial,,regional,collectable but has no VPC presence
medialive.input_device_transfer,medialive,R1,regional,spatial,,regional,collectable but has no VPC presence
medialive.input_security_group,medialive,R1,regional,spatial,,regional,collectable but has no VPC presence
medialive.multiplex,medialive,R1,regional,spatial,,regional,collectable but has no VPC presence
medialive.multiplex_alert,medialive,R1,regional,spatial,,regional,collectable but has no VPC presence
medialive.multiplex_program,medialive,R1,regional,spatial,,regional,collectable but has no VPC presence
medialive.multiplexprogram,medialive,R1,regional,spatial,,regional,collectable but has no VPC presence
medialive.network,medialive,R1,regional,spatial,,regional,collectable but has no VPC presence
medialive.node,medialive,R1,regional,spatial,,regional,collectable but has no VPC presence
medialive.offering,medialive,R1,regional,spatial,,regional,collectable but has no VPC presence
medialive.reservation,medialive,R1,regional,spatial,,regional,collectable but has no VPC presence
medialive.schedule,medialive,R1,regional,spatial,,regional,collectable but has no VPC presence
medialive.sdi_source,medialive,R1,regional,spatial,,regional,collectable but has no VPC presence
medialive.signal_map,medialive,R1,regional,spatial,,regional,collectable but has no VPC presence
medialive.tags_for_resource,medialive,R1,regional,spatial,,regional,collectable but has no VPC presence
medialive.thumbnail,medialive,R1,regional,spatial,,regional,collectable but has no VPC presence
medialive.version,medialive,R1,regional,spatial,,regional,collectable but has no VPC presence
mediapackage-vod.asset,mediapackage-vod,R1,regional,spatial,,regional,collectable but has no VPC presence
mediapackage-vod.packaging_configuration,mediapackage-vod,R1,regional,spatial,,regional,collectable but has no VPC presence
mediapackage-vod.packaging_group,mediapackage-vod,R1,regional,spatial,,regional,collectable but has no VPC presence
mediapackage-vod.tags_for_resource,mediapackage-vod,R1,regional,spatial,,regional,collectable but has no VPC presence
mediapackage.channel,mediapackage,R1,regional,spatial,,regional,collectable but has no VPC presence
mediapackage.harvest_job,mediapackage,R1,regional,spatial,,regional,collectable but has no VPC presence
mediapackage.origin_endpoint,mediapackage,R1,regional,spatial,,regional,collectable but has no VPC presence
mediapackage.tags_for_resource,mediapackage,R1,regional,spatial,,regional,collectable but has no VPC presence
mediapackagev2.channel,mediapackagev2,R1,regional,spatial,,regional,collectable but has no VPC presence
mediapackagev2.channel_group,mediapackagev2,R1,regional,spatial,,regional,collectable but has no VPC presence
mediapackagev2.channel_policy,mediapackagev2,R1,regional,spatial,,regional,collectable but has no VPC presence
mediapackagev2.harvest_job,mediapackagev2,R1,regional,spatial,,regional,collectable but has no VPC presence
mediapackagev2.origin_endpoint,mediapackagev2,R1,regional,spatial,,regional,collectable but has no VPC presence
mediapackagev2.origin_endpoint_policy,mediapackagev2,R1,regional,spatial,,regional,collectable but has no VPC presence
mediapackagev2.tags_for_resource,mediapackagev2,R1,regional,spatial,,regional,collectable but has no VPC presence
mediastore-data.item,mediastore-data,R1,regional,spatial,,regional,collectable but has no VPC presence
mediastore-data.object,mediastore-data,R1,regional,spatial,,regional,collectable but has no VPC presence
mediastore.container,mediastore,R1,regional,spatial,,regional,collectable but has no VPC presence
mediastore.container_policy,mediastore,R1,regional,spatial,,regional,collectable but has no VPC presence
mediastore.cors_policy,mediastore,R1,regional,spatial,,regional,collectable but has no VPC presence
mediastore.lifecycle_policy,mediastore,R1,regional,spatial,,regional,collectable but has no VPC presence
mediastore.metric_policy,mediastore,R1,regional,spatial,,regional,collectable but has no VPC presence
mediastore.tags_for_resource,mediastore,R1,regional,spatial,,regional,collectable but has no VPC presence
mediatailor.alert,mediatailor,R1,regional,spatial,,regional,collectable but has no VPC presence
mediatailor.channel,mediatailor,R1,regional,spatial,,regional,collectable but has no VPC presence
mediatailor.channel_policy,mediatailor,R1,regional,spatial,,regional,collectable but has no VPC presence
mediatailor.channel_schedule,mediatailor,R1,regional,spatial,,regional,collectable but has no VPC presence
mediatailor.live_source,mediatailor,R1,regional,spatial,,regional,collectable but has no VPC presence
mediatailor.playback_configuration,mediatailor,R1,regional,spatial,,regional,collectable but has no VPC presence
mediatailor.prefetch_schedule,mediatailor,R1,regional,spatial,,regional,collectable but has no VPC presence
mediatailor.program,mediatailor,R1,regional,spatial,,regional,collectable but has no VPC presence
mediatailor.source_location,mediatailor,R1,regional,spatial,,regional,collectable but has no VPC presence
mediatailor.tags_for_resource,mediatailor,R1,regional,spatial,,regional,collectable but has no VPC presence
mediatailor.vod_source,mediatailor,R1,regional,spatial,,regional,collectable but has no VPC presence
medical-imaging.datastore,medical-imaging,R1,regional,spatial,,regional,collectable but has no VPC presence
medical-imaging.dicom_import_job,medical-imaging,R1,regional,spatial,,regional,collectable but has no VPC presence
medical-imaging.image_frame,medical-imaging,R1,regional,spatial,,regional,collectable but has no VPC presence
medical-imaging.image_set,medical-imaging,R1,regional,spatial,,regional,collectable but has no VPC presence
medical-imaging.image_set_metadata,medical-imaging,R1,regional,spatial,,regional,collectable but has no VPC presence
medical-imaging.image_set_version,medical-imaging,R1,regional,spatial,,regional,collectable but has no VPC presence
medical-imaging.search_image_set,medical-imaging,R1,regional,spatial,,regional,collectable but has no VPC presence
medical-imaging.tags_for_resource,medical-imaging,R1,regional,spatial,,regional,collectable but has no VPC presence
memorydb.acl,memorydb,R1,regional,spatial,,regional,collectable but has no VPC presence
memorydb.cluster,memorydb,R1,regional,spatial,,regional,collectable but has no VPC presence
memorydb.engine_version,memorydb,R1,regional,spatial,,regional,collectable but has no VPC presence
memorydb.event,memorydb,R1,regional,spatial,,regional,collectable but has no VPC presence
memorydb.multi_region_cluster,memorydb,R1,regional,spatial,,regional,collectable but has no VPC presence
memorydb.multi_region_parameter,memorydb,R1,regional,spatial,,regional,collectable but has no VPC presence
memorydb.multi_region_parameter_group,memorydb,R1,regional,spatial,,regional,collectable but has no VPC presence
memorydb.parameter,memorydb,R1,regional,spatial,,regional,collectable but has no VPC presence
memorydb.parameter_group,memorydb,R1,regional,spatial,,regional,collectable but has no VPC presence
memorydb.reserved_node,memorydb,R1,regional,spatial,,regional,collectable but has no VPC presence
memorydb.reserved_nodes_offering,memorydb,R1,regional,spatial,,regional,collectable but has no VPC presence
memorydb.service_update,memorydb,R1,regional,spatial,,regional,collectable but has no VPC presence
memorydb.tag,memorydb,R1,regional,spatial,,regional,collectable but has no VPC presence
memorydb.user,memorydb,R1,regional,spatial,,regional,collectable but has no VPC presence
mgh.application_state,mgh,R1,regional,spatial,,regional,collectable but has no VPC presence
mgh.created_artifact,mgh,R1,regional,spatial,,regional,collectable but has no VPC presence
mgh.discovered_resource,mgh,R1,regional,spatial,,regional,collectable but has no VPC presence
mgh.migration_task,mgh,R1,regional,spatial,,regional,collectable but has no VPC presence
mgh.migration_task_update,mgh,R1,regional,spatial,,regional,collectable but has no VPC presence
mgh.progress_update_stream,mgh,R1,regional,spatial,,regional,collectable but has no VPC presence
mgh.source_resource,mgh,R1,regional,spatial,,regional,collectable but has no VPC presence
mgn.application,mgn,R1,regional,spatial,,regional,collectable but has no VPC presence
mgn.connector,mgn,R1,regional,spatial,,regional,collectable but has no VPC presence
mgn.export,mgn,R1,regional,spatial,,regional,collectable but has no VPC presence
mgn.export_error,mgn,R1,regional,spatial,,regional,collectable but has no VPC presence
mgn.import,mgn,R1,regional,spatial,,regional,collectable but has no VPC presence
mgn.import_error,mgn,R1,regional,spatial,,regional,collectable but has no VPC presence
mgn.job,mgn,R1,regional,spatial,,regional,collectable but has no VPC presence
mgn.job_log_item,mgn,R1,regional,spatial,,regional,collectable but has no VPC presence
mgn.launch_configuration,mgn,R1,regional,spatial,,regional,collectable but has no VPC presence
mgn.launch_configuration_template,mgn,R1,regional,spatial,,regional,collectable but has no VPC presence
mgn.managed_account,mgn,R1,regional,spatial,,regional,collectable but has no VPC presence
mgn.replication_configuration,mgn,R1,regional,spatial,,regional,collectable but has no VPC presence
mgn.replication_configuration_template,mgn,R1,regional,spatial,,regional,collectable but has no VPC presence
mgn.source_server,mgn,R1,regional,spatial,,regional,collectable but has no VPC presence
mgn.source_server_action,mgn,R1,regional,spatial,,regional,collectable but has no VPC presence
mgn.tags_for_resource,mgn,R1,regional,spatial,,regional,collectable but has no VPC presence
mgn.template_action,mgn,R1,regional,spatial,,regional,collectable but has no VPC presence
mgn.vcenter_client,mgn,R1,regional,spatial,,regional,collectable but has no VPC presence
mgn.wave,mgn,R1,regional,spatial,,regional,collectable but has no VPC presence
migration-hub-refactor-spaces.environment,migration-hub-refactor-spaces,R1,regional,spatial,,regional,collectable but has no VPC presence
migration-hub-refactor-spaces.resource_policy,migration-hub-refactor-spaces,R1,regional,spatial,,regional,collectable but has no VPC presence
migration-hub-refactor-spaces.route,migration-hub-refactor-spaces,R1,regional,spatial,,regional,collectable but has no VPC presence
migration-hub-refactor-spaces.tags_for_resource,migration-hub-refactor-spaces,R1,regional,spatial,,regional,collectable but has no VPC presence
migrationhub-config.home_region,migrationhub-config,R1,regional,spatial,,regional,collectable but has no VPC presence
migrationhub-config.home_region_control,migrationhub-config,R1,regional,spatial,,regional,collectable but has no VPC presence
migrationhuborchestrator.plugin,migrationhuborchestrator,R1,regional,spatial,,regional,collectable but has no VPC presence
migrationhuborchestrator.tags_for_resource,migrationhuborchestrator,R1,regional,spatial,,regional,collectable but has no VPC presence
migrationhuborchestrator.template,migrationhuborchestrator,R1,regional,spatial,,regional,collectable but has no VPC presence
migrationhuborchestrator.template_step,migrationhuborchestrator,R1,regional,spatial,,regional,collectable but has no VPC presence
migrationhuborchestrator.template_step_group,migrationhuborchestrator,R1,regional,spatial,,regional,collectable but has no VPC presence
migrationhuborchestrator.workflow,migrationhuborchestrator,R1,regional,spatial,,regional,collectable but has no VPC presence
migrationhuborchestrator.workflow_step,migrationhuborchestrator,R1,regional,spatial,,regional,collectable but has no VPC presence
migrationhuborchestrator.workflow_step_group,migrationhuborchestrator,R1,regional,spatial,,regional,collectable but has no VPC presence
migrationhubstrategy.analyzable_server,migrationhubstrategy,R1,regional,spatial,,regional,collectable but has no VPC presence
migrationhubstrategy.application_component,migrationhubstrategy,R1,regional,spatial,,regional,collectable but has no VPC presence
migrationhubstrategy.application_component_detail,migrationhubstrategy,R1,regional,spatial,,regional,collectable but has no VPC presence
migrationhubstrategy.application_component_strategy,migrationhubstrategy,R1,regional,spatial,,regional,collectable but has no VPC presence
migrationhubstrategy.assessment,migrationhubstrategy,R1,regional,spatial,,regional,collectable but has no VPC presence
migrationhubstrategy.collector,migrationhubstrategy,R1,regional,spatial,,regional,collectable but has no VPC presence
migrationhubstrategy.import_file_task,migrationhubstrategy,R1,regional,spatial,,regional,collectable but has no VPC presence
migrationhubstrategy.latest_assessment_id,migrationhubstrategy,R1,regional,spatial,,regional,collectable but has no VPC presence
migrationhubstrategy.portfolio_preference,migrationhubstrategy,R1,regional,spatial,,regional,collectable but has no VPC presence
migrationhubstrategy.portfolio_summary,migrationhubstrategy,R1,regional,spatial,,regional,collectable but has no VPC presence
migrationhubstrategy.recommendation_report_detail,migrationhubstrategy,R1,regional,spatial,,regional,collectable but has no VPC presence
migrationhubstrategy.server,migrationhubstrategy,R1,regional,spatial,,regional,collectable but has no VPC presence
migrationhubstrategy.server_detail,migrationhubstrategy,R1,regional,spatial,,regional,collectable but has no VPC presence
migrationhubstrategy.server_strategy,migrationhubstrategy,R1,regional,spatial,,regional,collectable but has no VPC presence
mpa.approval_team,mpa,R1,regional,spatial,,regional,collectable but has no VPC presence
mpa.identity_source,mpa,R1,regional,spatial,,regional,collectable but has no VPC presence
mpa.policy,mpa,R1,regional,spatial,,regional,collectable but has no VPC presence
mpa.policy_version,mpa,R1,regional,spatial,,regional,collectable but has no VPC presence
mpa.resource_policy,mpa,R1,regional,spatial,,regional,collectable but has no VPC presence
mpa.session,mpa,R1,regional,spatial,,regional,collectable but has no VPC presence
mpa.tags_for_resource,mpa,R1,regional,spatial,,regional,collectable but has no VPC presence
mq.configuration,mq,R1,regional,spatial,,regional-service,"mq is regional, outside any VPC"
mq.configuration_association,mq,R1,regional,spatial,,regional-service,"mq is regional, outside any VPC"
msk.cluster_v2,msk,R1,regional,spatial,,regional,collectable but has no VPC presence
msk.clusters_v2,msk,R1,regional,spatial,,regional,collectable but has no VPC presence
mturk.account_balance,mturk,R1,regional,spatial,,regional,collectable but has no VPC presence
mturk.assignment,mturk,R1,regional,spatial,,regional,collectable but has no VPC presence
mturk.assignments_for_hit,mturk,R1,regional,spatial,,regional,collectable but has no VPC presence
mturk.bonus_payment,mturk,R1,regional,spatial,,regional,collectable but has no VPC presence
mturk.file_upload_url,mturk,R1,regional,spatial,,regional,collectable but has no VPC presence
mturk.hi_t,mturk,R1,regional,spatial,,regional,collectable but has no VPC presence
mturk.hi_ts_for_qualification_type,mturk,R1,regional,spatial,,regional,collectable but has no VPC presence
mturk.hit,mturk,R1,regional,spatial,,regional,collectable but has no VPC presence
mturk.qualification_request,mturk,R1,regional,spatial,,regional,collectable but has no VPC presence
mturk.qualification_score,mturk,R1,regional,spatial,,regional,collectable but has no VPC presence
mturk.qualification_type,mturk,R1,regional,spatial,,regional,collectable but has no VPC presence
mturk.review_policy_results_for_hit,mturk,R1,regional,spatial,,regional,collectable but has no VPC presence
mturk.reviewable_hi_t,mturk,R1,regional,spatial,,regional,collectable but has no VPC presence
mturk.worker_block,mturk,R1,regional,spatial,,regional,collectable but has no VPC presence
mturk.workers_with_qualification_type,mturk,R1,regional,spatial,,regional,collectable but has no VPC presence
mwaa-serverless.tags_for_resource,mwaa-serverless,R1,regional,spatial,,regional,collectable but has no VPC presence
mwaa-serverless.task_instance,mwaa-serverless,R1,regional,spatial,,regional,collectable but has no VPC presence
mwaa-serverless.workflow,mwaa-serverless,R1,regional,spatial,,regional,collectable but has no VPC presence
mwaa-serverless.workflow_run,mwaa-serverless,R1,regional,spatial,,regional,collectable but has no VPC presence
mwaa-serverless.workflow_version,mwaa-serverless,R1,regional,spatial,,regional,collectable but has no VPC presence
mwaa.environment,mwaa,R1,regional,spatial,,regional,collectable but has no VPC presence
mwaa.tags_for_resource,mwaa,R1,regional,spatial,,regional,collectable but has no VPC presence
neptune-graph.export_task,neptune-graph,R1,regional,spatial,,regional,collectable but has no VPC presence
neptune-graph.graph,neptune-graph,R1,regional,spatial,,regional,collectable but has no VPC presence
neptune-graph.graph_snapshot,neptune-graph,R1,regional,spatial,,regional,collectable but has no VPC presence
neptune-graph.graph_summary,neptune-graph,R1,regional,spatial,,regional,collectable but has no VPC presence
neptune-graph.import_task,neptune-graph,R1,regional,spatial,,regional,collectable but has no VPC presence
neptune-graph.query,neptune-graph,R1,regional,spatial,,regional,collectable but has no VPC presence
neptune-graph.tags_for_resource,neptune-graph,R1,regional,spatial,,regional,collectable but has no VPC presence
neptune.db_cluster,neptune,R1,regional,spatial,,regional,collectable but has no VPC presence
neptune.db_cluster_endpoint,neptune,R1,regional,spatial,,regional,collectable but has no VPC presence
neptune.db_cluster_parameter_group,neptune,R1,regional,spatial,,regional,collectable but has no VPC presence
neptune.db_parameter_group,neptune,R1,regional,spatial,,regional,collectable but has no VPC presence
neptune.event,neptune,R1,regional,spatial,,regional,collectable but has no VPC presence
neptune.event_subscription,neptune,R1,regional,spatial,,regional,collectable but has no VPC presence
neptune.global_cluster,neptune,R1,regional,spatial,,regional,collectable but has no VPC presence
neptunedata.engine_status,neptunedata,R1,regional,spatial,,regional,collectable but has no VPC presence
neptunedata.gremlin_query,neptunedata,R1,regional,spatial,,regional,collectable but has no VPC presence
neptunedata.gremlin_query_status,neptunedata,R1,regional,spatial,,regional,collectable but has no VPC presence
neptunedata.loader_job,neptunedata,R1,regional,spatial,,regional,collectable but has no VPC presence
neptunedata.loader_job_status,neptunedata,R1,regional,spatial,,regional,collectable but has no VPC presence
neptunedata.ml_data_processing_job,neptunedata,R1,regional,spatial,,regional,collectable but has no VPC presence
neptunedata.ml_endpoint,neptunedata,R1,regional,spatial,,regional,collectable but has no VPC presence
neptunedata.ml_model_training_job,neptunedata,R1,regional,spatial,,regional,collectable but has no VPC presence
neptunedata.ml_model_transform_job,neptunedata,R1,regional,spatial,,regional,collectable but has no VPC presence
neptunedata.open_cypher_query,neptunedata,R1,regional,spatial,,regional,collectable but has no VPC presence
neptunedata.open_cypher_query_status,neptunedata,R1,regional,spatial,,regional,collectable but has no VPC presence
neptunedata.propertygraph_statistic,neptunedata,R1,regional,spatial,,regional,collectable but has no VPC presence
neptunedata.propertygraph_stream,neptunedata,R1,regional,spatial,,regional,collectable but has no VPC presence
neptunedata.propertygraph_summary,neptunedata,R1,regional,spatial,,regional,collectable but has no VPC presence
neptunedata.rdf_graph_summary,neptunedata,R1,regional,spatial,,regional,collectable but has no VPC presence
neptunedata.sparql_statistic,neptunedata,R1,regional,spatial,,regional,collectable but has no VPC presence
neptunedata.sparql_stream,neptunedata,R1,regional,spatial,,regional,collectable but has no VPC presence
network-firewall.analysis_report,network-firewall,R1,regional,spatial,,regional,collectable but has no VPC presence
network-firewall.analysis_report_result,network-firewall,R1,regional,spatial,,regional,collectable but has no VPC presence
network-firewall.firewall_metadata,network-firewall,R1,regional,spatial,,regional,collectable but has no VPC presence
network-firewall.firewall_policy,network-firewall,R1,regional,spatial,,regional,collectable but has no VPC presence
network-firewall.flow_operation,network-firewall,R1,regional,spatial,,regional,collectable but has no VPC presence
network-firewall.flow_operation_result,network-firewall,R1,regional,spatial,,regional,collectable but has no VPC presence
network-firewall.logging_configuration,network-firewall,R1,regional,spatial,,regional,collectable but has no VPC presence
network-firewall.proxy,network-firewall,R1,regional,spatial,,regional,collectable but has no VPC presence
network-firewall.proxy_configuration,network-firewall,R1,regional,spatial,,regional,collectable but has no VPC presence
network-firewall.proxy_rule,network-firewall,R1,regional,spatial,,regional,collectable but has no VPC presence
network-firewall.proxy_rule_group,network-firewall,R1,regional,spatial,,regional,collectable but has no VPC presence
network-firewall.resource_policy,network-firewall,R1,regional,spatial,,regional,collectable but has no VPC presence
network-firewall.rule_group,network-firewall,R1,regional,spatial,,regional,collectable but has no VPC presence
network-firewall.rule_group_metadata,network-firewall,R1,regional,spatial,,regional,collectable but has no VPC presence
network-firewall.rule_group_summary,network-firewall,R1,regional,spatial,,regional,collectable but has no VPC presence
network-firewall.tags_for_resource,network-firewall,R1,regional,spatial,,regional,collectable but has no VPC presence
network-firewall.tls_inspection_configuration,network-firewall,R1,regional,spatial,,regional,collectable but has no VPC presence
network-firewall.vpc_endpoint_association,network-firewall,R1,regional,spatial,,regional,collectable but has no VPC presence
networkflowmonitor.monitor,networkflowmonitor,R1,regional,spatial,,regional,collectable but has no VPC presence
networkflowmonitor.query_results_monitor_top_contributor,networkflowmonitor,R1,regional,spatial,,regional,collectable but has no VPC presence
networkflowmonitor.query_results_workload_insights_top_contributor,networkflowmonitor,R1,regional,spatial,,regional,collectable but has no VPC presence
networkflowmonitor.query_results_workload_insights_top_contributors_data,networkflowmonitor,R1,regional,spatial,,regional,collectable but has no VPC presence
networkflowmonitor.query_status_monitor_top_contributor,networkflowmonitor,R1,regional,spatial,,regional,collectable but has no VPC presence
networkflowmonitor.query_status_workload_insights_top_contributor,networkflowmonitor,R1,regional,spatial,,regional,collectable but has no VPC presence
networkflowmonitor.query_status_workload_insights_top_contributors_data,networkflowmonitor,R1,regional,spatial,,regional,collectable but has no VPC presence
networkflowmonitor.scope,networkflowmonitor,R1,regional,spatial,,regional,collectable but has no VPC presence
networkflowmonitor.tags_for_resource,networkflowmonitor,R1,regional,spatial,,regional,collectable but has no VPC presence
networkmanager.attachment,networkmanager,R1,regional,spatial,,regional,collectable but has no VPC presence
networkmanager.attachment_routing_policy_association,networkmanager,R1,regional,spatial,,regional,collectable but has no VPC presence
networkmanager.connect_attachment,networkmanager,R1,regional,spatial,,regional,collectable but has no VPC presence
networkmanager.connect_peer,networkmanager,R1,regional,spatial,,regional,collectable but has no VPC presence
networkmanager.connect_peer_association,networkmanager,R1,regional,spatial,,regional,collectable but has no VPC presence
networkmanager.connection,networkmanager,R1,regional,spatial,,regional,collectable but has no VPC presence
networkmanager.core_network,networkmanager,R1,regional,spatial,,regional,collectable but has no VPC presence
networkmanager.core_network_change_event,networkmanager,R1,regional,spatial,,regional,collectable but has no VPC presence
networkmanager.core_network_change_set,networkmanager,R1,regional,spatial,,regional,collectable but has no VPC presence
networkmanager.core_network_policy,networkmanager,R1,regional,spatial,,regional,collectable but has no VPC presence
networkmanager.core_network_policy_version,networkmanager,R1,regional,spatial,,regional,collectable but has no VPC presence
networkmanager.core_network_prefix_list_association,networkmanager,R1,regional,spatial,,regional,collectable but has no VPC presence
networkmanager.core_network_routing_information,networkmanager,R1,regional,spatial,,regional,collectable but has no VPC presence
networkmanager.customer_gateway_association,networkmanager,R1,regional,spatial,,regional,collectable but has no VPC presence
networkmanager.device,networkmanager,R1,regional,spatial,,regional,collectable but has no VPC presence
networkmanager.direct_connect_gateway_attachment,networkmanager,R1,regional,spatial,,regional,collectable but has no VPC presence
networkmanager.global_network,networkmanager,R1,regional,spatial,,regional,collectable but has no VPC presence
networkmanager.link,networkmanager,R1,regional,spatial,,regional,collectable but has no VPC presence
networkmanager.link_association,networkmanager,R1,regional,spatial,,regional,collectable but has no VPC presence
networkmanager.network_resource,networkmanager,R1,regional,spatial,,regional,collectable but has no VPC presence
networkmanager.network_resource_count,networkmanager,R1,regional,spatial,,regional,collectable but has no VPC presence
networkmanager.network_resource_relationship,networkmanager,R1,regional,spatial,,regional,collectable but has no VPC presence
networkmanager.network_route,networkmanager,R1,regional,spatial,,regional,collectable but has no VPC presence
networkmanager.network_telemetry,networkmanager,R1,regional,spatial,,regional,collectable but has no VPC presence
networkmanager.organization_service_access_status,networkmanager,R1,regional,spatial,,regional,collectable but has no VPC presence
networkmanager.peering,networkmanager,R1,regional,spatial,,regional,collectable but has no VPC presence
networkmanager.resource_policy,networkmanager,R1,regional,spatial,,regional,collectable but has no VPC presence
networkmanager.route_analysis,networkmanager,R1,regional,spatial,,regional,collectable but has no VPC presence
networkmanager.site,networkmanager,R1,regional,spatial,,regional,collectable but has no VPC presence
networkmanager.site_to_site_vpn_attachment,networkmanager,R1,regional,spatial,,regional,collectable but has no VPC presence
networkmanager.tags_for_resource,networkmanager,R1,regional,spatial,,regional,collectable but has no VPC presence
networkmanager.transit_gateway_connect_peer_association,networkmanager,R1,regional,spatial,,regional,collectable but has no VPC presence
networkmanager.transit_gateway_peering,networkmanager,R1,regional,spatial,,regional,collectable but has no VPC presence
networkmanager.transit_gateway_registration,networkmanager,R1,regional,spatial,,regional,collectable but has no VPC presence
networkmanager.transit_gateway_route_table_attachment,networkmanager,R1,regional,spatial,,regional,collectable but has no VPC presence
networkmanager.vpc_attachment,networkmanager,R1,regional,spatial,,regional,collectable but has no VPC presence
networkmonitor.tags_for_resource,networkmonitor,R1,regional,spatial,,regional,collectable but has no VPC presence
notifications.channel_association,notifications,R1,regional,spatial,,regional,collectable but has no VPC presence
notifications.event_rule,notifications,R1,regional,spatial,,regional,collectable but has no VPC presence
notifications.managed_notification_child_event,notifications,R1,regional,spatial,,regional,collectable but has no VPC presence
notifications.managed_notification_configuration,notifications,R1,regional,spatial,,regional,collectable but has no VPC presence
notifications.managed_notification_event,notifications,R1,regional,spatial,,regional,collectable but has no VPC presence
notifications.member_account,notifications,R1,regional,spatial,,regional,collectable but has no VPC presence
notifications.notification_configuration,notifications,R1,regional,spatial,,regional,collectable but has no VPC presence
notifications.notification_event,notifications,R1,regional,spatial,,regional,collectable but has no VPC presence
notifications.notification_hub,notifications,R1,regional,spatial,,regional,collectable but has no VPC presence
notifications.notifications_access_for_organization,notifications,R1,regional,spatial,,regional,collectable but has no VPC presence
notifications.tags_for_resource,notifications,R1,regional,spatial,,regional,collectable but has no VPC presence
notificationscontacts.email_contact,notificationscontacts,R1,regional,spatial,,regional,collectable but has no VPC presence
notificationscontacts.tags_for_resource,notificationscontacts,R1,regional,spatial,,regional,collectable but has no VPC presence
oam.attached_link,oam,R1,regional,spatial,,regional,collectable but has no VPC presence
oam.link,oam,R1,regional,spatial,,regional,collectable but has no VPC presence
oam.sink,oam,R1,regional,spatial,,regional,collectable but has no VPC presence
oam.sink_policy,oam,R1,regional,spatial,,regional,collectable but has no VPC presence
oam.tags_for_resource,oam,R1,regional,spatial,,regional,collectable but has no VPC presence
observabilityadmin.centralization_rule_for_organization,observabilityadmin,R1,regional,spatial,,regional,collectable but has no VPC presence
observabilityadmin.centralization_rules_for_organization,observabilityadmin,R1,regional,spatial,,regional,collectable but has no VPC presence
observabilityadmin.resource_telemetry,observabilityadmin,R1,regional,spatial,,regional,collectable but has no VPC presence
observabilityadmin.resource_telemetry_for_organization,observabilityadmin,R1,regional,spatial,,regional,collectable but has no VPC presence
observabilityadmin.tags_for_resource,observabilityadmin,R1,regional,spatial,,regional,collectable but has no VPC presence
observabilityadmin.telemetry_enrichment_status,observabilityadmin,R1,regional,spatial,,regional,collectable but has no VPC presence
observabilityadmin.telemetry_evaluation_status,observabilityadmin,R1,regional,spatial,,regional,collectable but has no VPC presence
observabilityadmin.telemetry_evaluation_status_for_organization,observabilityadmin,R1,regional,spatial,,regional,collectable but has no VPC presence
observabilityadmin.telemetry_rule,observabilityadmin,R1,regional,spatial,,regional,collectable but has no VPC presence
observabilityadmin.telemetry_rule_for_organization,observabilityadmin,R1,regional,spatial,,regional,collectable but has no VPC presence
observabilityadmin.telemetry_rules_for_organization,observabilityadmin,R1,regional,spatial,,regional,collectable but has no VPC presence
odb.autonomous_virtual_machine,odb,R1,regional,spatial,,regional,collectable but has no VPC presence
odb.cloud_autonomous_vm_cluster,odb,R1,regional,spatial,,regional,collectable but has no VPC presence
odb.cloud_exadata_infrastructure,odb,R1,regional,spatial,,regional,collectable but has no VPC presence
odb.cloud_exadata_infrastructure_unallocated_resource,odb,R1,regional,spatial,,regional,collectable but has no VPC presence
odb.cloud_vm_cluster,odb,R1,regional,spatial,,regional,collectable but has no VPC presence
odb.db_node,odb,R1,regional,spatial,,regional,collectable but has no VPC presence
odb.db_server,odb,R1,regional,spatial,,regional,collectable but has no VPC presence
odb.db_system_shape,odb,R1,regional,spatial,,regional,collectable but has no VPC presence
odb.gi_version,odb,R1,regional,spatial,,regional,collectable but has no VPC presence
odb.oci_onboarding_status,odb,R1,regional,spatial,,regional,collectable but has no VPC presence
odb.odb_network,odb,R1,regional,spatial,,regional,collectable but has no VPC presence
odb.odb_peering_connection,odb,R1,regional,spatial,,regional,collectable but has no VPC presence
odb.system_version,odb,R1,regional,spatial,,regional,collectable but has no VPC presence
odb.tags_for_resource,odb,R1,regional,spatial,,regional,collectable but has no VPC presence
omics.annotation_import_job,omics,R1,regional,spatial,,regional,collectable but has no VPC presence
omics.annotation_store,omics,R1,regional,spatial,,regional,collectable but has no VPC presence
omics.annotation_store_version,omics,R1,regional,spatial,,regional,collectable but has no VPC presence
omics.multipart_read_set_upload,omics,R1,regional,spatial,,regional,collectable but has no VPC presence
omics.read_set,omics,R1,regional,spatial,,regional,collectable but has no VPC presence
omics.read_set_activation_job,omics,R1,regional,spatial,,regional,collectable but has no VPC presence
omics.read_set_export_job,omics,R1,regional,spatial,,regional,collectable but has no VPC presence
omics.read_set_import_job,omics,R1,regional,spatial,,regional,collectable but has no VPC presence
omics.read_set_metadata,omics,R1,regional,spatial,,regional,collectable but has no VPC presence
omics.read_set_upload_part,omics,R1,regional,spatial,,regional,collectable but has no VPC presence
omics.reference,omics,R1,regional,spatial,,regional,collectable but has no VPC presence
omics.reference_import_job,omics,R1,regional,spatial,,regional,collectable but has no VPC presence
omics.reference_metadata,omics,R1,regional,spatial,,regional,collectable but has no VPC presence
omics.reference_store,omics,R1,regional,spatial,,regional,collectable but has no VPC presence
omics.run,omics,R1,regional,spatial,,regional,collectable but has no VPC presence
omics.run_cach,omics,R1,regional,spatial,,regional,collectable but has no VPC presence
omics.run_cache,omics,R1,regional,spatial,,regional,collectable but has no VPC presence
omics.run_group,omics,R1,regional,spatial,,regional,collectable but has no VPC presence
omics.run_task,omics,R1,regional,spatial,,regional,collectable but has no VPC presence
omics.s3_access_policy,omics,R1,regional,spatial,,regional,collectable but has no VPC presence
omics.sequence_store,omics,R1,regional,spatial,,regional,collectable but has no VPC presence
omics.share,omics,R1,regional,spatial,,regional,collectable but has no VPC presence
omics.tags_for_resource,omics,R1,regional,spatial,,regional,collectable but has no VPC presence
omics.variant_import_job,omics,R1,regional,spatial,,regional,collectable but has no VPC presence
omics.variant_store,omics,R1,regional,spatial,,regional,collectable but has no VPC presence
omics.workflow,omics,R1,regional,spatial,,regional,collectable but has no VPC presence
omics.workflow_version,omics,R1,regional,spatial,,regional,collectable but has no VPC presence
opensearch.application,opensearch,R1,regional,spatial,,regional,collectable but has no VPC presence
opensearch.default_application_setting,opensearch,R1,regional,spatial,,regional,collectable but has no VPC presence
opensearch.direct_query_data_source,opensearch,R1,regional,spatial,,regional,collectable but has no VPC presence
opensearch.domain_name,opensearch,R1,regional,spatial,,regional,collectable but has no VPC presence
opensearchserverless.access_policy,opensearchserverless,R1,regional,spatial,,regional,collectable but has no VPC presence
opensearchserverless.account_setting,opensearchserverless,R1,regional,spatial,,regional,collectable but has no VPC presence
opensearchserverless.collection,opensearchserverless,R1,regional,spatial,,regional,collectable but has no VPC presence
opensearchserverless.index,opensearchserverless,R1,regional,spatial,,regional,collectable but has no VPC presence
opensearchserverless.lifecycle_policy,opensearchserverless,R1,regional,spatial,,regional,collectable but has no VPC presence
opensearchserverless.policies_stat,opensearchserverless,R1,regional,spatial,,regional,collectable but has no VPC presence
opensearchserverless.security_config,opensearchserverless,R1,regional,spatial,,regional,collectable but has no VPC presence
opensearchserverless.security_policy,opensearchserverless,R1,regional,spatial,,regional,collectable but has no VPC presence
opensearchserverless.tags_for_resource,opensearchserverless,R1,regional,spatial,,regional,collectable but has no VPC presence
osis.pipeline_blueprint,osis,R1,regional,spatial,,regional,collectable but has no VPC presence
osis.pipeline_change_progress,osis,R1,regional,spatial,,regional,collectable but has no VPC presence
osis.pipeline_endpoint,osis,R1,regional,spatial,,regional,collectable but has no VPC presence
osis.pipeline_endpoint_connection,osis,R1,regional,spatial,,regional,collectable but has no VPC presence
osis.resource_policy,osis,R1,regional,spatial,,regional,collectable but has no VPC presence
osis.tags_for_resource,osis,R1,regional,spatial,,regional,collectable but has no VPC presence
outposts.asset,outposts,R1,regional,spatial,,regional,collectable but has no VPC presence
outposts.asset_instance,outposts,R1,regional,spatial,,regional,collectable but has no VPC presence
outposts.blocking_instances_for_capacity_task,outposts,R1,regional,spatial,,regional,collectable but has no VPC presence
outposts.capacity_task,outposts,R1,regional,spatial,,regional,collectable but has no VPC presence
outposts.connection,outposts,R1,regional,spatial,,regional,collectable but has no VPC presence
outposts.order,outposts,R1,regional,spatial,,regional,collectable but has no VPC presence
outposts.outpost,outposts,R1,regional,spatial,,regional,collectable but has no VPC presence
outposts.outpost_billing_information,outposts,R1,regional,spatial,,regional,collectable but has no VPC presence
outposts.outpost_instance_type,outposts,R1,regional,spatial,,regional,collectable but has no VPC presence
outposts.outpost_supported_instance_type,outposts,R1,regional,spatial,,regional,collectable but has no VPC presence
outposts.site,outposts,R1,regional,spatial,,regional,collectable but has no VPC presence
outposts.site_address,outposts,R1,regional,spatial,,regional,collectable but has no VPC presence
outposts.tags_for_resource,outposts,R1,regional,spatial,,regional,collectable but has no VPC presence
panorama.application_instance,panorama,R1,regional,spatial,,regional,collectable but has no VPC presence
panorama.application_instance_dependency,panorama,R1,regional,spatial,,regional,collectable but has no VPC presence
panorama.application_instance_detail,panorama,R1,regional,spatial,,regional,collectable but has no VPC presence
panorama.application_instance_node_instance,panorama,R1,regional,spatial,,regional,collectable but has no VPC presence
panorama.device,panorama,R1,regional,spatial,,regional,collectable but has no VPC presence
panorama.device_job,panorama,R1,regional,spatial,,regional,collectable but has no VPC presence
panorama.devices_job,panorama,R1,regional,spatial,,regional,collectable but has no VPC presence
panorama.node,panorama,R1,regional,spatial,,regional,collectable but has no VPC presence
panorama.node_from_template_job,panorama,R1,regional,spatial,,regional,collectable but has no VPC presence
panorama.package,panorama,R1,regional,spatial,,regional,collectable but has no VPC presence
panorama.package_import_job,panorama,R1,regional,spatial,,regional,collectable but has no VPC presence
panorama.package_version,panorama,R1,regional,spatial,,regional,collectable but has no VPC presence
panorama.tags_for_resource,panorama,R1,regional,spatial,,regional,collectable but has no VPC presence
parameterstore.ops_metadata,parameterstore,R1,regional,spatial,,regional,collectable but has no VPC presence
partnercentral-channel.channel_handshake,partnercentral-channel,R1,regional,spatial,,regional,collectable but has no VPC presence
partnercentral-channel.program_management_account,partnercentral-channel,R1,regional,spatial,,regional,collectable but has no VPC presence
partnercentral-channel.relationship,partnercentral-channel,R1,regional,spatial,,regional,collectable but has no VPC presence
partnercentral-channel.tags_for_resource,partnercentral-channel,R1,regional,spatial,,regional,collectable but has no VPC presence
partnercentral-selling.aws_opportunity_summary,partnercentral-selling,R1,regional,spatial,,regional,collectable but has no VPC presence
partnercentral-selling.engagement,partnercentral-selling,R1,regional,spatial,,regional,collectable but has no VPC presence
partnercentral-selling.engagement_by_accepting_invitation_task,partnercentral-selling,R1,regional,spatial,,regional,collectable but has no VPC presence
partnercentral-selling.engagement_from_opportunity_task,partnercentral-selling,R1,regional,spatial,,regional,collectable but has no VPC presence
partnercentral-selling.engagement_invitation,partnercentral-selling,R1,regional,spatial,,regional,collectable but has no VPC presence
partnercentral-selling.engagement_member,partnercentral-selling,R1,regional,spatial,,regional,collectable but has no VPC presence
partnercentral-selling.engagement_resource_association,partnercentral-selling,R1,regional,spatial,,regional,collectable but has no VPC presence
partnercentral-selling.opportunity,partnercentral-selling,R1,regional,spatial,,regional,collectable but has no VPC presence
partnercentral-selling.resource_snapshot,partnercentral-selling,R1,regional,spatial,,regional,collectable but has no VPC presence
partnercentral-selling.resource_snapshot_job,partnercentral-selling,R1,regional,spatial,,regional,collectable but has no VPC presence
partnercentral-selling.selling_system_setting,partnercentral-selling,R1,regional,spatial,,regional,collectable but has no VPC presence
partnercentral-selling.solution,partnercentral-selling,R1,regional,spatial,,regional,collectable but has no VPC presence
partnercentral-selling.tags_for_resource,partnercentral-selling,R1,regional,spatial,,regional,collectable but has no VPC presence
payment-cryptography.alia,payment-cryptography,R1,regional,spatial,,regional,collectable but has no VPC presence
payment-cryptography.alias,payment-cryptography,R1,regional,spatial,,regional,collectable but has no VPC presence
payment-cryptography.certificate_signing_request,payment-cryptography,R1,regional,spatial,,regional,collectable but has no VPC presence
payment-cryptography.default_key_replication_region,payment-cryptography,R1,regional,spatial,,regional,collectable but has no VPC presence
payment-cryptography.key,payment-cryptography,R1,regional,spatial,,regional,collectable but has no VPC presence
payment-cryptography.parameters_for_export,payment-cryptography,R1,regional,spatial,,regional,collectable but has no VPC presence
payment-cryptography.parameters_for_import,payment-cryptography,R1,regional,spatial,,regional,collectable but has no VPC presence
payment-cryptography.public_key_certificate,payment-cryptography,R1,regional,spatial,,regional,collectable but has no VPC presence
payment-cryptography.tags_for_resource,payment-cryptography,R1,regional,spatial,,regional,collectable but has no VPC presence
pca-connector-ad.connector,pca-connector-ad,R1,regional,spatial,,regional,collectable but has no VPC presence
pca-connector-ad.directory_registration,pca-connector-ad,R1,regional,spatial,,regional,collectable but has no VPC presence
pca-connector-ad.service_principal_name,pca-connector-ad,R1,regional,spatial,,regional,collectable but has no VPC presence
pca-connector-ad.tags_for_resource,pca-connector-ad,R1,regional,spatial,,regional,collectable but has no VPC presence
pca-connector-ad.template,pca-connector-ad,R1,regional,spatial,,regional,collectable but has no VPC presence
pca-connector-ad.template_group_access_control_entry,pca-connector-ad,R1,regional,spatial,,regional,collectable but has no VPC presence
pca-connector-scep.challenge_metadata,pca-connector-scep,R1,regional,spatial,,regional,collectable but has no VPC presence
pca-connector-scep.challenge_password,pca-connector-scep,R1,regional,spatial,,regional,collectable but has no VPC presence
pca-connector-scep.connector,pca-connector-scep,R1,regional,spatial,,regional,collectable but has no VPC presence
pca-connector-scep.tags_for_resource,pca-connector-scep,R1,regional,spatial,,regional,collectable but has no VPC presence
pcs.cluster,pcs,R1,regional,spatial,,regional,collectable but has no VPC presence
pcs.compute_node_group,pcs,R1,regional,spatial,,regional,collectable but has no VPC presence
pcs.queue,pcs,R1,regional,spatial,,regional,collectable but has no VPC presence
pcs.tags_for_resource,pcs,R1,regional,spatial,,regional,collectable but has no VPC presence
personalize-runtime.action_recommendation,personalize-runtime,R1,regional,spatial,,regional,collectable but has no VPC presence
personalize-runtime.personalized_ranking,personalize-runtime,R1,regional,spatial,,regional,collectable but has no VPC presence
personalize-runtime.recommendation,personalize-runtime,R1,regional,spatial,,regional,collectable but has no VPC presence
personalize.algorithm,personalize,R1,regional,spatial,,regional,collectable but has no VPC presence
personalize.batch_inference_job,personalize,R1,regional,spatial,,regional,collectable but has no VPC presence
personalize.batch_segment_job,personalize,R1,regional,spatial,,regional,collectable but has no VPC presence
personalize.campaign,personalize,R1,regional,spatial,,regional,collectable but has no VPC presence
personalize.data_deletion_job,personalize,R1,regional,spatial,,regional,collectable but has no VPC presence
personalize.dataset,personalize,R1,regional,spatial,,regional,collectable but has no VPC presence
personalize.dataset_export_job,personalize,R1,regional,spatial,,regional,collectable but has no VPC presence
personalize.dataset_group,personalize,R1,regional,spatial,,regional,collectable but has no VPC presence
personalize.dataset_import_job,personalize,R1,regional,spatial,,regional,collectable but has no VPC presence
personalize.event_tracker,personalize,R1,regional,spatial,,regional,collectable but has no VPC presence
personalize.feature_transformation,personalize,R1,regional,spatial,,regional,collectable but has no VPC presence
personalize.filter,personalize,R1,regional,spatial,,regional,collectable but has no VPC presence
personalize.metric_attribution,personalize,R1,regional,spatial,,regional,collectable but has no VPC presence
personalize.metric_attribution_metric,personalize,R1,regional,spatial,,regional,collectable but has no VPC presence
personalize.recipe,personalize,R1,regional,spatial,,regional,collectable but has no VPC presence
personalize.recommender,personalize,R1,regional,spatial,,regional,collectable but has no VPC presence
personalize.schema,personalize,R1,regional,spatial,,regional,collectable but has no VPC presence
personalize.solution,personalize,R1,regional,spatial,,regional,collectable but has no VPC presence
personalize.solution_version,personalize,R1,regional,spatial,,regional,collectable but has no VPC presence
personalize.tags_for_resource,personalize,R1,regional,spatial,,regional,collectable but has no VPC presence
pi.available_resource_dimension,pi,R1,regional,spatial,,regional,collectable but has no VPC presence
pi.available_resource_metric,pi,R1,regional,spatial,,regional,collectable but has no VPC presence
pi.dimension_key,pi,R1,regional,spatial,,regional,collectable but has no VPC presence
pi.dimension_key_detail,pi,R1,regional,spatial,,regional,collectable but has no VPC presence
pi.performance_analysis_report,pi,R1,regional,spatial,,regional,collectable but has no VPC presence
pi.resource_metadata,pi,R1,regional,spatial,,regional,collectable but has no VPC presence
pi.resource_metric,pi,R1,regional,spatial,,regional,collectable but has no VPC presence
pi.tags_for_resource,pi,R1,regional,spatial,,regional,collectable but has no VPC presence
pinpoint-email.account,pinpoint-email,R1,regional,spatial,,regional,collectable but has no VPC presence
pinpoint-email.blacklist_report,pinpoint-email,R1,regional,spatial,,regional,collectable but has no VPC presence
pinpoint-email.configuration_set,pinpoint-email,R1,regional,spatial,,regional,collectable but has no VPC presence
pinpoint-email.configuration_set_event_destination,pinpoint-email,R1,regional,spatial,,regional,collectable but has no VPC presence
pinpoint-email.dedicated_ip,pinpoint-email,R1,regional,spatial,,regional,collectable but has no VPC presence
pinpoint-email.deliverability_dashboard_option,pinpoint-email,R1,regional,spatial,,regional,collectable but has no VPC presence
pinpoint-email.deliverability_test_report,pinpoint-email,R1,regional,spatial,,regional,collectable but has no VPC presence
pinpoint-email.domain_deliverability_campaign,pinpoint-email,R1,regional,spatial,,regional,collectable but has no VPC presence
pinpoint-email.domain_statistics_report,pinpoint-email,R1,regional,spatial,,regional,collectable but has no VPC presence
pinpoint-email.email_identity,pinpoint-email,R1,regional,spatial,,regional,collectable but has no VPC presence
pinpoint-email.tags_for_resource,pinpoint-email,R1,regional,spatial,,regional,collectable but has no VPC presence
pinpoint-sms-voice-v2.account_attribute,pinpoint-sms-voice-v2,R1,regional,spatial,,regional,collectable but has no VPC presence
pinpoint-sms-voice-v2.account_limit,pinpoint-sms-voice-v2,R1,regional,spatial,,regional,collectable but has no VPC presence
pinpoint-sms-voice-v2.configuration_set,pinpoint-sms-voice-v2,R1,regional,spatial,,regional,collectable but has no VPC presence
pinpoint-sms-voice-v2.keyword,pinpoint-sms-voice-v2,R1,regional,spatial,,regional,collectable but has no VPC presence
pinpoint-sms-voice-v2.opt_out_list,pinpoint-sms-voice-v2,R1,regional,spatial,,regional,collectable but has no VPC presence
pinpoint-sms-voice-v2.opted_out_number,pinpoint-sms-voice-v2,R1,regional,spatial,,regional,collectable but has no VPC presence
pinpoint-sms-voice-v2.phone_number,pinpoint-sms-voice-v2,R1,regional,spatial,,regional,collectable but has no VPC presence
pinpoint-sms-voice-v2.pool,pinpoint-sms-voice-v2,R1,regional,spatial,,regional,collectable but has no VPC presence
pinpoint-sms-voice-v2.pool_origination_identity,pinpoint-sms-voice-v2,R1,regional,spatial,,regional,collectable but has no VPC presence
pinpoint-sms-voice-v2.protect_configuration,pinpoint-sms-voice-v2,R1,regional,spatial,,regional,collectable but has no VPC presence
pinpoint-sms-voice-v2.protect_configuration_country_rule_set,pinpoint-sms-voice-v2,R1,regional,spatial,,regional,collectable but has no VPC presence
pinpoint-sms-voice-v2.protect_configuration_rule_set_number_override,pinpoint-sms-voice-v2,R1,regional,spatial,,regional,collectable but has no VPC presence
pinpoint-sms-voice-v2.registration,pinpoint-sms-voice-v2,R1,regional,spatial,,regional,collectable but has no VPC presence
pinpoint-sms-voice-v2.registration_association,pinpoint-sms-voice-v2,R1,regional,spatial,,regional,collectable but has no VPC presence
pinpoint-sms-voice-v2.registration_attachment,pinpoint-sms-voice-v2,R1,regional,spatial,,regional,collectable but has no VPC presence
pinpoint-sms-voice-v2.registration_field_definition,pinpoint-sms-voice-v2,R1,regional,spatial,,regional,collectable but has no VPC presence
pinpoint-sms-voice-v2.registration_field_value,pinpoint-sms-voice-v2,R1,regional,spatial,,regional,collectable but has no VPC presence
pinpoint-sms-voice-v2.registration_section_definition,pinpoint-sms-voice-v2,R1,regional,spatial,,regional,collectable but has no VPC presence
pinpoint-sms-voice-v2.registration_type_definition,pinpoint-sms-voice-v2,R1,regional,spatial,,regional,collectable but has no VPC presence
pinpoint-sms-voice-v2.registration_version,pinpoint-sms-voice-v2,R1,regional,spatial,,regional,collectable but has no VPC presence
pinpoint-sms-voice-v2.resource_policy,pinpoint-sms-voice-v2,R1,regional,spatial,,regional,collectable but has no VPC presence
pinpoint-sms-voice-v2.sender_id,pinpoint-sms-voice-v2,R1,regional,spatial,,regional,collectable but has no VPC presence
pinpoint-sms-voice-v2.spend_limit,pinpoint-sms-voice-v2,R1,regional,spatial,,regional,collectable but has no VPC presence
pinpoint-sms-voice-v2.tags_for_resource,pinpoint-sms-voice-v2,R1,regional,spatial,,regional,collectable but has no VPC presence
pinpoint-sms-voice-v2.verified_destination_number,pinpoint-sms-voice-v2,R1,regional,spatial,,regional,collectable but has no VPC presence
pinpoint-sms-voice.configuration_set,pinpoint-sms-voice,R1,regional,spatial,,regional,collectable but has no VPC presence
pinpoint-sms-voice.configuration_set_event_destination,pinpoint-sms-voice,R1,regional,spatial,,regional,collectable but has no VPC presence
pinpoint.adm_channel,pinpoint,R1,regional,spatial,,regional,collectable but has no VPC presence
pinpoint.apns_channel,pinpoint,R1,regional,spatial,,regional,collectable but has no VPC presence
pinpoint.apns_sandbox_channel,pinpoint,R1,regional,spatial,,regional,collectable but has no VPC presence
pinpoint.apns_voip_channel,pinpoint,R1,regional,spatial,,regional,collectable but has no VPC presence
pinpoint.apns_voip_sandbox_channel,pinpoint,R1,regional,spatial,,regional,collectable but has no VPC presence
pinpoint.app,pinpoint,R1,regional,spatial,,regional,collectable but has no VPC presence
pinpoint.application_date_range_kpi,pinpoint,R1,regional,spatial,,regional,collectable but has no VPC presence
pinpoint.application_settings,pinpoint,R1,regional,spatial,,regional,collectable but has no VPC presence
pinpoint.baidu_channel,pinpoint,R1,regional,spatial,,regional,collectable but has no VPC presence
pinpoint.campaign,pinpoint,R1,regional,spatial,,regional,collectable but has no VPC presence
pinpoint.campaign_activity,pinpoint,R1,regional,spatial,,regional,collectable but has no VPC presence
pinpoint.campaign_date_range_kpi,pinpoint,R1,regional,spatial,,regional,collectable but has no VPC presence
pinpoint.campaign_version,pinpoint,R1,regional,spatial,,regional,collectable but has no VPC presence
pinpoint.channel,pinpoint,R1,regional,spatial,,regional,collectable but has no VPC presence
pinpoint.email_channel,pinpoint,R1,regional,spatial,,regional,collectable but has no VPC presence
pinpoint.email_template,pinpoint,R1,regional,spatial,,regional,collectable but has no VPC presence
pinpoint.endpoint,pinpoint,R1,regional,spatial,,regional,collectable but has no VPC presence
pinpoint.event_stream,pinpoint,R1,regional,spatial,,regional,collectable but has no VPC presence
pinpoint.export_job,pinpoint,R1,regional,spatial,,regional,collectable but has no VPC presence
pinpoint.gcm_channel,pinpoint,R1,regional,spatial,,regional,collectable but has no VPC presence
pinpoint.import_job,pinpoint,R1,regional,spatial,,regional,collectable but has no VPC presence
pinpoint.in_app_message,pinpoint,R1,regional,spatial,,regional,collectable but has no VPC presence
pinpoint.in_app_template,pinpoint,R1,regional,spatial,,regional,collectable but has no VPC presence
pinpoint.journey,pinpoint,R1,regional,spatial,,regional,collectable but has no VPC presence
pinpoint.journey_date_range_kpi,pinpoint,R1,regional,spatial,,regional,collectable but has no VPC presence
pinpoint.journey_execution_activity_metric,pinpoint,R1,regional,spatial,,regional,collectable but has no VPC presence
pinpoint.journey_execution_metric,pinpoint,R1,regional,spatial,,regional,collectable but has no VPC presence
pinpoint.journey_run,pinpoint,R1,regional,spatial,,regional,collectable but has no VPC presence
pinpoint.journey_run_execution_activity_metric,pinpoint,R1,regional,spatial,,regional,collectable but has no VPC presence
pinpoint.journey_run_execution_metric,pinpoint,R1,regional,spatial,,regional,collectable but has no VPC presence
pinpoint.push_template,pinpoint,R1,regional,spatial,,regional,collectable but has no VPC presence
pinpoint.recommender_configuration,pinpoint,R1,regional,spatial,,regional,collectable but has no VPC presence
pinpoint.segment,pinpoint,R1,regional,spatial,,regional,collectable but has no VPC presence
pinpoint.segment_export_job,pinpoint,R1,regional,spatial,,regional,collectable but has no VPC presence
pinpoint.segment_import_job,pinpoint,R1,regional,spatial,,regional,collectable but has no VPC presence
pinpoint.segment_version,pinpoint,R1,regional,spatial,,regional,collectable but has no VPC presence
pinpoint.sms_channel,pinpoint,R1,regional,spatial,,regional,collectable but has no VPC presence
pinpoint.sms_template,pinpoint,R1,regional,spatial,,regional,collectable but has no VPC presence
pinpoint.tags_for_resource,pinpoint,R1,regional,spatial,,regional,collectable but has no VPC presence
pinpoint.template,pinpoint,R1,regional,spatial,,regional,collectable but has no VPC presence
pinpoint.template_version,pinpoint,R1,regional,spatial,,regional,collectable but has no VPC presence
pinpoint.user_endpoint,pinpoint,R1,regional,spatial,,regional,collectable but has no VPC presence
pinpoint.voice_channel,pinpoint,R1,regional,spatial,,regional,collectable but has no VPC presence
pinpoint.voice_template,pinpoint,R1,regional,spatial,,regional,collectable but has no VPC presence
pipes.pipe,pipes,R1,regional,spatial,,regional,collectable but has no VPC presence
pipes.tags_for_resource,pipes,R1,regional,spatial,,regional,collectable but has no VPC presence
polly.lexicon,polly,R1,regional,spatial,,regional,collectable but has no VPC presence
polly.speech_synthesis_task,polly,R1,regional,spatial,,regional,collectable but has no VPC presence
polly.voice,polly,R1,regional,spatial,,regional,collectable but has no VPC presence
pricing.attribute_value,pricing,R1,regional,spatial,,regional,collectable but has no VPC presence
pricing.price_list,pricing,R1,regional,spatial,,regional,collectable but has no VPC presence
pricing.price_list_file_url,pricing,R1,regional,spatial,,regional,collectable but has no VPC presence
pricing.product,pricing,R1,regional,spatial,,regional,collectable but has no VPC presence
pricing.service,pricing,R1,regional,spatial,,regional,collectable but has no VPC presence
proton.account_setting,proton,R1,regional,spatial,,regional,collectable but has no VPC presence
proton.component,proton,R1,regional,spatial,,regional,collectable but has no VPC presence
proton.component_output,proton,R1,regional,spatial,,regional,collectable but has no VPC presence
proton.component_provisioned_resource,proton,R1,regional,spatial,,regional,collectable but has no VPC presence
proton.deployment,proton,R1,regional,spatial,,regional,collectable but has no VPC presence
proton.environment,proton,R1,regional,spatial,,regional,collectable but has no VPC presence
proton.environment_account_connection,proton,R1,regional,spatial,,regional,collectable but has no VPC presence
proton.environment_output,proton,R1,regional,spatial,,regional,collectable but has no VPC presence
proton.environment_provisioned_resource,proton,R1,regional,spatial,,regional,collectable but has no VPC presence
proton.environment_template,proton,R1,regional,spatial,,regional,collectable but has no VPC presence
proton.environment_template_version,proton,R1,regional,spatial,,regional,collectable but has no VPC presence
proton.repository,proton,R1,regional,spatial,,regional,collectable but has no VPC presence
proton.repository_sync_definition,proton,R1,regional,spatial,,regional,collectable but has no VPC presence
proton.repository_sync_status,proton,R1,regional,spatial,,regional,collectable but has no VPC presence
proton.resources_summary,proton,R1,regional,spatial,,regional,collectable but has no VPC presence
proton.service,proton,R1,regional,spatial,,regional,collectable but has no VPC presence
proton.service_instance,proton,R1,regional,spatial,,regional,collectable but has no VPC presence
proton.service_instance_output,proton,R1,regional,spatial,,regional,collectable but has no VPC presence
proton.service_instance_provisioned_resource,proton,R1,regional,spatial,,regional,collectable but has no VPC presence
proton.service_instance_sync_status,proton,R1,regional,spatial,,regional,collectable but has no VPC presence
proton.service_pipeline_output,proton,R1,regional,spatial,,regional,collectable but has no VPC presence
proton.service_pipeline_provisioned_resource,proton,R1,regional,spatial,,regional,collectable but has no VPC presence
proton.service_sync_blocker_summary,proton,R1,regional,spatial,,regional,collectable but has no VPC presence
proton.service_sync_config,proton,R1,regional,spatial,,regional,collectable but has no VPC presence
proton.service_template,proton,R1,regional,spatial,,regional,collectable but has no VPC presence
proton.service_template_version,proton,R1,regional,spatial,,regional,collectable but has no VPC presence
proton.tags_for_resource,proton,R1,regional,spatial,,regional,collectable but has no VPC presence
proton.template_sync_config,proton,R1,regional,spatial,,regional,collectable but has no VPC presence
proton.template_sync_status,proton,R1,regional,spatial,,regional,collectable but has no VPC presence
qapps.category,qapps,R1,regional,spatial,,regional,collectable but has no VPC presence
qapps.library_item,qapps,R1,regional,spatial,,regional,collectable but has no VPC presence
qapps.q_app,qapps,R1,regional,spatial,,regional,collectable but has no VPC presence
qapps.q_app_permission,qapps,R1,regional,spatial,,regional,collectable but has no VPC presence
qapps.q_app_session,qapps,R1,regional,spatial,,regional,collectable but has no VPC presence
qapps.q_app_session_data,qapps,R1,regional,spatial,,regional,collectable but has no VPC presence
qapps.q_app_session_metadata,qapps,R1,regional,spatial,,regional,collectable but has no VPC presence
qapps.tags_for_resource,qapps,R1,regional,spatial,,regional,collectable but has no VPC presence
qbusiness.application,qbusiness,R1,regional,spatial,,regional,collectable but has no VPC presence
qbusiness.attachment,qbusiness,R1,regional,spatial,,regional,collectable but has no VPC presence
qbusiness.chat_controls_configuration,qbusiness,R1,regional,spatial,,regional,collectable but has no VPC presence
qbusiness.chat_response_configuration,qbusiness,R1,regional,spatial,,regional,collectable but has no VPC presence
qbusiness.conversation,qbusiness,R1,regional,spatial,,regional,collectable but has no VPC presence
qbusiness.data_accessor,qbusiness,R1,regional,spatial,,regional,collectable but has no VPC presence
qbusiness.data_source,qbusiness,R1,regional,spatial,,regional,collectable but has no VPC presence
qbusiness.data_source_sync_job,qbusiness,R1,regional,spatial,,regional,collectable but has no VPC presence
qbusiness.document,qbusiness,R1,regional,spatial,,regional,collectable but has no VPC presence
qbusiness.document_content,qbusiness,R1,regional,spatial,,regional,collectable but has no VPC presence
qbusiness.group,qbusiness,R1,regional,spatial,,regional,collectable but has no VPC presence
qbusiness.index,qbusiness,R1,regional,spatial,,regional,collectable but has no VPC presence
qbusiness.indice,qbusiness,R1,regional,spatial,,regional,collectable but has no VPC presence
qbusiness.media,qbusiness,R1,regional,spatial,,regional,collectable but has no VPC presence
qbusiness.message,qbusiness,R1,regional,spatial,,regional,collectable but has no VPC presence
qbusiness.plugin,qbusiness,R1,regional,spatial,,regional,collectable but has no VPC presence
qbusiness.plugin_action,qbusiness,R1,regional,spatial,,regional,collectable but has no VPC presence
qbusiness.plugin_type_action,qbusiness,R1,regional,spatial,,regional,collectable but has no VPC presence
qbusiness.plugin_type_metadata,qbusiness,R1,regional,spatial,,regional,collectable but has no VPC presence
qbusiness.policy,qbusiness,R1,regional,spatial,,regional,collectable but has no VPC presence
qbusiness.retriever,qbusiness,R1,regional,spatial,,regional,collectable but has no VPC presence
qbusiness.search_relevant_content,qbusiness,R1,regional,spatial,,regional,collectable but has no VPC presence
qbusiness.subscription,qbusiness,R1,regional,spatial,,regional,collectable but has no VPC presence
qbusiness.tags_for_resource,qbusiness,R1,regional,spatial,,regional,collectable but has no VPC presence
qbusiness.user,qbusiness,R1,regional,spatial,,regional,collectable but has no VPC presence
qbusiness.web_experience,qbusiness,R1,regional,spatial,,regional,collectable but has no VPC presence
qconnect.ai_agent,qconnect,R1,regional,spatial,,regional,collectable but has no VPC presence
qconnect.ai_agent_version,qconnect,R1,regional,spatial,,regional,collectable but has no VPC presence
qconnect.ai_guardrail,qconnect,R1,regional,spatial,,regional,collectable but has no VPC presence
qconnect.ai_guardrail_version,qconnect,R1,regional,spatial,,regional,collectable but has no VPC presence
qconnect.ai_prompt,qconnect,R1,regional,spatial,,regional,collectable but has no VPC presence
qconnect.ai_prompt_version,qconnect,R1,regional,spatial,,regional,collectable but has no VPC presence
qconnect.assistant,qconnect,R1,regional,spatial,,regional,collectable but has no VPC presence
qconnect.assistant_association,qconnect,R1,regional,spatial,,regional,collectable but has no VPC presence
qconnect.content,qconnect,R1,regional,spatial,,regional,collectable but has no VPC presence
qconnect.content_association,qconnect,R1,regional,spatial,,regional,collectable but has no VPC presence
qconnect.content_summary,qconnect,R1,regional,spatial,,regional,collectable but has no VPC presence
qconnect.import_job,qconnect,R1,regional,spatial,,regional,collectable but has no VPC presence
qconnect.knowledge_bas,qconnect,R1,regional,spatial,,regional,collectable but has no VPC presence
qconnect.knowledge_base,qconnect,R1,regional,spatial,,regional,collectable but has no VPC presence
qconnect.message,qconnect,R1,regional,spatial,,regional,collectable but has no VPC presence
qconnect.message_template,qconnect,R1,regional,spatial,,regional,collectable but has no VPC presence
qconnect.message_template_version,qconnect,R1,regional,spatial,,regional,collectable but has no VPC presence
qconnect.next_message,qconnect,R1,regional,spatial,,regional,collectable but has no VPC presence
qconnect.query_assistant,qconnect,R1,regional,spatial,,regional,collectable but has no VPC presence
qconnect.quick_respons,qconnect,R1,regional,spatial,,regional,collectable but has no VPC presence
qconnect.quick_response,qconnect,R1,regional,spatial,,regional,collectable but has no VPC presence
qconnect.recommendation,qconnect,R1,regional,spatial,,regional,collectable but has no VPC presence
qconnect.search_content,qconnect,R1,regional,spatial,,regional,collectable but has no VPC presence
qconnect.search_message_template,qconnect,R1,regional,spatial,,regional,collectable but has no VPC presence
qconnect.search_quick_respons,qconnect,R1,regional,spatial,,regional,collectable but has no VPC presence
qconnect.search_session,qconnect,R1,regional,spatial,,regional,collectable but has no VPC presence
qconnect.session,qconnect,R1,regional,spatial,,regional,collectable but has no VPC presence
qconnect.tags_for_resource,qconnect,R1,regional,spatial,,regional,collectable but has no VPC presence
qldb.ListResource,qldb,R1,regional,spatial,,regional,collectable but has no VPC presence
qldb.ledger,qldb,R1,regional,spatial,,regional,collectable but has no VPC presence
quicksight.account_setting,quicksight,R1,regional,spatial,,regional,collectable but has no VPC presence
quicksight.action_connector_permission,quicksight,R1,regional,spatial,,regional,collectable but has no VPC presence
quicksight.dashboard,quicksight,R1,regional,spatial,,regional,collectable but has no VPC presence
quicksight.data_set,quicksight,R1,regional,spatial,,regional,collectable but has no VPC presence
quicksight.data_set_permission,quicksight,R1,regional,spatial,,regional,collectable but has no VPC presence
quicksight.quicksight_group,quicksight,R1,regional,spatial,,regional,collectable but has no VPC presence
quicksight.quicksight_user,quicksight,R1,regional,spatial,,regional,collectable but has no VPC presence
ram.pending_invitation_resource,ram,R1,regional,spatial,identity,regional,collectable but has no VPC presence
ram.permission,ram,R1,regional,spatial,identity,regional,collectable but has no VPC presence
ram.principal,ram,R1,regional,spatial,identity,regional,collectable but has no VPC presence
ram.replace_permission_associations_work,ram,R1,regional,spatial,identity,regional,collectable but has no VPC presence
ram.resource,ram,R1,regional,spatial,identity,regional,collectable but has no VPC presence
ram.resource_policy,ram,R1,regional,spatial,identity,regional,collectable but has no VPC presence
ram.resource_share,ram,R1,regional,spatial,identity,regional,collectable but has no VPC presence
ram.resource_share_association,ram,R1,regional,spatial,identity,regional,collectable but has no VPC presence
ram.resource_share_invitation,ram,R1,regional,spatial,identity,regional,collectable but has no VPC presence
rbin.rule,rbin,R1,regional,spatial,,regional,collectable but has no VPC presence
rbin.tags_for_resource,rbin,R1,regional,spatial,,regional,collectable but has no VPC presence
rds.blue_green_deployment,rds,R1,regional,spatial,,regional,collectable but has no VPC presence
rds.certificate,rds,R1,regional,spatial,,regional,collectable but has no VPC presence
rds.db_cluster_endpoint,rds,R1,regional,spatial,,regional,collectable but has no VPC presence
rds.db_cluster_parameter,rds,R1,regional,spatial,,regional,collectable but has no VPC presence
rds.db_cluster_parameter_group,rds,R1,regional,spatial,,regional,collectable but has no VPC presence
rds.db_cluster_snapshot_attribute,rds,R1,regional,spatial,,regional,collectable but has no VPC presence
rds.db_engine_version,rds,R1,regional,spatial,,regional,collectable but has no VPC presence
rds.db_parameter_group,rds,R1,regional,spatial,,regional,collectable but has no VPC presence
rds.db_recommendation,rds,R1,regional,spatial,,regional,collectable but has no VPC presence
rds.db_shard_group,rds,R1,regional,spatial,,regional,collectable but has no VPC presence
rds.db_snapshot_attribute,rds,R1,regional,spatial,,regional,collectable but has no VPC presence
rds.db_snapshot_tenant_databas,rds,R1,regional,spatial,,regional,collectable but has no VPC presence
rds.event_subscription,rds,R1,regional,spatial,,regional,collectable but has no VPC presence
rds.export_task,rds,R1,regional,spatial,,regional,collectable but has no VPC presence
rds.global_cluster,rds,R1,regional,spatial,,regional,collectable but has no VPC presence
rds.integration,rds,R1,regional,spatial,,regional,collectable but has no VPC presence
rds.rds_reserved,rds,R1,regional,spatial,,regional,collectable but has no VPC presence
rds.tenant_databas,rds,R1,regional,spatial,,regional,collectable but has no VPC presence
redshift-data.statement,redshift-data,R1,regional,spatial,,regional,collectable but has no VPC presence
redshift-data.statement_result,redshift-data,R1,regional,spatial,,regional,collectable but has no VPC presence
redshift-data.statement_result_v2,redshift-data,R1,regional,spatial,,regional,collectable but has no VPC presence
redshift-data.table,redshift-data,R1,regional,spatial,,regional,collectable but has no VPC presence
redshift-serverless.credential,redshift-serverless,R1,regional,spatial,,regional,collectable but has no VPC presence
redshift-serverless.custom_domain_association,redshift-serverless,R1,regional,spatial,,regional,collectable but has no VPC presence
redshift-serverless.managed_workgroup,redshift-serverless,R1,regional,spatial,,regional,collectable but has no VPC presence
redshift-serverless.namespace,redshift-serverless,R1,regional,spatial,,regional,collectable but has no VPC presence
redshift-serverless.recovery_point,redshift-serverless,R1,regional,spatial,,regional,collectable but has no VPC presence
redshift-serverless.reservation,redshift-serverless,R1,regional,spatial,,regional,collectable but has no VPC presence
redshift-serverless.reservation_offering,redshift-serverless,R1,regional,spatial,,regional,collectable but has no VPC presence
redshift-serverless.resource_policy,redshift-serverless,R1,regional,spatial,,regional,collectable but has no VPC presence
redshift-serverless.scheduled_action,redshift-serverless,R1,regional,spatial,,regional,collectable but has no VPC presence
redshift-serverless.snapshot,redshift-serverless,R1,regional,spatial,,regional,collectable but has no VPC presence
redshift-serverless.snapshot_copy_configuration,redshift-serverless,R1,regional,spatial,,regional,collectable but has no VPC presence
redshift-serverless.table_restore_status,redshift-serverless,R1,regional,spatial,,regional,collectable but has no VPC presence
redshift-serverless.tags_for_resource,redshift-serverless,R1,regional,spatial,,regional,collectable but has no VPC presence
redshift-serverless.track,redshift-serverless,R1,regional,spatial,,regional,collectable but has no VPC presence
redshift-serverless.usage_limit,redshift-serverless,R1,regional,spatial,,regional,collectable but has no VPC presence
redshift.cluster_db_revision,redshift,R1,regional,spatial,,regional-service,"redshift is regional, outside any VPC"
redshift.cluster_parameter_group,redshift,R1,regional,spatial,,regional-service,"redshift is regional, outside any VPC"
redshift.cluster_security_group,redshift,R1,regional,spatial,,regional-service,"redshift is regional, outside any VPC"
redshift.cluster_security_group_ingress,redshift,R1,regional,spatial,,regional-service,"redshift is regional, outside any VPC"
redshift.data_shares_for_producer,redshift,R1,regional,spatial,,regional-service,"redshift is regional, outside any VPC"
redshift.endpoint_authorization,redshift,R1,regional,spatial,,regional-service,"redshift is regional, outside any VPC"
redshift.event_subscription,redshift,R1,regional,spatial,,regional-service,"redshift is regional, outside any VPC"
redshift.hsm_client_certificate,redshift,R1,regional,spatial,,regional-service,"redshift is regional, outside any VPC"
redshift.hsm_configuration,redshift,R1,regional,spatial,,regional-service,"redshift is regional, outside any VPC"
redshift.integration,redshift,R1,regional,spatial,,regional-service,"redshift is regional, outside any VPC"
redshift.logging_status,redshift,R1,regional,spatial,,regional-service,"redshift is regional, outside any VPC"
redshift.recommendation,redshift,R1,regional,spatial,,regional-service,"redshift is regional, outside any VPC"
redshift.redshift_idc_application,redshift,R1,regional,spatial,,regional-service,"redshift is regional, outside any VPC"
redshift.redshift_reserved,redshift,R1,regional,spatial,,regional-service,"redshift is regional, outside any VPC"
redshift.scheduled_action,redshift,R1,regional,spatial,,regional-service,"redshift is regional, outside any VPC"
rekognition.celebrity_info,rekognition,R1,regional,spatial,,regional,collectable but has no VPC presence
rekognition.collection,rekognition,R1,regional,spatial,,regional,collectable but has no VPC presence
rekognition.dataset,rekognition,R1,regional,spatial,,regional,collectable but has no VPC presence
rekognition.dataset_label,rekognition,R1,regional,spatial,,regional,collectable but has no VPC presence
rekognition.face,rekognition,R1,regional,spatial,,regional,collectable but has no VPC presence
rekognition.face_liveness_session_result,rekognition,R1,regional,spatial,,regional,collectable but has no VPC presence
rekognition.media_analysis_job,rekognition,R1,regional,spatial,,regional,collectable but has no VPC presence
rekognition.project,rekognition,R1,regional,spatial,,regional,collectable but has no VPC presence
rekognition.search_face,rekognition,R1,regional,spatial,,regional,collectable but has no VPC presence
rekognition.search_faces_by_image,rekognition,R1,regional,spatial,,regional,collectable but has no VPC presence
rekognition.search_user,rekognition,R1,regional,spatial,,regional,collectable but has no VPC presence
rekognition.search_users_by_image,rekognition,R1,regional,spatial,,regional,collectable but has no VPC presence
rekognition.stream_processor,rekognition,R1,regional,spatial,,regional,collectable but has no VPC presence
rekognition.tags_for_resource,rekognition,R1,regional,spatial,,regional,collectable but has no VPC presence
rekognition.user,rekognition,R1,regional,spatial,,regional,collectable but has no VPC presence
repostspace.channel,repostspace,R1,regional,spatial,,regional,collectable but has no VPC presence
repostspace.space,repostspace,R1,regional,spatial,,regional,collectable but has no VPC presence
repostspace.tags_for_resource,repostspace,R1,regional,spatial,,regional,collectable but has no VPC presence
required.resource,required,R1,regional,spatial,,regional,collectable but has no VPC presence
resiliencehub.alarm_recommendation,resiliencehub,R1,regional,spatial,,regional,collectable but has no VPC presence
resiliencehub.app,resiliencehub,R1,regional,spatial,,regional,collectable but has no VPC presence
resiliencehub.app_assessment,resiliencehub,R1,regional,spatial,,regional,collectable but has no VPC presence
resiliencehub.app_assessment_compliance_drift,resiliencehub,R1,regional,spatial,,regional,collectable but has no VPC presence
resiliencehub.app_assessment_resource_drift,resiliencehub,R1,regional,spatial,,regional,collectable but has no VPC presence
resiliencehub.app_component_compliance,resiliencehub,R1,regional,spatial,,regional,collectable but has no VPC presence
resiliencehub.app_component_recommendation,resiliencehub,R1,regional,spatial,,regional,collectable but has no VPC presence
resiliencehub.app_input_source,resiliencehub,R1,regional,spatial,,regional,collectable but has no VPC presence
resiliencehub.app_version,resiliencehub,R1,regional,spatial,,regional,collectable but has no VPC presence
resiliencehub.app_version_app_component,resiliencehub,R1,regional,spatial,,regional,collectable but has no VPC presence
resiliencehub.app_version_resource,resiliencehub,R1,regional,spatial,,regional,collectable but has no VPC presence
resiliencehub.app_version_resource_mapping,resiliencehub,R1,regional,spatial,,regional,collectable but has no VPC presence
resiliencehub.app_version_resources_resolution_status,resiliencehub,R1,regional,spatial,,regional,collectable but has no VPC presence
resiliencehub.app_version_template,resiliencehub,R1,regional,spatial,,regional,collectable but has no VPC presence
resiliencehub.draft_app_version_resources_import_status,resiliencehub,R1,regional,spatial,,regional,collectable but has no VPC presence
resiliencehub.metric,resiliencehub,R1,regional,spatial,,regional,collectable but has no VPC presence
resiliencehub.metrics_export,resiliencehub,R1,regional,spatial,,regional,collectable but has no VPC presence
resiliencehub.recommendation_template,resiliencehub,R1,regional,spatial,,regional,collectable but has no VPC presence
resiliencehub.resiliency_policy,resiliencehub,R1,regional,spatial,,regional,collectable but has no VPC presence
resiliencehub.resource_grouping_recommendation,resiliencehub,R1,regional,spatial,,regional,collectable but has no VPC presence
resiliencehub.resource_grouping_recommendation_task,resiliencehub,R1,regional,spatial,,regional,collectable but has no VPC presence
resiliencehub.sop_recommendation,resiliencehub,R1,regional,spatial,,regional,collectable but has no VPC presence
resiliencehub.suggested_resiliency_policy,resiliencehub,R1,regional,spatial,,regional,collectable but has no VPC presence
resiliencehub.tags_for_resource,resiliencehub,R1,regional,spatial,,regional,collectable but has no VPC presence
resiliencehub.test_recommendation,resiliencehub,R1,regional,spatial,,regional,collectable but has no VPC presence
resiliencehub.unsupported_app_version_resource,resiliencehub,R1,regional,spatial,,regional,collectable but has no VPC presence
resource-explorer-2.account_level_service_configuration,resource-explorer-2,R1,regional,spatial,,regional,collectable but has no VPC presence
resource-explorer-2.default_view,resource-explorer-2,R1,regional,spatial,,regional,collectable but has no VPC presence
resource-explorer-2.index,resource-explorer-2,R1,regional,spatial,,regional,collectable but has no VPC presence
resource-explorer-2.indexes_for_member,resource-explorer-2,R1,regional,spatial,,regional,collectable but has no VPC presence
resource-explorer-2.managed_view,resource-explorer-2,R1,regional,spatial,,regional,collectable but has no VPC presence
resource-explorer-2.resource,resource-explorer-2,R1,regional,spatial,,regional,collectable but has no VPC presence
resource-explorer-2.resource_explorer_setup,resource-explorer-2,R1,regional,spatial,,regional,collectable but has no VPC presence
resource-explorer-2.search,resource-explorer-2,R1,regional,spatial,,regional,collectable but has no VPC presence
resource-explorer-2.service_index,resource-explorer-2,R1,regional,spatial,,regional,collectable but has no VPC presence
resource-explorer-2.service_view,resource-explorer-2,R1,regional,spatial,,regional,collectable but has no VPC presence
resource-explorer-2.streaming_access_for_service,resource-explorer-2,R1,regional,spatial,,regional,collectable but has no VPC presence
resource-explorer-2.tags_for_resource,resource-explorer-2,R1,regional,spatial,,regional,collectable but has no VPC presence
resource-explorer-2.view,resource-explorer-2,R1,regional,spatial,,regional,collectable but has no VPC presence
resource-groups.account_setting,resource-groups,R1,regional,spatial,,regional,collectable but has no VPC presence
resource-groups.group,resource-groups,R1,regional,spatial,,regional,collectable but has no VPC presence
resource-groups.group_configuration,resource-groups,R1,regional,spatial,,regional,collectable but has no VPC presence
resource-groups.group_query,resource-groups,R1,regional,spatial,,regional,collectable but has no VPC presence
resource-groups.group_resource,resource-groups,R1,regional,spatial,,regional,collectable but has no VPC presence
resource-groups.grouping_status,resource-groups,R1,regional,spatial,,regional,collectable but has no VPC presence
resource-groups.tag,resource-groups,R1,regional,spatial,,regional,collectable but has no VPC presence
resource-groups.tag_sync_task,resource-groups,R1,regional,spatial,,regional,collectable but has no VPC presence
resourcegroupstaggingapi.compliance_summary,resourcegroupstaggingapi,R1,regional,spatial,,regional,collectable but has no VPC presence
resourcegroupstaggingapi.report_creation,resourcegroupstaggingapi,R1,regional,spatial,,regional,collectable but has no VPC presence
resourcegroupstaggingapi.required_tag,resourcegroupstaggingapi,R1,regional,spatial,,regional,collectable but has no VPC presence
resourcegroupstaggingapi.resource,resourcegroupstaggingapi,R1,regional,spatial,,regional,collectable but has no VPC presence
resourcegroupstaggingapi.tag_key,resourcegroupstaggingapi,R1,regional,spatial,,regional,collectable but has no VPC presence
robomaker.fleet,robomaker,R1,regional,spatial,,regional,collectable but has no VPC presence
robomaker.robot,robomaker,R1,regional,spatial,,regional,collectable but has no VPC presence
robomaker.robot_application,robomaker,R1,regional,spatial,,regional,collectable but has no VPC presence
robomaker.simulation_application,robomaker,R1,regional,spatial,,regional,collectable but has no VPC presence
rolesanywhere.crl,rolesanywhere,R1,regional,spatial,,regional,collectable but has no VPC presence
rolesanywhere.profile,rolesanywhere,R1,regional,spatial,,regional,collectable but has no VPC presence
rolesanywhere.subject,rolesanywhere,R1,regional,spatial,,regional,collectable but has no VPC presence
rolesanywhere.tags_for_resource,rolesanywhere,R1,regional,spatial,,regional,collectable but has no VPC presence
rolesanywhere.trust_anchor,rolesanywhere,R1,regional,spatial,,regional,collectable but has no VPC presence
route53-recovery-cluster.routing_control,route53-recovery-cluster,R1,regional,spatial,,regional,collectable but has no VPC presence
route53-recovery-cluster.routing_control_state,route53-recovery-cluster,R1,regional,spatial,,regional,collectable but has no VPC presence
route53-recovery-control-config.cluster,route53-recovery-control-config,R1,regional,spatial,,regional,collectable but has no VPC presence
route53-recovery-control-config.resource_policy,route53-recovery-control-config,R1,regional,spatial,,regional,collectable but has no VPC presence
route53-recovery-control-config.routing_control,route53-recovery-control-config,R1,regional,spatial,,regional,collectable but has no VPC presence
route53-recovery-control-config.safety_rule,route53-recovery-control-config,R1,regional,spatial,,regional,collectable but has no VPC presence
route53-recovery-control-config.tags_for_resource,route53-recovery-control-config,R1,regional,spatial,,regional,collectable but has no VPC presence
route53-recovery-readiness.architecture_recommendation,route53-recovery-readiness,R1,regional,spatial,,regional,collectable but has no VPC presence
route53-recovery-readiness.cell,route53-recovery-readiness,R1,regional,spatial,,regional,collectable but has no VPC presence
route53-recovery-readiness.cell_readiness_summary,route53-recovery-readiness,R1,regional,spatial,,regional,collectable but has no VPC presence
route53-recovery-readiness.readiness_check,route53-recovery-readiness,R1,regional,spatial,,regional,collectable but has no VPC presence
route53-recovery-readiness.readiness_check_resource_status,route53-recovery-readiness,R1,regional,spatial,,regional,collectable but has no VPC presence
route53-recovery-readiness.readiness_check_status,route53-recovery-readiness,R1,regional,spatial,,regional,collectable but has no VPC presence
route53-recovery-readiness.recovery_group,route53-recovery-readiness,R1,regional,spatial,,regional,collectable but has no VPC presence
route53-recovery-readiness.recovery_group_readiness_summary,route53-recovery-readiness,R1,regional,spatial,,regional,collectable but has no VPC presence
route53-recovery-readiness.resource_set,route53-recovery-readiness,R1,regional,spatial,,regional,collectable but has no VPC presence
route53-recovery-readiness.rule,route53-recovery-readiness,R1,regional,spatial,,regional,collectable but has no VPC presence
route53-recovery-readiness.tags_for_resource,route53-recovery-readiness,R1,regional,spatial,,regional,collectable but has no VPC presence
route53profiles.profile,route53profiles,R1,regional,spatial,,regional,collectable but has no VPC presence
route53profiles.profile_association,route53profiles,R1,regional,spatial,,regional,collectable but has no VPC presence
route53profiles.profile_resource_association,route53profiles,R1,regional,spatial,,regional,collectable but has no VPC presence
route53profiles.tags_for_resource,route53profiles,R1,regional,spatial,,regional,collectable but has no VPC presence
route53resolver.firewall_config,route53resolver,R1,regional,spatial,,regional,collectable but has no VPC presence
route53resolver.firewall_domain_list,route53resolver,R1,regional,spatial,,regional,collectable but has no VPC presence
route53resolver.firewall_rule,route53resolver,R1,regional,spatial,,regional,collectable but has no VPC presence
route53resolver.firewall_rule_group,route53resolver,R1,regional,spatial,,regional,collectable but has no VPC presence
route53resolver.firewall_rule_group_policy,route53resolver,R1,regional,spatial,,regional,collectable but has no VPC presence
route53resolver.outpost_resolver,route53resolver,R1,regional,spatial,,regional,collectable but has no VPC presence
route53resolver.resolver_config,route53resolver,R1,regional,spatial,,regional,collectable but has no VPC presence
route53resolver.resolver_endpoint,route53resolver,R1,regional,spatial,,regional,collectable but has no VPC presence
route53resolver.resolver_query_log_config,route53resolver,R1,regional,spatial,,regional,collectable but has no VPC presence
route53resolver.resolver_query_log_config_association,route53resolver,R1,regional,spatial,,regional,collectable but has no VPC presence
route53resolver.resolver_query_log_config_policy,route53resolver,R1,regional,spatial,,regional,collectable but has no VPC presence
route53resolver.resolver_rule,route53resolver,R1,regional,spatial,,regional,collectable but has no VPC presence
route53resolver.resolver_rule_policy,route53resolver,R1,regional,spatial,,regional,collectable but has no VPC presence
route53resolver.tags_for_resource,route53resolver,R1,regional,spatial,,regional,collectable but has no VPC presence
rtbfabric.inbound_external_link,rtbfabric,R1,regional,spatial,,regional,collectable but has no VPC presence
rtbfabric.link,rtbfabric,R1,regional,spatial,,regional,collectable but has no VPC presence
rtbfabric.outbound_external_link,rtbfabric,R1,regional,spatial,,regional,collectable but has no VPC presence
rtbfabric.requester_gateway,rtbfabric,R1,regional,spatial,,regional,collectable but has no VPC presence
rtbfabric.responder_gateway,rtbfabric,R1,regional,spatial,,regional,collectable but has no VPC presence
rtbfabric.tags_for_resource,rtbfabric,R1,regional,spatial,,regional,collectable but has no VPC presence
rum.app_monitor,rum,R1,regional,spatial,,regional,collectable but has no VPC presence
rum.app_monitor_data,rum,R1,regional,spatial,,regional,collectable but has no VPC presence
rum.resource_policy,rum,R1,regional,spatial,,regional,collectable but has no VPC presence
rum.rum_metrics_destination,rum,R1,regional,spatial,,regional,collectable but has no VPC presence
rum.tags_for_resource,rum,R1,regional,spatial,,regional,collectable but has no VPC presence
s3.access_grant,s3,R1,regional,spatial,,regional-service,"s3 is regional, outside any VPC"
s3.access_grants_instance,s3,R1,regional,spatial,,regional-service,"s3 is regional, outside any VPC"
s3.access_grants_location,s3,R1,regional,spatial,,regional-service,"s3 is regional, outside any VPC"
s3.access_point,s3,R1,regional,spatial,,regional-service,"s3 is regional, outside any VPC"
s3.bucket,s3,R1,regional,spatial,,regional-service,"s3 is regional, outside any VPC"
s3.bucket_acl,s3,R1,regional,spatial,,regional-service,"s3 is regional, outside any VPC"
s3.bucket_encryption,s3,R1,regional,spatial,,regional-service,"s3 is regional, outside any VPC"
s3.bucket_intelligent_tiering_configuration,s3,R1,regional,spatial,,regional-service,"s3 is regional, outside any VPC"
s3.bucket_lifecycle_configuration,s3,R1,regional,spatial,,regional-service,"s3 is regional, outside any VPC"
s3.bucket_logging,s3,R1,regional,spatial,,regional-service,"s3 is regional, outside any VPC"
s3.bucket_metrics_configuration,s3,R1,regional,spatial,,regional-service,"s3 is regional, outside any VPC"
s3.bucket_ownership_control,s3,R1,regional,spatial,,regional-service,"s3 is regional, outside any VPC"
s3.bucket_policy,s3,R1,regional,spatial,,regional-service,"s3 is regional, outside any VPC"
s3.bucket_policy_status,s3,R1,regional,spatial,,regional-service,"s3 is regional, outside any VPC"
s3.bucket_replication,s3,R1,regional,spatial,,regional-service,"s3 is regional, outside any VPC"
s3.bucket_versioning,s3,R1,regional,spatial,,regional-service,"s3 is regional, outside any VPC"
s3.directory_bucket,s3,R1,regional,spatial,,regional-service,"s3 is regional, outside any VPC"
s3.multi_region_access_point,s3,R1,regional,spatial,,regional-service,"s3 is regional, outside any VPC"
s3.multi_region_access_point_policy,s3,R1,regional,spatial,,regional-service,"s3 is regional, outside any VPC"
s3.object_lock_configuration,s3,R1,regional,spatial,,regional-service,"s3 is regional, outside any VPC"
s3.public_access_block,s3,R1,regional,spatial,,regional-service,"s3 is regional, outside any VPC"
s3.storage_lens,s3,R1,regional,spatial,,regional-service,"s3 is regional, outside any VPC"
s3.storage_lens_group,s3,R1,regional,spatial,,regional-service,"s3 is regional, outside any VPC"
s3control.access_grant,s3control,R1,regional,spatial,,regional,collectable but has no VPC presence
s3control.access_grants_instance,s3control,R1,regional,spatial,,regional,collectable but has no VPC presence
s3control.access_grants_instance_for_prefix,s3control,R1,regional,spatial,,regional,collectable but has no VPC presence
s3control.access_grants_instance_resource_policy,s3control,R1,regional,spatial,,regional,collectable but has no VPC presence
s3control.access_grants_location,s3control,R1,regional,spatial,,regional,collectable but has no VPC presence
s3control.access_point_configuration_for_object_lambda,s3control,R1,regional,spatial,,regional,collectable but has no VPC presence
s3control.access_point_for_object_lambda,s3control,R1,regional,spatial,,regional,collectable but has no VPC presence
s3control.access_point_policy,s3control,R1,regional,spatial,,regional,collectable but has no VPC presence
s3control.access_point_policy_for_object_lambda,s3control,R1,regional,spatial,,regional,collectable but has no VPC presence
s3control.access_point_policy_status,s3control,R1,regional,spatial,,regional,collectable but has no VPC presence
s3control.access_point_policy_status_for_object_lambda,s3control,R1,regional,spatial,,regional,collectable but has no VPC presence
s3control.access_point_scope,s3control,R1,regional,spatial,,regional,collectable but has no VPC presence
s3control.access_points_for_directory_bucket,s3control,R1,regional,spatial,,regional,collectable but has no VPC presence
s3control.access_points_for_object_lambda,s3control,R1,regional,spatial,,regional,collectable but has no VPC presence
s3control.bucket,s3control,R1,regional,spatial,,regional,collectable but has no VPC presence
s3control.bucket_lifecycle_configuration,s3control,R1,regional,spatial,,regional,collectable but has no VPC presence
s3control.bucket_policy,s3control,R1,regional,spatial,,regional,collectable but has no VPC presence
s3control.bucket_replication,s3control,R1,regional,spatial,,regional,collectable but has no VPC presence
s3control.bucket_tagging,s3control,R1,regional,spatial,,regional,collectable but has no VPC presence
s3control.bucket_versioning,s3control,R1,regional,spatial,,regional,collectable but has no VPC presence
s3control.caller_access_grant,s3control,R1,regional,spatial,,regional,collectable but has no VPC presence
s3control.data_access,s3control,R1,regional,spatial,,regional,collectable but has no VPC presence
s3control.job,s3control,R1,regional,spatial,,regional,collectable but has no VPC presence
s3control.job_tagging,s3control,R1,regional,spatial,,regional,collectable but has no VPC presence
s3control.multi_region_access_point,s3control,R1,regional,spatial,,regional,collectable but has no VPC presence
s3control.multi_region_access_point_operation,s3control,R1,regional,spatial,,regional,collectable but has no VPC presence
s3control.multi_region_access_point_policy,s3control,R1,regional,spatial,,regional,collectable but has no VPC presence
s3control.multi_region_access_point_policy_status,s3control,R1,regional,spatial,,regional,collectable but has no VPC presence
s3control.multi_region_access_point_route,s3control,R1,regional,spatial,,regional,collectable but has no VPC presence
s3control.public_access_block,s3control,R1,regional,spatial,,regional,collectable but has no VPC presence
s3control.regional_bucket,s3control,R1,regional,spatial,,regional,collectable but has no VPC presence
s3control.storage_lens_configuration,s3control,R1,regional,spatial,,regional,collectable but has no VPC presence
s3control.storage_lens_configuration_tagging,s3control,R1,regional,spatial,,regional,collectable but has no VPC presence
s3control.storage_lens_group,s3control,R1,regional,spatial,,regional,collectable but has no VPC presence
s3control.tags_for_resource,s3control,R1,regional,spatial,,regional,collectable but has no VPC presence
s3express.directory_bucket,s3express,R1,regional,spatial,,regional,collectable but has no VPC presence
s3outposts.outposts_with_s3,s3outposts,R1,regional,spatial,,regional,collectable but has no VPC presence
s3tables.table,s3tables,R1,regional,spatial,,regional,collectable but has no VPC presence
s3tables.table_bucket,s3tables,R1,regional,spatial,,regional,collectable but has no VPC presence
s3tables.table_bucket_encryption,s3tables,R1,regional,spatial,,regional,collectable but has no VPC presence
s3tables.table_bucket_maintenance_configuration,s3tables,R1,regional,spatial,,regional,collectable but has no VPC presence
s3tables.table_bucket_metrics_configuration,s3tables,R1,regional,spatial,,regional,collectable but has no VPC presence
s3tables.table_bucket_policy,s3tables,R1,regional,spatial,,regional,collectable but has no VPC presence
s3tables.table_encryption,s3tables,R1,regional,spatial,,regional,collectable but has no VPC presence
s3tables.table_maintenance_configuration,s3tables,R1,regional,spatial,,regional,collectable but has no VPC presence
s3tables.table_maintenance_job_status,s3tables,R1,regional,spatial,,regional,collectable but has no VPC presence
s3tables.table_metadata_location,s3tables,R1,regional,spatial,,regional,collectable but has no VPC presence
s3tables.table_policy,s3tables,R1,regional,spatial,,regional,collectable but has no VPC presence
s3tables.tags_for_resource,s3tables,R1,regional,spatial,,regional,collectable but has no VPC presence
s3vectors.index,s3vectors,R1,regional,spatial,,regional,collectable but has no VPC presence
s3vectors.vector,s3vectors,R1,regional,spatial,,regional,collectable but has no VPC presence
s3vectors.vector_bucket,s3vectors,R1,regional,spatial,,regional,collectable but has no VPC presence
s3vectors.vector_bucket_policy,s3vectors,R1,regional,spatial,,regional,collectable but has no VPC presence
sagemaker.action,sagemaker,R1,regional,spatial,,regional-service,"sagemaker is regional, outside any VPC"
sagemaker.algorithm,sagemaker,R1,regional,spatial,,regional-service,"sagemaker is regional, outside any VPC"
sagemaker.app,sagemaker,R1,regional,spatial,,regional-service,"sagemaker is regional, outside any VPC"
sagemaker.app_image_config,sagemaker,R1,regional,spatial,,regional-service,"sagemaker is regional, outside any VPC"
sagemaker.cluster,sagemaker,R1,regional,spatial,,regional-service,"sagemaker is regional, outside any VPC"
sagemaker.code_repository,sagemaker,R1,regional,spatial,,regional-service,"sagemaker is regional, outside any VPC"
sagemaker.context,sagemaker,R1,regional,spatial,,regional-service,"sagemaker is regional, outside any VPC"
sagemaker.data_quality_job_definition,sagemaker,R1,regional,spatial,,regional-service,"sagemaker is regional, outside any VPC"
sagemaker.device,sagemaker,R1,regional,spatial,,regional-service,"sagemaker is regional, outside any VPC"
sagemaker.device_fleet,sagemaker,R1,regional,spatial,,regional-service,"sagemaker is regional, outside any VPC"
sagemaker.endpoint,sagemaker,R1,regional,spatial,,regional-service,"sagemaker is regional, outside any VPC"
sagemaker.endpoint_config,sagemaker,R1,regional,spatial,,regional-service,"sagemaker is regional, outside any VPC"
sagemaker.experiment,sagemaker,R1,regional,spatial,,regional-service,"sagemaker is regional, outside any VPC"
sagemaker.experiment_trial_component,sagemaker,R1,regional,spatial,,regional-service,"sagemaker is regional, outside any VPC"
sagemaker.feature_group,sagemaker,R1,regional,spatial,,regional-service,"sagemaker is regional, outside any VPC"
sagemaker.hub,sagemaker,R1,regional,spatial,,regional-service,"sagemaker is regional, outside any VPC"
sagemaker.image,sagemaker,R1,regional,spatial,,regional-service,"sagemaker is regional, outside any VPC"
sagemaker.image_version,sagemaker,R1,regional,spatial,,regional-service,"sagemaker is regional, outside any VPC"
sagemaker.inference_component,sagemaker,R1,regional,spatial,,regional-service,"sagemaker is regional, outside any VPC"
sagemaker.inference_experiment,sagemaker,R1,regional,spatial,,regional-service,"sagemaker is regional, outside any VPC"
sagemaker.mlflow_app,sagemaker,R1,regional,spatial,,regional-service,"sagemaker is regional, outside any VPC"
sagemaker.mlflow_tracking_server,sagemaker,R1,regional,spatial,,regional-service,"sagemaker is regional, outside any VPC"
sagemaker.model,sagemaker,R1,regional,spatial,,regional-service,"sagemaker is regional, outside any VPC"
sagemaker.model_bias_job_definition,sagemaker,R1,regional,spatial,,regional-service,"sagemaker is regional, outside any VPC"
sagemaker.model_card,sagemaker,R1,regional,spatial,,regional-service,"sagemaker is regional, outside any VPC"
sagemaker.model_explainability_job_definition,sagemaker,R1,regional,spatial,,regional-service,"sagemaker is regional, outside any VPC"
sagemaker.model_package,sagemaker,R1,regional,spatial,,regional-service,"sagemaker is regional, outside any VPC"
sagemaker.model_package_group,sagemaker,R1,regional,spatial,,regional-service,"sagemaker is regional, outside any VPC"
sagemaker.model_quality_job_definition,sagemaker,R1,regional,spatial,,regional-service,"sagemaker is regional, outside any VPC"
sagemaker.monitoring_schedule,sagemaker,R1,regional,spatial,,regional-service,"sagemaker is regional, outside any VPC"
sagemaker.notebook_instance_lifecycle_config,sagemaker,R1,regional,spatial,,regional-service,"sagemaker is regional, outside any VPC"
sagemaker.partner_app,sagemaker,R1,regional,spatial,,regional-service,"sagemaker is regional, outside any VPC"
sagemaker.pipeline,sagemaker,R1,regional,spatial,,regional-service,"sagemaker is regional, outside any VPC"
sagemaker.processing_job,sagemaker,R1,regional,spatial,,regional-service,"sagemaker is regional, outside any VPC"
sagemaker.project,sagemaker,R1,regional,spatial,,regional-service,"sagemaker is regional, outside any VPC"
sagemaker.sagemaker_job,sagemaker,R1,regional,spatial,,regional-service,"sagemaker is regional, outside any VPC"
sagemaker.sagemaker_transform_job,sagemaker,R1,regional,spatial,,regional-service,"sagemaker is regional, outside any VPC"
sagemaker.space,sagemaker,R1,regional,spatial,,regional-service,"sagemaker is regional, outside any VPC"
sagemaker.studio_lifecycle_config,sagemaker,R1,regional,spatial,,regional-service,"sagemaker is regional, outside any VPC"
sagemaker.training_job,sagemaker,R1,regional,spatial,,regional-service,"sagemaker is regional, outside any VPC"
sagemaker.trial_component,sagemaker,R1,regional,spatial,,regional-service,"sagemaker is regional, outside any VPC"
sagemaker.user_profile,sagemaker,R1,regional,spatial,,regional-service,"sagemaker is regional, outside any VPC"
sagemaker.workteam,sagemaker,R1,regional,spatial,,regional-service,"sagemaker is regional, outside any VPC"
savingsplans.savings_plan,savingsplans,R1,regional,spatial,,regional,collectable but has no VPC presence
scheduler.schedule,scheduler,R1,regional,spatial,,regional,collectable but has no VPC presence
scheduler.schedule_group,scheduler,R1,regional,spatial,,regional,collectable but has no VPC presence
scheduler.tags_for_resource,scheduler,R1,regional,spatial,,regional,collectable but has no VPC presence
schemas.code_binding,schemas,R1,regional,spatial,,regional,collectable but has no VPC presence
schemas.code_binding_source,schemas,R1,regional,spatial,,regional,collectable but has no VPC presence
schemas.discovered_schema,schemas,R1,regional,spatial,,regional,collectable but has no VPC presence
schemas.discoverer,schemas,R1,regional,spatial,,regional,collectable but has no VPC presence
schemas.registry,schemas,R1,regional,spatial,,regional,collectable but has no VPC presence
schemas.resource_policy,schemas,R1,regional,spatial,,regional,collectable but has no VPC presence
schemas.schema,schemas,R1,regional,spatial,,regional,collectable but has no VPC presence
schemas.schema_version,schemas,R1,regional,spatial,,regional,collectable but has no VPC presence
schemas.tags_for_resource,schemas,R1,regional,spatial,,regional,collectable but has no VPC presence
sdb.attribute,sdb,R1,regional,spatial,,regional,collectable but has no VPC presence
sdb.domain,sdb,R1,regional,spatial,,regional,collectable but has no VPC presence
secretsmanager.resource_policy,secretsmanager,R1,regional,spatial,encryption,regional-service,"secretsmanager is regional, outside any VPC"
secretsmanager.rotation_schedule,secretsmanager,R1,regional,spatial,encryption,regional-service,"secretsmanager is regional, outside any VPC"
secretsmanager.secret,secretsmanager,R1,regional,spatial,encryption,regional-service,"secretsmanager is regional, outside any VPC"
secretsmanager.secret_target_attachment,secretsmanager,R1,regional,spatial,encryption,regional-service,"secretsmanager is regional, outside any VPC"
security-ir.cas,security-ir,R1,regional,spatial,,regional,collectable but has no VPC presence
security-ir.case,security-ir,R1,regional,spatial,,regional,collectable but has no VPC presence
security-ir.case_attachment_download_url,security-ir,R1,regional,spatial,,regional,collectable but has no VPC presence
security-ir.case_attachment_upload_url,security-ir,R1,regional,spatial,,regional,collectable but has no VPC presence
security-ir.case_edit,security-ir,R1,regional,spatial,,regional,collectable but has no VPC presence
security-ir.comment,security-ir,R1,regional,spatial,,regional,collectable but has no VPC presence
security-ir.investigation,security-ir,R1,regional,spatial,,regional,collectable but has no VPC presence
security-ir.membership,security-ir,R1,regional,spatial,,regional,collectable but has no VPC presence
security-ir.tags_for_resource,security-ir,R1,regional,spatial,,regional,collectable but has no VPC presence
securityhub.action_target,securityhub,R1,regional,spatial,,regional,collectable but has no VPC presence
securityhub.aggregators_v2,securityhub,R1,regional,spatial,,regional,collectable but has no VPC presence
securityhub.automation_rule,securityhub,R1,regional,spatial,,regional,collectable but has no VPC presence
securityhub.configuration_policy,securityhub,R1,regional,spatial,,regional,collectable but has no VPC presence
securityhub.connector,securityhub,R1,regional,spatial,,regional,collectable but has no VPC presence
securityhub.enabled_standard,securityhub,R1,regional,spatial,,regional,collectable but has no VPC presence
securityhub.finding_aggregator,securityhub,R1,regional,spatial,,regional,collectable but has no VPC presence
securityhub.hub,securityhub,R1,regional,spatial,,regional,collectable but has no VPC presence
securityhub.insight,securityhub,R1,regional,spatial,,regional,collectable but has no VPC presence
securityhub.master_account,securityhub,R1,regional,spatial,,regional,collectable but has no VPC presence
securityhub.organization_configuration,securityhub,R1,regional,spatial,,regional,collectable but has no VPC presence
securityhub.security_hub_v2,securityhub,R1,regional,spatial,,regional,collectable but has no VPC presence
securityhub.standard,securityhub,R1,regional,spatial,,regional,collectable but has no VPC presence
securitylake.data_lake,securitylake,R1,regional,spatial,,regional,collectable but has no VPC presence
securitylake.data_lake_exception,securitylake,R1,regional,spatial,,regional,collectable but has no VPC presence
securitylake.data_lake_exception_subscription,securitylake,R1,regional,spatial,,regional,collectable but has no VPC presence
securitylake.data_lake_organization_configuration,securitylake,R1,regional,spatial,,regional,collectable but has no VPC presence
securitylake.data_lake_source,securitylake,R1,regional,spatial,,regional,collectable but has no VPC presence
securitylake.log_source,securitylake,R1,regional,spatial,,regional,collectable but has no VPC presence
securitylake.subscriber,securitylake,R1,regional,spatial,,regional,collectable but has no VPC presence
securitylake.tags_for_resource,securitylake,R1,regional,spatial,,regional,collectable but has no VPC presence
serverlessrepo.application,serverlessrepo,R1,regional,spatial,,regional,collectable but has no VPC presence
serverlessrepo.application_dependency,serverlessrepo,R1,regional,spatial,,regional,collectable but has no VPC presence
serverlessrepo.application_policy,serverlessrepo,R1,regional,spatial,,regional,collectable but has no VPC presence
serverlessrepo.application_version,serverlessrepo,R1,regional,spatial,,regional,collectable but has no VPC presence
serverlessrepo.cloud_formation_template,serverlessrepo,R1,regional,spatial,,regional,collectable but has no VPC presence
serverlessrepo.serverless_app,serverlessrepo,R1,regional,spatial,,regional,collectable but has no VPC presence
service-quotas.association_for_service_quota_template,service-quotas,R1,regional,spatial,,regional,collectable but has no VPC presence
service-quotas.auto_management_configuration,service-quotas,R1,regional,spatial,,regional,collectable but has no VPC presence
service-quotas.aws_default_service_quota,service-quotas,R1,regional,spatial,,regional,collectable but has no VPC presence
service-quotas.requested_service_quota_change,service-quotas,R1,regional,spatial,,regional,collectable but has no VPC presence
service-quotas.requested_service_quota_change_history_by_quota,service-quotas,R1,regional,spatial,,regional,collectable but has no VPC presence
service-quotas.service_quota,service-quotas,R1,regional,spatial,,regional,collectable but has no VPC presence
service-quotas.service_quota_increase_request_from_template,service-quotas,R1,regional,spatial,,regional,collectable but has no VPC presence
service-quotas.service_quota_increase_requests_in_template,service-quotas,R1,regional,spatial,,regional,collectable but has no VPC presence
service-quotas.service_quota_request,service-quotas,R1,regional,spatial,,regional,collectable but has no VPC presence
service-quotas.tags_for_resource,service-quotas,R1,regional,spatial,,regional,collectable but has no VPC presence
service.portfolio,service,R1,regional,spatial,,regional,collectable but has no VPC presence
service.portfolio_access,service,R1,regional,spatial,,regional,collectable but has no VPC presence
servicecatalog-appregistry.application,servicecatalog-appregistry,R1,regional,spatial,,regional,collectable but has no VPC presence
servicecatalog-appregistry.associated_attribute_group,servicecatalog-appregistry,R1,regional,spatial,,regional,collectable but has no VPC presence
servicecatalog-appregistry.associated_resource,servicecatalog-appregistry,R1,regional,spatial,,regional,collectable but has no VPC presence
servicecatalog-appregistry.attribute_group,servicecatalog-appregistry,R1,regional,spatial,,regional,collectable but has no VPC presence
servicecatalog-appregistry.attribute_groups_for_application,servicecatalog-appregistry,R1,regional,spatial,,regional,collectable but has no VPC presence
servicecatalog-appregistry.configuration,servicecatalog-appregistry,R1,regional,spatial,,regional,collectable but has no VPC presence
servicecatalog-appregistry.tags_for_resource,servicecatalog-appregistry,R1,regional,spatial,,regional,collectable but has no VPC presence
servicecatalog.accepted_portfolio_share,servicecatalog,R1,regional,spatial,,regional,collectable but has no VPC presence
servicecatalog.portfolio,servicecatalog,R1,regional,spatial,,regional,collectable but has no VPC presence
servicecatalog.record_history,servicecatalog,R1,regional,spatial,,regional,collectable but has no VPC presence
servicecatalog.service_action,servicecatalog,R1,regional,spatial,,regional,collectable but has no VPC presence
servicecatalog.tag_option,servicecatalog,R1,regional,spatial,,regional,collectable but has no VPC presence
servicediscovery.instance,servicediscovery,R1,regional,spatial,,regional,collectable but has no VPC presence
servicediscovery.instances_health_status,servicediscovery,R1,regional,spatial,,regional,collectable but has no VPC presence
servicediscovery.namespace,servicediscovery,R1,regional,spatial,,regional,collectable but has no VPC presence
servicediscovery.operation,servicediscovery,R1,regional,spatial,,regional,collectable but has no VPC presence
servicediscovery.service,servicediscovery,R1,regional,spatial,,regional,collectable but has no VPC presence
servicediscovery.service_attribute,servicediscovery,R1,regional,spatial,,regional,collectable but has no VPC presence
servicediscovery.tags_for_resource,servicediscovery,R1,regional,spatial,,regional,collectable but has no VPC presence
ses.active_receipt_rule_set,ses,R1,regional,spatial,,regional,collectable but has no VPC presence
ses.configuration_set,ses,R1,regional,spatial,,regional,collectable but has no VPC presence
ses.custom_verification_email_template,ses,R1,regional,spatial,,regional,collectable but has no VPC presence
ses.email_identity,ses,R1,regional,spatial,,regional,collectable but has no VPC presence
ses.identity_policy,ses,R1,regional,spatial,,regional,collectable but has no VPC presence
ses.receipt_filter,ses,R1,regional,spatial,,regional,collectable but has no VPC presence
ses.receipt_rule_set,ses,R1,regional,spatial,,regional,collectable but has no VPC presence
ses.template,ses,R1,regional,spatial,,regional,collectable but has no VPC presence
sesv2.account,sesv2,R1,regional,spatial,,regional,collectable but has no VPC presence
sesv2.blacklist_report,sesv2,R1,regional,spatial,,regional,collectable but has no VPC presence
sesv2.configuration_set,sesv2,R1,regional,spatial,,regional,collectable but has no VPC presence
sesv2.configuration_set_event_destination,sesv2,R1,regional,spatial,,regional,collectable but has no VPC presence
sesv2.contact,sesv2,R1,regional,spatial,,regional,collectable but has no VPC presence
sesv2.contact_list,sesv2,R1,regional,spatial,,regional,collectable but has no VPC presence
sesv2.custom_verification_email_template,sesv2,R1,regional,spatial,,regional,collectable but has no VPC presence
sesv2.dedicated_ip,sesv2,R1,regional,spatial,,regional,collectable but has no VPC presence
sesv2.dedicated_ip_pool,sesv2,R1,regional,spatial,,regional,collectable but has no VPC presence
sesv2.deliverability_dashboard_option,sesv2,R1,regional,spatial,,regional,collectable but has no VPC presence
sesv2.deliverability_test_report,sesv2,R1,regional,spatial,,regional,collectable but has no VPC presence
sesv2.domain_deliverability_campaign,sesv2,R1,regional,spatial,,regional,collectable but has no VPC presence
sesv2.domain_statistics_report,sesv2,R1,regional,spatial,,regional,collectable but has no VPC presence
sesv2.email_identity,sesv2,R1,regional,spatial,,regional,collectable but has no VPC presence
sesv2.email_identity_policy,sesv2,R1,regional,spatial,,regional,collectable but has no VPC presence
sesv2.email_template,sesv2,R1,regional,spatial,,regional,collectable but has no VPC presence
sesv2.export_job,sesv2,R1,regional,spatial,,regional,collectable but has no VPC presence
sesv2.import_job,sesv2,R1,regional,spatial,,regional,collectable but has no VPC presence
sesv2.message_insight,sesv2,R1,regional,spatial,,regional,collectable but has no VPC presence
sesv2.multi_region_endpoint,sesv2,R1,regional,spatial,,regional,collectable but has no VPC presence
sesv2.recommendation,sesv2,R1,regional,spatial,,regional,collectable but has no VPC presence
sesv2.reputation_entity,sesv2,R1,regional,spatial,,regional,collectable but has no VPC presence
sesv2.resource_tenant,sesv2,R1,regional,spatial,,regional,collectable but has no VPC presence
sesv2.suppressed_destination,sesv2,R1,regional,spatial,,regional,collectable but has no VPC presence
sesv2.tags_for_resource,sesv2,R1,regional,spatial,,regional,collectable but has no VPC presence
sesv2.tenant,sesv2,R1,regional,spatial,,regional,collectable but has no VPC presence
sesv2.tenant_resource,sesv2,R1,regional,spatial,,regional,collectable but has no VPC presence
signer.profile_permission,signer,R1,regional,spatial,,regional,collectable but has no VPC presence
signer.revocation_status,signer,R1,regional,spatial,,regional,collectable but has no VPC presence
signer.signing_job,signer,R1,regional,spatial,,regional,collectable but has no VPC presence
signer.signing_platform,signer,R1,regional,spatial,,regional,collectable but has no VPC presence
signer.signing_profile,signer,R1,regional,spatial,,regional,collectable but has no VPC presence
signer.tags_for_resource,signer,R1,regional,spatial,,regional,collectable but has no VPC presence
simspaceweaver.app,simspaceweaver,R1,regional,spatial,,regional,collectable but has no VPC presence
simspaceweaver.simulation,simspaceweaver,R1,regional,spatial,,regional,collectable but has no VPC presence
simspaceweaver.tags_for_resource,simspaceweaver,R1,regional,spatial,,regional,collectable but has no VPC presence
sms-voice.configuration_set,sms-voice,R1,regional,spatial,,regional,collectable but has no VPC presence
sms-voice.configuration_set_event_destination,sms-voice,R1,regional,spatial,,regional,collectable but has no VPC presence
snow-device-management.device,snow-device-management,R1,regional,spatial,,regional,collectable but has no VPC presence
snow-device-management.device_ec2_instance,snow-device-management,R1,regional,spatial,,regional,collectable but has no VPC presence
snow-device-management.device_resource,snow-device-management,R1,regional,spatial,,regional,collectable but has no VPC presence
snow-device-management.execution,snow-device-management,R1,regional,spatial,,regional,collectable but has no VPC presence
snow-device-management.tags_for_resource,snow-device-management,R1,regional,spatial,,regional,collectable but has no VPC presence
snow-device-management.task,snow-device-management,R1,regional,spatial,,regional,collectable but has no VPC presence
snowball.address,snowball,R1,regional,spatial,,regional,collectable but has no VPC presence
snowball.cluster,snowball,R1,regional,spatial,,regional,collectable but has no VPC presence
snowball.cluster_job,snowball,R1,regional,spatial,,regional,collectable but has no VPC presence
snowball.compatible_image,snowball,R1,regional,spatial,,regional,collectable but has no VPC presence
snowball.job,snowball,R1,regional,spatial,,regional,collectable but has no VPC presence
snowball.job_manifest,snowball,R1,regional,spatial,,regional,collectable but has no VPC presence
snowball.job_unlock_code,snowball,R1,regional,spatial,,regional,collectable but has no VPC presence
snowball.long_term_pricing,snowball,R1,regional,spatial,,regional,collectable but has no VPC presence
snowball.pickup_location,snowball,R1,regional,spatial,,regional,collectable but has no VPC presence
snowball.return_shipping_label,snowball,R1,regional,spatial,,regional,collectable but has no VPC presence
snowball.service_version,snowball,R1,regional,spatial,,regional,collectable but has no VPC presence
snowball.snowball,snowball,R1,regional,spatial,,regional,collectable but has no VPC presence
snowball.snowball_cluster,snowball,R1,regional,spatial,,regional,collectable but has no VPC presence
snowball.snowball_usage,snowball,R1,regional,spatial,,regional,collectable but has no VPC presence
snowball.software_update,snowball,R1,regional,spatial,,regional,collectable but has no VPC presence
sns.platform_application,sns,R1,regional,spatial,,regional-service,"sns is regional, outside any VPC"
sns.subscription,sns,R1,regional,spatial,,regional-service,"sns is regional, outside any VPC"
sns.subscription_attribute,sns,R1,regional,spatial,,regional-service,"sns is regional, outside any VPC"
sns.topic,sns,R1,regional,spatial,,regional-service,"sns is regional, outside any VPC"
sns.topic_attribute,sns,R1,regional,spatial,,regional-service,"sns is regional, outside any VPC"
sns.topic_inline_policy,sns,R1,regional,spatial,,regional-service,"sns is regional, outside any VPC"
sns.topic_policy,sns,R1,regional,spatial,,regional-service,"sns is regional, outside any VPC"
socialmessaging.linked_whats_app_business_account,socialmessaging,R1,regional,spatial,,regional,collectable but has no VPC presence
socialmessaging.linked_whats_app_business_account_phone_number,socialmessaging,R1,regional,spatial,,regional,collectable but has no VPC presence
socialmessaging.tags_for_resource,socialmessaging,R1,regional,spatial,,regional,collectable but has no VPC presence
socialmessaging.whats_app_message_media,socialmessaging,R1,regional,spatial,,regional,collectable but has no VPC presence
socialmessaging.whats_app_message_template,socialmessaging,R1,regional,spatial,,regional,collectable but has no VPC presence
socialmessaging.whats_app_template_library,socialmessaging,R1,regional,spatial,,regional,collectable but has no VPC presence
sqs.queue,sqs,R1,regional,spatial,,regional-service,"sqs is regional, outside any VPC"
sqs.queue_attribute,sqs,R1,regional,spatial,,regional-service,"sqs is regional, outside any VPC"
sqs.queue_inline_policy,sqs,R1,regional,spatial,,regional-service,"sqs is regional, outside any VPC"
sqs.queue_policy,sqs,R1,regional,spatial,,regional-service,"sqs is regional, outside any VPC"
ssm-contacts.contact,ssm-contacts,R1,regional,spatial,,regional,collectable but has no VPC presence
ssm-contacts.contact_channel,ssm-contacts,R1,regional,spatial,,regional,collectable but has no VPC presence
ssm-contacts.contact_policy,ssm-contacts,R1,regional,spatial,,regional,collectable but has no VPC presence
ssm-contacts.engagement,ssm-contacts,R1,regional,spatial,,regional,collectable but has no VPC presence
ssm-contacts.page,ssm-contacts,R1,regional,spatial,,regional,collectable but has no VPC presence
ssm-contacts.page_receipt,ssm-contacts,R1,regional,spatial,,regional,collectable but has no VPC presence
ssm-contacts.page_resolution,ssm-contacts,R1,regional,spatial,,regional,collectable but has no VPC presence
ssm-contacts.pages_by_contact,ssm-contacts,R1,regional,spatial,,regional,collectable but has no VPC presence
ssm-contacts.pages_by_engagement,ssm-contacts,R1,regional,spatial,,regional,collectable but has no VPC presence
ssm-contacts.preview_rotation_shift,ssm-contacts,R1,regional,spatial,,regional,collectable but has no VPC presence
ssm-contacts.rotation,ssm-contacts,R1,regional,spatial,,regional,collectable but has no VPC presence
ssm-contacts.rotation_override,ssm-contacts,R1,regional,spatial,,regional,collectable but has no VPC presence
ssm-contacts.rotation_shift,ssm-contacts,R1,regional,spatial,,regional,collectable but has no VPC presence
ssm-contacts.tags_for_resource,ssm-contacts,R1,regional,spatial,,regional,collectable but has no VPC presence
ssm-guiconnect.connection_recording_preference,ssm-guiconnect,R1,regional,spatial,,regional,collectable but has no VPC presence
ssm-incidents.incident_finding,ssm-incidents,R1,regional,spatial,,regional,collectable but has no VPC presence
ssm-incidents.incident_record,ssm-incidents,R1,regional,spatial,,regional,collectable but has no VPC presence
ssm-incidents.related_item,ssm-incidents,R1,regional,spatial,,regional,collectable but has no VPC presence
ssm-incidents.replication_set,ssm-incidents,R1,regional,spatial,,regional,collectable but has no VPC presence
ssm-incidents.resource_policy,ssm-incidents,R1,regional,spatial,,regional,collectable but has no VPC presence
ssm-incidents.response_plan,ssm-incidents,R1,regional,spatial,,regional,collectable but has no VPC presence
ssm-incidents.tags_for_resource,ssm-incidents,R1,regional,spatial,,regional,collectable but has no VPC presence
ssm-incidents.timeline_event,ssm-incidents,R1,regional,spatial,,regional,collectable but has no VPC presence
ssm-quicksetup.configuration,ssm-quicksetup,R1,regional,spatial,,regional,collectable but has no VPC presence
ssm-quicksetup.configuration_manager,ssm-quicksetup,R1,regional,spatial,,regional,collectable but has no VPC presence
ssm-quicksetup.quick_setup_type,ssm-quicksetup,R1,regional,spatial,,regional,collectable but has no VPC presence
ssm-quicksetup.service_setting,ssm-quicksetup,R1,regional,spatial,,regional,collectable but has no VPC presence
ssm-quicksetup.tags_for_resource,ssm-quicksetup,R1,regional,spatial,,regional,collectable but has no VPC presence
ssm-sap.application,ssm-sap,R1,regional,spatial,,regional,collectable but has no VPC presence
ssm-sap.component,ssm-sap,R1,regional,spatial,,regional,collectable but has no VPC presence
ssm-sap.configuration_check_definition,ssm-sap,R1,regional,spatial,,regional,collectable but has no VPC presence
ssm-sap.configuration_check_operation,ssm-sap,R1,regional,spatial,,regional,collectable but has no VPC presence
ssm-sap.databas,ssm-sap,R1,regional,spatial,,regional,collectable but has no VPC presence
ssm-sap.database,ssm-sap,R1,regional,spatial,,regional,collectable but has no VPC presence
ssm-sap.operation,ssm-sap,R1,regional,spatial,,regional,collectable but has no VPC presence
ssm-sap.operation_event,ssm-sap,R1,regional,spatial,,regional,collectable but has no VPC presence
ssm-sap.resource_permission,ssm-sap,R1,regional,spatial,,regional,collectable but has no VPC presence
ssm-sap.sub_check_result,ssm-sap,R1,regional,spatial,,regional,collectable but has no VPC presence
ssm-sap.sub_check_rule_result,ssm-sap,R1,regional,spatial,,regional,collectable but has no VPC presence
ssm-sap.tags_for_resource,ssm-sap,R1,regional,spatial,,regional,collectable but has no VPC presence
ssm.association,ssm,R1,regional,spatial,,regional-service,"ssm is regional, outside any VPC"
ssm.automation_execution,ssm,R1,regional,spatial,,regional-service,"ssm is regional, outside any VPC"
ssm.document,ssm,R1,regional,spatial,,regional-service,"ssm is regional, outside any VPC"
ssm.document_version,ssm,R1,regional,spatial,,regional-service,"ssm is regional, outside any VPC"
ssm.maintenance_window,ssm,R1,regional,spatial,,regional-service,"ssm is regional, outside any VPC"
ssm.maintenance_window_schedule,ssm,R1,regional,spatial,,regional-service,"ssm is regional, outside any VPC"
ssm.maintenance_window_target,ssm,R1,regional,spatial,,regional-service,"ssm is regional, outside any VPC"
ssm.maintenance_window_task,ssm,R1,regional,spatial,,regional-service,"ssm is regional, outside any VPC"
ssm.node,ssm,R1,regional,spatial,,regional-service,"ssm is regional, outside any VPC"
ssm.ops_item,ssm,R1,regional,spatial,,regional-service,"ssm is regional, outside any VPC"
ssm.ops_metadata,ssm,R1,regional,spatial,,regional-service,"ssm is regional, outside any VPC"
ssm.parameter,ssm,R1,regional,spatial,,regional-service,"ssm is regional, outside any VPC"
ssm.patch_baseline,ssm,R1,regional,spatial,,regional-service,"ssm is regional, outside any VPC"
ssm.resource_compliance_summary,ssm,R1,regional,spatial,,regional-service,"ssm is regional, outside any VPC"
ssm.resource_data_sync,ssm,R1,regional,spatial,,regional-service,"ssm is regional, outside any VPC"
ssm.resource_policy,ssm,R1,regional,spatial,,regional-service,"ssm is regional, outside any VPC"
ssm.ssm_activation,ssm,R1,regional,spatial,,regional-service,"ssm is regional, outside any VPC"
ssm.ssm_data_sync,ssm,R1,regional,spatial,,regional-service,"ssm is regional, outside any VPC"
ssm.ssm_managed_instance,ssm,R1,regional,spatial,,regional-service,"ssm is regional, outside any VPC"
ssm.ssm_patch_group,ssm,R1,regional,spatial,,regional-service,"ssm is regional, outside any VPC"
ssm.ssm_session_manager,ssm,R1,regional,spatial,,regional-service,"ssm is regional, outside any VPC"
stepfunctions.activity,stepfunctions,R1,regional,spatial,,regional,collectable but has no VPC presence
stepfunctions.activity_task,stepfunctions,R1,regional,spatial,,regional,collectable but has no VPC presence
stepfunctions.execution,stepfunctions,R1,regional,spatial,,regional,collectable but has no VPC presence
stepfunctions.map_run,stepfunctions,R1,regional,spatial,,regional,collectable but has no VPC presence
stepfunctions.state_machine,stepfunctions,R1,regional,spatial,,regional,collectable but has no VPC presence
stepfunctions.state_machine_alias,stepfunctions,R1,regional,spatial,,regional,collectable but has no VPC presence
stepfunctions.state_machine_for_execution,stepfunctions,R1,regional,spatial,,regional,collectable but has no VPC presence
stepfunctions.state_machine_version,stepfunctions,R1,regional,spatial,,regional,collectable but has no VPC presence
storagegateway.automatic_tape_creation_policy,storagegateway,R1,regional,spatial,,regional,collectable but has no VPC presence
storagegateway.cache_report,storagegateway,R1,regional,spatial,,regional,collectable but has no VPC presence
storagegateway.file_system_association,storagegateway,R1,regional,spatial,,regional,collectable but has no VPC presence
storagegateway.nfs_file_share,storagegateway,R1,regional,spatial,,regional,collectable but has no VPC presence
storagegateway.storage_gateway,storagegateway,R1,regional,spatial,,regional,collectable but has no VPC presence
storagegateway.tape_archive,storagegateway,R1,regional,spatial,,regional,collectable but has no VPC presence
storagegateway.tape_pool,storagegateway,R1,regional,spatial,,regional,collectable but has no VPC presence
storagegateway.volume_recovery_point,storagegateway,R1,regional,spatial,,regional,collectable but has no VPC presence
supplychain.bill_of_materials_import_job,supplychain,R1,regional,spatial,,regional,collectable but has no VPC presence
supplychain.data_integration_event,supplychain,R1,regional,spatial,,regional,collectable but has no VPC presence
supplychain.data_integration_flow,supplychain,R1,regional,spatial,,regional,collectable but has no VPC presence
supplychain.data_integration_flow_execution,supplychain,R1,regional,spatial,,regional,collectable but has no VPC presence
supplychain.data_lake_dataset,supplychain,R1,regional,spatial,,regional,collectable but has no VPC presence
supplychain.data_lake_namespace,supplychain,R1,regional,spatial,,regional,collectable but has no VPC presence
supplychain.instance,supplychain,R1,regional,spatial,,regional,collectable but has no VPC presence
supplychain.tags_for_resource,supplychain,R1,regional,spatial,,regional,collectable but has no VPC presence
support-app.account_alias,support-app,R1,regional,spatial,,regional,collectable but has no VPC presence
support-app.slack_channel_configuration,support-app,R1,regional,spatial,,regional,collectable but has no VPC presence
support-app.slack_workspace_configuration,support-app,R1,regional,spatial,,regional,collectable but has no VPC presence
support.advisor_check,support,R1,regional,spatial,,regional,collectable but has no VPC presence
support.attachment,support,R1,regional,spatial,,regional,collectable but has no VPC presence
support.communication,support,R1,regional,spatial,,regional,collectable but has no VPC presence
support.create_case_option,support,R1,regional,spatial,,regional,collectable but has no VPC presence
support.service,support,R1,regional,spatial,,regional,collectable but has no VPC presence
support.severity_level,support,R1,regional,spatial,,regional,collectable but has no VPC presence
support.support_case,support,R1,regional,spatial,,regional,collectable but has no VPC presence
support.supported_language,support,R1,regional,spatial,,regional,collectable but has no VPC presence
support.trusted_advisor_check_refresh_status,support,R1,regional,spatial,,regional,collectable but has no VPC presence
support.trusted_advisor_check_result,support,R1,regional,spatial,,regional,collectable but has no VPC presence
support.trusted_advisor_check_summary,support,R1,regional,spatial,,regional,collectable but has no VPC presence
swf.activity_type,swf,R1,regional,spatial,,regional,collectable but has no VPC presence
swf.closed_workflow_execution,swf,R1,regional,spatial,,regional,collectable but has no VPC presence
swf.domain,swf,R1,regional,spatial,,regional,collectable but has no VPC presence
swf.open_workflow_execution,swf,R1,regional,spatial,,regional,collectable but has no VPC presence
swf.swf_domain,swf,R1,regional,spatial,,regional,collectable but has no VPC presence
swf.tags_for_resource,swf,R1,regional,spatial,,regional,collectable but has no VPC presence
swf.workflow_execution,swf,R1,regional,spatial,,regional,collectable but has no VPC presence
swf.workflow_execution_history,swf,R1,regional,spatial,,regional,collectable but has no VPC presence
swf.workflow_type,swf,R1,regional,spatial,,regional,collectable but has no VPC presence
synthetics.associated_group,synthetics,R1,regional,spatial,,regional,collectable but has no VPC presence
synthetics.canaries_last_run,synthetics,R1,regional,spatial,,regional,collectable but has no VPC presence
synthetics.canary_run,synthetics,R1,regional,spatial,,regional,collectable but has no VPC presence
synthetics.group,synthetics,R1,regional,spatial,,regional,collectable but has no VPC presence
synthetics.tags_for_resource,synthetics,R1,regional,spatial,,regional,collectable but has no VPC presence
taxsettings.supplemental_tax_registration,taxsettings,R1,regional,spatial,,regional,collectable but has no VPC presence
taxsettings.tax_exemption,taxsettings,R1,regional,spatial,,regional,collectable but has no VPC presence
taxsettings.tax_inheritance,taxsettings,R1,regional,spatial,,regional,collectable but has no VPC presence
taxsettings.tax_registration,taxsettings,R1,regional,spatial,,regional,collectable but has no VPC presence
taxsettings.tax_registration_document,taxsettings,R1,regional,spatial,,regional,collectable but has no VPC presence
textract.adapter,textract,R1,regional,spatial,,regional,collectable but has no VPC presence
textract.adapter_version,textract,R1,regional,spatial,,regional,collectable but has no VPC presence
textract.document_analysis,textract,R1,regional,spatial,,regional,collectable but has no VPC presence
textract.document_text_detection,textract,R1,regional,spatial,,regional,collectable but has no VPC presence
textract.expense_analysis,textract,R1,regional,spatial,,regional,collectable but has no VPC presence
textract.lending_analysis,textract,R1,regional,spatial,,regional,collectable but has no VPC presence
textract.lending_analysis_summary,textract,R1,regional,spatial,,regional,collectable but has no VPC presence
textract.tags_for_resource,textract,R1,regional,spatial,,regional,collectable but has no VPC presence
timestream-influxdb.db_cluster,timestream-influxdb,R1,regional,spatial,,regional,collectable but has no VPC presence
timestream-influxdb.db_instance,timestream-influxdb,R1,regional,spatial,,regional,collectable but has no VPC presence
timestream-influxdb.db_instances_for_cluster,timestream-influxdb,R1,regional,spatial,,regional,collectable but has no VPC presence
timestream-influxdb.db_parameter_group,timestream-influxdb,R1,regional,spatial,,regional,collectable but has no VPC presence
timestream-influxdb.tags_for_resource,timestream-influxdb,R1,regional,spatial,,regional,collectable but has no VPC presence
timestream-query.query,timestream-query,R1,regional,spatial,,regional,collectable but has no VPC presence
timestream-write.batch_load_task,timestream-write,R1,regional,spatial,,regional,collectable but has no VPC presence
timestream-write.database,timestream-write,R1,regional,spatial,,regional,collectable but has no VPC presence
timestream-write.endpoint,timestream-write,R1,regional,spatial,,regional,collectable but has no VPC presence
timestream-write.table,timestream-write,R1,regional,spatial,,regional,collectable but has no VPC presence
timestream-write.tags_for_resource,timestream-write,R1,regional,spatial,,regional,collectable but has no VPC presence
timestream-write.timestream_database,timestream-write,R1,regional,spatial,,regional,collectable but has no VPC presence
timestream-write.timestream_table,timestream-write,R1,regional,spatial,,regional,collectable but has no VPC presence
timestream.account_setting,timestream,R1,regional,spatial,,regional,collectable but has no VPC presence
timestream.endpoint,timestream,R1,regional,spatial,,regional,collectable but has no VPC presence
timestream.scheduled_query,timestream,R1,regional,spatial,,regional,collectable but has no VPC presence
timestream.tags_for_resource,timestream,R1,regional,spatial,,regional,collectable but has no VPC presence
tnb.sol_function_instance,tnb,R1,regional,spatial,,regional,collectable but has no VPC presence
tnb.sol_function_package,tnb,R1,regional,spatial,,regional,collectable but has no VPC presence
tnb.sol_function_package_content,tnb,R1,regional,spatial,,regional,collectable but has no VPC presence
tnb.sol_function_package_descriptor,tnb,R1,regional,spatial,,regional,collectable but has no VPC presence
tnb.sol_network_instance,tnb,R1,regional,spatial,,regional,collectable but has no VPC presence
tnb.sol_network_operation,tnb,R1,regional,spatial,,regional,collectable but has no VPC presence
tnb.sol_network_package,tnb,R1,regional,spatial,,regional,collectable but has no VPC presence
tnb.sol_network_package_content,tnb,R1,regional,spatial,,regional,collectable but has no VPC presence
tnb.sol_network_package_descriptor,tnb,R1,regional,spatial,,regional,collectable but has no VPC presence
tnb.tags_for_resource,tnb,R1,regional,spatial,,regional,collectable but has no VPC presence
transcribe.call_analytics_category,transcribe,R1,regional,spatial,,regional,collectable but has no VPC presence
transcribe.call_analytics_job,transcribe,R1,regional,spatial,,regional,collectable but has no VPC presence
transcribe.language_model,transcribe,R1,regional,spatial,,regional,collectable but has no VPC presence
transcribe.medical_scribe_job,transcribe,R1,regional,spatial,,regional,collectable but has no VPC presence
transcribe.medical_transcription_job,transcribe,R1,regional,spatial,,regional,collectable but has no VPC presence
transcribe.medical_vocabulary,transcribe,R1,regional,spatial,,regional,collectable but has no VPC presence
transcribe.tags_for_resource,transcribe,R1,regional,spatial,,regional,collectable but has no VPC presence
transcribe.transcription_job,transcribe,R1,regional,spatial,,regional,collectable but has no VPC presence
transcribe.vocabulary,transcribe,R1,regional,spatial,,regional,collectable but has no VPC presence
transcribe.vocabulary_filter,transcribe,R1,regional,spatial,,regional,collectable but has no VPC presence
transfer.certificate,transfer,R1,regional,spatial,,regional,collectable but has no VPC presence
transfer.connector,transfer,R1,regional,spatial,,regional,collectable but has no VPC presence
transfer.profile,transfer,R1,regional,spatial,,regional,collectable but has no VPC presence
transfer.workflow,transfer,R1,regional,spatial,,regional,collectable but has no VPC presence
translate.language,translate,R1,regional,spatial,,regional,collectable but has no VPC presence
translate.parallel_data,translate,R1,regional,spatial,,regional,collectable but has no VPC presence
translate.tags_for_resource,translate,R1,regional,spatial,,regional,collectable but has no VPC presence
translate.terminology,translate,R1,regional,spatial,,regional,collectable but has no VPC presence
translate.text_translation_job,translate,R1,regional,spatial,,regional,collectable but has no VPC presence
trustedadvisor.check,trustedadvisor,R1,regional,spatial,,regional,collectable but has no VPC presence
trustedadvisor.organization_recommendation,trustedadvisor,R1,regional,spatial,,regional,collectable but has no VPC presence
trustedadvisor.organization_recommendation_account,trustedadvisor,R1,regional,spatial,,regional,collectable but has no VPC presence
trustedadvisor.organization_recommendation_resource,trustedadvisor,R1,regional,spatial,,regional,collectable but has no VPC presence
trustedadvisor.recommendation,trustedadvisor,R1,regional,spatial,,regional,collectable but has no VPC presence
trustedadvisor.recommendation_resource,trustedadvisor,R1,regional,spatial,,regional,collectable but has no VPC presence
verifiedpermissions.identity_source,verifiedpermissions,R1,regional,spatial,,regional,collectable but has no VPC presence
verifiedpermissions.policy,verifiedpermissions,R1,regional,spatial,,regional,collectable but has no VPC presence
verifiedpermissions.policy_store,verifiedpermissions,R1,regional,spatial,,regional,collectable but has no VPC presence
verifiedpermissions.policy_template,verifiedpermissions,R1,regional,spatial,,regional,collectable but has no VPC presence
verifiedpermissions.schema,verifiedpermissions,R1,regional,spatial,,regional,collectable but has no VPC presence
verifiedpermissions.tags_for_resource,verifiedpermissions,R1,regional,spatial,,regional,collectable but has no VPC presence
virtualmachine.virtual_machine,virtualmachine,R1,regional,spatial,,regional,collectable but has no VPC presence
voice-id.domain,voice-id,R1,regional,spatial,,regional,collectable but has no VPC presence
voice-id.fraudster,voice-id,R1,regional,spatial,,regional,collectable but has no VPC presence
voice-id.fraudster_registration_job,voice-id,R1,regional,spatial,,regional,collectable but has no VPC presence
voice-id.speaker,voice-id,R1,regional,spatial,,regional,collectable but has no VPC presence
voice-id.speaker_enrollment_job,voice-id,R1,regional,spatial,,regional,collectable but has no VPC presence
voice-id.tags_for_resource,voice-id,R1,regional,spatial,,regional,collectable but has no VPC presence
voice-id.watchlist,voice-id,R1,regional,spatial,,regional,collectable but has no VPC presence
vpc-lattice.access_log_subscription,vpc-lattice,R1,regional,spatial,dns,regional,collectable but has no VPC presence
vpc-lattice.auth_policy,vpc-lattice,R1,regional,spatial,dns,regional,collectable but has no VPC presence
vpc-lattice.domain_verification,vpc-lattice,R1,regional,spatial,dns,regional,collectable but has no VPC presence
vpc-lattice.listener,vpc-lattice,R1,regional,spatial,dns,regional,collectable but has no VPC presence
vpc-lattice.resource_configuration,vpc-lattice,R1,regional,spatial,dns,regional,collectable but has no VPC presence
vpc-lattice.resource_endpoint_association,vpc-lattice,R1,regional,spatial,dns,regional,collectable but has no VPC presence
vpc-lattice.resource_gateway,vpc-lattice,R1,regional,spatial,dns,regional,collectable but has no VPC presence
vpc-lattice.resource_policy,vpc-lattice,R1,regional,spatial,dns,regional,collectable but has no VPC presence
vpc-lattice.rule,vpc-lattice,R1,regional,spatial,dns,regional,collectable but has no VPC presence
vpc-lattice.service,vpc-lattice,R1,regional,spatial,dns,regional,collectable but has no VPC presence
vpc-lattice.service_network,vpc-lattice,R1,regional,spatial,dns,regional,collectable but has no VPC presence
vpc-lattice.service_network_resource_association,vpc-lattice,R1,regional,spatial,dns,regional,collectable but has no VPC presence
vpc-lattice.service_network_service_association,vpc-lattice,R1,regional,spatial,dns,regional,collectable but has no VPC presence
vpc-lattice.service_network_vpc_endpoint_association,vpc-lattice,R1,regional,spatial,dns,regional,collectable but has no VPC presence
vpc-lattice.tags_for_resource,vpc-lattice,R1,regional,spatial,dns,regional,collectable but has no VPC presence
vpc-lattice.target,vpc-lattice,R1,regional,spatial,dns,regional,collectable but has no VPC presence
vpc.carrier_gateway,vpc,R1,regional,spatial,,regional,collectable but has no VPC presence
vpc.customer_gateway,vpc,R1,regional,spatial,,regional,collectable but has no VPC presence
vpc.dhcp_option,vpc,R1,regional,spatial,,regional,collectable but has no VPC presence
vpc.egress_only_internet_gateway,vpc,R1,regional,spatial,,regional,collectable but has no VPC presence
vpc.internet_gateway,vpc,R1,regional,spatial,,regional,collectable but has no VPC presence
vpc.nat_gateway,vpc,R1,regional,spatial,,regional,collectable but has no VPC presence
vpc.network_acl,vpc,R1,regional,spatial,,regional,collectable but has no VPC presence
vpc.network_interface,vpc,R1,regional,spatial,,regional,collectable but has no VPC presence
vpc.route_table,vpc,R1,regional,spatial,,regional,collectable but has no VPC presence
vpc.security_group,vpc,R1,regional,spatial,,regional,collectable but has no VPC presence
vpc.subnet,vpc,R1,regional,spatial,,regional,collectable but has no VPC presence
vpc.vpc,vpc,R1,regional,spatial,,regional,collectable but has no VPC presence
vpc.vpc_endpoint,vpc,R1,regional,spatial,,regional,collectable but has no VPC presence
vpc.vpc_endpoint_service_configuration,vpc,R1,regional,spatial,,regional,collectable but has no VPC presence
vpc.vpc_peering_connection,vpc,R1,regional,spatial,,regional,collectable but has no VPC presence
vpc.vpn_gateway,vpc,R1,regional,spatial,,regional,collectable but has no VPC presence
vpcflowlogs.flow_log,vpcflowlogs,R1,regional,spatial,,regional,collectable but has no VPC presence
vpn.ListResource,vpn,R1,regional,spatial,,regional,collectable but has no VPC presence
waf-regional.activated_rules_in_rule_group,waf-regional,R1,regional,spatial,,regional,collectable but has no VPC presence
waf-regional.byte_match_set,waf-regional,R1,regional,spatial,,regional,collectable but has no VPC presence
waf-regional.change_token,waf-regional,R1,regional,spatial,,regional,collectable but has no VPC presence
waf-regional.change_token_status,waf-regional,R1,regional,spatial,,regional,collectable but has no VPC presence
waf-regional.geo_match_set,waf-regional,R1,regional,spatial,,regional,collectable but has no VPC presence
waf-regional.ip_set,waf-regional,R1,regional,spatial,,regional,collectable but has no VPC presence
waf-regional.logging_configuration,waf-regional,R1,regional,spatial,,regional,collectable but has no VPC presence
waf-regional.permission_policy,waf-regional,R1,regional,spatial,,regional,collectable but has no VPC presence
waf-regional.rate_based_rule,waf-regional,R1,regional,spatial,,regional,collectable but has no VPC presence
waf-regional.regex_match_set,waf-regional,R1,regional,spatial,,regional,collectable but has no VPC presence
waf-regional.regex_pattern_set,waf-regional,R1,regional,spatial,,regional,collectable but has no VPC presence
waf-regional.rule,waf-regional,R1,regional,spatial,,regional,collectable but has no VPC presence
waf-regional.rule_group,waf-regional,R1,regional,spatial,,regional,collectable but has no VPC presence
waf-regional.sampled_request,waf-regional,R1,regional,spatial,,regional,collectable but has no VPC presence
waf-regional.size_constraint_set,waf-regional,R1,regional,spatial,,regional,collectable but has no VPC presence
waf-regional.sql_injection_match_set,waf-regional,R1,regional,spatial,,regional,collectable but has no VPC presence
waf-regional.subscribed_rule_group,waf-regional,R1,regional,spatial,,regional,collectable but has no VPC presence
waf-regional.tags_for_resource,waf-regional,R1,regional,spatial,,regional,collectable but has no VPC presence
waf-regional.web_acl,waf-regional,R1,regional,spatial,,regional,collectable but has no VPC presence
waf-regional.web_acl_for_resource,waf-regional,R1,regional,spatial,,regional,collectable but has no VPC presence
waf-regional.xss_match_set,waf-regional,R1,regional,spatial,,regional,collectable but has no VPC presence
wellarchitected.profile,wellarchitected,R1,regional,spatial,,regional,collectable but has no VPC presence
wellarchitected.profile_notification,wellarchitected,R1,regional,spatial,,regional,collectable but has no VPC presence
wellarchitected.review_template,wellarchitected,R1,regional,spatial,,regional,collectable but has no VPC presence
wellarchitected.share_invitation,wellarchitected,R1,regional,spatial,,regional,collectable but has no VPC presence
wellarchitected.workload,wellarchitected,R1,regional,spatial,,regional,collectable but has no VPC presence
wisdom.assistant,wisdom,R1,regional,spatial,,regional,collectable but has no VPC presence
wisdom.assistant_association,wisdom,R1,regional,spatial,,regional,collectable but has no VPC presence
wisdom.content,wisdom,R1,regional,spatial,,regional,collectable but has no VPC presence
wisdom.content_summary,wisdom,R1,regional,spatial,,regional,collectable but has no VPC presence
wisdom.import_job,wisdom,R1,regional,spatial,,regional,collectable but has no VPC presence
wisdom.knowledge_bas,wisdom,R1,regional,spatial,,regional,collectable but has no VPC presence
wisdom.knowledge_base,wisdom,R1,regional,spatial,,regional,collectable but has no VPC presence
wisdom.query_assistant,wisdom,R1,regional,spatial,,regional,collectable but has no VPC presence
wisdom.quick_respons,wisdom,R1,regional,spatial,,regional,collectable but has no VPC presence
wisdom.quick_response,wisdom,R1,regional,spatial,,regional,collectable but has no VPC presence
wisdom.recommendation,wisdom,R1,regional,spatial,,regional,collectable but has no VPC presence
wisdom.search_content,wisdom,R1,regional,spatial,,regional,collectable but has no VPC presence
wisdom.search_quick_respons,wisdom,R1,regional,spatial,,regional,collectable but has no VPC presence
wisdom.search_session,wisdom,R1,regional,spatial,,regional,collectable but has no VPC presence
wisdom.session,wisdom,R1,regional,spatial,,regional,collectable but has no VPC presence
wisdom.tags_for_resource,wisdom,R1,regional,spatial,,regional,collectable but has no VPC presence
workdocs.activity,workdocs,R1,regional,spatial,,regional,collectable but has no VPC presence
workdocs.comment,workdocs,R1,regional,spatial,,regional,collectable but has no VPC presence
workdocs.current_user,workdocs,R1,regional,spatial,,regional,collectable but has no VPC presence
workdocs.document,workdocs,R1,regional,spatial,,regional,collectable but has no VPC presence
workdocs.document_path,workdocs,R1,regional,spatial,,regional,collectable but has no VPC presence
workdocs.document_version,workdocs,R1,regional,spatial,,regional,collectable but has no VPC presence
workdocs.folder,workdocs,R1,regional,spatial,,regional,collectable but has no VPC presence
workdocs.folder_content,workdocs,R1,regional,spatial,,regional,collectable but has no VPC presence
workdocs.folder_path,workdocs,R1,regional,spatial,,regional,collectable but has no VPC presence
workdocs.group,workdocs,R1,regional,spatial,,regional,collectable but has no VPC presence
workdocs.notification_subscription,workdocs,R1,regional,spatial,,regional,collectable but has no VPC presence
workdocs.resource,workdocs,R1,regional,spatial,,regional,collectable but has no VPC presence
workdocs.resource_permission,workdocs,R1,regional,spatial,,regional,collectable but has no VPC presence
workdocs.root_folder,workdocs,R1,regional,spatial,,regional,collectable but has no VPC presence
workdocs.user,workdocs,R1,regional,spatial,,regional,collectable but has no VPC presence
workflows.activity,workflows,R1,regional,spatial,,regional,collectable but has no VPC presence
workflows.execution,workflows,R1,regional,spatial,,regional,collectable but has no VPC presence
workflows.state_machine,workflows,R1,regional,spatial,,regional,collectable but has no VPC presence
workmail.access_control_effect,workmail,R1,regional,spatial,,regional,collectable but has no VPC presence
workmail.access_control_rule,workmail,R1,regional,spatial,,regional,collectable but has no VPC presence
workmail.availability_configuration,workmail,R1,regional,spatial,,regional,collectable but has no VPC presence
workmail.default_retention_policy,workmail,R1,regional,spatial,,regional,collectable but has no VPC presence
workmail.email_monitoring_configuration,workmail,R1,regional,spatial,,regional,collectable but has no VPC presence
workmail.entity,workmail,R1,regional,spatial,,regional,collectable but has no VPC presence
workmail.group,workmail,R1,regional,spatial,,regional,collectable but has no VPC presence
workmail.group_member,workmail,R1,regional,spatial,,regional,collectable but has no VPC presence
workmail.groups_for_entity,workmail,R1,regional,spatial,,regional,collectable but has no VPC presence
workmail.identity_provider_configuration,workmail,R1,regional,spatial,,regional,collectable but has no VPC presence
workmail.impersonation_role,workmail,R1,regional,spatial,,regional,collectable but has no VPC presence
workmail.impersonation_role_effect,workmail,R1,regional,spatial,,regional,collectable but has no VPC presence
workmail.inbound_dmarc_setting,workmail,R1,regional,spatial,,regional,collectable but has no VPC presence
workmail.mail_domain,workmail,R1,regional,spatial,,regional,collectable but has no VPC presence
workmail.mailbox_detail,workmail,R1,regional,spatial,,regional,collectable but has no VPC presence
workmail.mailbox_export_job,workmail,R1,regional,spatial,,regional,collectable but has no VPC presence
workmail.mailbox_permission,workmail,R1,regional,spatial,,regional,collectable but has no VPC presence
workmail.mobile_device_access_effect,workmail,R1,regional,spatial,,regional,collectable but has no VPC presence
workmail.mobile_device_access_override,workmail,R1,regional,spatial,,regional,collectable but has no VPC presence
workmail.mobile_device_access_rule,workmail,R1,regional,spatial,,regional,collectable but has no VPC presence
workmail.organization,workmail,R1,regional,spatial,,regional,collectable but has no VPC presence
workmail.personal_access_token,workmail,R1,regional,spatial,,regional,collectable but has no VPC presence
workmail.personal_access_token_metadata,workmail,R1,regional,spatial,,regional,collectable but has no VPC presence
workmail.resource,workmail,R1,regional,spatial,,regional,collectable but has no VPC presence
workmail.resource_delegate,workmail,R1,regional,spatial,,regional,collectable but has no VPC presence
workmail.tags_for_resource,workmail,R1,regional,spatial,,regional,collectable but has no VPC presence
workmail.user,workmail,R1,regional,spatial,,regional,collectable but has no VPC presence
workmailmessageflow.raw_message_content,workmailmessageflow,R1,regional,spatial,,regional,collectable but has no VPC presence
workspaces-instances.instance_type,workspaces-instances,R1,regional,spatial,,regional,collectable but has no VPC presence
workspaces-instances.region,workspaces-instances,R1,regional,spatial,,regional,collectable but has no VPC presence
workspaces-instances.tags_for_resource,workspaces-instances,R1,regional,spatial,,regional,collectable but has no VPC presence
workspaces-instances.workspace_instance,workspaces-instances,R1,regional,spatial,,regional,collectable but has no VPC presence
workspaces-thin-client.device,workspaces-thin-client,R1,regional,spatial,,regional,collectable but has no VPC presence
workspaces-thin-client.environment,workspaces-thin-client,R1,regional,spatial,,regional,collectable but has no VPC presence
workspaces-thin-client.software_set,workspaces-thin-client,R1,regional,spatial,,regional,collectable but has no VPC presence
workspaces-thin-client.tags_for_resource,workspaces-thin-client,R1,regional,spatial,,regional,collectable but has no VPC presence
workspaces-web.browser_setting,workspaces-web,R1,regional,spatial,,regional,collectable but has no VPC presence
workspaces-web.data_protection_setting,workspaces-web,R1,regional,spatial,,regional,collectable but has no VPC presence
workspaces-web.identity_provider,workspaces-web,R1,regional,spatial,,regional,collectable but has no VPC presence
workspaces-web.ip_access_setting,workspaces-web,R1,regional,spatial,,regional,collectable but has no VPC presence
workspaces-web.portal,workspaces-web,R1,regional,spatial,,regional,collectable but has no VPC presence
workspaces-web.portal_service_provider_metadata,workspaces-web,R1,regional,spatial,,regional,collectable but has no VPC presence
workspaces-web.session,workspaces-web,R1,regional,spatial,,regional,collectable but has no VPC presence
workspaces-web.session_logger,workspaces-web,R1,regional,spatial,,regional,collectable but has no VPC presence
workspaces-web.tags_for_resource,workspaces-web,R1,regional,spatial,,regional,collectable but has no VPC presence
workspaces-web.trust_store,workspaces-web,R1,regional,spatial,,regional,collectable but has no VPC presence
workspaces-web.trust_store_certificate,workspaces-web,R1,regional,spatial,,regional,collectable but has no VPC presence
workspaces-web.user_access_logging_setting,workspaces-web,R1,regional,spatial,,regional,collectable but has no VPC presence
workspaces-web.user_setting,workspaces-web,R1,regional,spatial,,regional,collectable but has no VPC presence
workspaces-web.workspaces_web,workspaces-web,R1,regional,spatial,,regional,collectable but has no VPC presence
workspaces.workspaces_pool,workspaces,R1,regional,spatial,,regional,collectable but has no VPC presence
xray.encryption_config,xray,R1,regional,spatial,,regional,collectable but has no VPC presence
xray.group,xray,R1,regional,spatial,,regional,collectable but has no VPC presence
xray.resource_policy,xray,R1,regional,spatial,,regional,collectable but has no VPC presence
xray.sampling_rule,xray,R1,regional,spatial,,regional,collectable but has no VPC presence
xray.sampling_statistic_summary,xray,R1,regional,spatial,,regional,collectable but has no VPC presence
ec2.customer_gateway,ec2,R2,network,spatial,network,network-type,VPC-scoped but applies across subnets
ec2.dhcp_options,ec2,R2,network,spatial,network,network-type,VPC-scoped but applies across subnets
ec2.egress_only_internet_gateway,ec2,R2,network,spatial,network,network-type,VPC-scoped but applies across subnets
ec2.internet_gateway,ec2,R2,network,spatial,network,network-type,VPC-scoped but applies across subnets
ec2.nat_gateway,ec2,R2,network,spatial,network,network-type,VPC-scoped but applies across subnets
ec2.network_acl,ec2,R2,network,spatial,network,network-type,VPC-scoped but applies across subnets
ec2.network_acl_entry,ec2,R2,network,spatial,network,network-type,VPC-scoped but applies across subnets
ec2.network_insights_access_scope,ec2,R2,network,spatial,network,network-type,VPC-scoped but applies across subnets
ec2.network_insights_access_scope_analys,ec2,R2,network,spatial,network,network-type,VPC-scoped but applies across subnets
ec2.network_insights_access_scope_analysis,ec2,R2,network,spatial,network,network-type,VPC-scoped but applies across subnets
ec2.network_insights_analys,ec2,R2,network,spatial,network,network-type,VPC-scoped but applies across subnets
ec2.network_insights_analysis,ec2,R2,network,spatial,network,network-type,VPC-scoped but applies across subnets
ec2.network_insights_path,ec2,R2,network,spatial,network,network-type,VPC-scoped but applies across subnets
ec2.prefix_list,ec2,R2,network,spatial,network,network-type,VPC-scoped but applies across subnets
ec2.route_table,ec2,R2,network,spatial,network,network-type,VPC-scoped but applies across subnets
ec2.security_group,ec2,R2,network,spatial,network,network-type,VPC-scoped but applies across subnets
ec2.security_group_egress,ec2,R2,network,spatial,network,network-type,VPC-scoped but applies across subnets
ec2.security_group_ingress,ec2,R2,network,spatial,network,network-type,VPC-scoped but applies across subnets
ec2.security_group_rule,ec2,R2,network,spatial,network,network-type,VPC-scoped but applies across subnets
ec2.security_group_vpc_association,ec2,R2,network,spatial,network,network-type,VPC-scoped but applies across subnets
ec2.transit_gateway,ec2,R2,network,spatial,network,network-type,VPC-scoped but applies across subnets
ec2.transit_gateway_attachment,ec2,R2,network,spatial,network,network-type,VPC-scoped but applies across subnets
ec2.transit_gateway_connect,ec2,R2,network,spatial,network,network-type,VPC-scoped but applies across subnets
ec2.transit_gateway_connect_peer,ec2,R2,network,spatial,network,network-type,VPC-scoped but applies across subnets
ec2.transit_gateway_metering_policy,ec2,R2,network,spatial,network,network-type,VPC-scoped but applies across subnets
ec2.transit_gateway_metering_policy_entry,ec2,R2,network,spatial,network,network-type,VPC-scoped but applies across subnets
ec2.transit_gateway_multicast_domain,ec2,R2,network,spatial,network,network-type,VPC-scoped but applies across subnets
ec2.transit_gateway_multicast_domain_association,ec2,R2,network,spatial,network,network-type,VPC-scoped but applies across subnets
ec2.transit_gateway_multicast_group_member,ec2,R2,network,spatial,network,network-type,VPC-scoped but applies across subnets
ec2.transit_gateway_multicast_group_source,ec2,R2,network,spatial,network,network-type,VPC-scoped but applies across subnets
ec2.transit_gateway_peering_attachment,ec2,R2,network,spatial,network,network-type,VPC-scoped but applies across subnets
ec2.transit_gateway_policy_table,ec2,R2,network,spatial,network,network-type,VPC-scoped but applies across subnets
ec2.transit_gateway_policy_table_association,ec2,R2,network,spatial,network,network-type,VPC-scoped but applies across subnets
ec2.transit_gateway_policy_table_entry,ec2,R2,network,spatial,network,network-type,VPC-scoped but applies across subnets
ec2.transit_gateway_route,ec2,R2,network,spatial,network,network-type,VPC-scoped but applies across subnets
ec2.transit_gateway_route_table,ec2,R2,network,spatial,network,network-type,VPC-scoped but applies across subnets
ec2.transit_gateway_route_table_association,ec2,R2,network,spatial,network,network-type,VPC-scoped but applies across subnets
ec2.transit_gateway_route_table_propagation,ec2,R2,network,spatial,network,network-type,VPC-scoped but applies across subnets
ec2.transit_gateway_vpc_attachment,ec2,R2,network,spatial,network,network-type,VPC-scoped but applies across subnets
ec2.vpc_endpoint,ec2,R2,network,spatial,network,network-type,VPC-scoped but applies across subnets
ec2.vpc_endpoint_association,ec2,R2,network,spatial,network,network-type,VPC-scoped but applies across subnets
ec2.vpc_endpoint_connection,ec2,R2,network,spatial,network,network-type,VPC-scoped but applies across subnets
ec2.vpc_endpoint_connection_notification,ec2,R2,network,spatial,network,network-type,VPC-scoped but applies across subnets
ec2.vpc_endpoint_service,ec2,R2,network,spatial,network,network-type,VPC-scoped but applies across subnets
ec2.vpc_endpoint_service_configuration,ec2,R2,network,spatial,network,network-type,VPC-scoped but applies across subnets
ec2.vpc_endpoint_service_permissions,ec2,R2,network,spatial,network,network-type,VPC-scoped but applies across subnets
ec2.vpc_peering_connection,ec2,R2,network,spatial,network,network-type,VPC-scoped but applies across subnets
ec2.vpn_connection,ec2,R2,network,spatial,network,network-type,VPC-scoped but applies across subnets
ec2.vpn_connection_route,ec2,R2,network,spatial,network,network-type,VPC-scoped but applies across subnets
ec2.vpn_gateway,ec2,R2,network,spatial,network,network-type,VPC-scoped but applies across subnets
ec2.vpn_gateway_route_propagation,ec2,R2,network,spatial,network,network-type,VPC-scoped but applies across subnets
autoscaling.launch_configuration,autoscaling,R3,image,spatial,image,image-type,"provenance, not position"
ec2.ami,ec2,R3,image,spatial,image,image-type,"provenance, not position"
ec2.images_in_recycle_bin,ec2,R3,image,spatial,image,image-type,"provenance, not position"
ec2.launch_template,ec2,R3,image,spatial,image,image-type,"provenance, not position"
ec2.launch_template_data,ec2,R3,image,spatial,image,image-type,"provenance, not position"
ec2.launch_template_version,ec2,R3,image,spatial,image,image-type,"provenance, not position"
ec2.snapshot_attribute,ec2,R3,image,spatial,image,image-type,"provenance, not position"
ec2.snapshot_block_public_access,ec2,R3,image,spatial,image,image-type,"provenance, not position"
ec2.snapshots_in_recycle_bin,ec2,R3,image,spatial,image,image-type,"provenance, not position"
imagebuilder.component,imagebuilder,R3,image,spatial,image,image-type,"provenance, not position"
imagebuilder.component_build_version,imagebuilder,R3,image,spatial,image,image-type,"provenance, not position"
imagebuilder.component_policy,imagebuilder,R3,image,spatial,image,image-type,"provenance, not position"
imagebuilder.container_recipe,imagebuilder,R3,image,spatial,image,image-type,"provenance, not position"
imagebuilder.container_recipe_policy,imagebuilder,R3,image,spatial,image,image-type,"provenance, not position"
imagebuilder.distribution_configuration,imagebuilder,R3,image,spatial,image,image-type,"provenance, not position"
imagebuilder.image,imagebuilder,R3,image,spatial,image,image-type,"provenance, not position"
imagebuilder.image_build_version,imagebuilder,R3,image,spatial,image,image-type,"provenance, not position"
imagebuilder.image_package,imagebuilder,R3,image,spatial,image,image-type,"provenance, not position"
imagebuilder.image_pipeline,imagebuilder,R3,image,spatial,image,image-type,"provenance, not position"
imagebuilder.image_pipeline_image,imagebuilder,R3,image,spatial,image,image-type,"provenance, not position"
imagebuilder.image_policy,imagebuilder,R3,image,spatial,image,image-type,"provenance, not position"
imagebuilder.image_recipe,imagebuilder,R3,image,spatial,image,image-type,"provenance, not position"
imagebuilder.image_recipe_policy,imagebuilder,R3,image,spatial,image,image-type,"provenance, not position"
imagebuilder.image_scan_finding,imagebuilder,R3,image,spatial,image,image-type,"provenance, not position"
imagebuilder.image_scan_finding_aggregation,imagebuilder,R3,image,spatial,image,image-type,"provenance, not position"
imagebuilder.infrastructure_configuration,imagebuilder,R3,image,spatial,image,image-type,"provenance, not position"
imagebuilder.lifecycle_execution,imagebuilder,R3,image,spatial,image,image-type,"provenance, not position"
imagebuilder.lifecycle_execution_resource,imagebuilder,R3,image,spatial,image,image-type,"provenance, not position"
imagebuilder.lifecycle_policy,imagebuilder,R3,image,spatial,image,image-type,"provenance, not position"
imagebuilder.marketplace_resource,imagebuilder,R3,image,spatial,image,image-type,"provenance, not position"
imagebuilder.tags_for_resource,imagebuilder,R3,image,spatial,image,image-type,"provenance, not position"
imagebuilder.waiting_workflow_step,imagebuilder,R3,image,spatial,image,image-type,"provenance, not position"
imagebuilder.workflow,imagebuilder,R3,image,spatial,image,image-type,"provenance, not position"
imagebuilder.workflow_build_version,imagebuilder,R3,image,spatial,image,image-type,"provenance, not position"
imagebuilder.workflow_execution,imagebuilder,R3,image,spatial,image,image-type,"provenance, not position"
imagebuilder.workflow_step_execution,imagebuilder,R3,image,spatial,image,image-type,"provenance, not position"
acm-pca.certificate,acmpca,X0,uncollectable,none,,default,no read API; cannot be collected
acm-pca.certificate_authority_activation,acmpca,X0,uncollectable,none,,default,no read API; cannot be collected
acm-pca.permission,acmpca,X0,uncollectable,none,,default,no read API; cannot be collected
amplify.domain,amplify,X0,uncollectable,none,,default,no read API; cannot be collected
apigateway.base_path_mapping,apigateway,X0,uncollectable,none,dns,default,no read API; cannot be collected
apigateway.base_path_mapping_v2,apigateway,X0,uncollectable,none,dns,default,no read API; cannot be collected
apigateway.deployment,apigateway,X0,uncollectable,none,dns,default,no read API; cannot be collected
apigateway.documentation_part,apigateway,X0,uncollectable,none,dns,default,no read API; cannot be collected
apigateway.documentation_version,apigateway,X0,uncollectable,none,dns,default,no read API; cannot be collected
apigateway.domain_name_v2,apigateway,X0,uncollectable,none,dns,default,no read API; cannot be collected
apigateway.gateway_response,apigateway,X0,uncollectable,none,dns,default,no read API; cannot be collected
apigateway.model,apigateway,X0,uncollectable,none,dns,default,no read API; cannot be collected
apigateway.rest_account,apigateway,X0,uncollectable,none,dns,default,no read API; cannot be collected
apigateway.usage_plan_key,apigateway,X0,uncollectable,none,dns,default,no read API; cannot be collected
apigatewayv2.api_gateway_managed_overrides,apigatewayv2,X0,uncollectable,none,dns,default,no read API; cannot be collected
apigatewayv2.api_mapping,apigatewayv2,X0,uncollectable,none,dns,default,no read API; cannot be collected
apigatewayv2.authorizer,apigatewayv2,X0,uncollectable,none,dns,default,no read API; cannot be collected
apigatewayv2.deployment,apigatewayv2,X0,uncollectable,none,dns,default,no read API; cannot be collected
apigatewayv2.integration_response,apigatewayv2,X0,uncollectable,none,dns,default,no read API; cannot be collected
apigatewayv2.model,apigatewayv2,X0,uncollectable,none,dns,default,no read API; cannot be collected
apigatewayv2.route_response,apigatewayv2,X0,uncollectable,none,dns,default,no read API; cannot be collected
apigatewayv2.routing_rule,apigatewayv2,X0,uncollectable,none,dns,default,no read API; cannot be collected
application-signals.discovery,applicationsignals,X0,uncollectable,none,,default,no read API; cannot be collected
application-signals.grouping_configuration,applicationsignals,X0,uncollectable,none,,default,no read API; cannot be collected
appstream.application_entitlement_association,appstream,X0,uncollectable,none,,default,no read API; cannot be collected
appstream.entitlement,appstream,X0,uncollectable,none,,default,no read API; cannot be collected
appstream.stack_fleet_association,appstream,X0,uncollectable,none,,default,no read API; cannot be collected
appstream.stack_user_association,appstream,X0,uncollectable,none,,default,no read API; cannot be collected
appstream.user,appstream,X0,uncollectable,none,,default,no read API; cannot be collected
appsync.api_cache,appsync,X0,uncollectable,none,,default,no read API; cannot be collected
appsync.api_key,appsync,X0,uncollectable,none,,default,no read API; cannot be collected
appsync.channel_namespace,appsync,X0,uncollectable,none,,default,no read API; cannot be collected
appsync.data_source,appsync,X0,uncollectable,none,,default,no read API; cannot be collected
appsync.domain_name_api_association,appsync,X0,uncollectable,none,,default,no read API; cannot be collected
appsync.function_configuration,appsync,X0,uncollectable,none,,default,no read API; cannot be collected
appsync.graph_ql_schema,appsync,X0,uncollectable,none,,default,no read API; cannot be collected
appsync.resolver,appsync,X0,uncollectable,none,,default,no read API; cannot be collected
appsync.source_api_association,appsync,X0,uncollectable,none,,default,no read API; cannot be collected
apptest.test_case,apptest,X0,uncollectable,none,,default,no read API; cannot be collected
aps.anomaly_detector,aps,X0,uncollectable,none,,default,no read API; cannot be collected
aps.resource_policy,aps,X0,uncollectable,none,,default,no read API; cannot be collected
aps.rule_groups_namespace,aps,X0,uncollectable,none,,default,no read API; cannot be collected
aps.scraper,aps,X0,uncollectable,none,,default,no read API; cannot be collected
aps.workspace,aps,X0,uncollectable,none,,default,no read API; cannot be collected
arc-zonal-shift.zonal_autoshift_configuration,arczonalshift,X0,uncollectable,none,,default,no read API; cannot be collected
ask.skill,ask,X0,uncollectable,none,,default,no read API; cannot be collected
autoscaling.lifecycle_hook,autoscaling,X0,uncollectable,none,,default,no read API; cannot be collected
autoscaling.warm_pool,autoscaling,X0,uncollectable,none,,default,no read API; cannot be collected
awsexternalanthropic.workspace,awsexternalanthropic,X0,uncollectable,none,,default,no read API; cannot be collected
bcm.dashboard,bcm,X0,uncollectable,none,,default,no read API; cannot be collected
bedrockagentcore.api_key_credential_provider,bedrockagentcore,X0,uncollectable,none,,default,no read API; cannot be collected
bedrockagentcore.browser_custom,bedrockagentcore,X0,uncollectable,none,,default,no read API; cannot be collected
bedrockagentcore.browser_profile,bedrockagentcore,X0,uncollectable,none,,default,no read API; cannot be collected
bedrockagentcore.code_interpreter_custom,bedrockagentcore,X0,uncollectable,none,,default,no read API; cannot be collected
bedrockagentcore.configuration_bundle,bedrockagentcore,X0,uncollectable,none,,default,no read API; cannot be collected
bedrockagentcore.dataset,bedrockagentcore,X0,uncollectable,none,,default,no read API; cannot be collected
bedrockagentcore.evaluator,bedrockagentcore,X0,uncollectable,none,,default,no read API; cannot be collected
bedrockagentcore.gateway,bedrockagentcore,X0,uncollectable,none,,default,no read API; cannot be collected
bedrockagentcore.gateway_target,bedrockagentcore,X0,uncollectable,none,,default,no read API; cannot be collected
bedrockagentcore.harness,bedrockagentcore,X0,uncollectable,none,,default,no read API; cannot be collected
bedrockagentcore.harness_endpoint,bedrockagentcore,X0,uncollectable,none,,default,no read API; cannot be collected
bedrockagentcore.memory,bedrockagentcore,X0,uncollectable,none,,default,no read API; cannot be collected
bedrockagentcore.o_auth2_credential_provider,bedrockagentcore,X0,uncollectable,none,,default,no read API; cannot be collected
bedrockagentcore.online_evaluation_config,bedrockagentcore,X0,uncollectable,none,,default,no read API; cannot be collected
bedrockagentcore.payment_connector,bedrockagentcore,X0,uncollectable,none,,default,no read API; cannot be collected
bedrockagentcore.payment_credential_provider,bedrockagentcore,X0,uncollectable,none,,default,no read API; cannot be collected
bedrockagentcore.payment_manager,bedrockagentcore,X0,uncollectable,none,,default,no read API; cannot be collected
bedrockagentcore.policy,bedrockagentcore,X0,uncollectable,none,,default,no read API; cannot be collected
bedrockagentcore.policy_engine,bedrockagentcore,X0,uncollectable,none,,default,no read API; cannot be collected
bedrockagentcore.resource_policy,bedrockagentcore,X0,uncollectable,none,,default,no read API; cannot be collected
bedrockagentcore.runtime,bedrockagentcore,X0,uncollectable,none,,default,no read API; cannot be collected
bedrockagentcore.runtime_endpoint,bedrockagentcore,X0,uncollectable,none,,default,no read API; cannot be collected
bedrockagentcore.workload_identity,bedrockagentcore,X0,uncollectable,none,,default,no read API; cannot be collected
bedrockmantle.project,bedrockmantle,X0,uncollectable,none,,default,no read API; cannot be collected
cases.case_rule,cases,X0,uncollectable,none,,default,no read API; cannot be collected
cases.domain,cases,X0,uncollectable,none,,default,no read API; cannot be collected
cases.field,cases,X0,uncollectable,none,,default,no read API; cannot be collected
cases.layout,cases,X0,uncollectable,none,,default,no read API; cannot be collected
cases.template,cases,X0,uncollectable,none,,default,no read API; cannot be collected
cassandra.keyspace,cassandra,X0,uncollectable,none,,default,no read API; cannot be collected
cassandra.table,cassandra,X0,uncollectable,none,,default,no read API; cannot be collected
cassandra.type,cassandra,X0,uncollectable,none,,default,no read API; cannot be collected
chime.app_instance_bot,chime,X0,uncollectable,none,,default,no read API; cannot be collected
chime.app_instance_user,chime,X0,uncollectable,none,,default,no read API; cannot be collected
cleanrooms.intermediate_table,cleanrooms,X0,uncollectable,none,,default,no read API; cannot be collected
cloud9.environment_ec2,cloud9,X0,uncollectable,none,,default,no read API; cannot be collected
codeartifact.package_group,codeartifact,X0,uncollectable,none,,default,no read API; cannot be collected
codestar.git_hub_repository,codestar,X0,uncollectable,none,,default,no read API; cannot be collected
cognito-identity.identity_pool_principal_tag,cognito-identity,X0,uncollectable,none,,default,no read API; cannot be collected
cognito-identity.identity_pool_role_attachment,cognito-identity,X0,uncollectable,none,,default,no read API; cannot be collected
cognito-identity.log_delivery_configuration,cognito-identity,X0,uncollectable,none,,default,no read API; cannot be collected
cognito-identity.managed_login_branding,cognito-identity,X0,uncollectable,none,,default,no read API; cannot be collected
cognito-identity.terms,cognito-identity,X0,uncollectable,none,,default,no read API; cannot be collected
cognito-identity.user_pool_client,cognito-identity,X0,uncollectable,none,,default,no read API; cannot be collected
cognito-identity.user_pool_domain,cognito-identity,X0,uncollectable,none,,default,no read API; cannot be collected
cognito-identity.user_pool_group,cognito-identity,X0,uncollectable,none,,default,no read API; cannot be collected
cognito-identity.user_pool_identity_provider,cognito-identity,X0,uncollectable,none,,default,no read API; cannot be collected
cognito-identity.user_pool_regional_configuration_attachment,cognito-identity,X0,uncollectable,none,,default,no read API; cannot be collected
cognito-identity.user_pool_replica,cognito-identity,X0,uncollectable,none,,default,no read API; cannot be collected
cognito-identity.user_pool_resource_server,cognito-identity,X0,uncollectable,none,,default,no read API; cannot be collected
cognito-identity.user_pool_risk_configuration_attachment,cognito-identity,X0,uncollectable,none,,default,no read API; cannot be collected
cognito-identity.user_pool_ui_customization_attachment,cognito-identity,X0,uncollectable,none,,default,no read API; cannot be collected
cognito-identity.user_pool_user,cognito-identity,X0,uncollectable,none,,default,no read API; cannot be collected
cognito-identity.user_pool_user_to_group_attachment,cognito-identity,X0,uncollectable,none,,default,no read API; cannot be collected
compute-optimizer.automation_rule,computeoptimizer,X0,uncollectable,none,,default,no read API; cannot be collected
connect.data_lake_association,connect,X0,uncollectable,none,,default,no read API; cannot be collected
connect.data_table,connect,X0,uncollectable,none,,default,no read API; cannot be collected
connect.data_table_attribute,connect,X0,uncollectable,none,,default,no read API; cannot be collected
connect.data_table_record,connect,X0,uncollectable,none,,default,no read API; cannot be collected
connect.notification,connect,X0,uncollectable,none,,default,no read API; cannot be collected
connect.test_case,connect,X0,uncollectable,none,,default,no read API; cannot be collected
connect.workspace,connect,X0,uncollectable,none,,default,no read API; cannot be collected
customer-profiles.domain_object_type,customerprofiles,X0,uncollectable,none,,default,no read API; cannot be collected
customer-profiles.object_type,customerprofiles,X0,uncollectable,none,,default,no read API; cannot be collected
customer-profiles.recommender,customerprofiles,X0,uncollectable,none,,default,no read API; cannot be collected
datasync.location_azure_blob,datasync,X0,uncollectable,none,,default,no read API; cannot be collected
datasync.location_efs,datasync,X0,uncollectable,none,,default,no read API; cannot be collected
datasync.location_f_sx_lustre,datasync,X0,uncollectable,none,,default,no read API; cannot be collected
datasync.location_f_sx_ontap,datasync,X0,uncollectable,none,,default,no read API; cannot be collected
datasync.location_f_sx_open_zfs,datasync,X0,uncollectable,none,,default,no read API; cannot be collected
datasync.location_f_sx_windows,datasync,X0,uncollectable,none,,default,no read API; cannot be collected
datasync.location_hdfs,datasync,X0,uncollectable,none,,default,no read API; cannot be collected
datasync.location_nfs,datasync,X0,uncollectable,none,,default,no read API; cannot be collected
datasync.location_object_storage,datasync,X0,uncollectable,none,,default,no read API; cannot be collected
datasync.location_s3,datasync,X0,uncollectable,none,,default,no read API; cannot be collected
datasync.location_smb,datasync,X0,uncollectable,none,,default,no read API; cannot be collected
detective.member_invitation,detective,X0,uncollectable,none,,default,no read API; cannot be collected
detective.organization_admin,detective,X0,uncollectable,none,,default,no read API; cannot be collected
devopsagent.agent_space,devopsagent,X0,uncollectable,none,,default,no read API; cannot be collected
devopsagent.association,devopsagent,X0,uncollectable,none,,default,no read API; cannot be collected
devopsagent.private_connection,devopsagent,X0,uncollectable,none,,default,no read API; cannot be collected
devopsagent.service,devopsagent,X0,uncollectable,none,,default,no read API; cannot be collected
devops-guru.log_anomaly_detection_integration,devopsguru,X0,uncollectable,none,,default,no read API; cannot be collected
directconnect.private_virtual_interface,directconnect,X0,uncollectable,none,,default,no read API; cannot be collected
directconnect.public_virtual_interface,directconnect,X0,uncollectable,none,,default,no read API; cannot be collected
directconnect.transit_virtual_interface,directconnect,X0,uncollectable,none,,default,no read API; cannot be collected
directoryservice.microsoft_ad,directoryservice,X0,uncollectable,none,,default,no read API; cannot be collected
directoryservice.simple_ad,directoryservice,X0,uncollectable,none,,default,no read API; cannot be collected
ec2.capacity_manager_data_export,ec2,X0,uncollectable,none,,default,no read API; cannot be collected
ec2.client_vpn_authorization_rule,ec2,X0,uncollectable,none,,default,no read API; cannot be collected
ec2.client_vpn_route,ec2,X0,uncollectable,none,,default,no read API; cannot be collected
ec2.ec2_fleet,ec2,X0,uncollectable,none,,default,no read API; cannot be collected
ec2.eip_association,ec2,X0,uncollectable,none,,default,no read API; cannot be collected
ec2.enclave_certificate_iam_role_association,ec2,X0,uncollectable,none,,default,no read API; cannot be collected
ec2.gateway_route_table_association,ec2,X0,uncollectable,none,,default,no read API; cannot be collected
ec2.ip_pool_route_table_association,ec2,X0,uncollectable,none,,default,no read API; cannot be collected
ec2.ipam_allocation,ec2,X0,uncollectable,none,,default,no read API; cannot be collected
ec2.ipam_pool_cidr,ec2,X0,uncollectable,none,,default,no read API; cannot be collected
ec2.local_gateway_route,ec2,X0,uncollectable,none,,default,no read API; cannot be collected
ec2.network_interface_attachment,ec2,X0,uncollectable,none,,default,no read API; cannot be collected
ec2.network_performance_metric_subscription,ec2,X0,uncollectable,none,,default,no read API; cannot be collected
ec2.route,ec2,X0,uncollectable,none,,default,no read API; cannot be collected
ec2.route_server,ec2,X0,uncollectable,none,,default,no read API; cannot be collected
ec2.route_server_association,ec2,X0,uncollectable,none,,default,no read API; cannot be collected
ec2.route_server_endpoint,ec2,X0,uncollectable,none,,default,no read API; cannot be collected
ec2.route_server_peer,ec2,X0,uncollectable,none,,default,no read API; cannot be collected
ec2.route_server_propagation,ec2,X0,uncollectable,none,,default,no read API; cannot be collected
ec2.sql_ha_standby_detected_instance,ec2,X0,uncollectable,none,,default,no read API; cannot be collected
ec2.subnet_cidr_block,ec2,X0,uncollectable,none,,default,no read API; cannot be collected
ec2.subnet_network_acl_association,ec2,X0,uncollectable,none,,default,no read API; cannot be collected
ec2.subnet_route_table_association,ec2,X0,uncollectable,none,,default,no read API; cannot be collected
ec2.traffic_mirror_filter_rule,ec2,X0,uncollectable,none,,default,no read API; cannot be collected
ec2.volume_attachment,ec2,X0,uncollectable,none,,default,no read API; cannot be collected
ec2.vpc_cidr_block,ec2,X0,uncollectable,none,,default,no read API; cannot be collected
ec2.vpc_encryption_control,ec2,X0,uncollectable,none,,default,no read API; cannot be collected
ec2.vpc_gateway_attachment,ec2,X0,uncollectable,none,,default,no read API; cannot be collected
ec2.vpcdhcp_options_association,ec2,X0,uncollectable,none,,default,no read API; cannot be collected
ec2.vpn_concentrator,ec2,X0,uncollectable,none,,default,no read API; cannot be collected
ecs.cluster_capacity_provider_associations,ecs,X0,uncollectable,none,,default,no read API; cannot be collected
ecs.daemon,ecs,X0,uncollectable,none,,default,no read API; cannot be collected
ecs.daemon_task_definition,ecs,X0,uncollectable,none,,default,no read API; cannot be collected
ecs.express_gateway_service,ecs,X0,uncollectable,none,,default,no read API; cannot be collected
ecs.primary_task_set,ecs,X0,uncollectable,none,,default,no read API; cannot be collected
eks.capability,eks,X0,uncollectable,none,,default,no read API; cannot be collected
eks.identity_provider_config,eks,X0,uncollectable,none,,default,no read API; cannot be collected
eks.pod_identity_association,eks,X0,uncollectable,none,,default,no read API; cannot be collected
elasticbeanstalk.configuration_template,elasticbeanstalk,X0,uncollectable,none,,default,no read API; cannot be collected
elbv2.listener_rule,elbv2,X0,uncollectable,none,dns,default,no read API; cannot be collected
elbv2.trust_store_revocation,elbv2,X0,uncollectable,none,dns,default,no read API; cannot be collected
elementalinference.dictionary,elementalinference,X0,uncollectable,none,,default,no read API; cannot be collected
elementalinference.feed,elementalinference,X0,uncollectable,none,,default,no read API; cannot be collected
emr-containers.endpoint,emrcontainers,X0,uncollectable,none,,default,no read API; cannot be collected
entityresolution.policy_statement,entityresolution,X0,uncollectable,none,,default,no read API; cannot be collected
eventschemas.registry_policy,eventschemas,X0,uncollectable,none,,default,no read API; cannot be collected
eventschemas.schema,eventschemas,X0,uncollectable,none,,default,no read API; cannot be collected
fsx.s3_access_point_attachment,fsx,X0,uncollectable,none,,default,no read API; cannot be collected
groundstation.dataflow_endpoint_group_v2,groundstation,X0,uncollectable,none,,default,no read API; cannot be collected
guardduty.filter,guardduty,X0,uncollectable,none,,default,no read API; cannot be collected
guardduty.ip_set,guardduty,X0,uncollectable,none,,default,no read API; cannot be collected
guardduty.malware_protection_plan,guardduty,X0,uncollectable,none,,default,no read API; cannot be collected
guardduty.master,guardduty,X0,uncollectable,none,,default,no read API; cannot be collected
guardduty.member,guardduty,X0,uncollectable,none,,default,no read API; cannot be collected
guardduty.publishing_destination,guardduty,X0,uncollectable,none,,default,no read API; cannot be collected
guardduty.threat_entity_set,guardduty,X0,uncollectable,none,,default,no read API; cannot be collected
guardduty.threat_intel_set,guardduty,X0,uncollectable,none,,default,no read API; cannot be collected
guardduty.trusted_entity_set,guardduty,X0,uncollectable,none,,default,no read API; cannot be collected
healthimaging.datastore,healthimaging,X0,uncollectable,none,,default,no read API; cannot be collected
healthlake.data_transformation_profile,healthlake,X0,uncollectable,none,,default,no read API; cannot be collected
inspector.resource_group,inspector,X0,uncollectable,none,,default,no read API; cannot be collected
inspectorv2.cis_scan_configuration,inspectorv2,X0,uncollectable,none,,default,no read API; cannot be collected
inspectorv2.code_security_integration,inspectorv2,X0,uncollectable,none,,default,no read API; cannot be collected
inspectorv2.code_security_scan_configuration,inspectorv2,X0,uncollectable,none,,default,no read API; cannot be collected
inspectorv2.filter,inspectorv2,X0,uncollectable,none,,default,no read API; cannot be collected
interconnect.connection,interconnect,X0,uncollectable,none,,default,no read API; cannot be collected
iot.logging,iot,X0,uncollectable,none,,default,no read API; cannot be collected
iot.policy_principal_attachment,iot,X0,uncollectable,none,,default,no read API; cannot be collected
iot.resource_specific_logging,iot,X0,uncollectable,none,,default,no read API; cannot be collected
iot.software_package,iot,X0,uncollectable,none,,default,no read API; cannot be collected
iot.software_package_version,iot,X0,uncollectable,none,,default,no read API; cannot be collected
iot.thing_principal_attachment,iot,X0,uncollectable,none,,default,no read API; cannot be collected
iotcoredeviceadvisor.suite_definition,iotcoredeviceadvisor,X0,uncollectable,none,,default,no read API; cannot be collected
ivs.encoder_configuration,ivs,X0,uncollectable,none,,default,no read API; cannot be collected
ivs.ingest_configuration,ivs,X0,uncollectable,none,,default,no read API; cannot be collected
ivs.public_key,ivs,X0,uncollectable,none,,default,no read API; cannot be collected
ivs.stage,ivs,X0,uncollectable,none,,default,no read API; cannot be collected
ivs.storage_configuration,ivs,X0,uncollectable,none,,default,no read API; cannot be collected
kafka.batch_scram_secret,kafka,X0,uncollectable,none,,default,no read API; cannot be collected
kafka.channel,kafka,X0,uncollectable,none,,default,no read API; cannot be collected
kafka.serverless_cluster,kafka,X0,uncollectable,none,,default,no read API; cannot be collected
kendra.index,kendra,X0,uncollectable,none,,default,no read API; cannot be collected
kendra-ranking.execution_plan,kendraranking,X0,uncollectable,none,,default,no read API; cannot be collected
kinesisanalytics.application_output,kinesisanalytics,X0,uncollectable,none,,default,no read API; cannot be collected
kinesisanalytics.application_reference_data_source,kinesisanalytics,X0,uncollectable,none,,default,no read API; cannot be collected
kinesisanalyticsv2.application_cloud_watch_logging_option,kinesisanalyticsv2,X0,uncollectable,none,,default,no read API; cannot be collected
kinesisanalyticsv2.application_output,kinesisanalyticsv2,X0,uncollectable,none,,default,no read API; cannot be collected
kinesisanalyticsv2.application_reference_data_source,kinesisanalyticsv2,X0,uncollectable,none,,default,no read API; cannot be collected
lakeformation.principal_permissions,lakeformation,X0,uncollectable,none,,default,no read API; cannot be collected
lakeformation.tag,lakeformation,X0,uncollectable,none,,default,no read API; cannot be collected
lakeformation.tag_association,lakeformation,X0,uncollectable,none,,default,no read API; cannot be collected
lambda.alias,lambda,X0,uncollectable,none,,default,no read API; cannot be collected
lambda.capacity_provider,lambda,X0,uncollectable,none,,default,no read API; cannot be collected
lambda.event_invoke_config,lambda,X0,uncollectable,none,,default,no read API; cannot be collected
lambda.layer_version_permission,lambda,X0,uncollectable,none,,default,no read API; cannot be collected
lambda.microvm_image,lambda,X0,uncollectable,none,,default,no read API; cannot be collected
lambda.network_connector,lambda,X0,uncollectable,none,,default,no read API; cannot be collected
lambda.permission,lambda,X0,uncollectable,none,,default,no read API; cannot be collected
lambda.url,lambda,X0,uncollectable,none,,default,no read API; cannot be collected
lex-models.bot_alias,lex-models,X0,uncollectable,none,,default,no read API; cannot be collected
lex-models.bot_version,lex-models,X0,uncollectable,none,,default,no read API; cannot be collected
lex-models.resource_policy,lex-models,X0,uncollectable,none,,default,no read API; cannot be collected
lightsail.container,lightsail,X0,uncollectable,none,,default,no read API; cannot be collected
lightsail.database,lightsail,X0,uncollectable,none,,default,no read API; cannot be collected
lightsail.database_snapshot,lightsail,X0,uncollectable,none,,default,no read API; cannot be collected
lightsail.load_balancer_tls_certificate,lightsail,X0,uncollectable,none,,default,no read API; cannot be collected
location.api_key,location,X0,uncollectable,none,,default,no read API; cannot be collected
macie.custom_data_identifier,macie,X0,uncollectable,none,,default,no read API; cannot be collected
macie.session,macie,X0,uncollectable,none,,default,no read API; cannot be collected
mediaconnect.bridge_output,mediaconnect,X0,uncollectable,none,,default,no read API; cannot be collected
mediaconnect.bridge_source,mediaconnect,X0,uncollectable,none,,default,no read API; cannot be collected
mediaconnect.flow_entitlement,mediaconnect,X0,uncollectable,none,,default,no read API; cannot be collected
mediaconnect.flow_output,mediaconnect,X0,uncollectable,none,,default,no read API; cannot be collected
mediaconnect.flow_source,mediaconnect,X0,uncollectable,none,,default,no read API; cannot be collected
mediaconnect.flow_vpc_interface,mediaconnect,X0,uncollectable,none,,default,no read API; cannot be collected
mediapackage.asset,mediapackage,X0,uncollectable,none,,default,no read API; cannot be collected
mediapackage.packaging_configuration,mediapackage,X0,uncollectable,none,,default,no read API; cannot be collected
mediapackage.packaging_group,mediapackage,X0,uncollectable,none,,default,no read API; cannot be collected
notifications.managed_notification_account_contact_association,notifications,X0,uncollectable,none,,default,no read API; cannot be collected
notifications.managed_notification_additional_channel_association,notifications,X0,uncollectable,none,,default,no read API; cannot be collected
notifications.organizational_unit_association,notifications,X0,uncollectable,none,,default,no read API; cannot be collected
novaact.workflow_definition,novaact,X0,uncollectable,none,,default,no read API; cannot be collected
observabilityadmin.organization_centralization_rule,observabilityadmin,X0,uncollectable,none,,default,no read API; cannot be collected
observabilityadmin.organization_telemetry_rule,observabilityadmin,X0,uncollectable,none,,default,no read API; cannot be collected
observabilityadmin.s3_table_integration,observabilityadmin,X0,uncollectable,none,,default,no read API; cannot be collected
observabilityadmin.telemetry_enrichment,observabilityadmin,X0,uncollectable,none,,default,no read API; cannot be collected
observabilityadmin.telemetry_pipelines,observabilityadmin,X0,uncollectable,none,,default,no read API; cannot be collected
omics.configuration,omics,X0,uncollectable,none,,default,no read API; cannot be collected
opensearchserverless.collection_group,opensearchserverless,X0,uncollectable,none,,default,no read API; cannot be collected
opensearchserverless.collection_index,opensearchserverless,X0,uncollectable,none,,default,no read API; cannot be collected
opensearchservice.application,opensearchservice,X0,uncollectable,none,,default,no read API; cannot be collected
opensearchservice.domain,opensearchservice,X0,uncollectable,none,,default,no read API; cannot be collected
opsworkscm.opswork_cm,opsworkscm,X0,uncollectable,none,,default,no read API; cannot be collected
pca-connector-scep.challenge,pcaconnectorscep,X0,uncollectable,none,,default,no read API; cannot be collected
pinpoint-email.dedicated_ip_pool,pinpointemail,X0,uncollectable,none,,default,no read API; cannot be collected
pinpoint-email.identity,pinpointemail,X0,uncollectable,none,,default,no read API; cannot be collected
qbusiness.permission,qbusiness,X0,uncollectable,none,,default,no read API; cannot be collected
qldb.stream,qldb,X0,uncollectable,none,,default,no read API; cannot be collected
quicksight.action_connector,quicksight,X0,uncollectable,none,,default,no read API; cannot be collected
quicksight.agent,quicksight,X0,uncollectable,none,,default,no read API; cannot be collected
quicksight.analysis,quicksight,X0,uncollectable,none,,default,no read API; cannot be collected
quicksight.custom_permissions,quicksight,X0,uncollectable,none,,default,no read API; cannot be collected
quicksight.data_source,quicksight,X0,uncollectable,none,,default,no read API; cannot be collected
quicksight.flow,quicksight,X0,uncollectable,none,,default,no read API; cannot be collected
quicksight.folder,quicksight,X0,uncollectable,none,,default,no read API; cannot be collected
quicksight.knowledge_base,quicksight,X0,uncollectable,none,,default,no read API; cannot be collected
quicksight.o_auth_client_application,quicksight,X0,uncollectable,none,,default,no read API; cannot be collected
quicksight.refresh_schedule,quicksight,X0,uncollectable,none,,default,no read API; cannot be collected
quicksight.space,quicksight,X0,uncollectable,none,,default,no read API; cannot be collected
quicksight.template,quicksight,X0,uncollectable,none,,default,no read API; cannot be collected
quicksight.theme,quicksight,X0,uncollectable,none,,default,no read API; cannot be collected
quicksight.topic,quicksight,X0,uncollectable,none,,default,no read API; cannot be collected
rds.custom_db_engine_version,rds,X0,uncollectable,none,,default,no read API; cannot be collected
rds.db_proxy_target_group,rds,X0,uncollectable,none,,default,no read API; cannot be collected
rds.db_security_group_ingress,rds,X0,uncollectable,none,,default,no read API; cannot be collected
refactorspaces.application,refactorspaces,X0,uncollectable,none,,default,no read API; cannot be collected
refactorspaces.environment,refactorspaces,X0,uncollectable,none,,default,no read API; cannot be collected
refactorspaces.route,refactorspaces,X0,uncollectable,none,,default,no read API; cannot be collected
refactorspaces.service,refactorspaces,X0,uncollectable,none,,default,no read API; cannot be collected
resiliencehubv2.policy,resiliencehubv2,X0,uncollectable,none,,default,no read API; cannot be collected
resiliencehubv2.service,resiliencehubv2,X0,uncollectable,none,,default,no read API; cannot be collected
resiliencehubv2.service_function,resiliencehubv2,X0,uncollectable,none,,default,no read API; cannot be collected
resiliencehubv2.system,resiliencehubv2,X0,uncollectable,none,,default,no read API; cannot be collected
resiliencehubv2.user_journey,resiliencehubv2,X0,uncollectable,none,,default,no read API; cannot be collected
resource-explorer-2.default_view_association,resourceexplorer2,X0,uncollectable,none,,default,no read API; cannot be collected
robomaker.robot_application_version,robomaker,X0,uncollectable,none,,default,no read API; cannot be collected
robomaker.simulation_application_version,robomaker,X0,uncollectable,none,,default,no read API; cannot be collected
route53globalresolver.access_source,route53globalresolver,X0,uncollectable,none,,default,no read API; cannot be collected
route53globalresolver.access_token,route53globalresolver,X0,uncollectable,none,,default,no read API; cannot be collected
route53globalresolver.dns_view,route53globalresolver,X0,uncollectable,none,,default,no read API; cannot be collected
route53globalresolver.firewall_domain_list,route53globalresolver,X0,uncollectable,none,,default,no read API; cannot be collected
route53globalresolver.firewall_rule,route53globalresolver,X0,uncollectable,none,,default,no read API; cannot be collected
route53globalresolver.global_resolver,route53globalresolver,X0,uncollectable,none,,default,no read API; cannot be collected
route53globalresolver.hosted_zone_association,route53globalresolver,X0,uncollectable,none,,default,no read API; cannot be collected
route53resolver.resolver_query_logging_config_association,route53resolver,X0,uncollectable,none,,default,no read API; cannot be collected
rtbfabric.link_routing_rule,rtbfabric,X0,uncollectable,none,,default,no read API; cannot be collected
s3files.access_point,s3files,X0,uncollectable,none,,default,no read API; cannot be collected
s3files.file_system,s3files,X0,uncollectable,none,,default,no read API; cannot be collected
s3files.file_system_policy,s3files,X0,uncollectable,none,,default,no read API; cannot be collected
s3files.mount_target,s3files,X0,uncollectable,none,,default,no read API; cannot be collected
s3objectlambda.access_point,s3objectlambda,X0,uncollectable,none,,default,no read API; cannot be collected
s3objectlambda.access_point_policy,s3objectlambda,X0,uncollectable,none,,default,no read API; cannot be collected
s3outposts.access_point,s3outposts,X0,uncollectable,none,,default,no read API; cannot be collected
s3outposts.bucket,s3outposts,X0,uncollectable,none,,default,no read API; cannot be collected
s3outposts.bucket_policy,s3outposts,X0,uncollectable,none,,default,no read API; cannot be collected
scn.dataset,scn,X0,uncollectable,none,,default,no read API; cannot be collected
scn.namespace,scn,X0,uncollectable,none,,default,no read API; cannot be collected
securityagent.agent_space,securityagent,X0,uncollectable,none,,default,no read API; cannot be collected
securityagent.application,securityagent,X0,uncollectable,none,,default,no read API; cannot be collected
securityagent.pentest,securityagent,X0,uncollectable,none,,default,no read API; cannot be collected
securityagent.security_requirement_pack,securityagent,X0,uncollectable,none,,default,no read API; cannot be collected
securityagent.target_domain,securityagent,X0,uncollectable,none,,default,no read API; cannot be collected
securityhub.aggregator_v2,securityhub,X0,uncollectable,none,,default,no read API; cannot be collected
securityhub.automation_rule_v2,securityhub,X0,uncollectable,none,,default,no read API; cannot be collected
securityhub.connector_v2,securityhub,X0,uncollectable,none,,default,no read API; cannot be collected
securityhub.delegated_admin,securityhub,X0,uncollectable,none,,default,no read API; cannot be collected
securityhub.hub_v2,securityhub,X0,uncollectable,none,,default,no read API; cannot be collected
securityhub.policy_association,securityhub,X0,uncollectable,none,,default,no read API; cannot be collected
securityhub.product_subscription,securityhub,X0,uncollectable,none,,default,no read API; cannot be collected
securityhub.security_control,securityhub,X0,uncollectable,none,,default,no read API; cannot be collected
securitylake.aws_log_source,securitylake,X0,uncollectable,none,,default,no read API; cannot be collected
securitylake.subscriber_notification,securitylake,X0,uncollectable,none,,default,no read API; cannot be collected
servicecatalog.cloud_formation_product,servicecatalog,X0,uncollectable,none,,default,no read API; cannot be collected
servicecatalog.cloud_formation_provisioned_product,servicecatalog,X0,uncollectable,none,,default,no read API; cannot be collected
servicecatalog.launch_notification_constraint,servicecatalog,X0,uncollectable,none,,default,no read API; cannot be collected
servicecatalog.launch_role_constraint,servicecatalog,X0,uncollectable,none,,default,no read API; cannot be collected
servicecatalog.launch_template_constraint,servicecatalog,X0,uncollectable,none,,default,no read API; cannot be collected
servicecatalog.portfolio_principal_association,servicecatalog,X0,uncollectable,none,,default,no read API; cannot be collected
servicecatalog.portfolio_product_association,servicecatalog,X0,uncollectable,none,,default,no read API; cannot be collected
servicecatalog.portfolio_share,servicecatalog,X0,uncollectable,none,,default,no read API; cannot be collected
servicecatalog.resource_update_constraint,servicecatalog,X0,uncollectable,none,,default,no read API; cannot be collected
servicecatalog.service_action_association,servicecatalog,X0,uncollectable,none,,default,no read API; cannot be collected
servicecatalog.stack_set_constraint,servicecatalog,X0,uncollectable,none,,default,no read API; cannot be collected
servicecatalog.tag_option_association,servicecatalog,X0,uncollectable,none,,default,no read API; cannot be collected
servicecatalog-appregistry.attribute_group_association,servicecatalogappregistry,X0,uncollectable,none,,default,no read API; cannot be collected
servicecatalog-appregistry.resource_association,servicecatalogappregistry,X0,uncollectable,none,,default,no read API; cannot be collected
servicediscovery.http_namespace,servicediscovery,X0,uncollectable,none,,default,no read API; cannot be collected
servicediscovery.private_dns_namespace,servicediscovery,X0,uncollectable,none,,default,no read API; cannot be collected
servicediscovery.public_dns_namespace,servicediscovery,X0,uncollectable,none,,default,no read API; cannot be collected
ses.configuration_set_event_destination,ses,X0,uncollectable,none,,default,no read API; cannot be collected
ses.contact_list,ses,X0,uncollectable,none,,default,no read API; cannot be collected
ses.dedicated_ip_pool,ses,X0,uncollectable,none,,default,no read API; cannot be collected
ses.mail_manager_addon_instance,ses,X0,uncollectable,none,,default,no read API; cannot be collected
ses.mail_manager_addon_subscription,ses,X0,uncollectable,none,,default,no read API; cannot be collected
ses.mail_manager_address_list,ses,X0,uncollectable,none,,default,no read API; cannot be collected
ses.mail_manager_archive,ses,X0,uncollectable,none,,default,no read API; cannot be collected
ses.mail_manager_ingress_point,ses,X0,uncollectable,none,,default,no read API; cannot be collected
ses.mail_manager_relay,ses,X0,uncollectable,none,,default,no read API; cannot be collected
ses.mail_manager_rule_set,ses,X0,uncollectable,none,,default,no read API; cannot be collected
ses.mail_manager_traffic_policy,ses,X0,uncollectable,none,,default,no read API; cannot be collected
ses.multi_region_endpoint,ses,X0,uncollectable,none,,default,no read API; cannot be collected
ses.receipt_rule,ses,X0,uncollectable,none,,default,no read API; cannot be collected
ses.ses_receipt_rule_set,ses,X0,uncollectable,none,,default,no read API; cannot be collected
ses.tenant,ses,X0,uncollectable,none,,default,no read API; cannot be collected
ses.vdm_attributes,ses,X0,uncollectable,none,,default,no read API; cannot be collected
sms-voice.opt_out_list,smsvoice,X0,uncollectable,none,,default,no read API; cannot be collected
sms-voice.phone_number,smsvoice,X0,uncollectable,none,,default,no read API; cannot be collected
sms-voice.pool,smsvoice,X0,uncollectable,none,,default,no read API; cannot be collected
sms-voice.protect_configuration,smsvoice,X0,uncollectable,none,,default,no read API; cannot be collected
sms-voice.registration,smsvoice,X0,uncollectable,none,,default,no read API; cannot be collected
sms-voice.resource_policy,smsvoice,X0,uncollectable,none,,default,no read API; cannot be collected
sms-voice.sender_id,smsvoice,X0,uncollectable,none,,default,no read API; cannot be collected
ssm-contacts.plan,ssmcontacts,X0,uncollectable,none,,default,no read API; cannot be collected
ssm-guiconnect.preferences,ssmguiconnect,X0,uncollectable,none,,default,no read API; cannot be collected
ssm-quicksetup.lifecycle_automation,ssmquicksetup,X0,uncollectable,none,,default,no read API; cannot be collected
systemsmanagersap.application,systemsmanagersap,X0,uncollectable,none,,default,no read API; cannot be collected
timestream.database,timestream,X0,uncollectable,none,,default,no read API; cannot be collected
timestream.influx_db_cluster,timestream,X0,uncollectable,none,,default,no read API; cannot be collected
timestream.influx_db_instance,timestream,X0,uncollectable,none,,default,no read API; cannot be collected
timestream.table,timestream,X0,uncollectable,none,,default,no read API; cannot be collected
transfer.agreement,transfer,X0,uncollectable,none,,default,no read API; cannot be collected
transfer.web_app,transfer,X0,uncollectable,none,,default,no read API; cannot be collected
uxc.account_customization,uxc,X0,uncollectable,none,,default,no read API; cannot be collected
verifiedpermissions.policy_store_alias,verifiedpermissions,X0,uncollectable,none,,default,no read API; cannot be collected
waf-regional.web_acl_association,waf-regional,X0,uncollectable,none,,default,no read API; cannot be collected
wellarchitected.lens,wellarchitected,X0,uncollectable,none,,default,no read API; cannot be collected
wisdom.ai_agent,wisdom,X0,uncollectable,none,,default,no read API; cannot be collected
wisdom.ai_agent_version,wisdom,X0,uncollectable,none,,default,no read API; cannot be collected
wisdom.ai_guardrail,wisdom,X0,uncollectable,none,,default,no read API; cannot be collected
wisdom.ai_guardrail_version,wisdom,X0,uncollectable,none,,default,no read API; cannot be collected
wisdom.ai_prompt,wisdom,X0,uncollectable,none,,default,no read API; cannot be collected
wisdom.ai_prompt_version,wisdom,X0,uncollectable,none,,default,no read API; cannot be collected
wisdom.message_template,wisdom,X0,uncollectable,none,,default,no read API; cannot be collected
wisdom.message_template_version,wisdom,X0,uncollectable,none,,default,no read API; cannot be collected
workspaces.connection_alias,workspaces,X0,uncollectable,none,,default,no read API; cannot be collected
workspaces.workspace_ip_group,workspaces,X0,uncollectable,none,,default,no read API; cannot be collected
workspaces.workspaces_image,workspaces,X0,uncollectable,none,,default,no read API; cannot be collected
workspaces-instances.volume,workspacesinstances,X0,uncollectable,none,,default,no read API; cannot be collected
workspaces-instances.volume_association,workspacesinstances,X0,uncollectable,none,,default,no read API; cannot be collected
workspaces-web.browser_settings,workspacesweb,X0,uncollectable,none,,default,no read API; cannot be collected
workspaces-web.data_protection_settings,workspacesweb,X0,uncollectable,none,,default,no read API; cannot be collected
workspaces-web.ip_access_settings,workspacesweb,X0,uncollectable,none,,default,no read API; cannot be collected
workspaces-web.network_settings,workspacesweb,X0,uncollectable,none,,default,no read API; cannot be collected
workspaces-web.user_access_logging_settings,workspacesweb,X0,uncollectable,none,,default,no read API; cannot be collected
workspaces-web.user_settings,workspacesweb,X0,uncollectable,none,,default,no read API; cannot be collected
xray.transaction_search_config,xray,X0,uncollectable,none,,default,no read API; cannot be collected
