source_key,source_c7n,source_service,source_path,path_kind,target_key,target_c7n,edge_type,source,confidence,resolution,operation,evidence
accessanalyzer.access_preview,,accessanalyzer,accessPreview.analyzerArn,dotted,accessanalyzer.analyzer,,references,doc,medium,service-exact,get_access_preview,accessanalyzer.GetAccessPreview
accessanalyzer.access_preview,,accessanalyzer,analyzerArn,scalar,accessanalyzer.analyzer,,references,doc,medium,service-exact,list_access_previews,accessanalyzer.ListAccessPreviews
accessanalyzer.generated_policy,,accessanalyzer,generatedPolicyResult.properties.cloudTrailProperties.trailProperties[].cloudTrailArn,list_dict,cloudtrail.trail,cloudtrail,references,doc,medium,global-exact,get_generated_policy,accessanalyzer.GetGeneratedPolicy
acm-pca.certificate_authority,,acm-pca,CertificateAuthority.RevocationConfiguration.CrlConfiguration.S3BucketName,dotted,s3.bucket,s3,references,doc,medium,well-known,describe_certificate_authority,acm-pca.DescribeCertificateAuthority
acm-pca.certificate_authority,,acm-pca,RevocationConfiguration.CrlConfiguration.S3BucketName,dotted,s3.bucket,s3,references,doc,medium,well-known,list_certificate_authorities,acm-pca.ListCertificateAuthorities
acm-pca.certificate_authority,,acm-pca,S3BucketName,scalar,s3.bucket,s3,references,doc,medium,well-known,describe_certificate_authority_audit_report,acm-pca.DescribeCertificateAuthorityAuditReport
amplify.app,,amplify,app.productionBranch.branchName,dotted,amplify.branch,,references,doc,medium,service-partial,get_app,amplify.GetApp
amplify.app,,amplify,productionBranch.branchName,dotted,amplify.branch,,references,doc,medium,service-partial,list_apps,amplify.ListApps
amplify.app,,amplify,app.autoBranchCreationConfig.pullRequestEnvironmentName,dotted,codecommit.pull_request,,references,doc,medium,global-exact,get_app,amplify.GetApp
amplify.app,,amplify,autoBranchCreationConfig.pullRequestEnvironmentName,dotted,codecommit.pull_request,,references,doc,medium,global-exact,list_apps,amplify.ListApps
amplify.branch,,amplify,branch.pullRequestEnvironmentName,dotted,codecommit.pull_request,,references,doc,medium,global-exact,get_branch,amplify.GetBranch
amplify.branch,,amplify,pullRequestEnvironmentName,scalar,codecommit.pull_request,,references,doc,medium,global-exact,list_branches,amplify.ListBranches
amplify.domain_association,,amplify,domainAssociation.domainName,dotted,amplify.domain,,references,doc,medium,service-exact,get_domain_association,amplify.GetDomainAssociation
amplify.domain_association,,amplify,domainName,scalar,amplify.domain,,references,doc,medium,service-exact,list_domain_associations,amplify.ListDomainAssociations
amplifybackend.backend_api,,amplifybackend,BackendEnvironmentName,scalar,amplifybackend.backend,,references,doc,medium,service-exact,get_backend_api,amplifybackend.GetBackendAPI
amplifybackend.backend_auth,,amplifybackend,BackendEnvironmentName,scalar,amplifybackend.backend,,references,doc,medium,service-exact,get_backend_auth,amplifybackend.GetBackendAuth
amplifybackend.backend_job,,amplifybackend,BackendEnvironmentName,scalar,amplifybackend.backend,,references,doc,medium,service-exact,get_backend_job,amplifybackend.GetBackendJob
amplifybackend.backend_storage,,amplifybackend,BackendEnvironmentName,scalar,amplifybackend.backend,,references,doc,medium,service-exact,get_backend_storage,amplifybackend.GetBackendStorage
amplifybackend.backend_storage,,amplifybackend,ResourceConfig.BucketName,dotted,s3.bucket,s3,references,doc,medium,well-known,get_backend_storage,amplifybackend.GetBackendStorage
amplifybackend.s3_bucket,,amplifybackend,Name,scalar,s3.bucket,s3,references,doc,medium,well-known,list_s3_buckets,amplifybackend.ListS3Buckets
apigateway.base_path_mapping,,apigateway,restApiId,scalar,apigateway.rest_api,rest-api,references,doc,medium,service-partial,get_base_path_mapping,apigateway.GetBasePathMapping
apigateway.resource,rest-resource,apigateway,restApiId,scalar,apigateway.rest_api,rest-api,contained-in,parent_spec,high,declared,,c7n parent_spec of rest-resource
apigateway.stage,rest-stage,apigateway,canarySettings.deploymentId,dotted,apigateway.deployment,,references,doc,medium,service-partial,get_stage,apigateway.GetStage
apigateway.stage,rest-stage,apigateway,deploymentId,scalar,apigateway.deployment,,references,doc,medium,service-exact,get_stage,apigateway.GetStage
apigateway.stage,rest-stage,apigateway,restApiId,scalar,apigateway.rest_api,rest-api,contained-in,parent_spec,high,declared,,c7n parent_spec of rest-stage
apigatewayv2.domain_name,,apigatewayv2,ApiGatewayDomainName,scalar,apigatewayv2.api,apigwv2,references,doc,medium,service-exact,get_domain_name,apigatewayv2.GetDomainName
apigatewayv2.domain_name,,apigatewayv2,DomainNameConfigurations[].ApiGatewayDomainName,list_dict,apigatewayv2.api,apigwv2,references,doc,medium,service-exact,get_domain_names,apigatewayv2.GetDomainNames
apigatewayv2.integration,,apigatewayv2,ConnectionId,scalar,ec2.vpc,vpc,contained-in,doc,medium,well-known,get_integration,apigatewayv2.GetIntegration
apigatewayv2.stage,apigwv2-stage,apigatewayv2,ApiId,scalar,apigatewayv2.api,apigwv2,contained-in,parent_spec,high,declared,,c7n parent_spec of apigwv2-stage
apigatewayv2.stage,apigwv2-stage,apigatewayv2,DeploymentId,scalar,apigatewayv2.deployment,,references,doc,medium,service-exact,get_stage,apigatewayv2.GetStage
apigatewayv2.vpc_link,,apigatewayv2,Name,scalar,ec2.vpc,vpc,contained-in,doc,medium,well-known,get_vpc_link,apigatewayv2.GetVpcLink
apigatewayv2.vpc_link,,apigatewayv2,VpcLinkId,scalar,ec2.vpc,vpc,contained-in,doc,medium,well-known,get_vpc_link,apigatewayv2.GetVpcLink
appconfig.configuration_profile,,appconfig,KmsKeyArn,scalar,kms.key,kms-key,encrypted-by,doc,medium,leaf-hint,get_configuration_profile,appconfig.GetConfigurationProfile
appconfig.deployment,,appconfig,ApplicationId,scalar,appconfig.application,,references,doc,medium,service-exact,get_deployment,appconfig.GetDeployment
appconfig.deployment,,appconfig,ConfigurationName,scalar,appconfig.configuration,,references,doc,medium,service-exact,get_deployment,appconfig.GetDeployment
appconfig.deployment,,appconfig,ConfigurationProfileId,scalar,appconfig.configuration,,references,doc,medium,service-exact,get_deployment,appconfig.GetDeployment
appconfig.deployment,,appconfig,EnvironmentId,scalar,appconfig.environment,,references,doc,medium,service-exact,get_deployment,appconfig.GetDeployment
appconfig.deployment,,appconfig,AppliedExtensions[].ExtensionId,list_dict,appconfig.extension,,references,doc,medium,service-exact,get_deployment,appconfig.GetDeployment
appconfig.deployment,,appconfig,AppliedExtensions[].ExtensionAssociationId,list_dict,appconfig.extension_association,,references,doc,medium,service-partial,get_deployment,appconfig.GetDeployment
appconfig.deployment,,appconfig,KmsKeyArn,scalar,kms.key,kms-key,encrypted-by,doc,medium,leaf-hint,get_deployment,appconfig.GetDeployment
appconfig.extension_association,,appconfig,ExtensionArn,scalar,appconfig.extension,,references,doc,medium,service-exact,get_extension_association,appconfig.GetExtensionAssociation
appconfig.hosted_configuration_version,,appconfig,KmsKeyArn,scalar,kms.key,kms-key,encrypted-by,doc,medium,leaf-hint,get_hosted_configuration_version,appconfig.GetHostedConfigurationVersion
appflow.connector_entity,,appflow,parentIdentifier,scalar,appflow.connector,,references,doc,medium,service-exact,describe_connector_entity,appflow.DescribeConnectorEntity
appflow.flow,,appflow,sourceFlowConfig.sourceConnectorProperties.CustomConnector.dataTransferApi.Name,dotted,appflow.connector,,references,doc,medium,service-exact,describe_flow,appflow.DescribeFlow
appflow.flow_execution_record,,appflow,executionId,scalar,appflow.flow,,references,doc,medium,service-partial,describe_flow_execution_records,appflow.DescribeFlowExecutionRecords
appintegrations.event_integration_association,,appintegrations,EventIntegrationName,scalar,appintegrations.event_integration,,references,doc,medium,service-exact,list_event_integration_associations,appintegrations.ListEventIntegrationAssociations
application-autoscaling.scaling_policy,,application-autoscaling,TargetTrackingScalingPolicyConfiguration.CustomizedMetricSpecification.Dimensions[].Name,list_dict,iot.dimension,,references,doc,medium,global-exact,describe_scaling_policies,application-autoscaling.DescribeScalingPolicies
application-autoscaling.scheduled_action,,application-autoscaling,ResourceId,scalar,application-autoscaling.scaling_policy,,references,doc,medium,service-partial,describe_scheduled_actions,application-autoscaling.DescribeScheduledActions
application-insights.log_pattern,,application-insights,ResourceGroupName,scalar,inspector.resource_group,,references,doc,medium,global-exact,describe_log_pattern,application-insights.DescribeLogPattern
application-insights.log_pattern_set,,application-insights,ResourceGroupName,scalar,inspector.resource_group,,references,doc,medium,global-exact,list_log_pattern_sets,application-insights.ListLogPatternSets
application-insights.problem,,application-insights,ResourceGroupName,scalar,inspector.resource_group,,references,doc,medium,global-exact,list_problems,application-insights.ListProblems
application-insights.problem_observation,,application-insights,RelatedObservations.ObservationList[].Id,list_dict,application-insights.observation,,references,doc,medium,service-exact,describe_problem_observations,application-insights.DescribeProblemObservations
application-insights.problem_observation,,application-insights,RelatedObservations.ObservationList[].S3EventName,list_dict,application-insights.observation,,references,doc,medium,service-partial,describe_problem_observations,application-insights.DescribeProblemObservations
application-insights.workload,,application-insights,ComponentName,scalar,application-insights.component,,references,doc,medium,service-exact,list_workloads,application-insights.ListWorkloads
applicationcostprofiler.report_definition,,applicationcostprofiler,reportId,scalar,artifact.report,,references,doc,medium,global-exact,get_report_definition,applicationcostprofiler.GetReportDefinition
appmesh.gateway_route,,appmesh,gatewayRoute.meshName,dotted,appmesh.mesh,appmesh-mesh,references,doc,medium,service-partial,describe_gateway_route,appmesh.DescribeGatewayRoute
appmesh.gateway_route,,appmesh,meshName,scalar,appmesh.mesh,appmesh-mesh,references,doc,medium,service-partial,list_gateway_routes,appmesh.ListGatewayRoutes
appmesh.virtual_gateway,appmesh-virtual-gateway,appmesh,meshName,scalar,appmesh.mesh,appmesh-mesh,contained-in,parent_spec,high,declared,,c7n parent_spec of appmesh-virtual-gateway
appmesh.virtual_gateway,appmesh-virtual-gateway,appmesh,virtualGatewayName,scalar,appmesh.tags_for_resource,,references,doc,medium,service-partial,list_virtual_gateways,appmesh.ListVirtualGateways
apprunner.custom_domain,,apprunner,VpcDNSTargets[].VpcId,list_dict,ec2.vpc,vpc,contained-in,doc,medium,leaf-hint,describe_custom_domains,apprunner.DescribeCustomDomains
apprunner.vpc_ingress_connection,,apprunner,VpcIngressConnection.IngressVpcConfiguration.VpcId,dotted,ec2.vpc,vpc,contained-in,doc,medium,leaf-hint,describe_vpc_ingress_connection,apprunner.DescribeVpcIngressConnection
appstream.application_fleet_association,,appstream,ApplicationArn,scalar,appstream.application,,references,doc,medium,service-exact,describe_application_fleet_associations,appstream.DescribeApplicationFleetAssociations
appstream.application_fleet_association,,appstream,FleetName,scalar,appstream.fleet,appstream-fleet,references,doc,medium,service-exact,describe_application_fleet_associations,appstream.DescribeApplicationFleetAssociations
appstream.fleet,appstream-fleet,appstream,DomainJoinInfo.DirectoryName,dotted,appstream.directory_config,,references,doc,medium,service-partial,describe_fleets,appstream.DescribeFleets
appstream.fleet,appstream-fleet,appstream,ImageName,scalar,appstream.image,,references,doc,medium,service-exact,describe_fleets,appstream.DescribeFleets
appstream.fleet,appstream-fleet,appstream,IamRoleArn,scalar,iam.role,iam-role,assumes,doc,medium,well-known,describe_fleets,appstream.DescribeFleets
appstream.image,,appstream,Applications[].AppBlockArn,list_dict,appstream.application,,references,doc,medium,service-exact,describe_images,appstream.DescribeImages
appstream.image,,appstream,Applications[].Arn,list_dict,appstream.application,,references,doc,medium,service-exact,describe_images,appstream.DescribeImages
appstream.image,,appstream,Applications[].Name,list_dict,appstream.application,,references,doc,medium,service-exact,describe_images,appstream.DescribeImages
appstream.image_builder,,appstream,DomainJoinInfo.DirectoryName,dotted,appstream.directory_config,,references,doc,medium,service-partial,describe_image_builders,appstream.DescribeImageBuilders
appstream.image_builder,,appstream,ImageArn,scalar,appstream.image,,references,doc,medium,service-exact,describe_image_builders,appstream.DescribeImageBuilders
appstream.image_builder,,appstream,IamRoleArn,scalar,iam.role,iam-role,assumes,doc,medium,well-known,describe_image_builders,appstream.DescribeImageBuilders
appstream.user,,appstream,StackName,scalar,appstream.stack,appstream-stack,references,doc,medium,service-exact,describe_user_stack_associations,appstream.DescribeUserStackAssociations
appsync.function_configuration,,appsync,dataSourceName,scalar,appsync.data_source,,references,doc,medium,service-exact,list_functions,appsync.ListFunctions
appsync.function_configuration,,appsync,functionConfiguration.dataSourceName,dotted,appsync.data_source,,references,doc,medium,service-exact,get_function,appsync.GetFunction
appsync.source_api_association,,appsync,mergedApiId,scalar,appsync.api,,references,doc,medium,service-partial,list_source_api_associations,appsync.ListSourceApiAssociations
appsync.source_api_association,,appsync,sourceApiAssociation.mergedApiId,dotted,appsync.api,,references,doc,medium,service-partial,get_source_api_association,appsync.GetSourceApiAssociation
appsync.source_api_association,,appsync,sourceApiAssociation.sourceApiId,dotted,appsync.api,,references,doc,medium,service-partial,get_source_api_association,appsync.GetSourceApiAssociation
appsync.source_api_association,,appsync,sourceApiId,scalar,appsync.api,,references,doc,medium,service-partial,list_source_api_associations,appsync.ListSourceApiAssociations
arc-zonal-shift.managed_resource,,arc-zonal-shift,resourceIdentifier,scalar,arc-zonal-shift.zonal_shift,,references,doc,medium,service-partial,get_managed_resource,arc-zonal-shift.GetManagedResource
arc-zonal-shift.managed_resource,,arc-zonal-shift,zonalShifts[].resourceIdentifier,list_dict,arc-zonal-shift.zonal_shift,,references,doc,medium,service-partial,list_managed_resources,arc-zonal-shift.ListManagedResources
artifact.report_metadata,,artifact,reportDetails.companyName,dotted,artifact.report,,references,doc,medium,service-exact,get_report_metadata,artifact.GetReportMetadata
artifact.report_metadata,,artifact,reportDetails.productName,dotted,artifact.report,,references,doc,medium,service-exact,get_report_metadata,artifact.GetReportMetadata
auditmanager.assessment_report,,auditmanager,assessmentId,scalar,auditmanager.assessment,,references,doc,medium,service-partial,list_assessment_reports,auditmanager.ListAssessmentReports
auditmanager.assessment_report,,auditmanager,assessmentName,scalar,auditmanager.assessment,,references,doc,medium,service-partial,list_assessment_reports,auditmanager.ListAssessmentReports
auditmanager.delegation,,auditmanager,assessmentId,scalar,auditmanager.assessment,,references,doc,medium,service-exact,get_delegations,auditmanager.GetDelegations
auditmanager.delegation,,auditmanager,assessmentName,scalar,auditmanager.assessment,,references,doc,medium,service-partial,get_delegations,auditmanager.GetDelegations
auditmanager.delegation,,auditmanager,controlSetName,scalar,auditmanager.control,,references,doc,medium,service-exact,get_delegations,auditmanager.GetDelegations
auditmanager.evidence_by_evidence_folder,,auditmanager,eventName,scalar,auditmanager.evidence,,references,doc,medium,service-exact,get_evidence_by_evidence_folder,auditmanager.GetEvidenceByEvidenceFolder
auditmanager.evidence_by_evidence_folder,,auditmanager,evidenceFolderId,scalar,auditmanager.evidence,,references,doc,medium,service-partial,get_evidence_by_evidence_folder,auditmanager.GetEvidenceByEvidenceFolder
auditmanager.evidence_folder,,auditmanager,evidenceFolder.assessmentId,dotted,auditmanager.assessment,,references,doc,medium,service-exact,get_evidence_folder,auditmanager.GetEvidenceFolder
auditmanager.evidence_folder,,auditmanager,evidenceFolder.controlId,dotted,auditmanager.control,,references,doc,medium,service-exact,get_evidence_folder,auditmanager.GetEvidenceFolder
auditmanager.evidence_folder,,auditmanager,evidenceFolder.controlName,dotted,auditmanager.control,,references,doc,medium,service-exact,get_evidence_folder,auditmanager.GetEvidenceFolder
auditmanager.evidence_folder,,auditmanager,evidenceFolder.controlSetId,dotted,auditmanager.control,,references,doc,medium,service-exact,get_evidence_folder,auditmanager.GetEvidenceFolder
auditmanager.evidence_folders_by_assessment,,auditmanager,assessmentId,scalar,auditmanager.assessment,,references,doc,medium,service-exact,get_evidence_folders_by_assessment,auditmanager.GetEvidenceFoldersByAssessment
auditmanager.evidence_folders_by_assessment,,auditmanager,controlId,scalar,auditmanager.control,,references,doc,medium,service-exact,get_evidence_folders_by_assessment,auditmanager.GetEvidenceFoldersByAssessment
auditmanager.evidence_folders_by_assessment,,auditmanager,controlName,scalar,auditmanager.control,,references,doc,medium,service-exact,get_evidence_folders_by_assessment,auditmanager.GetEvidenceFoldersByAssessment
auditmanager.evidence_folders_by_assessment,,auditmanager,controlSetId,scalar,auditmanager.control,,references,doc,medium,service-exact,get_evidence_folders_by_assessment,auditmanager.GetEvidenceFoldersByAssessment
auditmanager.evidence_folders_by_assessment_control,,auditmanager,assessmentId,scalar,auditmanager.assessment,,references,doc,medium,service-exact,get_evidence_folders_by_assessment_control,auditmanager.GetEvidenceFoldersByAssessmentControl
auditmanager.evidence_folders_by_assessment_control,,auditmanager,controlId,scalar,auditmanager.control,,references,doc,medium,service-exact,get_evidence_folders_by_assessment_control,auditmanager.GetEvidenceFoldersByAssessmentControl
auditmanager.evidence_folders_by_assessment_control,,auditmanager,controlName,scalar,auditmanager.control,,references,doc,medium,service-exact,get_evidence_folders_by_assessment_control,auditmanager.GetEvidenceFoldersByAssessmentControl
auditmanager.evidence_folders_by_assessment_control,,auditmanager,controlSetId,scalar,auditmanager.control,,references,doc,medium,service-exact,get_evidence_folders_by_assessment_control,auditmanager.GetEvidenceFoldersByAssessmentControl
auditmanager.notification,,auditmanager,assessmentId,scalar,auditmanager.assessment,,references,doc,medium,service-exact,list_notifications,auditmanager.ListNotifications
auditmanager.notification,,auditmanager,assessmentName,scalar,auditmanager.assessment,,references,doc,medium,service-partial,list_notifications,auditmanager.ListNotifications
auditmanager.notification,,auditmanager,controlSetId,scalar,auditmanager.control,,references,doc,medium,service-exact,list_notifications,auditmanager.ListNotifications
auditmanager.notification,,auditmanager,controlSetName,scalar,auditmanager.control,,references,doc,medium,service-exact,list_notifications,auditmanager.ListNotifications
autoscaling-plans.scaling_plan,,autoscaling-plans,ScalingInstructions[].CustomizedLoadMetricSpecification.Dimensions[].Name,list_nested,iot.dimension,,references,doc,medium,global-exact,describe_scaling_plans,autoscaling-plans.DescribeScalingPlans
autoscaling-plans.scaling_plan,,autoscaling-plans,ScalingInstructions[].TargetTrackingConfigurations[].CustomizedScalingMetricSpecification.Dimensions[].Name,list_nested,iot.dimension,,references,doc,medium,global-exact,describe_scaling_plans,autoscaling-plans.DescribeScalingPlans
autoscaling-plans.scaling_plan_resource,,autoscaling-plans,ScalingPlanName,scalar,autoscaling-plans.scaling_plan,,references,doc,medium,service-exact,describe_scaling_plan_resources,autoscaling-plans.DescribeScalingPlanResources
autoscaling-plans.scaling_plan_resource,,autoscaling-plans,ScalingPolicies[].TargetTrackingConfiguration.CustomizedScalingMetricSpecification.Dimensions[].Name,list_nested,iot.dimension,,references,doc,medium,global-exact,describe_scaling_plan_resources,autoscaling-plans.DescribeScalingPlanResources
autoscaling.auto_scaling_group,asg,autoscaling,LaunchConfigurationName,scalar,autoscaling.launch_configuration,launch-config,references,doc,medium,service-partial,describe_auto_scaling_groups,autoscaling.DescribeAutoScalingGroups
autoscaling.auto_scaling_group,asg,autoscaling,Instances[].InstanceId,list_dict,ec2.instance,ec2,references,doc,medium,leaf-hint,describe_auto_scaling_groups,autoscaling.DescribeAutoScalingGroups
autoscaling.auto_scaling_group,asg,autoscaling,Instances[].LaunchTemplate.LaunchTemplateId,list_dict,ec2.launch_template,launch-template-version,references,doc,medium,global-exact,describe_auto_scaling_groups,autoscaling.DescribeAutoScalingGroups
autoscaling.auto_scaling_group,asg,autoscaling,Instances[].LaunchTemplate.LaunchTemplateName,list_dict,ec2.launch_template,launch-template-version,references,doc,medium,global-exact,describe_auto_scaling_groups,autoscaling.DescribeAutoScalingGroups
autoscaling.auto_scaling_group,asg,autoscaling,LaunchTemplate.LaunchTemplateId,dotted,ec2.launch_template,launch-template-version,references,doc,medium,global-exact,describe_auto_scaling_groups,autoscaling.DescribeAutoScalingGroups
autoscaling.auto_scaling_group,asg,autoscaling,LaunchTemplate.LaunchTemplateName,dotted,ec2.launch_template,launch-template-version,references,doc,medium,global-exact,describe_auto_scaling_groups,autoscaling.DescribeAutoScalingGroups
autoscaling.auto_scaling_group,asg,autoscaling,MixedInstancesPolicy.LaunchTemplate.LaunchTemplateSpecification.LaunchTemplateId,dotted,ec2.launch_template,launch-template-version,references,doc,medium,global-exact,describe_auto_scaling_groups,autoscaling.DescribeAutoScalingGroups
autoscaling.auto_scaling_group,asg,autoscaling,MixedInstancesPolicy.LaunchTemplate.LaunchTemplateSpecification.LaunchTemplateName,dotted,ec2.launch_template,launch-template-version,references,doc,medium,global-exact,describe_auto_scaling_groups,autoscaling.DescribeAutoScalingGroups
autoscaling.auto_scaling_group,asg,autoscaling,MixedInstancesPolicy.LaunchTemplate.Overrides[].LaunchTemplateSpecification.LaunchTemplateId,list_dict,ec2.launch_template,launch-template-version,references,doc,medium,global-exact,describe_auto_scaling_groups,autoscaling.DescribeAutoScalingGroups
autoscaling.auto_scaling_group,asg,autoscaling,MixedInstancesPolicy.LaunchTemplate.Overrides[].LaunchTemplateSpecification.LaunchTemplateName,list_dict,ec2.launch_template,launch-template-version,references,doc,medium,global-exact,describe_auto_scaling_groups,autoscaling.DescribeAutoScalingGroups
autoscaling.launch_configuration,launch-config,autoscaling,BlockDeviceMappings[].VirtualName,list_dict,ec2.instance,ec2,references,doc,medium,well-known,describe_launch_configurations,autoscaling.DescribeLaunchConfigurations
autoscaling.launch_configuration,launch-config,autoscaling,KeyName,scalar,ec2.key_pair,,references,doc,medium,well-known,describe_launch_configurations,autoscaling.DescribeLaunchConfigurations
autoscaling.notification_configuration,,autoscaling,AutoScalingGroupName,scalar,autoscaling.auto_scaling_group,asg,references,doc,medium,service-exact,describe_notification_configurations,autoscaling.DescribeNotificationConfigurations
autoscaling.scaling_policy,scaling-policy,autoscaling,AutoScalingGroupName,scalar,autoscaling.auto_scaling_group,asg,references,doc,medium,service-exact,describe_policies,autoscaling.DescribePolicies
autoscaling.scaling_policy,scaling-policy,autoscaling,TargetTrackingConfiguration.CustomizedMetricSpecification.Dimensions[].Name,list_dict,iot.dimension,,references,doc,medium,global-exact,describe_policies,autoscaling.DescribePolicies
autoscaling.scheduled_action,,autoscaling,AutoScalingGroupName,scalar,autoscaling.auto_scaling_group,asg,references,doc,medium,service-exact,describe_scheduled_actions,autoscaling.DescribeScheduledActions
autoscaling.warm_pool,,autoscaling,InstanceId,scalar,ec2.instance,ec2,references,doc,medium,leaf-hint,describe_warm_pool,autoscaling.DescribeWarmPool
autoscaling.warm_pool,,autoscaling,LaunchTemplate.LaunchTemplateId,dotted,ec2.launch_template,launch-template-version,references,doc,medium,global-exact,describe_warm_pool,autoscaling.DescribeWarmPool
autoscaling.warm_pool,,autoscaling,LaunchTemplate.LaunchTemplateName,dotted,ec2.launch_template,launch-template-version,references,doc,medium,global-exact,describe_warm_pool,autoscaling.DescribeWarmPool
b2bi.capability,,b2bi,configuration.edi.transformerId,dotted,b2bi.transformer,,references,doc,medium,service-exact,get_capability,b2bi.GetCapability
b2bi.partnership,,b2bi,profileId,scalar,b2bi.profile,,references,doc,medium,service-exact,get_partnership,b2bi.GetPartnership
b2bi.profile,,b2bi,logGroupName,scalar,iot.logging,,references,doc,medium,global-exact,get_profile,b2bi.GetProfile
backup-gateway.hypervisor,,backup-gateway,Hypervisor.KmsKeyArn,dotted,kms.key,kms-key,encrypted-by,doc,medium,leaf-hint,get_hypervisor,backup-gateway.GetHypervisor
backup-gateway.hypervisor,,backup-gateway,KmsKeyArn,scalar,kms.key,kms-key,encrypted-by,doc,medium,leaf-hint,list_hypervisors,backup-gateway.ListHypervisors
backup.legal_hold,,backup,BackupVaultName,scalar,backup.backup_vault,backup-vault,references,doc,medium,service-exact,list_recovery_points_by_legal_hold,backup.ListRecoveryPointsByLegalHold
backup.report_plan,,backup,ReportDeliveryChannel.S3BucketName,dotted,s3.bucket,s3,references,doc,medium,well-known,list_report_plans,backup.ListReportPlans
backup.report_plan,,backup,ReportPlan.ReportDeliveryChannel.S3BucketName,dotted,s3.bucket,s3,references,doc,medium,well-known,describe_report_plan,backup.DescribeReportPlan
backup.restore_testing_selection,,backup,RestoreTestingPlanName,scalar,backup.restore_testing_plan,,references,doc,medium,service-exact,list_restore_testing_selections,backup.ListRestoreTestingSelections
backup.restore_testing_selection,,backup,RestoreTestingSelection.RestoreTestingPlanName,dotted,backup.restore_testing_plan,,references,doc,medium,service-exact,get_restore_testing_selection,backup.GetRestoreTestingSelection
batch.compute_environment,batch-compute,batch,computeResources.launchTemplate.launchTemplateId,dotted,ec2.launch_template,launch-template-version,references,doc,medium,global-exact,describe_compute_environments,batch.DescribeComputeEnvironments
batch.compute_environment,batch-compute,batch,computeResources.launchTemplate.launchTemplateName,dotted,ec2.launch_template,launch-template-version,references,doc,medium,global-exact,describe_compute_environments,batch.DescribeComputeEnvironments
batch.job,,batch,attempts[].container.networkInterfaces[].attachmentId,list_nested,ec2.network_interface,eni,attached-to,doc,medium,well-known,describe_jobs,batch.DescribeJobs
batch.job,,batch,container.networkInterfaces[].attachmentId,list_dict,ec2.network_interface,eni,attached-to,doc,medium,well-known,describe_jobs,batch.DescribeJobs
batch.job,,batch,ecsProperties.taskProperties[].containers[].networkInterfaces[].attachmentId,list_nested,ec2.network_interface,eni,attached-to,doc,medium,well-known,describe_jobs,batch.DescribeJobs
batch.job,,batch,eksProperties.podProperties.volumes[].secret.secretName,list_dict,secretsmanager.secret,secrets-manager,references,doc,medium,global-exact,describe_jobs,batch.DescribeJobs
batch.job_definition,batch-definition,batch,eksProperties.podProperties.volumes[].secret.secretName,list_dict,secretsmanager.secret,secrets-manager,references,doc,medium,global-exact,describe_job_definitions,batch.DescribeJobDefinitions
billingconductor.custom_line_item_version,,billingconductor,Name,scalar,billingconductor.custom_line_item,,references,doc,medium,service-exact,list_custom_line_item_versions,billingconductor.ListCustomLineItemVersions
billingconductor.resources_associated_to_custom_line_item,,billingconductor,Arn,scalar,servicecatalog-appregistry.associated_resource,,references,doc,medium,global-exact,list_resources_associated_to_custom_line_item,billingconductor.ListResourcesAssociatedToCustomLineItem
braket.quantum_task,,braket,deviceArn,scalar,braket.device,,references,doc,medium,service-exact,get_quantum_task,braket.GetQuantumTask
chatbot.microsoft_teams_user_identity,,chatbot,TeamsChannelId,scalar,chatbot.microsoft_teams_channel_configuration,,references,doc,medium,service-partial,list_microsoft_teams_user_identities,chatbot.ListMicrosoftTeamsUserIdentities
chatbot.slack_channel_configuration,,chatbot,SlackTeamId,scalar,chatbot.slack_workspace,,references,doc,medium,service-partial,describe_slack_channel_configurations,chatbot.DescribeSlackChannelConfigurations
chatbot.slack_channel_configuration,,chatbot,SlackTeamName,scalar,chatbot.slack_workspace,,references,doc,medium,service-exact,describe_slack_channel_configurations,chatbot.DescribeSlackChannelConfigurations
chatbot.slack_user_identity,,chatbot,SlackTeamId,scalar,chatbot.slack_workspace,,references,doc,medium,service-partial,describe_slack_user_identities,chatbot.DescribeSlackUserIdentities
chime-sdk-identity.app_instance_admin,,chime-sdk-identity,AppInstanceArn,scalar,chime-sdk-identity.app_instance,,references,doc,medium,service-exact,list_app_instance_admins,chime-sdk-identity.ListAppInstanceAdmins
chime-sdk-identity.app_instance_bot,,chime-sdk-identity,AppInstanceArn,scalar,chime-sdk-identity.app_instance,,references,doc,medium,service-exact,list_app_instance_bots,chime-sdk-identity.ListAppInstanceBots
chime-sdk-identity.app_instance_bot,,chime-sdk-identity,Name,scalar,chime-sdk-identity.app_instance,,references,doc,medium,service-partial,list_app_instance_bots,chime-sdk-identity.ListAppInstanceBots
chime-sdk-identity.app_instance_user,,chime-sdk-identity,AppInstanceArn,scalar,chime-sdk-identity.app_instance,,references,doc,medium,service-exact,list_app_instance_users,chime-sdk-identity.ListAppInstanceUsers
chime-sdk-identity.app_instance_user_endpoint,,chime-sdk-identity,AppInstanceUserArn,scalar,chime-sdk-identity.app_instance_user,,references,doc,medium,service-exact,list_app_instance_user_endpoints,chime-sdk-identity.ListAppInstanceUserEndpoints
chime-sdk-identity.app_instance_user_endpoint,,chime-sdk-identity,AppInstanceUserEndpoint.AppInstanceUserArn,dotted,chime-sdk-identity.app_instance_user,,references,doc,medium,service-exact,describe_app_instance_user_endpoint,chime-sdk-identity.DescribeAppInstanceUserEndpoint
chime-sdk-media-pipelines.media_capture_pipeline,,chime-sdk-media-pipelines,MediaPipelineArn,scalar,chime-sdk-media-pipelines.media_pipeline,,references,doc,medium,service-partial,list_media_capture_pipelines,chime-sdk-media-pipelines.ListMediaCapturePipelines
chime-sdk-media-pipelines.media_capture_pipeline,,chime-sdk-media-pipelines,MediaPipelineId,scalar,chime-sdk-media-pipelines.media_pipeline,,references,doc,medium,service-partial,list_media_capture_pipelines,chime-sdk-media-pipelines.ListMediaCapturePipelines
chime-sdk-media-pipelines.media_insights_pipeline_configuration,,chime-sdk-media-pipelines,MediaInsightsPipelineConfiguration.RealTimeAlertConfiguration.Rules[].KeywordMatchConfiguration.RuleName,list_dict,pinpoint-sms-voice-v2.keyword,,references,doc,medium,global-exact,get_media_insights_pipeline_configuration,chime-sdk-media-pipelines.GetMediaInsightsPipelineConfiguration
chime-sdk-media-pipelines.media_pipeline,,chime-sdk-media-pipelines,MediaPipeline.MediaInsightsPipeline.KinesisVideoStreamSourceRuntimeConfiguration.Streams[].StreamArn,list_dict,chime-sdk-media-pipelines.media_pipeline_kinesis_video_stream_pool,,references,doc,medium,service-partial,get_media_pipeline,chime-sdk-media-pipelines.GetMediaPipeline
chime-sdk-messaging.channel,,chime-sdk-messaging,Channel.ChannelFlowArn,dotted,chime-sdk-messaging.channel_flow,,references,doc,medium,service-exact,describe_channel,chime-sdk-messaging.DescribeChannel
chime-sdk-messaging.channel,,chime-sdk-messaging,Name,scalar,chime-sdk-messaging.channel_flow,,references,doc,medium,service-exact,list_channels_associated_with_channel_flow,chime-sdk-messaging.ListChannelsAssociatedWithChannelFlow
chime-sdk-messaging.channel_ban,,chime-sdk-messaging,ChannelArn,scalar,chime-sdk-messaging.channel,,references,doc,medium,service-exact,list_channel_bans,chime-sdk-messaging.ListChannelBans
chime-sdk-messaging.channel_ban,,chime-sdk-messaging,ChannelBan.ChannelArn,dotted,chime-sdk-messaging.channel,,references,doc,medium,service-exact,describe_channel_ban,chime-sdk-messaging.DescribeChannelBan
chime-sdk-messaging.channel_membership,,chime-sdk-messaging,ChannelArn,scalar,chime-sdk-messaging.channel,,references,doc,medium,service-exact,list_channel_memberships,chime-sdk-messaging.ListChannelMemberships
chime-sdk-messaging.channel_membership,,chime-sdk-messaging,ChannelMembership.SubChannelId,dotted,chime-sdk-messaging.sub_channel,,references,doc,medium,service-exact,describe_channel_membership,chime-sdk-messaging.DescribeChannelMembership
chime-sdk-messaging.channel_membership_for_app_instance_user,,chime-sdk-messaging,ChannelMembership.ChannelSummary.ChannelArn,dotted,chime-sdk-messaging.channel,,references,doc,medium,service-exact,describe_channel_membership_for_app_instance_user,chime-sdk-messaging.DescribeChannelMembershipForAppInstanceUser
chime-sdk-messaging.channel_membership_for_app_instance_user,,chime-sdk-messaging,ChannelMembership.ChannelSummary.Name,dotted,chime-sdk-messaging.channel,,references,doc,medium,service-exact,describe_channel_membership_for_app_instance_user,chime-sdk-messaging.DescribeChannelMembershipForAppInstanceUser
chime-sdk-messaging.channel_membership_preference,,chime-sdk-messaging,ChannelArn,scalar,chime-sdk-messaging.channel,,references,doc,medium,service-exact,get_channel_membership_preferences,chime-sdk-messaging.GetChannelMembershipPreferences
chime-sdk-messaging.channel_memberships_for_app_instance_user,,chime-sdk-messaging,ChannelSummary.ChannelArn,dotted,chime-sdk-messaging.channel,,references,doc,medium,service-exact,list_channel_memberships_for_app_instance_user,chime-sdk-messaging.ListChannelMembershipsForAppInstanceUser
chime-sdk-messaging.channel_memberships_for_app_instance_user,,chime-sdk-messaging,ChannelSummary.Name,dotted,chime-sdk-messaging.channel,,references,doc,medium,service-exact,list_channel_memberships_for_app_instance_user,chime-sdk-messaging.ListChannelMembershipsForAppInstanceUser
chime-sdk-messaging.channel_message,,chime-sdk-messaging,ChannelArn,scalar,chime-sdk-messaging.channel,,references,doc,medium,service-exact,list_channel_messages,chime-sdk-messaging.ListChannelMessages
chime-sdk-messaging.channel_message,,chime-sdk-messaging,ChannelMessage.ChannelArn,dotted,chime-sdk-messaging.channel,,references,doc,medium,service-exact,get_channel_message,chime-sdk-messaging.GetChannelMessage
chime-sdk-messaging.channel_message,,chime-sdk-messaging,ChannelMessage.Target[].MemberArn,list_dict,chime-sdk-messaging.channel,,references,doc,medium,service-partial,get_channel_message,chime-sdk-messaging.GetChannelMessage
chime-sdk-messaging.channel_message,,chime-sdk-messaging,Target[].MemberArn,list_dict,chime-sdk-messaging.channel,,references,doc,medium,service-partial,list_channel_messages,chime-sdk-messaging.ListChannelMessages
chime-sdk-messaging.channel_message,,chime-sdk-messaging,ChannelMessage.SubChannelId,dotted,chime-sdk-messaging.sub_channel,,references,doc,medium,service-exact,get_channel_message,chime-sdk-messaging.GetChannelMessage
chime-sdk-messaging.channel_message,,chime-sdk-messaging,SubChannelId,scalar,chime-sdk-messaging.sub_channel,,references,doc,medium,service-exact,list_channel_messages,chime-sdk-messaging.ListChannelMessages
chime-sdk-messaging.channel_moderated_by_app_instance_user,,chime-sdk-messaging,Channel.ChannelSummary.ChannelArn,dotted,chime-sdk-messaging.channel,,references,doc,medium,service-exact,describe_channel_moderated_by_app_instance_user,chime-sdk-messaging.DescribeChannelModeratedByAppInstanceUser
chime-sdk-messaging.channel_moderated_by_app_instance_user,,chime-sdk-messaging,Channel.ChannelSummary.Name,dotted,chime-sdk-messaging.channel,,references,doc,medium,service-exact,describe_channel_moderated_by_app_instance_user,chime-sdk-messaging.DescribeChannelModeratedByAppInstanceUser
chime-sdk-messaging.channel_moderator,,chime-sdk-messaging,ChannelArn,scalar,chime-sdk-messaging.channel,,references,doc,medium,service-exact,list_channel_moderators,chime-sdk-messaging.ListChannelModerators
chime-sdk-messaging.channels_moderated_by_app_instance_user,,chime-sdk-messaging,ChannelSummary.ChannelArn,dotted,chime-sdk-messaging.channel,,references,doc,medium,service-exact,list_channels_moderated_by_app_instance_user,chime-sdk-messaging.ListChannelsModeratedByAppInstanceUser
chime-sdk-messaging.channels_moderated_by_app_instance_user,,chime-sdk-messaging,ChannelSummary.Name,dotted,chime-sdk-messaging.channel,,references,doc,medium,service-exact,list_channels_moderated_by_app_instance_user,chime-sdk-messaging.ListChannelsModeratedByAppInstanceUser
chime-sdk-voice.voice_profile_domain,,chime-sdk-voice,VoiceProfileDomain.ServerSideEncryptionConfiguration.KmsKeyArn,dotted,kms.key,kms-key,encrypted-by,doc,medium,leaf-hint,get_voice_profile_domain,chime-sdk-voice.GetVoiceProfileDomain
chime-sdk-voice.voice_profile_domain,,chime-sdk-voice,Name,scalar,polly.voice,,references,doc,medium,global-exact,list_voice_profile_domains,chime-sdk-voice.ListVoiceProfileDomains
chime-sdk-voice.voice_profile_domain,,chime-sdk-voice,VoiceProfileDomainId,scalar,polly.voice,,references,doc,medium,global-exact,list_voice_profile_domains,chime-sdk-voice.ListVoiceProfileDomains
chime.app_instance_user,,chime,AppInstanceArn,scalar,chime.app_instance,,references,doc,medium,service-exact,list_app_instance_users,chime.ListAppInstanceUsers
chime.phone_number_setting,,chime,CallingName,scalar,chime.account,,references,doc,medium,service-exact,get_phone_number_settings,chime.GetPhoneNumberSettings
chime.user,,chime,AlexaForBusinessMetadata.AlexaForBusinessRoomArn,dotted,chime.room,,references,doc,medium,service-exact,list_users,chime.ListUsers
chime.user,,chime,User.AlexaForBusinessMetadata.AlexaForBusinessRoomArn,dotted,chime.room,,references,doc,medium,service-exact,get_user,chime.GetUser
cleanrooms.collaboration_privacy_budget,,cleanrooms,privacyBudgetTemplateArn,scalar,cleanrooms.collaboration_privacy_budget_template,,references,doc,medium,service-exact,list_collaboration_privacy_budgets,cleanrooms.ListCollaborationPrivacyBudgets
cleanrooms.collaboration_privacy_budget,,cleanrooms,privacyBudgetTemplateId,scalar,cleanrooms.collaboration_privacy_budget_template,,references,doc,medium,service-exact,list_collaboration_privacy_budgets,cleanrooms.ListCollaborationPrivacyBudgets
cleanrooms.configured_table,,cleanrooms,configuredTable.tableReference.glue.tableName,dotted,glue.table,glue-table,references,doc,medium,global-exact,get_configured_table,cleanrooms.GetConfiguredTable
cleanrooms.configured_table_analysis_rule,,cleanrooms,analysisRule.configuredTableArn,dotted,cleanrooms.configured_table,,references,doc,medium,service-exact,get_configured_table_analysis_rule,cleanrooms.GetConfiguredTableAnalysisRule
cleanrooms.configured_table_analysis_rule,,cleanrooms,analysisRule.configuredTableId,dotted,cleanrooms.configured_table,,references,doc,medium,service-exact,get_configured_table_analysis_rule,cleanrooms.GetConfiguredTableAnalysisRule
cleanrooms.privacy_budget,,cleanrooms,privacyBudgetTemplateArn,scalar,cleanrooms.privacy_budget_template,,references,doc,medium,service-exact,list_privacy_budgets,cleanrooms.ListPrivacyBudgets
cleanrooms.privacy_budget,,cleanrooms,privacyBudgetTemplateId,scalar,cleanrooms.privacy_budget_template,,references,doc,medium,service-exact,list_privacy_budgets,cleanrooms.ListPrivacyBudgets
cleanrooms.protected_query,,cleanrooms,membershipArn,scalar,cleanrooms.membership,,references,doc,medium,service-exact,list_protected_queries,cleanrooms.ListProtectedQueries
cleanrooms.protected_query,,cleanrooms,membershipId,scalar,cleanrooms.membership,,references,doc,medium,service-exact,list_protected_queries,cleanrooms.ListProtectedQueries
cleanrooms.protected_query,,cleanrooms,protectedQuery.membershipArn,dotted,cleanrooms.membership,,references,doc,medium,service-exact,get_protected_query,cleanrooms.GetProtectedQuery
cleanrooms.protected_query,,cleanrooms,protectedQuery.membershipId,dotted,cleanrooms.membership,,references,doc,medium,service-exact,get_protected_query,cleanrooms.GetProtectedQuery
cleanrooms.schema,,cleanrooms,collaborationArn,scalar,cleanrooms.collaboration,,references,doc,medium,service-exact,list_schemas,cleanrooms.ListSchemas
cleanrooms.schema,,cleanrooms,collaborationId,scalar,cleanrooms.collaboration,,references,doc,medium,service-exact,list_schemas,cleanrooms.ListSchemas
cleanrooms.schema,,cleanrooms,schema.collaborationArn,dotted,cleanrooms.collaboration,,references,doc,medium,service-exact,get_schema,cleanrooms.GetSchema
cleanrooms.schema,,cleanrooms,schema.collaborationId,dotted,cleanrooms.collaboration,,references,doc,medium,service-exact,get_schema,cleanrooms.GetSchema
cleanrooms.schema,,cleanrooms,schemas[].collaborationArn,list_dict,cleanrooms.collaboration,,references,doc,medium,service-exact,batch_get_schema,cleanrooms.BatchGetSchema
cleanrooms.schema,,cleanrooms,schemas[].collaborationId,list_dict,cleanrooms.collaboration,,references,doc,medium,service-exact,batch_get_schema,cleanrooms.BatchGetSchema
cleanrooms.schema_analysis_rule,,cleanrooms,analysisRule.collaborationId,dotted,cleanrooms.collaboration,,references,doc,medium,service-partial,get_schema_analysis_rule,cleanrooms.GetSchemaAnalysisRule
cleanroomsml.configured_audience_model,,cleanroomsml,outputConfig.roleArn,dotted,iam.role,iam-role,assumes,doc,medium,well-known,get_configured_audience_model,cleanroomsml.GetConfiguredAudienceModel
cloud9.environment_membership,,cloud9,environmentId,scalar,cloud9.environment,,references,doc,medium,service-exact,describe_environment_memberships,cloud9.DescribeEnvironmentMemberships
cloudcontrol.resource_request,,cloudcontrol,Identifier,scalar,cloudcontrol.resource,,references,doc,medium,service-exact,list_resource_requests,cloudcontrol.ListResourceRequests
cloudcontrol.resource_request,,cloudcontrol,TypeName,scalar,cloudcontrol.resource,,references,doc,medium,service-exact,list_resource_requests,cloudcontrol.ListResourceRequests
cloudcontrol.resource_request_status,,cloudcontrol,ProgressEvent.Identifier,dotted,cloudcontrol.resource,,references,doc,medium,service-exact,get_resource_request_status,cloudcontrol.GetResourceRequestStatus
cloudcontrol.resource_request_status,,cloudcontrol,ProgressEvent.TypeName,dotted,cloudcontrol.resource,,references,doc,medium,service-exact,get_resource_request_status,cloudcontrol.GetResourceRequestStatus
clouddirectory.attached_indice,,clouddirectory,IndexedAttributes[].Key.FacetName,list_dict,clouddirectory.facet,,references,doc,medium,service-exact,list_attached_indices,clouddirectory.ListAttachedIndices
clouddirectory.attached_indice,,clouddirectory,IndexedAttributes[].Key.Name,list_dict,sdb.attribute,,references,doc,medium,global-exact,list_attached_indices,clouddirectory.ListAttachedIndices
clouddirectory.index,,clouddirectory,IndexedAttributes[].Key.FacetName,list_dict,clouddirectory.facet,,references,doc,medium,service-exact,list_index,clouddirectory.ListIndex
clouddirectory.index,,clouddirectory,IndexedAttributes[].Key.Name,list_dict,sdb.attribute,,references,doc,medium,global-exact,list_index,clouddirectory.ListIndex
clouddirectory.link_attribute,,clouddirectory,Key.FacetName,dotted,clouddirectory.facet,,references,doc,medium,service-exact,get_link_attributes,clouddirectory.GetLinkAttributes
clouddirectory.link_attribute,,clouddirectory,Key.Name,dotted,sdb.attribute,,references,doc,medium,global-exact,get_link_attributes,clouddirectory.GetLinkAttributes
clouddirectory.object_attribute,,clouddirectory,Key.FacetName,dotted,clouddirectory.facet,,references,doc,medium,service-exact,get_object_attributes,clouddirectory.GetObjectAttributes
clouddirectory.object_attribute,,clouddirectory,Key.Name,dotted,sdb.attribute,,references,doc,medium,global-exact,get_object_attributes,clouddirectory.GetObjectAttributes
clouddirectory.object_information,,clouddirectory,FacetName,scalar,clouddirectory.facet,,references,doc,medium,service-exact,get_object_information,clouddirectory.GetObjectInformation
clouddirectory.typed_link_facet_attribute,,clouddirectory,Name,scalar,clouddirectory.link_attribute,,references,doc,medium,service-partial,list_typed_link_facet_attributes,clouddirectory.ListTypedLinkFacetAttributes
cloudformation.stack,cfn,cloudformation,StackSetOperation.StackSetId,dotted,cloudformation.stack_set,,references,doc,medium,service-exact,describe_stack_set_operation,cloudformation.DescribeStackSetOperation
cloudformation.stack_event,,cloudformation,StackId,scalar,ec2.instance,ec2,references,doc,medium,well-known,describe_stack_events,cloudformation.DescribeStackEvents
cloudformation.stack_resource,,cloudformation,StackId,scalar,cloudformation.stack,cfn,references,doc,medium,service-exact,describe_stack_resources,cloudformation.DescribeStackResources
cloudformation.stack_resource,,cloudformation,StackResourceDetail.StackId,dotted,cloudformation.stack,cfn,references,doc,medium,service-exact,describe_stack_resource,cloudformation.DescribeStackResource
cloudformation.type,,cloudformation,TypeName,scalar,appconfig.extension,,references,doc,medium,global-exact,describe_type,cloudformation.DescribeType
cloudformation.type,,cloudformation,PublisherId,scalar,cloudformation.publisher,,references,doc,medium,service-partial,describe_type,cloudformation.DescribeType
cloudfront.distribution,distribution,cloudfront,Distribution.DistributionConfig.ViewerCertificate.IAMCertificateId,dotted,iam.iam_certificate,iam-certificate,references,doc,medium,global-exact,get_distribution,cloudfront.GetDistribution
cloudfront.distribution,distribution,cloudfront,DistributionList.Items[].ViewerCertificate.IAMCertificateId,list_dict,iam.iam_certificate,iam-certificate,references,doc,medium,global-exact,list_distributions_by_realtime_log_config,cloudfront.ListDistributionsByRealtimeLogConfig
cloudfront.distribution,distribution,cloudfront,ViewerCertificate.IAMCertificateId,dotted,iam.iam_certificate,iam-certificate,references,doc,medium,global-exact,list_distributions,cloudfront.ListDistributions
cloudfront.distribution_config,,cloudfront,DistributionConfig.ViewerCertificate.IAMCertificateId,dotted,iam.iam_certificate,iam-certificate,references,doc,medium,global-exact,get_distribution_config,cloudfront.GetDistributionConfig
cloudfront.streaming_distribution,streaming-distribution,cloudfront,StreamingDistribution.Id,dotted,cloudfront.distribution,distribution,references,doc,medium,service-partial,get_streaming_distribution,cloudfront.GetStreamingDistribution
cloudfront.streaming_distribution,streaming-distribution,cloudfront,StreamingDistributionList.Items[].Id,list_dict,cloudfront.distribution,distribution,references,doc,medium,service-exact,list_streaming_distributions,cloudfront.ListStreamingDistributions
cloudhsm.hsm,hsm,cloudhsm,EniId,scalar,ec2.network_interface,eni,attached-to,doc,medium,well-known,describe_hsm,cloudhsm.DescribeHsm
cloudhsm.hsm,hsm,cloudhsm,SubnetId,scalar,ec2.subnet,subnet,contained-in,doc,medium,leaf-hint,describe_hsm,cloudhsm.DescribeHsm
cloudhsm.hsm,hsm,cloudhsm,VpcId,scalar,ec2.vpc,vpc,contained-in,doc,medium,leaf-hint,describe_hsm,cloudhsm.DescribeHsm
cloudhsm.hsm,hsm,cloudhsm,IamRoleArn,scalar,iam.role,iam-role,assumes,doc,medium,well-known,describe_hsm,cloudhsm.DescribeHsm
cloudhsmv2.cloudhsm_cluster,cloudhsm-cluster,cloudhsmv2,Hsms[].SubnetId,list_dict,ec2.subnet,subnet,contained-in,doc,medium,leaf-hint,describe_clusters,cloudhsmv2.DescribeClusters
cloudhsmv2.cloudhsm_cluster,cloudhsm-cluster,cloudhsmv2,VpcId,scalar,ec2.vpc,vpc,contained-in,doc,medium,leaf-hint,describe_clusters,cloudhsmv2.DescribeClusters
cloudtrail.event_data_store,,cloudtrail,KmsKeyId,scalar,kms.key,kms-key,encrypted-by,doc,medium,leaf-hint,get_event_data_store,cloudtrail.GetEventDataStore
cloudtrail.trail,cloudtrail,cloudtrail,KmsKeyId,scalar,kms.key,kms-key,encrypted-by,doc,medium,leaf-hint,describe_trails,cloudtrail.DescribeTrails
cloudtrail.trail,cloudtrail,cloudtrail,Trail.KmsKeyId,dotted,kms.key,kms-key,encrypted-by,doc,medium,leaf-hint,get_trail,cloudtrail.GetTrail
cloudwatch.alarm,alarm,cloudwatch,MetricAlarms[].Dimensions[].Name,list_nested,iot.dimension,,references,doc,medium,global-exact,describe_alarms,cloudwatch.DescribeAlarms
cloudwatch.alarm,alarm,cloudwatch,MetricAlarms[].Metrics[].MetricStat.Metric.Dimensions[].Name,list_nested,iot.dimension,,references,doc,medium,global-exact,describe_alarms,cloudwatch.DescribeAlarms
cloudwatch.alarm_history,,cloudwatch,AlarmName,scalar,cloudwatch.alarm,alarm,references,doc,medium,service-exact,describe_alarm_history,cloudwatch.DescribeAlarmHistory
cloudwatch.alarms_for_metric,,cloudwatch,AlarmName,scalar,cloudwatch.alarm,alarm,references,doc,medium,service-exact,describe_alarms_for_metric,cloudwatch.DescribeAlarmsForMetric
cloudwatch.alarms_for_metric,,cloudwatch,Dimensions[].Name,list_dict,iot.dimension,,references,doc,medium,global-exact,describe_alarms_for_metric,cloudwatch.DescribeAlarmsForMetric
cloudwatch.alarms_for_metric,,cloudwatch,Metrics[].MetricStat.Metric.Dimensions[].Name,list_nested,iot.dimension,,references,doc,medium,global-exact,describe_alarms_for_metric,cloudwatch.DescribeAlarmsForMetric
cloudwatch.anomaly_detector,,cloudwatch,Dimensions[].Name,list_dict,iot.dimension,,references,doc,medium,global-exact,describe_anomaly_detectors,cloudwatch.DescribeAnomalyDetectors
cloudwatch.anomaly_detector,,cloudwatch,MetricMathAnomalyDetector.MetricDataQueries[].MetricStat.Metric.Dimensions[].Name,list_nested,iot.dimension,,references,doc,medium,global-exact,describe_anomaly_detectors,cloudwatch.DescribeAnomalyDetectors
cloudwatch.anomaly_detector,,cloudwatch,SingleMetricAnomalyDetector.Dimensions[].Name,list_dict,iot.dimension,,references,doc,medium,global-exact,describe_anomaly_detectors,cloudwatch.DescribeAnomalyDetectors
cloudwatch.metric_stream,,cloudwatch,RoleArn,scalar,iam.role,iam-role,assumes,doc,medium,well-known,get_metric_stream,cloudwatch.GetMetricStream
codeartifact.repository,artifact-repo,codeartifact,domainName,scalar,codeartifact.domain,artifact-domain,references,doc,medium,service-exact,list_repositories,codeartifact.ListRepositories
codeartifact.repository,artifact-repo,codeartifact,repository.domainName,dotted,codeartifact.domain,artifact-domain,references,doc,medium,service-exact,describe_repository,codeartifact.DescribeRepository
codebuild.project,codebuild,codebuild,projects[].vpcConfig.vpcId,list_dict,ec2.vpc,vpc,contained-in,doc,medium,leaf-hint,batch_get_projects,codebuild.BatchGetProjects
codebuild.report_group,,codebuild,reports[].executionId,list_dict,gamelift.build,gamelift-build,references,doc,medium,global-exact,batch_get_reports,codebuild.BatchGetReports
codecatalyst.dev_environment,,codecatalyst,projectName,scalar,codecatalyst.project,,references,doc,medium,service-exact,get_dev_environment,codecatalyst.GetDevEnvironment
codecatalyst.dev_environment,,codecatalyst,repositories[].repositoryName,list_dict,codecatalyst.source_repository,,references,doc,medium,service-exact,list_dev_environments,codecatalyst.ListDevEnvironments
codecatalyst.dev_environment,,codecatalyst,repositoryName,scalar,codecatalyst.source_repository,,references,doc,medium,service-exact,get_dev_environment,codecatalyst.GetDevEnvironment
codecatalyst.dev_environment,,codecatalyst,spaceName,scalar,codecatalyst.space,,references,doc,medium,service-exact,get_dev_environment,codecatalyst.GetDevEnvironment
codecatalyst.dev_environment_session,,codecatalyst,devEnvironmentId,scalar,codecatalyst.dev_environment,,references,doc,medium,service-exact,list_dev_environment_sessions,codecatalyst.ListDevEnvironmentSessions
codecatalyst.dev_environment_session,,codecatalyst,projectName,scalar,codecatalyst.project,,references,doc,medium,service-exact,list_dev_environment_sessions,codecatalyst.ListDevEnvironmentSessions
codecatalyst.dev_environment_session,,codecatalyst,spaceName,scalar,codecatalyst.space,,references,doc,medium,service-exact,list_dev_environment_sessions,codecatalyst.ListDevEnvironmentSessions
codecatalyst.event_log,,codecatalyst,projectInformation.projectId,dotted,codecatalyst.project,,references,doc,medium,service-exact,list_event_logs,codecatalyst.ListEventLogs
codecatalyst.project,,codecatalyst,spaceName,scalar,codecatalyst.space,,references,doc,medium,service-exact,get_project,codecatalyst.GetProject
codecatalyst.source_repository,,codecatalyst,projectName,scalar,codecatalyst.project,,references,doc,medium,service-exact,get_source_repository,codecatalyst.GetSourceRepository
codecatalyst.source_repository,,codecatalyst,spaceName,scalar,codecatalyst.space,,references,doc,medium,service-exact,get_source_repository,codecatalyst.GetSourceRepository
codecatalyst.workflow,,codecatalyst,projectName,scalar,codecatalyst.project,,references,doc,medium,service-exact,get_workflow,codecatalyst.GetWorkflow
codecatalyst.workflow,,codecatalyst,spaceName,scalar,codecatalyst.space,,references,doc,medium,service-exact,get_workflow,codecatalyst.GetWorkflow
codecatalyst.workflow_run,,codecatalyst,projectName,scalar,codecatalyst.project,,references,doc,medium,service-exact,get_workflow_run,codecatalyst.GetWorkflowRun
codecatalyst.workflow_run,,codecatalyst,spaceName,scalar,codecatalyst.space,,references,doc,medium,service-exact,get_workflow_run,codecatalyst.GetWorkflowRun
codecatalyst.workflow_run,,codecatalyst,workflowId,scalar,codecatalyst.workflow,,references,doc,medium,service-exact,get_workflow_run,codecatalyst.GetWorkflowRun
codecatalyst.workflow_run,,codecatalyst,workflowName,scalar,codecatalyst.workflow,,references,doc,medium,service-exact,list_workflow_runs,codecatalyst.ListWorkflowRuns
codecommit.comments_for_compared_commit,,codecommit,repositoryName,scalar,codecommit.repository,codecommit,references,doc,medium,service-exact,get_comments_for_compared_commit,codecommit.GetCommentsForComparedCommit
codecommit.comments_for_pull_request,,codecommit,repositoryName,scalar,codecommit.repository,codecommit,references,doc,medium,service-exact,get_comments_for_pull_request,codecommit.GetCommentsForPullRequest
codecommit.difference,,codecommit,afterBlob.blobId,dotted,codecommit.blob,,references,doc,medium,service-exact,get_differences,codecommit.GetDifferences
codecommit.difference,,codecommit,beforeBlob.blobId,dotted,codecommit.blob,,references,doc,medium,service-exact,get_differences,codecommit.GetDifferences
codecommit.file_commit_history,,codecommit,commit.commitId,dotted,codecommit.commit,,references,doc,medium,service-partial,list_file_commit_history,codecommit.ListFileCommitHistory
codecommit.pull_request,,codecommit,pullRequest.approvalRules[].approvalRuleId,list_dict,codecommit.approval_rule_template,,references,doc,medium,service-partial,get_pull_request,codecommit.GetPullRequest
codecommit.pull_request,,codecommit,pullRequest.approvalRules[].approvalRuleName,list_dict,codecommit.approval_rule_template,,references,doc,medium,service-partial,get_pull_request,codecommit.GetPullRequest
codecommit.pull_request,,codecommit,pullRequest.pullRequestTargets[].mergeMetadata.mergeCommitId,list_dict,codecommit.merge_commit,,references,doc,medium,service-exact,get_pull_request,codecommit.GetPullRequest
codecommit.pull_request_event,,codecommit,approvalRuleEventMetadata.approvalRuleId,dotted,codecommit.approval_rule_template,,references,doc,medium,service-partial,describe_pull_request_events,codecommit.DescribePullRequestEvents
codecommit.pull_request_event,,codecommit,approvalRuleEventMetadata.approvalRuleName,dotted,codecommit.approval_rule_template,,references,doc,medium,service-partial,describe_pull_request_events,codecommit.DescribePullRequestEvents
codecommit.pull_request_event,,codecommit,pullRequestMergedStateChangedEventMetadata.mergeMetadata.mergeCommitId,dotted,codecommit.merge_commit,,references,doc,medium,service-exact,describe_pull_request_events,codecommit.DescribePullRequestEvents
codecommit.pull_request_event,,codecommit,approvalRuleOverriddenEventMetadata.revisionId,dotted,codecommit.pull_request,,references,doc,medium,service-partial,describe_pull_request_events,codecommit.DescribePullRequestEvents
codecommit.pull_request_event,,codecommit,approvalStateChangedEventMetadata.revisionId,dotted,codecommit.pull_request,,references,doc,medium,service-partial,describe_pull_request_events,codecommit.DescribePullRequestEvents
codecommit.pull_request_event,,codecommit,pullRequestCreatedEventMetadata.repositoryName,dotted,codecommit.repository,codecommit,references,doc,medium,service-exact,describe_pull_request_events,codecommit.DescribePullRequestEvents
codecommit.pull_request_event,,codecommit,pullRequestMergedStateChangedEventMetadata.repositoryName,dotted,codecommit.repository,codecommit,references,doc,medium,service-exact,describe_pull_request_events,codecommit.DescribePullRequestEvents
codecommit.pull_request_event,,codecommit,pullRequestSourceReferenceUpdatedEventMetadata.repositoryName,dotted,codecommit.repository,codecommit,references,doc,medium,service-exact,describe_pull_request_events,codecommit.DescribePullRequestEvents
codedeploy.application_revision,,codedeploy,applicationName,scalar,codedeploy.application,codedeploy-app,references,doc,medium,service-exact,batch_get_application_revisions,codedeploy.BatchGetApplicationRevisions
codedeploy.deployment_group,codedeploy-group,codedeploy,applicationName,scalar,codedeploy.application,codedeploy-app,contained-in,parent_spec,high,declared,,c7n parent_spec of codedeploy-group
codedeploy.deployment_instance,,codedeploy,instanceSummary.lifecycleEvents[].diagnostics.scriptName,list_dict,gamelift.script,,references,doc,medium,global-exact,get_deployment_instance,codedeploy.GetDeploymentInstance
codedeploy.deployment_instance,,codedeploy,lifecycleEvents[].diagnostics.scriptName,list_dict,gamelift.script,,references,doc,medium,global-exact,batch_get_deployment_instances,codedeploy.BatchGetDeploymentInstances
codedeploy.deployment_target,,codedeploy,cloudFormationTarget.lifecycleEvents[].diagnostics.scriptName,list_dict,gamelift.script,,references,doc,medium,global-exact,batch_get_deployment_targets,codedeploy.BatchGetDeploymentTargets
codedeploy.deployment_target,,codedeploy,deploymentTarget.cloudFormationTarget.lifecycleEvents[].diagnostics.scriptName,list_dict,gamelift.script,,references,doc,medium,global-exact,get_deployment_target,codedeploy.GetDeploymentTarget
codedeploy.deployment_target,,codedeploy,deploymentTarget.ecsTarget.lifecycleEvents[].diagnostics.scriptName,list_dict,gamelift.script,,references,doc,medium,global-exact,get_deployment_target,codedeploy.GetDeploymentTarget
codedeploy.deployment_target,,codedeploy,deploymentTarget.instanceTarget.lifecycleEvents[].diagnostics.scriptName,list_dict,gamelift.script,,references,doc,medium,global-exact,get_deployment_target,codedeploy.GetDeploymentTarget
codedeploy.deployment_target,,codedeploy,deploymentTarget.lambdaTarget.lifecycleEvents[].diagnostics.scriptName,list_dict,gamelift.script,,references,doc,medium,global-exact,get_deployment_target,codedeploy.GetDeploymentTarget
codedeploy.deployment_target,,codedeploy,ecsTarget.lifecycleEvents[].diagnostics.scriptName,list_dict,gamelift.script,,references,doc,medium,global-exact,batch_get_deployment_targets,codedeploy.BatchGetDeploymentTargets
codedeploy.deployment_target,,codedeploy,instanceTarget.lifecycleEvents[].diagnostics.scriptName,list_dict,gamelift.script,,references,doc,medium,global-exact,batch_get_deployment_targets,codedeploy.BatchGetDeploymentTargets
codedeploy.deployment_target,,codedeploy,lambdaTarget.lifecycleEvents[].diagnostics.scriptName,list_dict,gamelift.script,,references,doc,medium,global-exact,batch_get_deployment_targets,codedeploy.BatchGetDeploymentTargets
codeguru-reviewer.code_review,,codeguru-reviewer,CodeReview.RepositoryName,dotted,codeguru-reviewer.repository_association,,references,doc,medium,service-partial,describe_code_review,codeguru-reviewer.DescribeCodeReview
codeguru-reviewer.code_review,,codeguru-reviewer,RepositoryName,scalar,codeguru-reviewer.repository_association,,references,doc,medium,service-partial,list_code_reviews,codeguru-reviewer.ListCodeReviews
codeguru-security.finding,,codeguru-security,failedFindings[].scanName,list_dict,codeguru-security.scan,,references,doc,medium,service-exact,batch_get_findings,codeguru-security.BatchGetFindings
codeguru-security.metrics_summary,,codeguru-security,metricsSummary.categoriesWithMostFindings[].categoryName,list_dict,codeguru-security.finding,,references,doc,medium,service-exact,get_metrics_summary,codeguru-security.GetMetricsSummary
codeguru-security.metrics_summary,,codeguru-security,metricsSummary.scansWithMostOpenCriticalFindings[].scanName,list_dict,codeguru-security.scan,,references,doc,medium,service-exact,get_metrics_summary,codeguru-security.GetMetricsSummary
codeguru-security.metrics_summary,,codeguru-security,metricsSummary.scansWithMostOpenFindings[].scanName,list_dict,codeguru-security.scan,,references,doc,medium,service-exact,get_metrics_summary,codeguru-security.GetMetricsSummary
codeguruprofiler.recommendation,,codeguruprofiler,profilingGroupName,scalar,codeguruprofiler.profiling_group,,references,doc,medium,service-partial,get_recommendations,codeguruprofiler.GetRecommendations
codepipeline.job_detail,,codepipeline,jobDetails.data.pipelineContext.pipelineExecutionId,dotted,codepipeline.pipeline,codepipeline,references,doc,medium,service-exact,get_job_details,codepipeline.GetJobDetails
codepipeline.job_detail,,codepipeline,jobDetails.data.pipelineContext.pipelineName,dotted,codepipeline.pipeline,codepipeline,references,doc,medium,service-exact,get_job_details,codepipeline.GetJobDetails
codepipeline.job_detail,,codepipeline,jobDetails.data.inputArtifacts[].location.s3Location.bucketName,list_dict,s3.bucket,s3,references,doc,medium,well-known,get_job_details,codepipeline.GetJobDetails
codepipeline.job_detail,,codepipeline,jobDetails.data.outputArtifacts[].location.s3Location.bucketName,list_dict,s3.bucket,s3,references,doc,medium,well-known,get_job_details,codepipeline.GetJobDetails
codepipeline.pipeline_state,,codepipeline,inboundExecution.pipelineExecutionId,dotted,codepipeline.pipeline,codepipeline,references,doc,medium,service-exact,get_pipeline_state,codepipeline.GetPipelineState
codepipeline.pipeline_state,,codepipeline,inboundExecutions[].pipelineExecutionId,list_dict,codepipeline.pipeline,codepipeline,references,doc,medium,service-exact,get_pipeline_state,codepipeline.GetPipelineState
codepipeline.pipeline_state,,codepipeline,latestExecution.pipelineExecutionId,dotted,codepipeline.pipeline,codepipeline,references,doc,medium,service-exact,get_pipeline_state,codepipeline.GetPipelineState
codepipeline.pipeline_state,,codepipeline,pipelineName,scalar,codepipeline.pipeline,codepipeline,references,doc,medium,service-exact,get_pipeline_state,codepipeline.GetPipelineState
codepipeline.third_party_job_detail,,codepipeline,jobDetails.data.pipelineContext.pipelineExecutionId,dotted,codepipeline.pipeline,codepipeline,references,doc,medium,service-exact,get_third_party_job_details,codepipeline.GetThirdPartyJobDetails
codepipeline.third_party_job_detail,,codepipeline,jobDetails.data.pipelineContext.pipelineName,dotted,codepipeline.pipeline,codepipeline,references,doc,medium,service-exact,get_third_party_job_details,codepipeline.GetThirdPartyJobDetails
codepipeline.third_party_job_detail,,codepipeline,jobDetails.data.inputArtifacts[].location.s3Location.bucketName,list_dict,s3.bucket,s3,references,doc,medium,well-known,get_third_party_job_details,codepipeline.GetThirdPartyJobDetails
codepipeline.third_party_job_detail,,codepipeline,jobDetails.data.outputArtifacts[].location.s3Location.bucketName,list_dict,s3.bucket,s3,references,doc,medium,well-known,get_third_party_job_details,codepipeline.GetThirdPartyJobDetails
codestar-connections.host,,codestar-connections,VpcConfiguration.VpcId,dotted,ec2.vpc,vpc,contained-in,doc,medium,leaf-hint,get_host,codestar-connections.GetHost
codestar-notifications.notification_rule,,codestar-notifications,EventTypeId,scalar,codestar-notifications.event_type,,references,doc,medium,service-partial,describe_notification_rule,codestar-notifications.DescribeNotificationRule
codestar-notifications.notification_rule,,codestar-notifications,EventTypeName,scalar,codestar-notifications.event_type,,references,doc,medium,service-partial,describe_notification_rule,codestar-notifications.DescribeNotificationRule
cognito-identity.identity_pool,identity-pool,cognito-identity,CognitoIdentityProviders[].ClientId,list_dict,cognito-identity.user_pool,user-pool,references,doc,medium,service-partial,describe_identity_pool,cognito-identity.DescribeIdentityPool
cognito-idp.device,,cognito-idp,Device.DeviceAttributes[].Name,list_dict,cognito-idp.user_attribute_verification_code,,references,doc,medium,service-partial,get_device,cognito-idp.GetDevice
cognito-idp.device,,cognito-idp,DeviceAttributes[].Name,list_dict,cognito-idp.user_attribute_verification_code,,references,doc,medium,service-partial,list_devices,cognito-idp.ListDevices
cognito-idp.group,,cognito-idp,Group.UserPoolId,dotted,cognito-idp.user_pool,,references,doc,medium,service-exact,get_group,cognito-idp.GetGroup
cognito-idp.group,,cognito-idp,UserPoolId,scalar,cognito-idp.user_pool,,references,doc,medium,service-exact,list_groups,cognito-idp.ListGroups
cognito-idp.resource_server,,cognito-idp,ResourceServer.UserPoolId,dotted,cognito-idp.user,,references,doc,medium,service-exact,describe_resource_server,cognito-idp.DescribeResourceServer
cognito-idp.resource_server,,cognito-idp,UserPoolId,scalar,cognito-idp.user,,references,doc,medium,service-exact,list_resource_servers,cognito-idp.ListResourceServers
cognito-idp.resource_server,,cognito-idp,ResourceServer.Scopes[].ScopeName,list_dict,networkflowmonitor.scope,,references,doc,medium,global-exact,describe_resource_server,cognito-idp.DescribeResourceServer
cognito-idp.resource_server,,cognito-idp,Scopes[].ScopeName,list_dict,networkflowmonitor.scope,,references,doc,medium,global-exact,list_resource_servers,cognito-idp.ListResourceServers
cognito-idp.ui_customization,,cognito-idp,UICustomization.UserPoolId,dotted,cognito-idp.user_pool,,references,doc,medium,service-exact,get_ui_customization,cognito-idp.GetUICustomization
cognito-idp.user,,cognito-idp,Attributes[].Name,list_dict,cognito-idp.user_attribute_verification_code,,references,doc,medium,service-partial,list_users,cognito-idp.ListUsers
cognito-idp.user,,cognito-idp,Name,scalar,cognito-idp.user_attribute_verification_code,,references,doc,medium,service-partial,get_user,cognito-idp.GetUser
cognito-idp.users_in_group,,cognito-idp,Attributes[].Name,list_dict,cognito-idp.user_attribute_verification_code,,references,doc,medium,service-partial,list_users_in_group,cognito-idp.ListUsersInGroup
comprehend.document_classification_job,,comprehend,DocumentClassificationJobProperties.OutputDataConfig.KmsKeyId,dotted,kms.key,kms-key,encrypted-by,doc,medium,leaf-hint,describe_document_classification_job,comprehend.DescribeDocumentClassificationJob
comprehend.document_classification_job,,comprehend,OutputDataConfig.KmsKeyId,dotted,kms.key,kms-key,encrypted-by,doc,medium,leaf-hint,list_document_classification_jobs,comprehend.ListDocumentClassificationJobs
comprehend.document_classifier,,comprehend,DocumentClassifierProperties.OutputDataConfig.KmsKeyId,dotted,kms.key,kms-key,encrypted-by,doc,medium,leaf-hint,describe_document_classifier,comprehend.DescribeDocumentClassifier
comprehend.document_classifier,,comprehend,OutputDataConfig.KmsKeyId,dotted,kms.key,kms-key,encrypted-by,doc,medium,leaf-hint,list_document_classifiers,comprehend.ListDocumentClassifiers
comprehend.dominant_language_detection_job,,comprehend,DominantLanguageDetectionJobProperties.OutputDataConfig.KmsKeyId,dotted,kms.key,kms-key,encrypted-by,doc,medium,leaf-hint,describe_dominant_language_detection_job,comprehend.DescribeDominantLanguageDetectionJob
comprehend.dominant_language_detection_job,,comprehend,OutputDataConfig.KmsKeyId,dotted,kms.key,kms-key,encrypted-by,doc,medium,leaf-hint,list_dominant_language_detection_jobs,comprehend.ListDominantLanguageDetectionJobs
comprehend.entities_detection_job,,comprehend,EntitiesDetectionJobProperties.OutputDataConfig.KmsKeyId,dotted,kms.key,kms-key,encrypted-by,doc,medium,leaf-hint,describe_entities_detection_job,comprehend.DescribeEntitiesDetectionJob
comprehend.entities_detection_job,,comprehend,OutputDataConfig.KmsKeyId,dotted,kms.key,kms-key,encrypted-by,doc,medium,leaf-hint,list_entities_detection_jobs,comprehend.ListEntitiesDetectionJobs
comprehend.events_detection_job,,comprehend,EventsDetectionJobProperties.OutputDataConfig.KmsKeyId,dotted,kms.key,kms-key,encrypted-by,doc,medium,leaf-hint,describe_events_detection_job,comprehend.DescribeEventsDetectionJob
comprehend.events_detection_job,,comprehend,OutputDataConfig.KmsKeyId,dotted,kms.key,kms-key,encrypted-by,doc,medium,leaf-hint,list_events_detection_jobs,comprehend.ListEventsDetectionJobs
comprehend.key_phrases_detection_job,,comprehend,KeyPhrasesDetectionJobProperties.OutputDataConfig.KmsKeyId,dotted,kms.key,kms-key,encrypted-by,doc,medium,leaf-hint,describe_key_phrases_detection_job,comprehend.DescribeKeyPhrasesDetectionJob
comprehend.key_phrases_detection_job,,comprehend,OutputDataConfig.KmsKeyId,dotted,kms.key,kms-key,encrypted-by,doc,medium,leaf-hint,list_key_phrases_detection_jobs,comprehend.ListKeyPhrasesDetectionJobs
comprehend.pii_entities_detection_job,,comprehend,OutputDataConfig.KmsKeyId,dotted,kms.key,kms-key,encrypted-by,doc,medium,leaf-hint,list_pii_entities_detection_jobs,comprehend.ListPiiEntitiesDetectionJobs
comprehend.pii_entities_detection_job,,comprehend,PiiEntitiesDetectionJobProperties.OutputDataConfig.KmsKeyId,dotted,kms.key,kms-key,encrypted-by,doc,medium,leaf-hint,describe_pii_entities_detection_job,comprehend.DescribePiiEntitiesDetectionJob
comprehend.sentiment_detection_job,,comprehend,OutputDataConfig.KmsKeyId,dotted,kms.key,kms-key,encrypted-by,doc,medium,leaf-hint,list_sentiment_detection_jobs,comprehend.ListSentimentDetectionJobs
comprehend.sentiment_detection_job,,comprehend,SentimentDetectionJobProperties.OutputDataConfig.KmsKeyId,dotted,kms.key,kms-key,encrypted-by,doc,medium,leaf-hint,describe_sentiment_detection_job,comprehend.DescribeSentimentDetectionJob
comprehend.targeted_sentiment_detection_job,,comprehend,OutputDataConfig.KmsKeyId,dotted,kms.key,kms-key,encrypted-by,doc,medium,leaf-hint,list_targeted_sentiment_detection_jobs,comprehend.ListTargetedSentimentDetectionJobs
comprehend.targeted_sentiment_detection_job,,comprehend,TargetedSentimentDetectionJobProperties.OutputDataConfig.KmsKeyId,dotted,kms.key,kms-key,encrypted-by,doc,medium,leaf-hint,describe_targeted_sentiment_detection_job,comprehend.DescribeTargetedSentimentDetectionJob
comprehend.topics_detection_job,,comprehend,OutputDataConfig.KmsKeyId,dotted,kms.key,kms-key,encrypted-by,doc,medium,leaf-hint,list_topics_detection_jobs,comprehend.ListTopicsDetectionJobs
comprehend.topics_detection_job,,comprehend,TopicsDetectionJobProperties.OutputDataConfig.KmsKeyId,dotted,kms.key,kms-key,encrypted-by,doc,medium,leaf-hint,describe_topics_detection_job,comprehend.DescribeTopicsDetectionJob
config.config_rule_evaluation_status,,config,ConfigRuleId,scalar,config.config_rule,config-rule,references,doc,medium,service-exact,describe_config_rule_evaluation_status,config.DescribeConfigRuleEvaluationStatus
config.config_rule_evaluation_status,,config,ConfigRuleName,scalar,config.config_rule,config-rule,references,doc,medium,service-exact,describe_config_rule_evaluation_status,config.DescribeConfigRuleEvaluationStatus
config.conformance_pack,,config,ConfigRuleName,scalar,config.config_rule,config-rule,references,doc,medium,service-exact,describe_conformance_pack_compliance,config.DescribeConformancePackCompliance
config.conformance_pack,,config,EvaluationResultIdentifier.EvaluationResultQualifier.ConfigRuleName,dotted,config.config_rule,config-rule,references,doc,medium,service-partial,get_conformance_pack_compliance_details,config.GetConformancePackComplianceDetails
config.conformance_pack_status,,config,ConformancePackId,scalar,config.conformance_pack,,references,doc,medium,service-exact,describe_conformance_pack_status,config.DescribeConformancePackStatus
config.conformance_pack_status,,config,ConformancePackName,scalar,config.conformance_pack,,references,doc,medium,service-exact,describe_conformance_pack_status,config.DescribeConformancePackStatus
config.remediation_configuration,,config,ConfigRuleName,scalar,config.config_rule,config-rule,references,doc,medium,service-exact,describe_remediation_configurations,config.DescribeRemediationConfigurations
connect-contact-lens.realtime_contact_analysis_segment,,connect-contact-lens,Transcript.Id,dotted,connectparticipant.transcript,,references,doc,medium,global-exact,list_realtime_contact_analysis_segments,connect-contact-lens.ListRealtimeContactAnalysisSegments
connect-contact-lens.realtime_contact_analysis_segment,,connect-contact-lens,Transcript.ParticipantId,dotted,ivs-realtime.participant,,references,doc,medium,global-exact,list_realtime_contact_analysis_segments,connect-contact-lens.ListRealtimeContactAnalysisSegments
connect.analytics_data_association,,connect,DataSetId,scalar,connect.analytics_data_lake_data_set,,references,doc,medium,service-partial,list_analytics_data_associations,connect.ListAnalyticsDataAssociations
connect.contact,,connect,Contact.QueueInfo.Id,dotted,connect.queue,,references,doc,medium,service-exact,describe_contact,connect.DescribeContact
connect.contact_evaluation,,connect,Evaluation.Metadata.ContactAgentId,dotted,connect.contact,,references,doc,medium,service-partial,describe_contact_evaluation,connect.DescribeContactEvaluation
connect.contact_evaluation,,connect,Evaluation.Metadata.ContactId,dotted,connect.contact,,references,doc,medium,service-exact,describe_contact_evaluation,connect.DescribeContactEvaluation
connect.contact_evaluation,,connect,EvaluationForm.EvaluationFormId,dotted,connect.evaluation_form,,references,doc,medium,service-exact,describe_contact_evaluation,connect.DescribeContactEvaluation
connect.contact_evaluation,,connect,EvaluationFormId,scalar,connect.evaluation_form,,references,doc,medium,service-exact,list_contact_evaluations,connect.ListContactEvaluations
connect.contact_reference,,connect,Url.Name,dotted,lambda.url,,references,doc,medium,global-exact,list_contact_references,connect.ListContactReferences
connect.current_metric_data,,connect,Dimensions.Queue.Id,dotted,connect.queue,,references,doc,medium,service-exact,get_current_metric_data,connect.GetCurrentMetricData
connect.current_metric_data,,connect,Dimensions.RoutingProfile.Id,dotted,connect.routing_profile,,references,doc,medium,service-exact,get_current_metric_data,connect.GetCurrentMetricData
connect.current_user_data,,connect,Status.StatusName,dotted,connect.agent_status,,references,doc,medium,service-exact,get_current_user_data,connect.GetCurrentUserData
connect.current_user_data,,connect,Contacts[].ContactId,list_dict,connect.contact,,references,doc,medium,service-exact,get_current_user_data,connect.GetCurrentUserData
connect.current_user_data,,connect,Contacts[].Queue.Id,list_dict,connect.queue,,references,doc,medium,service-exact,get_current_user_data,connect.GetCurrentUserData
connect.current_user_data,,connect,RoutingProfile.Id,dotted,connect.routing_profile,,references,doc,medium,service-exact,get_current_user_data,connect.GetCurrentUserData
connect.current_user_data,,connect,User.Id,dotted,connect.user,,references,doc,medium,service-exact,get_current_user_data,connect.GetCurrentUserData
connect.default_vocabulary,,connect,VocabularyId,scalar,connect.vocabulary,,references,doc,medium,service-partial,list_default_vocabularies,connect.ListDefaultVocabularies
connect.default_vocabulary,,connect,VocabularyName,scalar,connect.vocabulary,,references,doc,medium,service-partial,list_default_vocabularies,connect.ListDefaultVocabularies
connect.default_vocabulary,,connect,InstanceId,scalar,ec2.instance,ec2,references,doc,medium,leaf-hint,list_default_vocabularies,connect.ListDefaultVocabularies
connect.evaluation_form_version,,connect,EvaluationFormId,scalar,connect.evaluation_form,,references,doc,medium,service-exact,list_evaluation_form_versions,connect.ListEvaluationFormVersions
connect.federation_token,,connect,UserId,scalar,connect.user,,references,doc,medium,service-exact,get_federation_token,connect.GetFederationToken
connect.flow_association,,connect,ResourceId,scalar,connect.tags_for_resource,,references,doc,medium,service-partial,batch_get_flow_association,connect.BatchGetFlowAssociation
connect.instance,,connect,Id,scalar,ec2.instance,ec2,references,doc,medium,well-known,list_instances,connect.ListInstances
connect.integration_association,,connect,InstanceId,scalar,ec2.instance,ec2,references,doc,medium,leaf-hint,list_integration_associations,connect.ListIntegrationAssociations
connect.metric_data,,connect,Dimensions.Queue.Id,dotted,connect.queue,,references,doc,medium,service-exact,get_metric_data,connect.GetMetricData
connect.metric_data,,connect,Dimensions.RoutingProfile.Id,dotted,connect.routing_profile,,references,doc,medium,service-exact,get_metric_data,connect.GetMetricData
connect.phone_number,,connect,ClaimedPhoneNumberSummary.InstanceId,dotted,ec2.instance,ec2,references,doc,medium,leaf-hint,describe_phone_number,connect.DescribePhoneNumber
connect.phone_numbers_v2,,connect,PhoneNumberId,scalar,connect.phone_number,,references,doc,medium,service-exact,list_phone_numbers_v2,connect.ListPhoneNumbersV2
connect.phone_numbers_v2,,connect,InstanceId,scalar,ec2.instance,ec2,references,doc,medium,leaf-hint,list_phone_numbers_v2,connect.ListPhoneNumbersV2
connect.queue,,connect,Queue.HoursOfOperationId,dotted,connect.hours_of_operation,,references,doc,medium,service-exact,describe_queue,connect.DescribeQueue
connect.queue_quick_connect,,connect,Id,scalar,connect.quick_connect,,references,doc,medium,service-exact,list_queue_quick_connects,connect.ListQueueQuickConnects
connect.queue_quick_connect,,connect,Name,scalar,connect.quick_connect,,references,doc,medium,service-exact,list_queue_quick_connects,connect.ListQueueQuickConnects
connect.quick_connect,,connect,QuickConnect.QuickConnectConfig.QueueConfig.QueueId,dotted,connect.queue,,references,doc,medium,service-exact,describe_quick_connect,connect.DescribeQuickConnect
connect.quick_connect,,connect,QuickConnect.QuickConnectConfig.UserConfig.UserId,dotted,connect.user,,references,doc,medium,service-exact,describe_quick_connect,connect.DescribeQuickConnect
connect.realtime_contact_analysis_segments_v2,,connect,Event.Id,dotted,connect.contact,,references,doc,medium,service-exact,list_realtime_contact_analysis_segments_v2,connect.ListRealtimeContactAnalysisSegmentsV2
connect.realtime_contact_analysis_segments_v2,,connect,Transcript.Id,dotted,connectparticipant.transcript,,references,doc,medium,global-exact,list_realtime_contact_analysis_segments_v2,connect.ListRealtimeContactAnalysisSegmentsV2
connect.realtime_contact_analysis_segments_v2,,connect,Attachments.ParticipantId,dotted,ivs-realtime.participant,,references,doc,medium,global-exact,list_realtime_contact_analysis_segments_v2,connect.ListRealtimeContactAnalysisSegmentsV2
connect.realtime_contact_analysis_segments_v2,,connect,Event.ParticipantId,dotted,ivs-realtime.participant,,references,doc,medium,global-exact,list_realtime_contact_analysis_segments_v2,connect.ListRealtimeContactAnalysisSegmentsV2
connect.realtime_contact_analysis_segments_v2,,connect,Transcript.ParticipantId,dotted,ivs-realtime.participant,,references,doc,medium,global-exact,list_realtime_contact_analysis_segments_v2,connect.ListRealtimeContactAnalysisSegmentsV2
connect.routing_profile,,connect,RoutingProfile.InstanceId,dotted,ec2.instance,ec2,references,doc,medium,leaf-hint,describe_routing_profile,connect.DescribeRoutingProfile
connect.routing_profile_queue,,connect,QueueId,scalar,connect.queue,,references,doc,medium,service-exact,list_routing_profile_queues,connect.ListRoutingProfileQueues
connect.routing_profile_queue,,connect,QueueName,scalar,connect.queue,,references,doc,medium,service-exact,list_routing_profile_queues,connect.ListRoutingProfileQueues
connect.rule,,connect,Rule.TriggerEventSource.IntegrationAssociationId,dotted,connect.integration_association,,references,doc,medium,service-exact,describe_rule,connect.DescribeRule
connect.rule,,connect,EventSourceName,scalar,events.event_source,,references,doc,medium,global-exact,list_rules,connect.ListRules
connect.rule,,connect,Rule.TriggerEventSource.EventSourceName,dotted,events.event_source,,references,doc,medium,global-exact,describe_rule,connect.DescribeRule
connect.task_template,,connect,InstanceId,scalar,ec2.instance,ec2,references,doc,medium,leaf-hint,get_task_template,connect.GetTaskTemplate
connect.traffic_distribution,,connect,Id,scalar,connect.traffic_distribution_group,,references,doc,medium,service-exact,get_traffic_distribution,connect.GetTrafficDistribution
connect.traffic_distribution_group_user,,connect,UserId,scalar,connect.user,,references,doc,medium,service-exact,list_traffic_distribution_group_users,connect.ListTrafficDistributionGroupUsers
connectcases.cases_for_contact,,connectcases,caseId,scalar,connectcases.case,,references,doc,medium,service-exact,list_cases_for_contact,connectcases.ListCasesForContact
connectparticipant.transcript,,connectparticipant,Attachments[].AttachmentId,list_dict,connectparticipant.attachment,,references,doc,medium,service-exact,get_transcript,connectparticipant.GetTranscript
connectparticipant.transcript,,connectparticipant,Attachments[].AttachmentName,list_dict,connectparticipant.attachment,,references,doc,medium,service-exact,get_transcript,connectparticipant.GetTranscript
connectparticipant.transcript,,connectparticipant,Id,scalar,mediastore-data.item,,references,doc,medium,global-exact,get_transcript,connectparticipant.GetTranscript
controltower.enabled_baseline,,controltower,enabledBaselineDetails.statusSummary.lastOperationIdentifier,dotted,controltower.enabled_control,,references,doc,medium,service-exact,get_enabled_baseline,controltower.GetEnabledBaseline
controltower.enabled_baseline,,controltower,statusSummary.lastOperationIdentifier,dotted,controltower.enabled_control,,references,doc,medium,service-exact,list_enabled_baselines,controltower.ListEnabledBaselines
controltower.enabled_control,,controltower,enabledControlDetails.targetIdentifier,dotted,organizations.organizational_unit,,references,doc,medium,global-exact,get_enabled_control,controltower.GetEnabledControl
controltower.enabled_control,,controltower,targetIdentifier,scalar,organizations.organizational_unit,,references,doc,medium,global-exact,list_enabled_controls,controltower.ListEnabledControls
cur.report_definition,,cur,ReportName,scalar,artifact.report,,references,doc,medium,global-exact,describe_report_definitions,cur.DescribeReportDefinitions
cur.report_definition,,cur,BillingViewArn,scalar,billing.billing_view,,references,doc,medium,global-exact,describe_report_definitions,cur.DescribeReportDefinitions
customer-profiles.account_integration,,customer-profiles,DomainName,scalar,customer-profiles.domain,,references,doc,medium,service-exact,list_account_integrations,customer-profiles.ListAccountIntegrations
customer-profiles.account_integration,,customer-profiles,ObjectTypeName,scalar,customer-profiles.profile_object_type,,references,doc,medium,service-exact,list_account_integrations,customer-profiles.ListAccountIntegrations
customer-profiles.account_integration,,customer-profiles,WorkflowId,scalar,customer-profiles.workflow,,references,doc,medium,service-exact,list_account_integrations,customer-profiles.ListAccountIntegrations
customer-profiles.auto_merging_preview,,customer-profiles,DomainName,scalar,customer-profiles.domain,,references,doc,medium,service-exact,get_auto_merging_preview,customer-profiles.GetAutoMergingPreview
customer-profiles.event_stream,,customer-profiles,DomainName,scalar,customer-profiles.domain,,references,doc,medium,service-exact,get_event_stream,customer-profiles.GetEventStream
customer-profiles.identity_resolution_job,,customer-profiles,DomainName,scalar,customer-profiles.domain,,references,doc,medium,service-exact,get_identity_resolution_job,customer-profiles.GetIdentityResolutionJob
customer-profiles.integration,,customer-profiles,DomainName,scalar,customer-profiles.domain,,references,doc,medium,service-exact,get_integration,customer-profiles.GetIntegration
customer-profiles.integration,,customer-profiles,ObjectTypeName,scalar,customer-profiles.profile_object_type,,references,doc,medium,service-exact,get_integration,customer-profiles.GetIntegration
customer-profiles.integration,,customer-profiles,WorkflowId,scalar,customer-profiles.workflow,,references,doc,medium,service-exact,get_integration,customer-profiles.GetIntegration
customer-profiles.workflow_step,,customer-profiles,WorkflowId,scalar,customer-profiles.workflow,,references,doc,medium,service-exact,get_workflow_steps,customer-profiles.GetWorkflowSteps
databrew.job,,databrew,ProjectName,scalar,databrew.project,,references,doc,medium,service-exact,list_jobs,databrew.ListJobs
databrew.job,,databrew,RecipeReference.Name,dotted,databrew.recipe,,references,doc,medium,service-exact,describe_job,databrew.DescribeJob
databrew.job_run,,databrew,DatasetName,scalar,databrew.dataset,,references,doc,medium,service-exact,describe_job_run,databrew.DescribeJobRun
databrew.job_run,,databrew,JobName,scalar,databrew.job,,references,doc,medium,service-exact,describe_job_run,databrew.DescribeJobRun
databrew.job_run,,databrew,RecipeReference.Name,dotted,databrew.recipe,,references,doc,medium,service-exact,describe_job_run,databrew.DescribeJobRun
databrew.recipe,,databrew,ProjectName,scalar,databrew.project,,references,doc,medium,service-exact,describe_recipe,databrew.DescribeRecipe
databrew.recipe_version,,databrew,ProjectName,scalar,databrew.project,,references,doc,medium,service-exact,list_recipe_versions,databrew.ListRecipeVersions
databrew.recipe_version,,databrew,Name,scalar,databrew.recipe,,references,doc,medium,service-exact,list_recipe_versions,databrew.ListRecipeVersions
dataexchange.asset,,dataexchange,RevisionId,scalar,dataexchange.revision,,references,doc,medium,service-exact,get_asset,dataexchange.GetAsset
dataexchange.asset,,dataexchange,AssetDetails.S3DataAccessAsset.KmsKeysToGrant[].KmsKeyArn,list_dict,kms.key,kms-key,encrypted-by,doc,medium,leaf-hint,get_asset,dataexchange.GetAsset
dataexchange.data_set_revision,,dataexchange,Arn,scalar,dataexchange.revision,,references,doc,medium,service-exact,list_data_set_revisions,dataexchange.ListDataSetRevisions
dataexchange.data_set_revision,,dataexchange,Id,scalar,dataexchange.revision,,references,doc,medium,service-exact,list_data_set_revisions,dataexchange.ListDataSetRevisions
dataexchange.event_action,,dataexchange,Event.RevisionPublished.DataSetId,dotted,dataexchange.revision,,references,doc,medium,service-partial,get_event_action,dataexchange.GetEventAction
dataexchange.event_action,,dataexchange,Action.ExportRevisionToS3.Encryption.KmsKeyArn,dotted,kms.key,kms-key,encrypted-by,doc,medium,leaf-hint,get_event_action,dataexchange.GetEventAction
dataexchange.job,,dataexchange,Details.ExportAssetToSignedUrl.AssetId,dotted,dataexchange.asset,,references,doc,medium,service-exact,get_job,dataexchange.GetJob
dataexchange.job,,dataexchange,Details.ExportAssetsToS3.AssetDestinations[].AssetId,list_dict,dataexchange.asset,,references,doc,medium,service-exact,get_job,dataexchange.GetJob
dataexchange.job,,dataexchange,Details.ImportAssetFromSignedUrl.AssetName,dotted,dataexchange.asset,,references,doc,medium,service-exact,get_job,dataexchange.GetJob
dataexchange.job,,dataexchange,Details.CreateS3DataAccessFromS3Bucket.RevisionId,dotted,dataexchange.revision,,references,doc,medium,service-exact,get_job,dataexchange.GetJob
dataexchange.job,,dataexchange,Details.ExportAssetToSignedUrl.RevisionId,dotted,dataexchange.revision,,references,doc,medium,service-exact,get_job,dataexchange.GetJob
dataexchange.job,,dataexchange,Details.ExportAssetsToS3.RevisionId,dotted,dataexchange.revision,,references,doc,medium,service-exact,get_job,dataexchange.GetJob
dataexchange.job,,dataexchange,Details.ExportRevisionsToS3.RevisionDestinations[].RevisionId,list_dict,dataexchange.revision,,references,doc,medium,service-exact,get_job,dataexchange.GetJob
dataexchange.job,,dataexchange,Details.ImportAssetFromSignedUrl.RevisionId,dotted,dataexchange.revision,,references,doc,medium,service-exact,get_job,dataexchange.GetJob
dataexchange.job,,dataexchange,Details.ImportAssetsFromLakeFormationTagPolicy.RevisionId,dotted,dataexchange.revision,,references,doc,medium,service-exact,get_job,dataexchange.GetJob
dataexchange.job,,dataexchange,Details.ImportAssetsFromRedshiftDataShares.RevisionId,dotted,dataexchange.revision,,references,doc,medium,service-exact,get_job,dataexchange.GetJob
dataexchange.job,,dataexchange,Details.ImportAssetsFromS3.RevisionId,dotted,dataexchange.revision,,references,doc,medium,service-exact,get_job,dataexchange.GetJob
dataexchange.job,,dataexchange,Errors[].LimitName,list_dict,deadline.limit,,references,doc,medium,global-exact,list_jobs,dataexchange.ListJobs
dataexchange.job,,dataexchange,LimitName,scalar,deadline.limit,,references,doc,medium,global-exact,get_job,dataexchange.GetJob
dataexchange.job,,dataexchange,Details.CreateS3DataAccessFromS3Bucket.AssetSource.KmsKeysToGrant[].KmsKeyArn,list_dict,kms.key,kms-key,encrypted-by,doc,medium,leaf-hint,get_job,dataexchange.GetJob
dataexchange.job,,dataexchange,Details.ExportAssetsToS3.Encryption.KmsKeyArn,dotted,kms.key,kms-key,encrypted-by,doc,medium,leaf-hint,get_job,dataexchange.GetJob
dataexchange.job,,dataexchange,Details.ExportRevisionsToS3.Encryption.KmsKeyArn,dotted,kms.key,kms-key,encrypted-by,doc,medium,leaf-hint,get_job,dataexchange.GetJob
dataexchange.revision_asset,,dataexchange,Arn,scalar,dataexchange.asset,,references,doc,medium,service-exact,list_revision_assets,dataexchange.ListRevisionAssets
dataexchange.revision_asset,,dataexchange,AssetDetails.ApiGatewayApiAsset.ApiId,dotted,dataexchange.asset,,references,doc,medium,service-partial,list_revision_assets,dataexchange.ListRevisionAssets
dataexchange.revision_asset,,dataexchange,AssetDetails.ApiGatewayApiAsset.ApiName,dotted,dataexchange.asset,,references,doc,medium,service-partial,list_revision_assets,dataexchange.ListRevisionAssets
dataexchange.revision_asset,,dataexchange,Id,scalar,dataexchange.asset,,references,doc,medium,service-exact,list_revision_assets,dataexchange.ListRevisionAssets
dataexchange.revision_asset,,dataexchange,Name,scalar,dataexchange.asset,,references,doc,medium,service-exact,list_revision_assets,dataexchange.ListRevisionAssets
dataexchange.revision_asset,,dataexchange,RevisionId,scalar,dataexchange.revision,,references,doc,medium,service-exact,list_revision_assets,dataexchange.ListRevisionAssets
dataexchange.revision_asset,,dataexchange,AssetDetails.S3DataAccessAsset.KmsKeysToGrant[].KmsKeyArn,list_dict,kms.key,kms-key,encrypted-by,doc,medium,leaf-hint,list_revision_assets,dataexchange.ListRevisionAssets
datasync.agent,datasync-agent,datasync,PrivateLinkConfig.VpcEndpointId,dotted,ec2.vpc,vpc,contained-in,doc,medium,well-known,describe_agent,datasync.DescribeAgent
datasync.location_efs,,datasync,LocationArn,scalar,datasync.location,,references,doc,medium,service-partial,describe_location_efs,datasync.DescribeLocationEfs
datasync.location_f_sx_ontap,,datasync,LocationArn,scalar,datasync.location,,references,doc,medium,service-partial,describe_location_fsx_ontap,datasync.DescribeLocationFsxOntap
datasync.location_f_sx_ontap,,datasync,StorageVirtualMachineArn,scalar,fsx.storage_virtual_machine,,references,doc,medium,global-exact,describe_location_fsx_ontap,datasync.DescribeLocationFsxOntap
datasync.location_f_sx_open_zfs,,datasync,LocationArn,scalar,datasync.location,,references,doc,medium,service-partial,describe_location_fsx_open_zfs,datasync.DescribeLocationFsxOpenZfs
datasync.location_f_sx_windows,,datasync,LocationArn,scalar,datasync.location,,references,doc,medium,service-partial,describe_location_fsx_windows,datasync.DescribeLocationFsxWindows
datasync.location_hdfs,,datasync,LocationArn,scalar,datasync.location,,references,doc,medium,service-partial,describe_location_hdfs,datasync.DescribeLocationHdfs
datasync.location_nfs,,datasync,LocationArn,scalar,datasync.location,,references,doc,medium,service-partial,describe_location_nfs,datasync.DescribeLocationNfs
datasync.location_object_storage,,datasync,LocationArn,scalar,datasync.location,,references,doc,medium,service-partial,describe_location_object_storage,datasync.DescribeLocationObjectStorage
datasync.location_s3,,datasync,LocationArn,scalar,datasync.location,,references,doc,medium,service-partial,describe_location_s3,datasync.DescribeLocationS3
datasync.location_smb,,datasync,LocationArn,scalar,datasync.location,,references,doc,medium,service-partial,describe_location_smb,datasync.DescribeLocationSmb
datasync.task,datasync-task,datasync,TaskReportConfig.Destination.S3.S3BucketArn,dotted,s3.bucket,s3,references,doc,medium,well-known,describe_task,datasync.DescribeTask
datasync.task_execution,,datasync,TaskReportConfig.Destination.S3.S3BucketArn,dotted,s3.bucket,s3,references,doc,medium,well-known,describe_task_execution,datasync.DescribeTaskExecution
datazone.asset,,datazone,formName,scalar,amplifyuibuilder.metadata,,references,doc,medium,global-exact,get_asset,datazone.GetAsset
datazone.asset,,datazone,readOnlyFormsOutput[].formName,list_dict,amplifyuibuilder.metadata,,references,doc,medium,global-exact,get_asset,datazone.GetAsset
datazone.asset,,datazone,typeIdentifier,scalar,datazone.asset_type,,references,doc,medium,service-exact,get_asset,datazone.GetAsset
datazone.asset,,datazone,readOnlyFormsOutput[].typeName,list_dict,datazone.form_type,,references,doc,medium,service-partial,get_asset,datazone.GetAsset
datazone.asset,,datazone,typeName,scalar,datazone.form_type,,references,doc,medium,service-partial,get_asset,datazone.GetAsset
datazone.asset,,datazone,owningProjectId,scalar,datazone.project,,references,doc,medium,service-exact,get_asset,datazone.GetAsset
datazone.data_source,,datazone,formName,scalar,amplifyuibuilder.metadata,,references,doc,medium,global-exact,get_data_source,datazone.GetDataSource
datazone.data_source,,datazone,environmentId,scalar,datazone.environment,,references,doc,medium,service-exact,list_data_sources,datazone.ListDataSources
datazone.data_source,,datazone,typeName,scalar,datazone.form_type,,references,doc,medium,service-partial,get_data_source,datazone.GetDataSource
datazone.data_source_run,,datazone,projectId,scalar,datazone.project,,references,doc,medium,service-exact,get_data_source_run,datazone.GetDataSourceRun
datazone.environment,,datazone,projectId,scalar,datazone.project,,references,doc,medium,service-exact,list_environments,datazone.ListEnvironments
datazone.environment_blueprint_configuration,,datazone,environmentBlueprintId,scalar,datazone.environment_blueprint,,references,doc,medium,service-exact,list_environment_blueprint_configurations,datazone.ListEnvironmentBlueprintConfigurations
datazone.form_type,,datazone,owningProjectId,scalar,datazone.project,,references,doc,medium,service-exact,get_form_type,datazone.GetFormType
datazone.glossary,,datazone,owningProjectId,scalar,datazone.project,,references,doc,medium,service-exact,get_glossary,datazone.GetGlossary
datazone.glossary_term,,datazone,glossaryId,scalar,datazone.glossary,,references,doc,medium,service-partial,get_glossary_term,datazone.GetGlossaryTerm
datazone.iam_portal_login_url,,datazone,userProfileId,scalar,datazone.user_profile,,references,doc,medium,service-exact,get_iam_portal_login_url,datazone.GetIamPortalLoginUrl
datazone.subscription_grant,,datazone,subscriptionId,scalar,datazone.subscription,,references,doc,medium,service-exact,get_subscription_grant,datazone.GetSubscriptionGrant
datazone.subscription_request,,datazone,reviewerId,scalar,datazone.subscription,,references,doc,medium,service-exact,list_subscription_requests,datazone.ListSubscriptionRequests
datazone.subscription_target,,datazone,environmentId,scalar,datazone.environment,,references,doc,medium,service-exact,list_subscription_targets,datazone.ListSubscriptionTargets
datazone.subscription_target,,datazone,projectId,scalar,datazone.project,,references,doc,medium,service-exact,list_subscription_targets,datazone.ListSubscriptionTargets
dax.cluster,dax,dax,ParameterGroup.ParameterGroupName,dotted,dax.parameter_group,,references,doc,medium,service-exact,describe_clusters,dax.DescribeClusters
dax.subnet_group,,dax,SubnetGroupName,scalar,ec2.subnet,subnet,contained-in,doc,medium,well-known,describe_subnet_groups,dax.DescribeSubnetGroups
dax.subnet_group,,dax,Subnets[].SubnetIdentifier,list_dict,ec2.subnet,subnet,contained-in,doc,medium,well-known,describe_subnet_groups,dax.DescribeSubnetGroups
dax.subnet_group,,dax,VpcId,scalar,ec2.vpc,vpc,contained-in,doc,medium,leaf-hint,describe_subnet_groups,dax.DescribeSubnetGroups
detective.invitation,,detective,AdministratorId,scalar,detective.graph,,references,doc,medium,service-partial,list_invitations,detective.ListInvitations
detective.invitation,,detective,GraphArn,scalar,detective.graph,,references,doc,medium,service-partial,list_invitations,detective.ListInvitations
detective.invitation,,detective,MasterId,scalar,detective.graph,,references,doc,medium,service-partial,list_invitations,detective.ListInvitations
detective.member,,detective,AdministratorId,scalar,detective.graph,,references,doc,medium,service-partial,list_members,detective.ListMembers
detective.member,,detective,GraphArn,scalar,detective.graph,,references,doc,medium,service-partial,list_members,detective.ListMembers
detective.member,,detective,MasterId,scalar,detective.graph,,references,doc,medium,service-partial,list_members,detective.ListMembers
detective.member,,detective,MemberDetails[].AdministratorId,list_dict,detective.graph,,references,doc,medium,service-partial,get_members,detective.GetMembers
detective.member,,detective,MemberDetails[].GraphArn,list_dict,detective.graph,,references,doc,medium,service-partial,get_members,detective.GetMembers
detective.member,,detective,MemberDetails[].MasterId,list_dict,detective.graph,,references,doc,medium,service-partial,get_members,detective.GetMembers
detective.member,,detective,MembershipDatasources[].GraphArn,list_dict,detective.graph,,references,doc,medium,service-partial,batch_get_membership_datasources,detective.BatchGetMembershipDatasources
detective.member,,detective,UnprocessedGraphs[].GraphArn,list_dict,detective.graph,,references,doc,medium,service-partial,batch_get_membership_datasources,detective.BatchGetMembershipDatasources
detective.organization_admin,,detective,GraphArn,scalar,detective.graph,,references,doc,medium,service-partial,list_organization_admin_accounts,detective.ListOrganizationAdminAccounts
devicefarm.device_instance,,devicefarm,deviceArn,scalar,devicefarm.device,,references,doc,medium,service-exact,list_device_instances,devicefarm.ListDeviceInstances
devicefarm.device_instance,,devicefarm,deviceInstance.deviceArn,dotted,devicefarm.device,,references,doc,medium,service-exact,get_device_instance,devicefarm.GetDeviceInstance
devicefarm.device_pool_compatibility,,devicefarm,device.fleetName,dotted,devicefarm.device,,references,doc,medium,service-partial,get_device_pool_compatibility,devicefarm.GetDevicePoolCompatibility
devicefarm.device_pool_compatibility,,devicefarm,device.instances[].deviceArn,list_dict,devicefarm.device,,references,doc,medium,service-exact,get_device_pool_compatibility,devicefarm.GetDevicePoolCompatibility
devicefarm.device_pool_compatibility,,devicefarm,incompatibleDevices[].device.fleetName,list_dict,devicefarm.device,,references,doc,medium,service-partial,get_device_pool_compatibility,devicefarm.GetDevicePoolCompatibility
devicefarm.device_pool_compatibility,,devicefarm,incompatibleDevices[].device.instances[].deviceArn,list_nested,devicefarm.device,,references,doc,medium,service-exact,get_device_pool_compatibility,devicefarm.GetDevicePoolCompatibility
devicefarm.job,,devicefarm,device.fleetName,dotted,devicefarm.device,,references,doc,medium,service-partial,list_jobs,devicefarm.ListJobs
devicefarm.job,,devicefarm,device.instances[].deviceArn,list_dict,devicefarm.device,,references,doc,medium,service-exact,list_jobs,devicefarm.ListJobs
devicefarm.job,,devicefarm,job.device.fleetName,dotted,devicefarm.device,,references,doc,medium,service-partial,get_job,devicefarm.GetJob
devicefarm.job,,devicefarm,job.device.instances[].deviceArn,list_dict,devicefarm.device,,references,doc,medium,service-exact,get_job,devicefarm.GetJob
devicefarm.job,,devicefarm,instanceArn,scalar,ec2.instance,ec2,references,doc,medium,well-known,list_jobs,devicefarm.ListJobs
devicefarm.job,,devicefarm,job.instanceArn,dotted,ec2.instance,ec2,references,doc,medium,well-known,get_job,devicefarm.GetJob
devicefarm.project,,devicefarm,project.vpcConfig.vpcId,dotted,ec2.vpc,vpc,contained-in,doc,medium,leaf-hint,get_project,devicefarm.GetProject
devicefarm.project,,devicefarm,vpcConfig.vpcId,dotted,ec2.vpc,vpc,contained-in,doc,medium,leaf-hint,list_projects,devicefarm.ListProjects
devicefarm.remote_access_session,,devicefarm,device.fleetName,dotted,devicefarm.device,,references,doc,medium,service-partial,list_remote_access_sessions,devicefarm.ListRemoteAccessSessions
devicefarm.remote_access_session,,devicefarm,device.instances[].deviceArn,list_dict,devicefarm.device,,references,doc,medium,service-exact,list_remote_access_sessions,devicefarm.ListRemoteAccessSessions
devicefarm.remote_access_session,,devicefarm,remoteAccessSession.device.fleetName,dotted,devicefarm.device,,references,doc,medium,service-partial,get_remote_access_session,devicefarm.GetRemoteAccessSession
devicefarm.remote_access_session,,devicefarm,remoteAccessSession.device.instances[].deviceArn,list_dict,devicefarm.device,,references,doc,medium,service-exact,get_remote_access_session,devicefarm.GetRemoteAccessSession
devicefarm.remote_access_session,,devicefarm,instanceArn,scalar,ec2.instance,ec2,references,doc,medium,well-known,list_remote_access_sessions,devicefarm.ListRemoteAccessSessions
devicefarm.remote_access_session,,devicefarm,remoteAccessSession.instanceArn,dotted,ec2.instance,ec2,references,doc,medium,well-known,get_remote_access_session,devicefarm.GetRemoteAccessSession
devicefarm.remote_access_session,,devicefarm,remoteAccessSession.vpcConfig.vpcId,dotted,ec2.vpc,vpc,contained-in,doc,medium,leaf-hint,get_remote_access_session,devicefarm.GetRemoteAccessSession
devicefarm.remote_access_session,,devicefarm,vpcConfig.vpcId,dotted,ec2.vpc,vpc,contained-in,doc,medium,leaf-hint,list_remote_access_sessions,devicefarm.ListRemoteAccessSessions
devicefarm.run,,devicefarm,devicePoolArn,scalar,devicefarm.device,,references,doc,medium,service-exact,list_runs,devicefarm.ListRuns
devicefarm.run,,devicefarm,run.devicePoolArn,dotted,devicefarm.device,,references,doc,medium,service-exact,get_run,devicefarm.GetRun
devicefarm.run,,devicefarm,run.vpcConfig.vpcId,dotted,ec2.vpc,vpc,contained-in,doc,medium,leaf-hint,get_run,devicefarm.GetRun
devicefarm.run,,devicefarm,vpcConfig.vpcId,dotted,ec2.vpc,vpc,contained-in,doc,medium,leaf-hint,list_runs,devicefarm.ListRuns
devicefarm.test_grid_project,,devicefarm,testGridProject.vpcConfig.vpcId,dotted,ec2.vpc,vpc,contained-in,doc,medium,leaf-hint,get_test_grid_project,devicefarm.GetTestGridProject
devicefarm.test_grid_project,,devicefarm,vpcConfig.vpcId,dotted,ec2.vpc,vpc,contained-in,doc,medium,leaf-hint,list_test_grid_projects,devicefarm.ListTestGridProjects
devops-guru.anomalies_for_insight,,devops-guru,Id,scalar,devops-guru.anomaly,,references,doc,medium,service-exact,list_anomalies_for_insight,devops-guru.ListAnomaliesForInsight
devops-guru.anomalies_for_insight,,devops-guru,ReactiveAnomalies[].Id,list_dict,devops-guru.anomaly,,references,doc,medium,service-partial,list_anomalies_for_insight,devops-guru.ListAnomaliesForInsight
devops-guru.anomalies_for_insight,,devops-guru,ReactiveAnomalies[].Name,list_dict,devops-guru.anomaly,,references,doc,medium,service-partial,list_anomalies_for_insight,devops-guru.ListAnomaliesForInsight
devops-guru.anomalies_for_insight,,devops-guru,AssociatedInsightId,scalar,devops-guru.insight,,references,doc,medium,service-exact,list_anomalies_for_insight,devops-guru.ListAnomaliesForInsight
devops-guru.anomalies_for_insight,,devops-guru,ReactiveAnomalies[].AssociatedInsightId,list_dict,devops-guru.insight,,references,doc,medium,service-exact,list_anomalies_for_insight,devops-guru.ListAnomaliesForInsight
devops-guru.anomalies_for_insight,,devops-guru,ReactiveAnomalies[].SourceDetails.PerformanceInsightsMetrics[].ReferenceData[].Name,list_nested,omics.reference,,references,doc,medium,global-exact,list_anomalies_for_insight,devops-guru.ListAnomaliesForInsight
devops-guru.anomalies_for_insight,,devops-guru,SourceDetails.PerformanceInsightsMetrics[].ReferenceData[].Name,list_nested,omics.reference,,references,doc,medium,global-exact,list_anomalies_for_insight,devops-guru.ListAnomaliesForInsight
devops-guru.anomalous_log_group,,devops-guru,LogAnomalyShowcases[].LogAnomalyClasses[].LogEventId,list_nested,devops-guru.event,,references,doc,medium,service-partial,list_anomalous_log_groups,devops-guru.ListAnomalousLogGroups
devops-guru.anomalous_log_group,,devops-guru,InsightId,scalar,devops-guru.insight,,references,doc,medium,service-exact,list_anomalous_log_groups,devops-guru.ListAnomalousLogGroups
devops-guru.anomaly,,devops-guru,ProactiveAnomaly.AssociatedInsightId,dotted,devops-guru.insight,,references,doc,medium,service-exact,describe_anomaly,devops-guru.DescribeAnomaly
devops-guru.anomaly,,devops-guru,ReactiveAnomaly.AssociatedInsightId,dotted,devops-guru.insight,,references,doc,medium,service-exact,describe_anomaly,devops-guru.DescribeAnomaly
devops-guru.anomaly,,devops-guru,ProactiveAnomaly.SourceDetails.PerformanceInsightsMetrics[].ReferenceData[].Name,list_nested,omics.reference,,references,doc,medium,global-exact,describe_anomaly,devops-guru.DescribeAnomaly
devops-guru.anomaly,,devops-guru,ReactiveAnomaly.SourceDetails.PerformanceInsightsMetrics[].ReferenceData[].Name,list_nested,omics.reference,,references,doc,medium,global-exact,describe_anomaly,devops-guru.DescribeAnomaly
devops-guru.organization_insight,,devops-guru,Id,scalar,devops-guru.insight,,references,doc,medium,service-exact,list_organization_insights,devops-guru.ListOrganizationInsights
devops-guru.organization_insight,,devops-guru,Name,scalar,devops-guru.insight,,references,doc,medium,service-exact,list_organization_insights,devops-guru.ListOrganizationInsights
devops-guru.organization_insight,,devops-guru,ReactiveInsights[].Id,list_dict,devops-guru.insight,,references,doc,medium,service-exact,list_organization_insights,devops-guru.ListOrganizationInsights
devops-guru.organization_insight,,devops-guru,ReactiveInsights[].Name,list_dict,devops-guru.insight,,references,doc,medium,service-exact,list_organization_insights,devops-guru.ListOrganizationInsights
devops-guru.organization_insight,,devops-guru,OrganizationalUnitId,scalar,organizations.organizational_unit,,references,doc,medium,global-exact,list_organization_insights,devops-guru.ListOrganizationInsights
devops-guru.organization_insight,,devops-guru,ReactiveInsights[].OrganizationalUnitId,list_dict,organizations.organizational_unit,,references,doc,medium,global-exact,list_organization_insights,devops-guru.ListOrganizationInsights
devops-guru.recommendation,,devops-guru,RelatedEvents[].Name,list_dict,devops-guru.event,,references,doc,medium,service-exact,list_recommendations,devops-guru.ListRecommendations
devops-guru.recommendation,,devops-guru,RelatedEvents[].Resources[].Name,list_nested,devops-guru.event,,references,doc,medium,service-partial,list_recommendations,devops-guru.ListRecommendations
directconnect.connection,,directconnect,lagId,scalar,directconnect.lag,,references,doc,medium,service-exact,describe_connections,directconnect.DescribeConnections
directconnect.direct_connect_gateway_association,,directconnect,directConnectGatewayId,scalar,directconnect.direct_connect_gateway,,references,doc,medium,service-exact,describe_direct_connect_gateway_associations,directconnect.DescribeDirectConnectGatewayAssociations
directconnect.lag,,directconnect,connections[].connectionId,list_dict,directconnect.connection,,references,doc,medium,service-exact,describe_lags,directconnect.DescribeLags
directconnect.lag,,directconnect,connections[].connectionName,list_dict,directconnect.connection,,references,doc,medium,service-exact,describe_lags,directconnect.DescribeLags
directconnect.virtual_interface,,directconnect,connectionId,scalar,directconnect.connection,,references,doc,medium,service-exact,describe_virtual_interfaces,directconnect.DescribeVirtualInterfaces
directconnect.virtual_interface,,directconnect,directConnectGatewayId,scalar,directconnect.direct_connect_gateway,,references,doc,medium,service-exact,describe_virtual_interfaces,directconnect.DescribeVirtualInterfaces
directconnect.virtual_interface_test_history,,directconnect,testId,scalar,directconnect.virtual_interface,,references,doc,medium,service-partial,list_virtual_interface_test_history,directconnect.ListVirtualInterfaceTestHistory
directconnect.virtual_interface_test_history,,directconnect,virtualInterfaceId,scalar,directconnect.virtual_interface,,references,doc,medium,service-partial,list_virtual_interface_test_history,directconnect.ListVirtualInterfaceTestHistory
discovery.batch_delete_configuration_task,,discovery,task.deletionWarnings[].configurationId,list_dict,discovery.configuration,,references,doc,medium,service-exact,describe_batch_delete_configuration_task,discovery.DescribeBatchDeleteConfigurationTask
discovery.batch_delete_configuration_task,,discovery,task.failedConfigurations[].configurationId,list_dict,discovery.configuration,,references,doc,medium,service-exact,describe_batch_delete_configuration_task,discovery.DescribeBatchDeleteConfigurationTask
dms.endpoint,dms-endpoint,dms,DocDbSettings.KmsKeyId,dotted,kms.key,kms-key,encrypted-by,doc,medium,leaf-hint,describe_endpoints,dms.DescribeEndpoints
dms.endpoint,dms-endpoint,dms,KmsKeyId,scalar,kms.key,kms-key,encrypted-by,doc,medium,leaf-hint,describe_endpoints,dms.DescribeEndpoints
dms.endpoint,dms-endpoint,dms,MongoDbSettings.KmsKeyId,dotted,kms.key,kms-key,encrypted-by,doc,medium,leaf-hint,describe_endpoints,dms.DescribeEndpoints
dms.endpoint,dms-endpoint,dms,DmsTransferSettings.BucketName,dotted,s3.bucket,s3,references,doc,medium,well-known,describe_endpoints,dms.DescribeEndpoints
dms.endpoint,dms-endpoint,dms,S3Settings.BucketName,dotted,s3.bucket,s3,references,doc,medium,well-known,describe_endpoints,dms.DescribeEndpoints
dms.instance_profile,,dms,KmsKeyArn,scalar,kms.key,kms-key,encrypted-by,doc,medium,leaf-hint,describe_instance_profiles,dms.DescribeInstanceProfiles
dms.migration_project,,dms,SourceDataProviderDescriptors[].DataProviderName,list_dict,dms.data_provider,,references,doc,medium,service-exact,describe_migration_projects,dms.DescribeMigrationProjects
dms.migration_project,,dms,TargetDataProviderDescriptors[].DataProviderName,list_dict,dms.data_provider,,references,doc,medium,service-exact,describe_migration_projects,dms.DescribeMigrationProjects
dms.replication,,dms,ReplicationConfigArn,scalar,dms.replication_config,,references,doc,medium,service-exact,describe_replication_table_statistics,dms.DescribeReplicationTableStatistics
dms.replication,,dms,ReplicationTaskName,scalar,dms.replication_task,dms-replication-task,references,doc,medium,service-exact,describe_replication_instance_task_logs,dms.DescribeReplicationInstanceTaskLogs
dms.replication_config,,dms,ComputeConfig.KmsKeyId,dotted,kms.key,kms-key,encrypted-by,doc,medium,leaf-hint,describe_replication_configs,dms.DescribeReplicationConfigs
dms.replication_instance,dms-instance,dms,ReplicationSubnetGroup.ReplicationSubnetGroupIdentifier,dotted,dms.replication,,references,doc,medium,service-exact,describe_replication_instances,dms.DescribeReplicationInstances
dms.replication_instance,dms-instance,dms,ReplicationSubnetGroup.VpcId,dotted,ec2.vpc,vpc,contained-in,doc,medium,leaf-hint,describe_replication_instances,dms.DescribeReplicationInstances
dms.replication_instance,dms-instance,dms,KmsKeyId,scalar,kms.key,kms-key,encrypted-by,doc,medium,leaf-hint,describe_replication_instances,dms.DescribeReplicationInstances
dms.replication_subnet_group,,dms,ReplicationSubnetGroupIdentifier,scalar,dms.replication,,references,doc,medium,service-exact,describe_replication_subnet_groups,dms.DescribeReplicationSubnetGroups
dms.replication_subnet_group,,dms,VpcId,scalar,ec2.vpc,vpc,contained-in,doc,medium,leaf-hint,describe_replication_subnet_groups,dms.DescribeReplicationSubnetGroups
dms.replication_task,dms-replication-task,dms,ReplicationInstanceArn,scalar,dms.replication_instance,dms-instance,references,doc,medium,service-exact,describe_replication_tasks,dms.DescribeReplicationTasks
docdb-elastic.cluster_snapshot,,docdb-elastic,clusterArn,scalar,docdb-elastic.cluster,,references,doc,medium,service-partial,list_cluster_snapshots,docdb-elastic.ListClusterSnapshots
docdb-elastic.cluster_snapshot,,docdb-elastic,snapshot.clusterArn,dotted,docdb-elastic.cluster,,references,doc,medium,service-partial,get_cluster_snapshot,docdb-elastic.GetClusterSnapshot
docdb.db_cluster,,docdb,VpcSecurityGroups[].VpcSecurityGroupId,list_dict,ec2.security_group,security-group,protected-by,doc,medium,well-known,describe_db_clusters,docdb.DescribeDBClusters
docdb.db_cluster,,docdb,KmsKeyId,scalar,kms.key,kms-key,encrypted-by,doc,medium,leaf-hint,describe_db_clusters,docdb.DescribeDBClusters
docdb.db_cluster_snapshot,,docdb,VpcId,scalar,ec2.vpc,vpc,contained-in,doc,medium,leaf-hint,describe_db_cluster_snapshots,docdb.DescribeDBClusterSnapshots
docdb.db_cluster_snapshot,,docdb,KmsKeyId,scalar,kms.key,kms-key,encrypted-by,doc,medium,leaf-hint,describe_db_cluster_snapshots,docdb.DescribeDBClusterSnapshots
docdb.db_instance,,docdb,PendingModifiedValues.CACertificateIdentifier,dotted,docdb.certificate,,references,doc,medium,service-exact,describe_db_instances,docdb.DescribeDBInstances
docdb.db_instance,,docdb,DbiResourceId,scalar,ec2.instance,ec2,references,doc,medium,well-known,describe_db_instances,docdb.DescribeDBInstances
docdb.db_instance,,docdb,VpcSecurityGroups[].VpcSecurityGroupId,list_dict,ec2.security_group,security-group,protected-by,doc,medium,well-known,describe_db_instances,docdb.DescribeDBInstances
docdb.db_instance,,docdb,DBSubnetGroup.DBSubnetGroupName,dotted,ec2.subnet,subnet,contained-in,doc,medium,well-known,describe_db_instances,docdb.DescribeDBInstances
docdb.db_instance,,docdb,DBSubnetGroup.Subnets[].SubnetIdentifier,list_dict,ec2.subnet,subnet,contained-in,doc,medium,well-known,describe_db_instances,docdb.DescribeDBInstances
docdb.db_instance,,docdb,DBSubnetGroup.VpcId,dotted,ec2.vpc,vpc,contained-in,doc,medium,leaf-hint,describe_db_instances,docdb.DescribeDBInstances
docdb.db_instance,,docdb,KmsKeyId,scalar,kms.key,kms-key,encrypted-by,doc,medium,leaf-hint,describe_db_instances,docdb.DescribeDBInstances
docdb.db_subnet_group,,docdb,DBSubnetGroupName,scalar,ec2.subnet,subnet,contained-in,doc,medium,well-known,describe_db_subnet_groups,docdb.DescribeDBSubnetGroups
docdb.db_subnet_group,,docdb,Subnets[].SubnetIdentifier,list_dict,ec2.subnet,subnet,contained-in,doc,medium,well-known,describe_db_subnet_groups,docdb.DescribeDBSubnetGroups
docdb.db_subnet_group,,docdb,VpcId,scalar,ec2.vpc,vpc,contained-in,doc,medium,leaf-hint,describe_db_subnet_groups,docdb.DescribeDBSubnetGroups
ds.directory,directory,ds,ConnectSettings.VpcId,dotted,ec2.vpc,vpc,contained-in,doc,medium,leaf-hint,describe_directories,ds.DescribeDirectories
ds.directory,directory,ds,OwnerDirectoryDescription.VpcSettings.VpcId,dotted,ec2.vpc,vpc,contained-in,doc,medium,leaf-hint,describe_directories,ds.DescribeDirectories
ds.directory,directory,ds,VpcSettings.VpcId,dotted,ec2.vpc,vpc,contained-in,doc,medium,leaf-hint,describe_directories,ds.DescribeDirectories
ds.domain_controller,,ds,DirectoryId,scalar,ds.directory,directory,references,doc,medium,service-exact,describe_domain_controllers,ds.DescribeDomainControllers
ds.domain_controller,,ds,SubnetId,scalar,ec2.subnet,subnet,contained-in,doc,medium,leaf-hint,describe_domain_controllers,ds.DescribeDomainControllers
ds.domain_controller,,ds,VpcId,scalar,ec2.vpc,vpc,contained-in,doc,medium,leaf-hint,describe_domain_controllers,ds.DescribeDomainControllers
ds.log_subscription,,ds,LogGroupName,scalar,logs.log_group,log-group,references,doc,medium,well-known,list_log_subscriptions,ds.ListLogSubscriptions
ds.region,,ds,DirectoryId,scalar,ds.directory,directory,references,doc,medium,service-exact,describe_regions,ds.DescribeRegions
ds.region,,ds,VpcSettings.VpcId,dotted,ec2.vpc,vpc,contained-in,doc,medium,leaf-hint,describe_regions,ds.DescribeRegions
ds.setting,,ds,DirectoryId,scalar,ds.directory,directory,references,doc,medium,service-exact,describe_settings,ds.DescribeSettings
ds.setting,,ds,Name,scalar,ds.directory,directory,references,doc,medium,service-exact,describe_settings,ds.DescribeSettings
ds.shared_directory,,ds,OwnerDirectoryId,scalar,ds.directory,directory,references,doc,medium,service-exact,describe_shared_directories,ds.DescribeSharedDirectories
dynamodb.export,,dynamodb,ExportDescription.TableId,dotted,dynamodb.table,dynamodb-table,references,doc,medium,service-exact,describe_export,dynamodb.DescribeExport
dynamodb.import,,dynamodb,ImportTableDescription.TableCreationParameters.TableName,dotted,dynamodb.table,dynamodb-table,references,doc,medium,service-exact,describe_import,dynamodb.DescribeImport
dynamodb.table_replica_auto_scaling,,dynamodb,TableAutoScalingDescription.TableName,dotted,dynamodb.table,dynamodb-table,references,doc,medium,service-exact,describe_table_replica_auto_scaling,dynamodb.DescribeTableReplicaAutoScaling
dynamodbstreams.stream,,dynamodbstreams,LastEvaluatedStreamArn,scalar,mediastore-data.item,,references,doc,medium,global-exact,list_streams,dynamodbstreams.ListStreams
dynamodbstreams.stream,,dynamodbstreams,StreamDescription.LastEvaluatedShardId,dotted,mediastore-data.item,,references,doc,medium,global-exact,describe_stream,dynamodbstreams.DescribeStream
ec2.address_transfer,,ec2,InstanceId,scalar,ec2.instance,ec2,references,doc,medium,leaf-hint,describe_addresses,ec2.DescribeAddresses
ec2.address_transfer,,ec2,NetworkInterfaceId,scalar,ec2.network_interface,eni,attached-to,doc,medium,leaf-hint,describe_addresses,ec2.DescribeAddresses
ec2.capacity_reservation,ec2-capacity-reservation,ec2,GroupArn,scalar,inspector.resource_group,,references,doc,medium,global-exact,get_groups_for_capacity_reservation,ec2.GetGroupsForCapacityReservation
ec2.capacity_reservation_fleet,,ec2,InstanceTypeSpecifications[].CapacityReservationId,list_dict,ec2.capacity_reservation,ec2-capacity-reservation,references,doc,medium,service-exact,describe_capacity_reservation_fleets,ec2.DescribeCapacityReservationFleets
ec2.carrier_gateway,,ec2,VpcId,scalar,ec2.vpc,vpc,contained-in,doc,medium,leaf-hint,describe_carrier_gateways,ec2.DescribeCarrierGateways
ec2.classic_link_instance,,ec2,InstanceId,scalar,ec2.instance,ec2,references,doc,medium,leaf-hint,describe_classic_link_instances,ec2.DescribeClassicLinkInstances
ec2.classic_link_instance,,ec2,Groups[].GroupId,list_dict,ec2.security_group,security-group,protected-by,doc,medium,well-known,describe_classic_link_instances,ec2.DescribeClassicLinkInstances
ec2.classic_link_instance,,ec2,Groups[].GroupName,list_dict,ec2.security_group,security-group,protected-by,doc,medium,well-known,describe_classic_link_instances,ec2.DescribeClassicLinkInstances
ec2.classic_link_instance,,ec2,VpcId,scalar,ec2.vpc,vpc,contained-in,doc,medium,leaf-hint,describe_classic_link_instances,ec2.DescribeClassicLinkInstances
ec2.client_vpn_endpoint,,ec2,AssociatedTargetNetworks[].NetworkId,list_dict,ec2.subnet,subnet,contained-in,doc,medium,well-known,describe_client_vpn_endpoints,ec2.DescribeClientVpnEndpoints
ec2.client_vpn_endpoint,,ec2,VpcId,scalar,ec2.vpc,vpc,contained-in,doc,medium,leaf-hint,describe_client_vpn_endpoints,ec2.DescribeClientVpnEndpoints
ec2.client_vpn_endpoint,,ec2,ServerCertificateArn,scalar,iam.iam_certificate,,references,doc,medium,global-exact,describe_client_vpn_endpoints,ec2.DescribeClientVpnEndpoints
ec2.client_vpn_target_network_association,,ec2,TargetNetworkId,scalar,ec2.subnet,subnet,contained-in,doc,medium,well-known,describe_client_vpn_target_networks,ec2.DescribeClientVpnTargetNetworks
ec2.client_vpn_target_network_association,,ec2,VpcId,scalar,ec2.vpc,vpc,contained-in,doc,medium,leaf-hint,describe_client_vpn_target_networks,ec2.DescribeClientVpnTargetNetworks
ec2.coip_pool,,ec2,AllocationId,scalar,ec2.address_transfer,,references,doc,medium,service-partial,get_coip_pool_usage,ec2.GetCoipPoolUsage
ec2.coip_pool,,ec2,LocalGatewayRouteTableId,scalar,ec2.local_gateway_route_table,,references,doc,medium,service-exact,describe_coip_pools,ec2.DescribeCoipPools
ec2.egress_only_internet_gateway,,ec2,Attachments[].VpcId,list_dict,ec2.vpc,vpc,contained-in,doc,medium,leaf-hint,describe_egress_only_internet_gateways,ec2.DescribeEgressOnlyInternetGateways
ec2.host,ec2-host,ec2,Instances[].InstanceId,list_dict,ec2.instance,ec2,references,doc,medium,leaf-hint,describe_hosts,ec2.DescribeHosts
ec2.iam_instance_profile_association,,ec2,IamInstanceProfile.Id,dotted,ec2.instance,ec2,references,doc,medium,well-known,describe_iam_instance_profile_associations,ec2.DescribeIamInstanceProfileAssociations
ec2.iam_instance_profile_association,,ec2,InstanceId,scalar,ec2.instance,ec2,references,doc,medium,leaf-hint,describe_iam_instance_profile_associations,ec2.DescribeIamInstanceProfileAssociations
ec2.import_image_task,,ec2,KmsKeyId,scalar,kms.key,kms-key,encrypted-by,doc,medium,leaf-hint,describe_import_image_tasks,ec2.DescribeImportImageTasks
ec2.instance,ec2,ec2,CapacityReservationId,scalar,ec2.capacity_reservation,ec2-capacity-reservation,references,doc,medium,service-exact,describe_instances,ec2.DescribeInstances
ec2.instance,ec2,ec2,CapacityReservationSpecification.CapacityReservationTarget.CapacityReservationId,dotted,ec2.capacity_reservation,ec2-capacity-reservation,references,doc,medium,service-partial,describe_instances,ec2.DescribeInstances
ec2.instance,ec2,ec2,CapacityReservationSpecification.CapacityReservationTarget.CapacityReservationResourceGroupArn,dotted,ec2.capacity_reservation,ec2-capacity-reservation,references,doc,medium,service-partial,describe_instances,ec2.DescribeInstances
ec2.instance,ec2,ec2,FleetId,scalar,ec2.ec2_fleet,,references,doc,medium,service-exact,describe_fleet_instances,ec2.DescribeFleetInstances
ec2.instance,ec2,ec2,KeyName,scalar,ec2.key_pair,,references,doc,medium,well-known,describe_instances,ec2.DescribeInstances
ec2.instance,ec2,ec2,NetworkInterfaces[].Attachment.AttachmentId,list_dict,ec2.network_interface,eni,attached-to,doc,medium,well-known,describe_instances,ec2.DescribeInstances
ec2.instance,ec2,ec2,NetworkInterfaces[].NetworkInterfaceId,list_dict,ec2.network_interface,eni,attached-to,doc,medium,leaf-hint,describe_instances,ec2.DescribeInstances
ec2.instance,ec2,ec2,GroupName,scalar,ec2.placement_group,,references,doc,medium,well-known,describe_instance_topology,ec2.DescribeInstanceTopology
ec2.instance,ec2,ec2,Placement.GroupId,dotted,ec2.placement_group,,references,doc,medium,well-known,describe_instances,ec2.DescribeInstances
ec2.instance,ec2,ec2,Placement.GroupName,dotted,ec2.placement_group,,references,doc,medium,well-known,describe_instances,ec2.DescribeInstances
ec2.instance,ec2,ec2,Groups[].GroupId,list_dict,ec2.security_group,security-group,protected-by,doc,medium,well-known,describe_instance_attribute,ec2.DescribeInstanceAttribute
ec2.instance,ec2,ec2,Groups[].GroupName,list_dict,ec2.security_group,security-group,protected-by,doc,medium,well-known,describe_instance_attribute,ec2.DescribeInstanceAttribute
ec2.instance,ec2,ec2,NetworkInterfaces[].Groups[].GroupId,list_nested,ec2.security_group,security-group,protected-by,doc,medium,well-known,describe_instances,ec2.DescribeInstances
ec2.instance,ec2,ec2,NetworkInterfaces[].Groups[].GroupName,list_nested,ec2.security_group,security-group,protected-by,doc,medium,well-known,describe_instances,ec2.DescribeInstances
ec2.instance,ec2,ec2,SecurityGroups[].GroupId,list_dict,ec2.security_group,security-group,protected-by,doc,medium,well-known,describe_instances,ec2.DescribeInstances
ec2.instance,ec2,ec2,SecurityGroups[].GroupName,list_dict,ec2.security_group,security-group,protected-by,doc,medium,well-known,describe_instances,ec2.DescribeInstances
ec2.instance,ec2,ec2,NetworkInterfaces[].SubnetId,list_dict,ec2.subnet,subnet,contained-in,doc,medium,leaf-hint,describe_instances,ec2.DescribeInstances
ec2.instance,ec2,ec2,SubnetId,scalar,ec2.subnet,subnet,contained-in,doc,medium,leaf-hint,describe_instances,ec2.DescribeInstances
ec2.instance,ec2,ec2,BlockDeviceMappings[].Ebs.VolumeId,list_dict,ec2.volume,ebs,attached-to,doc,medium,leaf-hint,describe_instance_attribute,ec2.DescribeInstanceAttribute
ec2.instance,ec2,ec2,NetworkInterfaces[].VpcId,list_dict,ec2.vpc,vpc,contained-in,doc,medium,leaf-hint,describe_instances,ec2.DescribeInstances
ec2.instance,ec2,ec2,VpcId,scalar,ec2.vpc,vpc,contained-in,doc,medium,leaf-hint,describe_instances,ec2.DescribeInstances
ec2.instance_connect_endpoint,,ec2,InstanceConnectEndpointId,scalar,ec2.instance,ec2,references,doc,medium,well-known,describe_instance_connect_endpoints,ec2.DescribeInstanceConnectEndpoints
ec2.instance_connect_endpoint,,ec2,SubnetId,scalar,ec2.subnet,subnet,contained-in,doc,medium,leaf-hint,describe_instance_connect_endpoints,ec2.DescribeInstanceConnectEndpoints
ec2.instance_connect_endpoint,,ec2,VpcId,scalar,ec2.vpc,vpc,contained-in,doc,medium,leaf-hint,describe_instance_connect_endpoints,ec2.DescribeInstanceConnectEndpoints
ec2.instance_status,,ec2,InstanceId,scalar,ec2.instance,ec2,references,doc,medium,leaf-hint,describe_instance_status,ec2.DescribeInstanceStatus
ec2.internet_gateway,internet-gateway,ec2,Attachments[].VpcId,list_dict,ec2.vpc,vpc,contained-in,doc,medium,leaf-hint,describe_internet_gateways,ec2.DescribeInternetGateways
ec2.ipam,,ec2,AddressAllocationId,scalar,ec2.eip,elastic-ip,references,doc,medium,service-partial,get_ipam_discovered_public_addresses,ec2.GetIpamDiscoveredPublicAddresses
ec2.ipam,,ec2,InstanceId,scalar,ec2.instance,ec2,references,doc,medium,leaf-hint,get_ipam_discovered_public_addresses,ec2.GetIpamDiscoveredPublicAddresses
ec2.ipam,,ec2,NetworkInterfaceId,scalar,ec2.network_interface,eni,attached-to,doc,medium,leaf-hint,get_ipam_discovered_public_addresses,ec2.GetIpamDiscoveredPublicAddresses
ec2.ipam,,ec2,SubnetId,scalar,ec2.subnet,subnet,contained-in,doc,medium,leaf-hint,get_ipam_discovered_public_addresses,ec2.GetIpamDiscoveredPublicAddresses
ec2.ipam,,ec2,VpcId,scalar,ec2.vpc,vpc,contained-in,doc,medium,leaf-hint,get_ipam_address_history,ec2.GetIpamAddressHistory
ec2.ipam_pool,,ec2,IpamArn,scalar,ec2.ipam,,references,doc,medium,service-exact,describe_ipam_pools,ec2.DescribeIpamPools
ec2.ipam_pool,,ec2,IpamScopeArn,scalar,networkflowmonitor.scope,,references,doc,medium,global-exact,describe_ipam_pools,ec2.DescribeIpamPools
ec2.ipam_scope,,ec2,IpamArn,scalar,ec2.ipam,,references,doc,medium,service-exact,describe_ipam_scopes,ec2.DescribeIpamScopes
ec2.ipam_scope,,ec2,IpamScopeId,scalar,networkflowmonitor.scope,,references,doc,medium,global-exact,describe_ipam_scopes,ec2.DescribeIpamScopes
ec2.launch_template_data,,ec2,LaunchTemplateData.CapacityReservationSpecification.CapacityReservationTarget.CapacityReservationId,dotted,ec2.capacity_reservation,ec2-capacity-reservation,references,doc,medium,service-partial,get_launch_template_data,ec2.GetLaunchTemplateData
ec2.launch_template_data,,ec2,LaunchTemplateData.CapacityReservationSpecification.CapacityReservationTarget.CapacityReservationResourceGroupArn,dotted,ec2.capacity_reservation,ec2-capacity-reservation,references,doc,medium,service-partial,get_launch_template_data,ec2.GetLaunchTemplateData
ec2.launch_template_data,,ec2,LaunchTemplateData.IamInstanceProfile.Name,dotted,ec2.instance,ec2,references,doc,medium,well-known,get_launch_template_data,ec2.GetLaunchTemplateData
ec2.launch_template_data,,ec2,LaunchTemplateData.KeyName,dotted,ec2.key_pair,,references,doc,medium,well-known,get_launch_template_data,ec2.GetLaunchTemplateData
ec2.launch_template_data,,ec2,LaunchTemplateData.NetworkInterfaces[].NetworkInterfaceId,list_dict,ec2.network_interface,eni,attached-to,doc,medium,leaf-hint,get_launch_template_data,ec2.GetLaunchTemplateData
ec2.launch_template_data,,ec2,LaunchTemplateData.Placement.GroupId,dotted,ec2.placement_group,,references,doc,medium,well-known,get_launch_template_data,ec2.GetLaunchTemplateData
ec2.launch_template_data,,ec2,LaunchTemplateData.Placement.GroupName,dotted,ec2.placement_group,,references,doc,medium,well-known,get_launch_template_data,ec2.GetLaunchTemplateData
ec2.launch_template_data,,ec2,LaunchTemplateData.NetworkInterfaces[].SubnetId,list_dict,ec2.subnet,subnet,contained-in,doc,medium,leaf-hint,get_launch_template_data,ec2.GetLaunchTemplateData
ec2.launch_template_data,,ec2,LaunchTemplateData.BlockDeviceMappings[].Ebs.KmsKeyId,list_dict,kms.key,kms-key,encrypted-by,doc,medium,leaf-hint,get_launch_template_data,ec2.GetLaunchTemplateData
ec2.launch_template_version,,ec2,LaunchTemplateData.CapacityReservationSpecification.CapacityReservationTarget.CapacityReservationId,dotted,ec2.capacity_reservation,ec2-capacity-reservation,references,doc,medium,service-partial,describe_launch_template_versions,ec2.DescribeLaunchTemplateVersions
ec2.launch_template_version,,ec2,LaunchTemplateData.CapacityReservationSpecification.CapacityReservationTarget.CapacityReservationResourceGroupArn,dotted,ec2.capacity_reservation,ec2-capacity-reservation,references,doc,medium,service-partial,describe_launch_template_versions,ec2.DescribeLaunchTemplateVersions
ec2.launch_template_version,,ec2,LaunchTemplateData.IamInstanceProfile.Name,dotted,ec2.instance,ec2,references,doc,medium,well-known,describe_launch_template_versions,ec2.DescribeLaunchTemplateVersions
ec2.launch_template_version,,ec2,LaunchTemplateData.KeyName,dotted,ec2.key_pair,,references,doc,medium,well-known,describe_launch_template_versions,ec2.DescribeLaunchTemplateVersions
ec2.launch_template_version,,ec2,LaunchTemplateId,scalar,ec2.launch_template,launch-template-version,references,doc,medium,service-exact,describe_launch_template_versions,ec2.DescribeLaunchTemplateVersions
ec2.launch_template_version,,ec2,LaunchTemplateName,scalar,ec2.launch_template,launch-template-version,references,doc,medium,service-exact,describe_launch_template_versions,ec2.DescribeLaunchTemplateVersions
ec2.launch_template_version,,ec2,LaunchTemplateData.NetworkInterfaces[].NetworkInterfaceId,list_dict,ec2.network_interface,eni,attached-to,doc,medium,leaf-hint,describe_launch_template_versions,ec2.DescribeLaunchTemplateVersions
ec2.launch_template_version,,ec2,LaunchTemplateData.Placement.GroupId,dotted,ec2.placement_group,,references,doc,medium,well-known,describe_launch_template_versions,ec2.DescribeLaunchTemplateVersions
ec2.launch_template_version,,ec2,LaunchTemplateData.Placement.GroupName,dotted,ec2.placement_group,,references,doc,medium,well-known,describe_launch_template_versions,ec2.DescribeLaunchTemplateVersions
ec2.launch_template_version,,ec2,LaunchTemplateData.NetworkInterfaces[].SubnetId,list_dict,ec2.subnet,subnet,contained-in,doc,medium,leaf-hint,describe_launch_template_versions,ec2.DescribeLaunchTemplateVersions
ec2.launch_template_version,,ec2,LaunchTemplateData.BlockDeviceMappings[].Ebs.KmsKeyId,list_dict,kms.key,kms-key,encrypted-by,doc,medium,leaf-hint,describe_launch_template_versions,ec2.DescribeLaunchTemplateVersions
ec2.local_gateway_route_table,,ec2,LocalGatewayId,scalar,ec2.local_gateway,,references,doc,medium,service-exact,describe_local_gateway_route_tables,ec2.DescribeLocalGatewayRouteTables
ec2.local_gateway_route_table_virtual_interface_group_association,,ec2,LocalGatewayId,scalar,ec2.local_gateway,,references,doc,medium,service-exact,describe_local_gateway_route_table_virtual_interface_group_associations,ec2.DescribeLocalGatewayRouteTableVirtualInterfaceGroupAssociations
ec2.local_gateway_route_table_virtual_interface_group_association,,ec2,LocalGatewayRouteTableId,scalar,ec2.local_gateway_route_table,,references,doc,medium,service-exact,describe_local_gateway_route_table_virtual_interface_group_associations,ec2.DescribeLocalGatewayRouteTableVirtualInterfaceGroupAssociations
ec2.local_gateway_route_table_vpc_association,,ec2,LocalGatewayId,scalar,ec2.local_gateway,,references,doc,medium,service-exact,describe_local_gateway_route_table_vpc_associations,ec2.DescribeLocalGatewayRouteTableVpcAssociations
ec2.local_gateway_route_table_vpc_association,,ec2,LocalGatewayRouteTableId,scalar,ec2.local_gateway_route_table,,references,doc,medium,service-exact,describe_local_gateway_route_table_vpc_associations,ec2.DescribeLocalGatewayRouteTableVpcAssociations
ec2.local_gateway_route_table_vpc_association,,ec2,VpcId,scalar,ec2.vpc,vpc,contained-in,doc,medium,leaf-hint,describe_local_gateway_route_table_vpc_associations,ec2.DescribeLocalGatewayRouteTableVpcAssociations
ec2.local_gateway_virtual_interface,,ec2,LocalGatewayVirtualInterfaceId,scalar,directconnect.virtual_interface,,references,doc,medium,global-exact,describe_local_gateway_virtual_interfaces,ec2.DescribeLocalGatewayVirtualInterfaces
ec2.local_gateway_virtual_interface,,ec2,LocalGatewayId,scalar,ec2.local_gateway,,references,doc,medium,service-exact,describe_local_gateway_virtual_interfaces,ec2.DescribeLocalGatewayVirtualInterfaces
ec2.local_gateway_virtual_interface_group,,ec2,LocalGatewayId,scalar,ec2.local_gateway,,references,doc,medium,service-exact,describe_local_gateway_virtual_interface_groups,ec2.DescribeLocalGatewayVirtualInterfaceGroups
ec2.nat_gateway,nat-gateway,ec2,NatGatewayAddresses[].NetworkInterfaceId,list_dict,ec2.network_interface,eni,attached-to,doc,medium,leaf-hint,describe_nat_gateways,ec2.DescribeNatGateways
ec2.nat_gateway,nat-gateway,ec2,SubnetId,scalar,ec2.subnet,subnet,contained-in,doc,medium,leaf-hint,describe_nat_gateways,ec2.DescribeNatGateways
ec2.nat_gateway,nat-gateway,ec2,VpcId,scalar,ec2.vpc,vpc,contained-in,doc,medium,leaf-hint,describe_nat_gateways,ec2.DescribeNatGateways
ec2.network_acl,network-acl,ec2,Associations[].SubnetId,list_dict,ec2.subnet,subnet,contained-in,doc,medium,leaf-hint,describe_network_acls,ec2.DescribeNetworkAcls
ec2.network_acl,network-acl,ec2,VpcId,scalar,ec2.vpc,vpc,contained-in,doc,medium,leaf-hint,describe_network_acls,ec2.DescribeNetworkAcls
ec2.network_interface,eni,ec2,Attachment.InstanceId,dotted,ec2.instance,ec2,references,doc,medium,leaf-hint,describe_network_interface_attribute,ec2.DescribeNetworkInterfaceAttribute
ec2.network_interface,eni,ec2,GroupId,scalar,ec2.security_group,security-group,protected-by,doc,medium,well-known,describe_network_interface_attribute,ec2.DescribeNetworkInterfaceAttribute
ec2.network_interface,eni,ec2,GroupName,scalar,ec2.security_group,security-group,protected-by,doc,medium,well-known,describe_network_interface_attribute,ec2.DescribeNetworkInterfaceAttribute
ec2.network_interface,eni,ec2,Groups[].GroupId,list_dict,ec2.security_group,security-group,protected-by,doc,medium,well-known,describe_network_interfaces,ec2.DescribeNetworkInterfaces
ec2.network_interface,eni,ec2,Groups[].GroupName,list_dict,ec2.security_group,security-group,protected-by,doc,medium,well-known,describe_network_interfaces,ec2.DescribeNetworkInterfaces
ec2.network_interface,eni,ec2,SubnetId,scalar,ec2.subnet,subnet,contained-in,doc,medium,leaf-hint,describe_network_interfaces,ec2.DescribeNetworkInterfaces
ec2.network_interface,eni,ec2,VpcId,scalar,ec2.vpc,vpc,contained-in,doc,medium,leaf-hint,describe_network_interfaces,ec2.DescribeNetworkInterfaces
ec2.network_interface_permission,,ec2,NetworkInterfaceId,scalar,ec2.network_interface,eni,attached-to,doc,medium,leaf-hint,describe_network_interface_permissions,ec2.DescribeNetworkInterfacePermissions
ec2.network_interface_permission,,ec2,NetworkInterfacePermissionId,scalar,ec2.network_interface,eni,attached-to,doc,medium,well-known,describe_network_interface_permissions,ec2.DescribeNetworkInterfacePermissions
ec2.route_table,route-table,ec2,Routes[].CarrierGatewayId,list_dict,ec2.carrier_gateway,,references,doc,medium,service-exact,describe_route_tables,ec2.DescribeRouteTables
ec2.route_table,route-table,ec2,Routes[].EgressOnlyInternetGatewayId,list_dict,ec2.egress_only_internet_gateway,,references,doc,medium,service-exact,describe_route_tables,ec2.DescribeRouteTables
ec2.route_table,route-table,ec2,Routes[].InstanceId,list_dict,ec2.instance,ec2,references,doc,medium,leaf-hint,describe_route_tables,ec2.DescribeRouteTables
ec2.route_table,route-table,ec2,Associations[].GatewayId,list_dict,ec2.internet_gateway,internet-gateway,references,doc,medium,well-known,describe_route_tables,ec2.DescribeRouteTables
ec2.route_table,route-table,ec2,Routes[].LocalGatewayId,list_dict,ec2.local_gateway,,references,doc,medium,service-exact,describe_route_tables,ec2.DescribeRouteTables
ec2.route_table,route-table,ec2,Routes[].NatGatewayId,list_dict,ec2.nat_gateway,nat-gateway,references,doc,medium,leaf-hint,describe_route_tables,ec2.DescribeRouteTables
ec2.route_table,route-table,ec2,Routes[].NetworkInterfaceId,list_dict,ec2.network_interface,eni,attached-to,doc,medium,leaf-hint,describe_route_tables,ec2.DescribeRouteTables
ec2.route_table,route-table,ec2,Associations[].SubnetId,list_dict,ec2.subnet,subnet,contained-in,doc,medium,leaf-hint,describe_route_tables,ec2.DescribeRouteTables
ec2.route_table,route-table,ec2,VpcId,scalar,ec2.vpc,vpc,contained-in,doc,medium,leaf-hint,describe_route_tables,ec2.DescribeRouteTables
ec2.route_table,route-table,ec2,Routes[].VpcPeeringConnectionId,list_dict,ec2.vpc_peering_connection,peering-connection,references,doc,medium,leaf-hint,describe_route_tables,ec2.DescribeRouteTables
ec2.security_group,security-group,ec2,TransitGatewayId,scalar,ec2.transit_gateway,transit-gateway,references,doc,medium,service-exact,describe_security_group_references,ec2.DescribeSecurityGroupReferences
ec2.security_group,security-group,ec2,IpPermissionsEgress[].UserIdGroupPairs[].VpcId,list_nested,ec2.vpc,vpc,contained-in,doc,medium,leaf-hint,describe_security_groups,ec2.DescribeSecurityGroups
ec2.security_group,security-group,ec2,IpPermissions[].UserIdGroupPairs[].VpcId,list_nested,ec2.vpc,vpc,contained-in,doc,medium,leaf-hint,describe_security_groups,ec2.DescribeSecurityGroups
ec2.security_group,security-group,ec2,ReferencingVpcId,scalar,ec2.vpc,vpc,contained-in,doc,medium,well-known,describe_security_group_references,ec2.DescribeSecurityGroupReferences
ec2.security_group,security-group,ec2,StaleIpPermissionsEgress[].UserIdGroupPairs[].VpcId,list_nested,ec2.vpc,vpc,contained-in,doc,medium,leaf-hint,describe_stale_security_groups,ec2.DescribeStaleSecurityGroups
ec2.security_group,security-group,ec2,StaleIpPermissions[].UserIdGroupPairs[].VpcId,list_nested,ec2.vpc,vpc,contained-in,doc,medium,leaf-hint,describe_stale_security_groups,ec2.DescribeStaleSecurityGroups
ec2.security_group,security-group,ec2,VpcId,scalar,ec2.vpc,vpc,contained-in,doc,medium,leaf-hint,describe_security_groups,ec2.DescribeSecurityGroups
ec2.security_group,security-group,ec2,IpPermissionsEgress[].UserIdGroupPairs[].VpcPeeringConnectionId,list_nested,ec2.vpc_peering_connection,peering-connection,references,doc,medium,leaf-hint,describe_security_groups,ec2.DescribeSecurityGroups
ec2.security_group,security-group,ec2,IpPermissions[].UserIdGroupPairs[].VpcPeeringConnectionId,list_nested,ec2.vpc_peering_connection,peering-connection,references,doc,medium,leaf-hint,describe_security_groups,ec2.DescribeSecurityGroups
ec2.security_group,security-group,ec2,StaleIpPermissionsEgress[].UserIdGroupPairs[].VpcPeeringConnectionId,list_nested,ec2.vpc_peering_connection,peering-connection,references,doc,medium,leaf-hint,describe_stale_security_groups,ec2.DescribeStaleSecurityGroups
ec2.security_group,security-group,ec2,StaleIpPermissions[].UserIdGroupPairs[].VpcPeeringConnectionId,list_nested,ec2.vpc_peering_connection,peering-connection,references,doc,medium,leaf-hint,describe_stale_security_groups,ec2.DescribeStaleSecurityGroups
ec2.security_group,security-group,ec2,VpcPeeringConnectionId,scalar,ec2.vpc_peering_connection,peering-connection,references,doc,medium,leaf-hint,describe_security_group_references,ec2.DescribeSecurityGroupReferences
ec2.security_group_rule,,ec2,PrefixListId,scalar,ec2.prefix_list,prefix-list,references,doc,medium,service-exact,describe_security_group_rules,ec2.DescribeSecurityGroupRules
ec2.security_group_rule,,ec2,GroupId,scalar,ec2.security_group,security-group,protected-by,doc,medium,well-known,describe_security_group_rules,ec2.DescribeSecurityGroupRules
ec2.security_group_rule,,ec2,ReferencedGroupInfo.GroupId,dotted,ec2.security_group,security-group,protected-by,doc,medium,well-known,describe_security_group_rules,ec2.DescribeSecurityGroupRules
ec2.security_group_rule,,ec2,SecurityGroupRuleId,scalar,ec2.security_group,security-group,protected-by,doc,medium,well-known,describe_security_group_rules,ec2.DescribeSecurityGroupRules
ec2.security_group_rule,,ec2,ReferencedGroupInfo.VpcId,dotted,ec2.vpc,vpc,contained-in,doc,medium,leaf-hint,describe_security_group_rules,ec2.DescribeSecurityGroupRules
ec2.security_group_rule,,ec2,ReferencedGroupInfo.VpcPeeringConnectionId,dotted,ec2.vpc_peering_connection,peering-connection,references,doc,medium,leaf-hint,describe_security_group_rules,ec2.DescribeSecurityGroupRules
ec2.snapshots_in_recycle_bin,,ec2,VolumeId,scalar,ec2.volume,ebs,attached-to,doc,medium,leaf-hint,list_snapshots_in_recycle_bin,ec2.ListSnapshotsInRecycleBin
ec2.spot_fleet,ec2-spot-fleet-request,ec2,EventInformation.InstanceId,dotted,ec2.instance,ec2,references,doc,medium,leaf-hint,describe_spot_fleet_request_history,ec2.DescribeSpotFleetRequestHistory
ec2.spot_fleet,ec2-spot-fleet-request,ec2,SpotFleetRequestConfig.LaunchSpecifications[].IamInstanceProfile.Name,list_dict,ec2.instance,ec2,references,doc,medium,well-known,describe_spot_fleet_requests,ec2.DescribeSpotFleetRequests
ec2.spot_fleet,ec2-spot-fleet-request,ec2,SpotFleetRequestConfig.LaunchSpecifications[].KeyName,list_dict,ec2.key_pair,,references,doc,medium,well-known,describe_spot_fleet_requests,ec2.DescribeSpotFleetRequests
ec2.spot_fleet,ec2-spot-fleet-request,ec2,SpotFleetRequestConfig.LaunchTemplateConfigs[].LaunchTemplateSpecification.LaunchTemplateId,list_dict,ec2.launch_template,launch-template-version,references,doc,medium,service-exact,describe_spot_fleet_requests,ec2.DescribeSpotFleetRequests
ec2.spot_fleet,ec2-spot-fleet-request,ec2,SpotFleetRequestConfig.LaunchTemplateConfigs[].LaunchTemplateSpecification.LaunchTemplateName,list_dict,ec2.launch_template,launch-template-version,references,doc,medium,service-exact,describe_spot_fleet_requests,ec2.DescribeSpotFleetRequests
ec2.spot_fleet,ec2-spot-fleet-request,ec2,SpotFleetRequestConfig.LaunchSpecifications[].NetworkInterfaces[].NetworkInterfaceId,list_nested,ec2.network_interface,eni,attached-to,doc,medium,leaf-hint,describe_spot_fleet_requests,ec2.DescribeSpotFleetRequests
ec2.spot_fleet,ec2-spot-fleet-request,ec2,SpotFleetRequestConfig.LaunchSpecifications[].Placement.GroupName,list_dict,ec2.placement_group,,references,doc,medium,well-known,describe_spot_fleet_requests,ec2.DescribeSpotFleetRequests
ec2.spot_fleet,ec2-spot-fleet-request,ec2,SpotFleetRequestConfig.LaunchSpecifications[].SecurityGroups[].GroupId,list_nested,ec2.security_group,security-group,protected-by,doc,medium,well-known,describe_spot_fleet_requests,ec2.DescribeSpotFleetRequests
ec2.spot_fleet,ec2-spot-fleet-request,ec2,SpotFleetRequestConfig.LaunchSpecifications[].SecurityGroups[].GroupName,list_nested,ec2.security_group,security-group,protected-by,doc,medium,well-known,describe_spot_fleet_requests,ec2.DescribeSpotFleetRequests
ec2.spot_fleet,ec2-spot-fleet-request,ec2,SpotFleetRequestConfig.LaunchSpecifications[].NetworkInterfaces[].SubnetId,list_nested,ec2.subnet,subnet,contained-in,doc,medium,leaf-hint,describe_spot_fleet_requests,ec2.DescribeSpotFleetRequests
ec2.spot_fleet,ec2-spot-fleet-request,ec2,SpotFleetRequestConfig.LaunchSpecifications[].SubnetId,list_dict,ec2.subnet,subnet,contained-in,doc,medium,leaf-hint,describe_spot_fleet_requests,ec2.DescribeSpotFleetRequests
ec2.spot_fleet,ec2-spot-fleet-request,ec2,SpotFleetRequestConfig.LaunchTemplateConfigs[].Overrides[].SubnetId,list_nested,ec2.subnet,subnet,contained-in,doc,medium,leaf-hint,describe_spot_fleet_requests,ec2.DescribeSpotFleetRequests
ec2.spot_fleet,ec2-spot-fleet-request,ec2,SpotFleetRequestConfig.LaunchSpecifications[].BlockDeviceMappings[].Ebs.KmsKeyId,list_nested,kms.key,kms-key,encrypted-by,doc,medium,leaf-hint,describe_spot_fleet_requests,ec2.DescribeSpotFleetRequests
ec2.spot_fleet,ec2-spot-fleet-request,ec2,SpotFleetRequestConfig.LaunchSpecifications[].BlockDeviceMappings[].Ebs.OutpostArn,list_nested,outposts.outpost,,references,doc,medium,global-exact,describe_spot_fleet_requests,ec2.DescribeSpotFleetRequests
ec2.spot_instance_request,,ec2,InstanceId,scalar,ec2.instance,ec2,references,doc,medium,leaf-hint,describe_spot_instance_requests,ec2.DescribeSpotInstanceRequests
ec2.spot_instance_request,,ec2,LaunchSpecification.IamInstanceProfile.Name,dotted,ec2.instance,ec2,references,doc,medium,well-known,describe_spot_instance_requests,ec2.DescribeSpotInstanceRequests
ec2.spot_instance_request,,ec2,LaunchSpecification.KeyName,dotted,ec2.key_pair,,references,doc,medium,well-known,describe_spot_instance_requests,ec2.DescribeSpotInstanceRequests
ec2.spot_instance_request,,ec2,LaunchSpecification.NetworkInterfaces[].NetworkInterfaceId,list_dict,ec2.network_interface,eni,attached-to,doc,medium,leaf-hint,describe_spot_instance_requests,ec2.DescribeSpotInstanceRequests
ec2.spot_instance_request,,ec2,LaunchSpecification.Placement.GroupName,dotted,ec2.placement_group,,references,doc,medium,well-known,describe_spot_instance_requests,ec2.DescribeSpotInstanceRequests
ec2.spot_instance_request,,ec2,LaunchSpecification.SecurityGroups[].GroupId,list_dict,ec2.security_group,security-group,protected-by,doc,medium,well-known,describe_spot_instance_requests,ec2.DescribeSpotInstanceRequests
ec2.spot_instance_request,,ec2,LaunchSpecification.SecurityGroups[].GroupName,list_dict,ec2.security_group,security-group,protected-by,doc,medium,well-known,describe_spot_instance_requests,ec2.DescribeSpotInstanceRequests
ec2.spot_instance_request,,ec2,LaunchSpecification.NetworkInterfaces[].SubnetId,list_dict,ec2.subnet,subnet,contained-in,doc,medium,leaf-hint,describe_spot_instance_requests,ec2.DescribeSpotInstanceRequests
ec2.spot_instance_request,,ec2,LaunchSpecification.SubnetId,dotted,ec2.subnet,subnet,contained-in,doc,medium,leaf-hint,describe_spot_instance_requests,ec2.DescribeSpotInstanceRequests
ec2.spot_instance_request,,ec2,LaunchSpecification.BlockDeviceMappings[].Ebs.KmsKeyId,list_dict,kms.key,kms-key,encrypted-by,doc,medium,leaf-hint,describe_spot_instance_requests,ec2.DescribeSpotInstanceRequests
ec2.spot_instance_request,,ec2,LaunchSpecification.BlockDeviceMappings[].Ebs.OutpostArn,list_dict,outposts.outpost,,references,doc,medium,global-exact,describe_spot_instance_requests,ec2.DescribeSpotInstanceRequests
ec2.subnet,subnet,ec2,VpcId,scalar,ec2.vpc,vpc,contained-in,doc,medium,leaf-hint,describe_subnets,ec2.DescribeSubnets
ec2.traffic_mirror_session,mirror-session,ec2,NetworkInterfaceId,scalar,ec2.network_interface,eni,attached-to,doc,medium,leaf-hint,describe_traffic_mirror_sessions,ec2.DescribeTrafficMirrorSessions
ec2.traffic_mirror_session,mirror-session,ec2,TrafficMirrorFilterId,scalar,ec2.traffic_mirror_filter,,references,doc,medium,service-exact,describe_traffic_mirror_sessions,ec2.DescribeTrafficMirrorSessions
ec2.traffic_mirror_session,mirror-session,ec2,TrafficMirrorTargetId,scalar,ec2.traffic_mirror_target,mirror-target,references,doc,medium,service-exact,describe_traffic_mirror_sessions,ec2.DescribeTrafficMirrorSessions
ec2.traffic_mirror_target,mirror-target,ec2,NetworkInterfaceId,scalar,ec2.network_interface,eni,attached-to,doc,medium,leaf-hint,describe_traffic_mirror_targets,ec2.DescribeTrafficMirrorTargets
ec2.transit_gateway_attachment,transit-attachment,ec2,Association.TransitGatewayRouteTableId,dotted,ec2.route_table,route-table,references,doc,medium,well-known,describe_transit_gateway_attachments,ec2.DescribeTransitGatewayAttachments
ec2.transit_gateway_attachment,transit-attachment,ec2,TransitGatewayId,scalar,ec2.transit_gateway,transit-gateway,references,doc,medium,service-exact,describe_transit_gateway_attachments,ec2.DescribeTransitGatewayAttachments
ec2.transit_gateway_attachment,transit-attachment,ec2,transit-gateway-id,scalar,ec2.transit_gateway,transit-gateway,contained-in,parent_spec,high,declared,,c7n parent_spec of transit-attachment
ec2.transit_gateway_connect,,ec2,TransitGatewayId,scalar,ec2.transit_gateway,transit-gateway,references,doc,medium,service-exact,describe_transit_gateway_connects,ec2.DescribeTransitGatewayConnects
ec2.transit_gateway_connect,,ec2,TransitGatewayAttachmentId,scalar,networkmanager.connect_attachment,,references,doc,medium,global-exact,describe_transit_gateway_connects,ec2.DescribeTransitGatewayConnects
ec2.transit_gateway_connect_peer,,ec2,TransitGatewayAttachmentId,scalar,networkmanager.connect_attachment,,references,doc,medium,global-exact,describe_transit_gateway_connect_peers,ec2.DescribeTransitGatewayConnectPeers
ec2.transit_gateway_multicast_domain,,ec2,TransitGatewayId,scalar,ec2.transit_gateway,transit-gateway,references,doc,medium,service-exact,describe_transit_gateway_multicast_domains,ec2.DescribeTransitGatewayMulticastDomains
ec2.transit_gateway_multicast_domain_association,,ec2,Subnet.SubnetId,dotted,ec2.subnet,subnet,contained-in,doc,medium,leaf-hint,get_transit_gateway_multicast_domain_associations,ec2.GetTransitGatewayMulticastDomainAssociations
ec2.transit_gateway_multicast_domain_association,,ec2,TransitGatewayAttachmentId,scalar,ec2.transit_gateway_attachment,transit-attachment,references,doc,medium,service-exact,get_transit_gateway_multicast_domain_associations,ec2.GetTransitGatewayMulticastDomainAssociations
ec2.transit_gateway_peering_attachment,,ec2,AccepterTgwInfo.TransitGatewayId,dotted,ec2.transit_gateway,transit-gateway,references,doc,medium,service-exact,describe_transit_gateway_peering_attachments,ec2.DescribeTransitGatewayPeeringAttachments
ec2.transit_gateway_peering_attachment,,ec2,RequesterTgwInfo.TransitGatewayId,dotted,ec2.transit_gateway,transit-gateway,references,doc,medium,service-exact,describe_transit_gateway_peering_attachments,ec2.DescribeTransitGatewayPeeringAttachments
ec2.transit_gateway_policy_table,,ec2,TransitGatewayId,scalar,ec2.transit_gateway,transit-gateway,references,doc,medium,service-exact,describe_transit_gateway_policy_tables,ec2.DescribeTransitGatewayPolicyTables
ec2.transit_gateway_policy_table_association,,ec2,ResourceId,scalar,ec2.transit_gateway_attachment,transit-attachment,references,doc,medium,service-exact,get_transit_gateway_policy_table_associations,ec2.GetTransitGatewayPolicyTableAssociations
ec2.transit_gateway_policy_table_association,,ec2,TransitGatewayAttachmentId,scalar,ec2.transit_gateway_attachment,transit-attachment,references,doc,medium,service-exact,get_transit_gateway_policy_table_associations,ec2.GetTransitGatewayPolicyTableAssociations
ec2.transit_gateway_policy_table_association,,ec2,TransitGatewayPolicyTableId,scalar,ec2.transit_gateway_policy_table,,references,doc,medium,service-exact,get_transit_gateway_policy_table_associations,ec2.GetTransitGatewayPolicyTableAssociations
ec2.transit_gateway_route_table,,ec2,TransitGatewayId,scalar,ec2.transit_gateway,transit-gateway,references,doc,medium,service-exact,describe_transit_gateway_route_tables,ec2.DescribeTransitGatewayRouteTables
ec2.transit_gateway_vpc_attachment,,ec2,TransitGatewayId,scalar,ec2.transit_gateway,transit-gateway,references,doc,medium,service-exact,describe_transit_gateway_vpc_attachments,ec2.DescribeTransitGatewayVpcAttachments
ec2.transit_gateway_vpc_attachment,,ec2,VpcId,scalar,ec2.vpc,vpc,contained-in,doc,medium,leaf-hint,describe_transit_gateway_vpc_attachments,ec2.DescribeTransitGatewayVpcAttachments
ec2.verified_access_endpoint,,ec2,NetworkInterfaceOptions.NetworkInterfaceId,dotted,ec2.network_interface,eni,attached-to,doc,medium,leaf-hint,describe_verified_access_endpoints,ec2.DescribeVerifiedAccessEndpoints
ec2.verified_access_endpoint,,ec2,VerifiedAccessGroupId,scalar,ec2.verified_access_group,,references,doc,medium,service-partial,describe_verified_access_endpoints,ec2.DescribeVerifiedAccessEndpoints
ec2.verified_access_endpoint,,ec2,SseSpecification.KmsKeyArn,dotted,kms.key,kms-key,encrypted-by,doc,medium,leaf-hint,describe_verified_access_endpoints,ec2.DescribeVerifiedAccessEndpoints
ec2.verified_access_group,,ec2,SseSpecification.KmsKeyArn,dotted,kms.key,kms-key,encrypted-by,doc,medium,leaf-hint,describe_verified_access_groups,ec2.DescribeVerifiedAccessGroups
ec2.verified_access_instance,,ec2,VerifiedAccessTrustProviders[].VerifiedAccessTrustProviderId,list_dict,ec2.verified_access_trust_provider,,references,doc,medium,service-partial,describe_verified_access_instances,ec2.DescribeVerifiedAccessInstances
ec2.verified_access_trust_provider,,ec2,SseSpecification.KmsKeyArn,dotted,kms.key,kms-key,encrypted-by,doc,medium,leaf-hint,describe_verified_access_trust_providers,ec2.DescribeVerifiedAccessTrustProviders
ec2.volume,ebs,ec2,Attachments[].InstanceId,list_dict,ec2.instance,ec2,references,doc,medium,leaf-hint,describe_volumes,ec2.DescribeVolumes
ec2.volume,ebs,ec2,InstanceId,scalar,ec2.instance,ec2,references,doc,medium,leaf-hint,describe_replace_root_volume_tasks,ec2.DescribeReplaceRootVolumeTasks
ec2.volume,ebs,ec2,KmsKeyId,scalar,kms.key,kms-key,encrypted-by,doc,medium,leaf-hint,describe_volumes,ec2.DescribeVolumes
ec2.volume_status,,ec2,AttachmentStatuses[].InstanceId,list_dict,ec2.instance,ec2,references,doc,medium,leaf-hint,describe_volume_status,ec2.DescribeVolumeStatus
ec2.volume_status,,ec2,Events[].InstanceId,list_dict,ec2.instance,ec2,references,doc,medium,leaf-hint,describe_volume_status,ec2.DescribeVolumeStatus
ec2.volume_status,,ec2,VolumeId,scalar,ec2.volume,ebs,attached-to,doc,medium,leaf-hint,describe_volume_status,ec2.DescribeVolumeStatus
ec2.volume_status,,ec2,VolumeStatus.Details[].Name,list_dict,ec2.volume,ebs,attached-to,doc,medium,well-known,describe_volume_status,ec2.DescribeVolumeStatus
ec2.vpc_endpoint,vpc-endpoint,ec2,DnsEntries[].HostedZoneId,list_dict,ec2.host,ec2-host,references,doc,medium,service-partial,describe_vpc_endpoints,ec2.DescribeVpcEndpoints
ec2.vpc_endpoint,vpc-endpoint,ec2,Groups[].GroupId,list_dict,ec2.security_group,security-group,protected-by,doc,medium,well-known,describe_vpc_endpoints,ec2.DescribeVpcEndpoints
ec2.vpc_endpoint,vpc-endpoint,ec2,Groups[].GroupName,list_dict,ec2.security_group,security-group,protected-by,doc,medium,well-known,describe_vpc_endpoints,ec2.DescribeVpcEndpoints
ec2.vpc_endpoint,vpc-endpoint,ec2,VpcId,scalar,ec2.vpc,vpc,contained-in,doc,medium,leaf-hint,describe_vpc_endpoints,ec2.DescribeVpcEndpoints
ec2.vpc_endpoint_connection,,ec2,DnsEntries[].HostedZoneId,list_dict,ec2.host,ec2-host,references,doc,medium,service-partial,describe_vpc_endpoint_connections,ec2.DescribeVpcEndpointConnections
ec2.vpc_endpoint_connection,,ec2,VpcEndpointConnectionId,scalar,ec2.vpc,vpc,contained-in,doc,medium,well-known,describe_vpc_endpoint_connections,ec2.DescribeVpcEndpointConnections
ec2.vpc_endpoint_connection,,ec2,VpcEndpointId,scalar,ec2.vpc,vpc,contained-in,doc,medium,well-known,describe_vpc_endpoint_connections,ec2.DescribeVpcEndpointConnections
ec2.vpc_endpoint_connection_notification,,ec2,VpcEndpointId,scalar,ec2.vpc,vpc,contained-in,doc,medium,well-known,describe_vpc_endpoint_connection_notifications,ec2.DescribeVpcEndpointConnectionNotifications
ec2.vpc_peering_connection,peering-connection,ec2,AccepterVpcInfo.VpcId,dotted,ec2.vpc,vpc,contained-in,doc,medium,leaf-hint,describe_vpc_peering_connections,ec2.DescribeVpcPeeringConnections
ec2.vpc_peering_connection,peering-connection,ec2,RequesterVpcInfo.VpcId,dotted,ec2.vpc,vpc,contained-in,doc,medium,leaf-hint,describe_vpc_peering_connections,ec2.DescribeVpcPeeringConnections
ec2.vpn_connection,vpn-connection,ec2,CommonName,scalar,apigateway.client_certificate,rest-client-certificate,references,doc,medium,global-exact,describe_client_vpn_connections,ec2.DescribeClientVpnConnections
ec2.vpn_connection,vpn-connection,ec2,CoreNetworkArn,scalar,networkmanager.core_network,,references,doc,medium,global-exact,describe_vpn_connections,ec2.DescribeVpnConnections
ec2.vpn_gateway,vpn-gateway,ec2,VpcAttachments[].VpcId,list_dict,ec2.vpc,vpc,contained-in,doc,medium,leaf-hint,describe_vpn_gateways,ec2.DescribeVpnGateways
ecr-public.image,,ecr-public,repositoryName,scalar,ecr-public.repository,,references,doc,medium,service-exact,describe_images,ecr-public.DescribeImages
ecr.ecr_image,ecr-image,ecr,images[].repositoryName,list_dict,ecr.repository,ecr,references,doc,medium,service-exact,batch_get_image,ecr.BatchGetImage
ecr.ecr_image,ecr-image,ecr,repositoryName,scalar,ecr.repository,ecr,contained-in,parent_spec,high,declared,,c7n parent_spec of ecr-image
ecr.registry_policy,,ecr,registryId,scalar,ecr.registry,,references,doc,medium,service-exact,get_registry_policy,ecr.GetRegistryPolicy
ecr.registry_scanning_configuration,,ecr,registryId,scalar,ecr.registry,,references,doc,medium,service-exact,get_registry_scanning_configuration,ecr.GetRegistryScanningConfiguration
ecs.account_setting,,ecs,principalArn,scalar,ram.principal,,references,doc,medium,global-exact,list_account_settings,ecs.ListAccountSettings
ecs.cluster,ecs,ecs,configuration.executeCommandConfiguration.logConfiguration.s3BucketName,dotted,s3.bucket,s3,references,doc,medium,well-known,describe_clusters,ecs.DescribeClusters
ecs.ecs_container_instance,ecs-container-instance,ecs,cluster,scalar,ecs.cluster,ecs,contained-in,parent_spec,high,declared,,c7n parent_spec of ecs-container-instance
ecs.service,ecs-service,ecs,cluster,scalar,ecs.cluster,ecs,contained-in,parent_spec,high,declared,,c7n parent_spec of ecs-service
ecs.service,ecs-service,ecs,loadBalancers[].containerName,list_dict,ecs.ecs_container_instance,ecs-container-instance,references,doc,medium,service-partial,describe_services,ecs.DescribeServices
ecs.service,ecs-service,ecs,taskSets[].loadBalancers[].containerName,list_nested,ecs.ecs_container_instance,ecs-container-instance,references,doc,medium,service-partial,describe_services,ecs.DescribeServices
ecs.service,ecs-service,ecs,deployments[].volumeConfigurations[].managedEBSVolume.roleArn,list_nested,iam.role,iam-role,assumes,doc,medium,well-known,describe_services,ecs.DescribeServices
ecs.task_set,ecs-task,ecs,cluster,scalar,ecs.cluster,ecs,contained-in,parent_spec,high,declared,,c7n parent_spec of ecs-task
ecs.task_set,ecs-task,ecs,taskSets[].loadBalancers[].containerName,list_nested,ecs.ecs_container_instance,ecs-container-instance,references,doc,medium,service-partial,describe_task_sets,ecs.DescribeTaskSets
efs.file_system,efs,efs,KmsKeyId,scalar,kms.key,kms-key,encrypted-by,doc,medium,leaf-hint,describe_file_systems,efs.DescribeFileSystems
efs.mount_target,efs-mount-target,efs,NetworkInterfaceId,scalar,ec2.network_interface,eni,attached-to,doc,medium,leaf-hint,describe_mount_targets,efs.DescribeMountTargets
efs.mount_target,efs-mount-target,efs,SubnetId,scalar,ec2.subnet,subnet,contained-in,doc,medium,leaf-hint,describe_mount_targets,efs.DescribeMountTargets
efs.mount_target,efs-mount-target,efs,VpcId,scalar,ec2.vpc,vpc,contained-in,doc,medium,leaf-hint,describe_mount_targets,efs.DescribeMountTargets
efs.mount_target,efs-mount-target,efs,FileSystemId,scalar,efs.file_system,efs,contained-in,parent_spec,high,declared,,c7n parent_spec of efs-mount-target
efs.replication_configuration,,efs,Destinations[].FileSystemId,list_dict,efs.file_system,efs,references,doc,medium,service-partial,describe_replication_configurations,efs.DescribeReplicationConfigurations
eks.access_policy,,eks,principalArn,scalar,eks.access_entry,,references,doc,medium,service-partial,list_associated_access_policies,eks.ListAssociatedAccessPolicies
eks.cluster,eks,eks,cluster.resourcesVpcConfig.vpcId,dotted,ec2.vpc,vpc,contained-in,doc,medium,leaf-hint,describe_cluster,eks.DescribeCluster
eks.nodegroup,eks-nodegroup,eks,clusterName,scalar,eks.cluster,eks,contained-in,parent_spec,high,declared,,c7n parent_spec of eks-nodegroup
eks.pod_identity_association,,eks,association.clusterName,dotted,eks.cluster,eks,references,doc,medium,service-exact,describe_pod_identity_association,eks.DescribePodIdentityAssociation
eks.pod_identity_association,,eks,clusterName,scalar,eks.cluster,eks,references,doc,medium,service-exact,list_pod_identity_associations,eks.ListPodIdentityAssociations
elasticache.cache_cluster,cache-cluster,elasticache,CacheParameterGroup.CacheParameterGroupName,dotted,elasticache.cache_parameter_group,,references,doc,medium,service-exact,describe_cache_clusters,elasticache.DescribeCacheClusters
elasticache.cache_cluster,cache-cluster,elasticache,CacheNodes[].CustomerOutpostArn,list_dict,elasticache.reserved_cache_node,,references,doc,medium,service-partial,describe_cache_clusters,elasticache.DescribeCacheClusters
elasticache.cache_cluster,cache-cluster,elasticache,CacheSecurityGroups[].CacheSecurityGroupName,list_dict,elasticache.security_group,,references,doc,medium,service-partial,describe_cache_clusters,elasticache.DescribeCacheClusters
elasticache.cache_cluster,cache-cluster,elasticache,SecurityGroups[].SecurityGroupId,list_dict,elasticache.security_group,,references,doc,medium,service-partial,describe_cache_clusters,elasticache.DescribeCacheClusters
elasticache.cache_snapshot,cache-snapshot,elasticache,VpcId,scalar,ec2.vpc,vpc,contained-in,doc,medium,leaf-hint,describe_snapshots,elasticache.DescribeSnapshots
elasticache.cache_snapshot,cache-snapshot,elasticache,ReplicationGroupId,scalar,elasticache.replication_group,elasticache-group,references,doc,medium,service-partial,describe_snapshots,elasticache.DescribeSnapshots
elasticache.cache_snapshot,cache-snapshot,elasticache,KmsKeyId,scalar,kms.key,kms-key,encrypted-by,doc,medium,leaf-hint,describe_snapshots,elasticache.DescribeSnapshots
elasticache.replication_group,elasticache-group,elasticache,NodeGroups[].NodeGroupId,list_dict,eks.nodegroup,,references,doc,medium,global-exact,describe_replication_groups,elasticache.DescribeReplicationGroups
elasticache.replication_group,elasticache-group,elasticache,KmsKeyId,scalar,kms.key,kms-key,encrypted-by,doc,medium,leaf-hint,describe_replication_groups,elasticache.DescribeReplicationGroups
elasticache.serverless_cache,,elasticache,KmsKeyId,scalar,kms.key,kms-key,encrypted-by,doc,medium,leaf-hint,describe_serverless_caches,elasticache.DescribeServerlessCaches
elasticache.subnet_group,cache-subnet-group,elasticache,Subnets[].SubnetIdentifier,list_dict,ec2.subnet,subnet,contained-in,doc,medium,well-known,describe_cache_subnet_groups,elasticache.DescribeCacheSubnetGroups
elasticache.subnet_group,cache-subnet-group,elasticache,Subnets[].SubnetOutpost.SubnetOutpostArn,list_dict,ec2.subnet,subnet,contained-in,doc,medium,well-known,describe_cache_subnet_groups,elasticache.DescribeCacheSubnetGroups
elasticache.subnet_group,cache-subnet-group,elasticache,VpcId,scalar,ec2.vpc,vpc,contained-in,doc,medium,leaf-hint,describe_cache_subnet_groups,elasticache.DescribeCacheSubnetGroups
elasticbeanstalk.configuration_setting,,elasticbeanstalk,EnvironmentName,scalar,elasticbeanstalk.environment,elasticbeanstalk-environment,references,doc,medium,service-exact,describe_configuration_settings,elasticbeanstalk.DescribeConfigurationSettings
elasticbeanstalk.environment,elasticbeanstalk-environment,elasticbeanstalk,EnvironmentResources.AutoScalingGroups[].Name,list_dict,autoscaling.auto_scaling_group,asg,references,doc,medium,global-exact,describe_environment_resources,elasticbeanstalk.DescribeEnvironmentResources
elasticbeanstalk.environment,elasticbeanstalk-environment,elasticbeanstalk,EnvironmentResources.LaunchTemplates[].Id,list_dict,ec2.launch_template,launch-template-version,references,doc,medium,global-exact,describe_environment_resources,elasticbeanstalk.DescribeEnvironmentResources
elasticbeanstalk.environment,elasticbeanstalk-environment,elasticbeanstalk,ApplicationName,scalar,elasticbeanstalk.application,elasticbeanstalk,references,doc,medium,service-exact,describe_environments,elasticbeanstalk.DescribeEnvironments
elasticbeanstalk.environment,elasticbeanstalk-environment,elasticbeanstalk,EnvironmentResources.LaunchConfigurations[].Name,list_dict,evidently.launch,,references,doc,medium,global-exact,describe_environment_resources,elasticbeanstalk.DescribeEnvironmentResources
elasticbeanstalk.environment,elasticbeanstalk-environment,elasticbeanstalk,EnvironmentResources.Triggers[].Name,list_dict,glue.trigger,glue-trigger,references,doc,medium,global-exact,describe_environment_resources,elasticbeanstalk.DescribeEnvironmentResources
elb.load_balancer,elb,elb,Instances[].InstanceId,list_dict,ec2.instance,ec2,references,doc,medium,leaf-hint,describe_load_balancers,elb.DescribeLoadBalancers
elb.load_balancer,elb,elb,SourceSecurityGroup.GroupName,dotted,ec2.security_group,security-group,protected-by,doc,medium,well-known,describe_load_balancers,elb.DescribeLoadBalancers
elb.load_balancer,elb,elb,VPCId,scalar,ec2.vpc,vpc,contained-in,doc,medium,leaf-hint,describe_load_balancers,elb.DescribeLoadBalancers
elbv2.load_balancer,app-elb,elbv2,AvailabilityZones[].SubnetId,list_dict,ec2.subnet,subnet,contained-in,doc,medium,leaf-hint,describe_load_balancers,elbv2.DescribeLoadBalancers
elbv2.load_balancer,app-elb,elbv2,VpcId,scalar,ec2.vpc,vpc,contained-in,doc,medium,leaf-hint,describe_load_balancers,elbv2.DescribeLoadBalancers
elbv2.load_balancer,app-elb,elbv2,AvailabilityZones[].OutpostId,list_dict,outposts.outpost,,references,doc,medium,global-exact,describe_load_balancers,elbv2.DescribeLoadBalancers
elbv2.target_group,app-elb-target-group,elbv2,VpcId,scalar,ec2.vpc,vpc,contained-in,doc,medium,leaf-hint,describe_target_groups,elbv2.DescribeTargetGroups
emr-containers.job_run,,emr-containers,configurationOverrides.monitoringConfiguration.cloudWatchMonitoringConfiguration.logGroupName,dotted,logs.log_group,log-group,references,doc,medium,well-known,list_job_runs,emr-containers.ListJobRuns
emr-containers.job_run,,emr-containers,jobRun.configurationOverrides.monitoringConfiguration.cloudWatchMonitoringConfiguration.logGroupName,dotted,logs.log_group,log-group,references,doc,medium,well-known,describe_job_run,emr-containers.DescribeJobRun
emr-containers.job_template,,emr-containers,jobTemplate.jobTemplateData.executionRoleArn,dotted,emr-containers.job_run,,references,doc,medium,service-exact,describe_job_template,emr-containers.DescribeJobTemplate
emr-containers.job_template,,emr-containers,jobTemplateData.executionRoleArn,dotted,emr-containers.job_run,,references,doc,medium,service-exact,list_job_templates,emr-containers.ListJobTemplates
emr-containers.job_template,,emr-containers,jobTemplate.jobTemplateData.configurationOverrides.monitoringConfiguration.cloudWatchMonitoringConfiguration.logGroupName,dotted,logs.log_group,log-group,references,doc,medium,well-known,describe_job_template,emr-containers.DescribeJobTemplate
emr-containers.job_template,,emr-containers,jobTemplateData.configurationOverrides.monitoringConfiguration.cloudWatchMonitoringConfiguration.logGroupName,dotted,logs.log_group,log-group,references,doc,medium,well-known,list_job_templates,emr-containers.ListJobTemplates
emr-containers.managed_endpoint,,emr-containers,configurationOverrides.monitoringConfiguration.cloudWatchMonitoringConfiguration.logGroupName,dotted,logs.log_group,log-group,references,doc,medium,well-known,list_managed_endpoints,emr-containers.ListManagedEndpoints
emr-containers.managed_endpoint,,emr-containers,endpoint.configurationOverrides.monitoringConfiguration.cloudWatchMonitoringConfiguration.logGroupName,dotted,logs.log_group,log-group,references,doc,medium,well-known,describe_managed_endpoint,emr-containers.DescribeManagedEndpoint
emr-serverless.job_run,,emr-serverless,applicationId,scalar,emr-serverless.application,emr-serverless-app,references,doc,medium,service-exact,list_job_runs,emr-serverless.ListJobRuns
emr-serverless.job_run,,emr-serverless,jobRun.applicationId,dotted,emr-serverless.application,emr-serverless-app,references,doc,medium,service-exact,get_job_run,emr-serverless.GetJobRun
emr.instance_fleet_config,,emr,Id,scalar,ec2.instance,ec2,references,doc,medium,well-known,list_instance_fleets,emr.ListInstanceFleets
emr.instance_fleet_config,,emr,Name,scalar,ec2.instance,ec2,references,doc,medium,well-known,list_instance_fleets,emr.ListInstanceFleets
emr.instance_group_config,,emr,Id,scalar,ec2.instance,ec2,references,doc,medium,well-known,list_instance_groups,emr.ListInstanceGroups
emr.instance_group_config,,emr,Name,scalar,ec2.instance,ec2,references,doc,medium,well-known,list_instance_groups,emr.ListInstanceGroups
emr.step,,emr,Id,scalar,emr.cluster,emr,references,doc,medium,service-exact,list_steps,emr.ListSteps
emr.step,,emr,Name,scalar,emr.cluster,emr,references,doc,medium,service-exact,list_steps,emr.ListSteps
emr.step,,emr,Step.Id,dotted,emr.cluster,emr,references,doc,medium,service-exact,describe_step,emr.DescribeStep
emr.step,,emr,Step.Name,dotted,emr.cluster,emr,references,doc,medium,service-exact,describe_step,emr.DescribeStep
emr.studio,,emr,Studio.VpcId,dotted,ec2.vpc,vpc,contained-in,doc,medium,leaf-hint,describe_studio,emr.DescribeStudio
emr.studio,,emr,VpcId,scalar,ec2.vpc,vpc,contained-in,doc,medium,leaf-hint,list_studios,emr.ListStudios
emr.studio_session_mapping,,emr,SessionMapping.StudioId,dotted,emr.studio,,references,doc,medium,service-partial,get_studio_session_mapping,emr.GetStudioSessionMapping
emr.studio_session_mapping,,emr,StudioId,scalar,emr.studio,,references,doc,medium,service-partial,list_studio_session_mappings,emr.ListStudioSessionMappings
entityresolution.id_mapping_workflow,,entityresolution,idMappingTechniques.providerProperties.providerServiceArn,dotted,entityresolution.provider_service,,references,doc,medium,service-exact,get_id_mapping_workflow,entityresolution.GetIdMappingWorkflow
entityresolution.matching_workflow,,entityresolution,resolutionTechniques.providerProperties.providerServiceArn,dotted,entityresolution.provider_service,,references,doc,medium,service-exact,get_matching_workflow,entityresolution.GetMatchingWorkflow
es.domain,elasticsearch,es,PackageName,scalar,es.packages_for_domain,,references,doc,medium,service-partial,list_domains_for_package,es.ListDomainsForPackage
es.domain_change_progress,,es,ChangeProgressStatus.ChangeProgressStages[].Name,list_dict,es.tag,,references,doc,medium,service-partial,describe_domain_change_progress,es.DescribeDomainChangeProgress
es.elasticsearch_domain,,es,DomainStatus.VPCOptions.VPCId,dotted,ec2.vpc,vpc,contained-in,doc,medium,leaf-hint,describe_elasticsearch_domain,es.DescribeElasticsearchDomain
es.elasticsearch_domain,,es,VPCOptions.VPCId,dotted,ec2.vpc,vpc,contained-in,doc,medium,leaf-hint,describe_elasticsearch_domains,es.DescribeElasticsearchDomains
es.elasticsearch_domain,,es,DomainStatus.ModifyingProperties[].Name,list_dict,iottwinmaker.property,,references,doc,medium,global-exact,describe_elasticsearch_domain,es.DescribeElasticsearchDomain
es.elasticsearch_domain,,es,ModifyingProperties[].Name,list_dict,iottwinmaker.property,,references,doc,medium,global-exact,describe_elasticsearch_domains,es.DescribeElasticsearchDomains
es.elasticsearch_domain,,es,DomainStatus.EncryptionAtRestOptions.KmsKeyId,dotted,kms.key,kms-key,encrypted-by,doc,medium,leaf-hint,describe_elasticsearch_domain,es.DescribeElasticsearchDomain
es.elasticsearch_domain,,es,EncryptionAtRestOptions.KmsKeyId,dotted,kms.key,kms-key,encrypted-by,doc,medium,leaf-hint,describe_elasticsearch_domains,es.DescribeElasticsearchDomains
es.elasticsearch_domain_config,,es,DomainConfig.VPCOptions.Options.VPCId,dotted,ec2.vpc,vpc,contained-in,doc,medium,leaf-hint,describe_elasticsearch_domain_config,es.DescribeElasticsearchDomainConfig
es.elasticsearch_domain_config,,es,DomainConfig.ModifyingProperties[].Name,list_dict,iottwinmaker.property,,references,doc,medium,global-exact,describe_elasticsearch_domain_config,es.DescribeElasticsearchDomainConfig
es.elasticsearch_domain_config,,es,DomainConfig.EncryptionAtRestOptions.Options.KmsKeyId,dotted,kms.key,kms-key,encrypted-by,doc,medium,leaf-hint,describe_elasticsearch_domain_config,es.DescribeElasticsearchDomainConfig
es.vpc_endpoint,,es,VpcOptions.VPCId,dotted,ec2.vpc,vpc,contained-in,doc,medium,leaf-hint,describe_vpc_endpoints,es.DescribeVpcEndpoints
events.api_destination,,events,ConnectionArn,scalar,events.connection,,references,doc,medium,service-exact,list_api_destinations,events.ListApiDestinations
events.event_rule_target,event-rule-target,events,Rule,scalar,events.rule,event-rule,contained-in,parent_spec,high,declared,,c7n parent_spec of event-rule-target
events.event_source,,events,Arn,scalar,events.partner_event_source,,references,doc,medium,service-exact,describe_event_source,events.DescribeEventSource
events.event_source,,events,Name,scalar,events.partner_event_source,,references,doc,medium,service-exact,describe_event_source,events.DescribeEventSource
events.partner_event_source,,events,Arn,scalar,events.event_source,,references,doc,medium,service-exact,describe_partner_event_source,events.DescribePartnerEventSource
events.partner_event_source,,events,Name,scalar,events.event_source,,references,doc,medium,service-exact,describe_partner_event_source,events.DescribePartnerEventSource
events.replay,,events,EventSourceArn,scalar,events.archive,,references,doc,medium,service-exact,describe_replay,events.DescribeReplay
events.rule,event-rule,events,RedshiftDataParameters.SecretManagerArn,dotted,secretsmanager.secret,secrets-manager,references,doc,medium,global-exact,list_targets_by_rule,events.ListTargetsByRule
finspace-data.data_view,,finspace-data,datasetId,scalar,finspace-data.dataset,,references,doc,medium,service-exact,get_data_view,finspace-data.GetDataView
finspace-data.permission_groups_by_user,,finspace-data,permissionGroupId,scalar,finspace-data.permission_group,,references,doc,medium,service-exact,list_permission_groups_by_user,finspace-data.ListPermissionGroupsByUser
finspace-data.users_by_permission_group,,finspace-data,firstName,scalar,finspace-data.user,,references,doc,medium,service-exact,list_users_by_permission_group,finspace-data.ListUsersByPermissionGroup
finspace-data.users_by_permission_group,,finspace-data,lastName,scalar,finspace-data.user,,references,doc,medium,service-exact,list_users_by_permission_group,finspace-data.ListUsersByPermissionGroup
finspace-data.users_by_permission_group,,finspace-data,userId,scalar,finspace-data.user,,references,doc,medium,service-exact,list_users_by_permission_group,finspace-data.ListUsersByPermissionGroup
finspace.kx_changeset,,finspace,environmentId,scalar,finspace.environment,,references,doc,medium,service-partial,get_kx_changeset,finspace.GetKxChangeset
finspace.kx_cluster,,finspace,databases[].dataviewConfiguration.segmentConfigurations[].volumeName,list_nested,ec2.volume,ebs,attached-to,doc,medium,well-known,get_kx_cluster,finspace.GetKxCluster
finspace.kx_cluster,,finspace,volumeName,scalar,ec2.volume,ebs,attached-to,doc,medium,well-known,get_kx_cluster,finspace.GetKxCluster
finspace.kx_cluster,,finspace,volumes[].volumeName,list_dict,ec2.volume,ebs,attached-to,doc,medium,well-known,list_kx_clusters,finspace.ListKxClusters
finspace.kx_cluster,,finspace,vpcConfiguration.vpcId,dotted,ec2.vpc,vpc,contained-in,doc,medium,leaf-hint,get_kx_cluster,finspace.GetKxCluster
finspace.kx_cluster,,finspace,databases[].dataviewConfiguration.changesetId,list_dict,finspace.kx_changeset,,references,doc,medium,service-partial,get_kx_cluster,finspace.GetKxCluster
finspace.kx_cluster,,finspace,databases[].dataviewConfiguration.dataviewName,list_dict,finspace.kx_dataview,,references,doc,medium,service-partial,get_kx_cluster,finspace.GetKxCluster
finspace.kx_database,,finspace,environmentId,scalar,finspace.environment,,references,doc,medium,service-partial,get_kx_database,finspace.GetKxDatabase
finspace.kx_database,,finspace,lastCompletedChangesetId,scalar,finspace.kx_changeset,,references,doc,medium,service-partial,get_kx_database,finspace.GetKxDatabase
finspace.kx_dataview,,finspace,activeVersions[].segmentConfigurations[].volumeName,list_nested,ec2.volume,ebs,attached-to,doc,medium,well-known,get_kx_dataview,finspace.GetKxDataview
finspace.kx_dataview,,finspace,segmentConfigurations[].volumeName,list_dict,ec2.volume,ebs,attached-to,doc,medium,well-known,list_kx_dataviews,finspace.ListKxDataviews
finspace.kx_dataview,,finspace,volumeName,scalar,ec2.volume,ebs,attached-to,doc,medium,well-known,get_kx_dataview,finspace.GetKxDataview
finspace.kx_dataview,,finspace,environmentId,scalar,finspace.environment,,references,doc,medium,service-partial,get_kx_dataview,finspace.GetKxDataview
finspace.kx_dataview,,finspace,activeVersions[].changesetId,list_dict,finspace.kx_changeset,,references,doc,medium,service-partial,get_kx_dataview,finspace.GetKxDataview
finspace.kx_dataview,,finspace,changesetId,scalar,finspace.kx_changeset,,references,doc,medium,service-partial,list_kx_dataviews,finspace.ListKxDataviews
finspace.kx_dataview,,finspace,databaseName,scalar,finspace.kx_database,,references,doc,medium,service-partial,list_kx_dataviews,finspace.ListKxDataviews
finspace.kx_environment,,finspace,environmentArn,scalar,finspace.environment,,references,doc,medium,service-exact,get_kx_environment,finspace.GetKxEnvironment
finspace.kx_environment,,finspace,environmentId,scalar,finspace.environment,,references,doc,medium,service-partial,get_kx_environment,finspace.GetKxEnvironment
finspace.kx_environment,,finspace,kmsKeyId,scalar,kms.key,kms-key,encrypted-by,doc,medium,well-known,list_kx_environments,finspace.ListKxEnvironments
finspace.kx_user,,finspace,environmentId,scalar,finspace.environment,,references,doc,medium,service-partial,get_kx_user,finspace.GetKxUser
finspace.kx_volume,,finspace,volumeArn,scalar,ec2.volume,ebs,attached-to,doc,medium,well-known,get_kx_volume,finspace.GetKxVolume
finspace.kx_volume,,finspace,volumeName,scalar,ec2.volume,ebs,attached-to,doc,medium,well-known,get_kx_volume,finspace.GetKxVolume
finspace.kx_volume,,finspace,environmentId,scalar,finspace.environment,,references,doc,medium,service-partial,get_kx_volume,finspace.GetKxVolume
firehose.delivery_stream,firehose,firehose,DeliveryStreamDescription.Destinations[].AmazonOpenSearchServerlessDestinationDescription.VpcConfigurationDescription.VpcId,list_dict,ec2.vpc,vpc,contained-in,doc,medium,leaf-hint,describe_delivery_stream,firehose.DescribeDeliveryStream
firehose.delivery_stream,firehose,firehose,DeliveryStreamDescription.Destinations[].AmazonopensearchserviceDestinationDescription.VpcConfigurationDescription.VpcId,list_dict,ec2.vpc,vpc,contained-in,doc,medium,leaf-hint,describe_delivery_stream,firehose.DescribeDeliveryStream
firehose.delivery_stream,firehose,firehose,DeliveryStreamDescription.Destinations[].ElasticsearchDestinationDescription.VpcConfigurationDescription.VpcId,list_dict,ec2.vpc,vpc,contained-in,doc,medium,leaf-hint,describe_delivery_stream,firehose.DescribeDeliveryStream
fis.experiment,,fis,experiment.experimentTemplateId,dotted,fis.experiment_template,fis-template,references,doc,medium,service-exact,get_experiment,fis.GetExperiment
fis.experiment,,fis,experimentTemplateId,scalar,fis.experiment_template,fis-template,references,doc,medium,service-exact,list_experiments,fis.ListExperiments
fms.compliance_detail,,fms,PolicyComplianceDetail.PolicyId,dotted,fms.policy,,references,doc,medium,service-partial,get_compliance_detail,fms.GetComplianceDetail
fms.compliance_status,,fms,PolicyId,scalar,fms.policy,,references,doc,medium,service-partial,list_compliance_status,fms.ListComplianceStatus
fms.compliance_status,,fms,PolicyName,scalar,fms.policy,,references,doc,medium,service-partial,list_compliance_status,fms.ListComplianceStatus
fms.third_party_firewall_firewall_policy,,fms,FirewallPolicyId,scalar,fms.policy,,references,doc,medium,service-partial,list_third_party_firewall_firewall_policies,fms.ListThirdPartyFirewallFirewallPolicies
fms.third_party_firewall_firewall_policy,,fms,FirewallPolicyName,scalar,fms.policy,,references,doc,medium,service-partial,list_third_party_firewall_firewall_policies,fms.ListThirdPartyFirewallFirewallPolicies
fms.violation_detail,,fms,ViolationDetail.ResourceViolations[].NetworkFirewallInternetTrafficNotInspectedViolation.InternetGatewayId,list_dict,ec2.internet_gateway,internet-gateway,references,doc,medium,leaf-hint,get_violation_details,fms.GetViolationDetails
fms.violation_detail,,fms,ViolationDetail.ResourceViolations[].NetworkFirewallInvalidRouteConfigurationViolation.InternetGatewayId,list_dict,ec2.internet_gateway,internet-gateway,references,doc,medium,leaf-hint,get_violation_details,fms.GetViolationDetails
fms.violation_detail,,fms,ViolationDetail.ResourceViolations[].RouteHasOutOfScopeEndpointViolation.InternetGatewayId,list_dict,ec2.internet_gateway,internet-gateway,references,doc,medium,leaf-hint,get_violation_details,fms.GetViolationDetails
fms.violation_detail,,fms,ViolationDetail.ResourceViolations[].NetworkFirewallBlackHoleRouteDetectedViolation.RouteTableId,list_dict,ec2.route_table,route-table,references,doc,medium,leaf-hint,get_violation_details,fms.GetViolationDetails
fms.violation_detail,,fms,ViolationDetail.ResourceViolations[].NetworkFirewallInternetTrafficNotInspectedViolation.ExpectedFirewallSubnetRoutes[].RouteTableId,list_nested,ec2.route_table,route-table,references,doc,medium,leaf-hint,get_violation_details,fms.GetViolationDetails
fms.violation_detail,,fms,ViolationDetail.ResourceViolations[].NetworkFirewallInternetTrafficNotInspectedViolation.ExpectedInternetGatewayRoutes[].RouteTableId,list_nested,ec2.route_table,route-table,references,doc,medium,leaf-hint,get_violation_details,fms.GetViolationDetails
fms.violation_detail,,fms,ViolationDetail.ResourceViolations[].NetworkFirewallInternetTrafficNotInspectedViolation.RouteTableId,list_dict,ec2.route_table,route-table,references,doc,medium,leaf-hint,get_violation_details,fms.GetViolationDetails
fms.violation_detail,,fms,ViolationDetail.ResourceViolations[].NetworkFirewallInvalidRouteConfigurationViolation.ExpectedFirewallSubnetRoutes[].RouteTableId,list_nested,ec2.route_table,route-table,references,doc,medium,leaf-hint,get_violation_details,fms.GetViolationDetails
fms.violation_detail,,fms,ViolationDetail.ResourceViolations[].NetworkFirewallInvalidRouteConfigurationViolation.ExpectedInternetGatewayRoutes[].RouteTableId,list_nested,ec2.route_table,route-table,references,doc,medium,leaf-hint,get_violation_details,fms.GetViolationDetails
fms.violation_detail,,fms,ViolationDetail.ResourceViolations[].NetworkFirewallInvalidRouteConfigurationViolation.RouteTableId,list_dict,ec2.route_table,route-table,references,doc,medium,leaf-hint,get_violation_details,fms.GetViolationDetails
fms.violation_detail,,fms,ViolationDetail.ResourceViolations[].NetworkFirewallMissingExpectedRoutesViolation.ExpectedRoutes[].RouteTableId,list_nested,ec2.route_table,route-table,references,doc,medium,leaf-hint,get_violation_details,fms.GetViolationDetails
fms.violation_detail,,fms,ViolationDetail.ResourceViolations[].NetworkFirewallUnexpectedFirewallRoutesViolation.RouteTableId,list_dict,ec2.route_table,route-table,references,doc,medium,leaf-hint,get_violation_details,fms.GetViolationDetails
fms.violation_detail,,fms,ViolationDetail.ResourceViolations[].NetworkFirewallUnexpectedGatewayRoutesViolation.RouteTableId,list_dict,ec2.route_table,route-table,references,doc,medium,leaf-hint,get_violation_details,fms.GetViolationDetails
fms.violation_detail,,fms,ViolationDetail.ResourceViolations[].RouteHasOutOfScopeEndpointViolation.RouteTableId,list_dict,ec2.route_table,route-table,references,doc,medium,leaf-hint,get_violation_details,fms.GetViolationDetails
fms.violation_detail,,fms,ViolationDetail.ResourceViolations[].NetworkFirewallInternetTrafficNotInspectedViolation.SubnetId,list_dict,ec2.subnet,subnet,contained-in,doc,medium,leaf-hint,get_violation_details,fms.GetViolationDetails
fms.violation_detail,,fms,ViolationDetail.ResourceViolations[].RouteHasOutOfScopeEndpointViolation.SubnetId,list_dict,ec2.subnet,subnet,contained-in,doc,medium,leaf-hint,get_violation_details,fms.GetViolationDetails
fms.violation_detail,,fms,ViolationDetail.ResourceViolations[].FirewallSubnetIsOutOfScopeViolation.VpcId,list_dict,ec2.vpc,vpc,contained-in,doc,medium,leaf-hint,get_violation_details,fms.GetViolationDetails
fms.violation_detail,,fms,ViolationDetail.ResourceViolations[].FirewallSubnetMissingVPCEndpointViolation.VpcId,list_dict,ec2.vpc,vpc,contained-in,doc,medium,leaf-hint,get_violation_details,fms.GetViolationDetails
fms.violation_detail,,fms,ViolationDetail.ResourceViolations[].NetworkFirewallBlackHoleRouteDetectedViolation.VpcId,list_dict,ec2.vpc,vpc,contained-in,doc,medium,leaf-hint,get_violation_details,fms.GetViolationDetails
fms.violation_detail,,fms,ViolationDetail.ResourceViolations[].NetworkFirewallInternetTrafficNotInspectedViolation.VpcId,list_dict,ec2.vpc,vpc,contained-in,doc,medium,leaf-hint,get_violation_details,fms.GetViolationDetails
fms.violation_detail,,fms,ViolationDetail.ResourceViolations[].NetworkFirewallInvalidRouteConfigurationViolation.VpcId,list_dict,ec2.vpc,vpc,contained-in,doc,medium,leaf-hint,get_violation_details,fms.GetViolationDetails
fms.violation_detail,,fms,ViolationDetail.ResourceViolations[].NetworkFirewallMissingExpectedRoutesViolation.VpcId,list_dict,ec2.vpc,vpc,contained-in,doc,medium,leaf-hint,get_violation_details,fms.GetViolationDetails
fms.violation_detail,,fms,ViolationDetail.ResourceViolations[].NetworkFirewallUnexpectedFirewallRoutesViolation.VpcId,list_dict,ec2.vpc,vpc,contained-in,doc,medium,leaf-hint,get_violation_details,fms.GetViolationDetails
fms.violation_detail,,fms,ViolationDetail.ResourceViolations[].NetworkFirewallUnexpectedGatewayRoutesViolation.VpcId,list_dict,ec2.vpc,vpc,contained-in,doc,medium,leaf-hint,get_violation_details,fms.GetViolationDetails
fms.violation_detail,,fms,ViolationDetail.ResourceViolations[].RouteHasOutOfScopeEndpointViolation.VpcId,list_dict,ec2.vpc,vpc,contained-in,doc,medium,leaf-hint,get_violation_details,fms.GetViolationDetails
forecast.dataset,,forecast,EncryptionConfig.KMSKeyArn,dotted,kms.key,kms-key,encrypted-by,doc,medium,leaf-hint,describe_dataset,forecast.DescribeDataset
forecast.dataset_import_job,,forecast,DataSource.S3Config.KMSKeyArn,dotted,kms.key,kms-key,encrypted-by,doc,medium,leaf-hint,describe_dataset_import_job,forecast.DescribeDatasetImportJob
forecast.explainability,,forecast,DataSource.S3Config.KMSKeyArn,dotted,kms.key,kms-key,encrypted-by,doc,medium,leaf-hint,describe_explainability,forecast.DescribeExplainability
forecast.explainability_export,,forecast,Destination.S3Config.KMSKeyArn,dotted,kms.key,kms-key,encrypted-by,doc,medium,leaf-hint,describe_explainability_export,forecast.DescribeExplainabilityExport
forecast.forecast,,forecast,PredictorArn,scalar,forecast.predictor,,references,doc,medium,service-exact,describe_forecast,forecast.DescribeForecast
forecast.forecast,,forecast,TimeSeriesSelector.TimeSeriesIdentifiers.DataSource.S3Config.KMSKeyArn,dotted,kms.key,kms-key,encrypted-by,doc,medium,leaf-hint,describe_forecast,forecast.DescribeForecast
forecast.forecast_export_job,,forecast,Destination.S3Config.KMSKeyArn,dotted,kms.key,kms-key,encrypted-by,doc,medium,leaf-hint,describe_forecast_export_job,forecast.DescribeForecastExportJob
forecast.predictor,,forecast,FeaturizationConfig.Featurizations[].FeaturizationPipeline[].FeaturizationMethodName,list_nested,apigateway.method,,references,doc,medium,global-exact,describe_predictor,forecast.DescribePredictor
forecast.predictor,,forecast,InputDataConfig.SupplementaryFeatures[].Name,list_dict,evidently.feature,,references,doc,medium,global-exact,describe_predictor,forecast.DescribePredictor
forecast.predictor,,forecast,DataConfig.AdditionalDatasets[].Name,list_dict,forecast.dataset,,references,doc,medium,service-partial,describe_auto_predictor,forecast.DescribeAutoPredictor
forecast.predictor,,forecast,DataConfig.DatasetGroupArn,dotted,forecast.dataset,,references,doc,medium,service-exact,describe_auto_predictor,forecast.DescribeAutoPredictor
forecast.predictor,,forecast,EncryptionConfig.KMSKeyArn,dotted,kms.key,kms-key,encrypted-by,doc,medium,leaf-hint,describe_auto_predictor,forecast.DescribeAutoPredictor
forecast.predictor_backtest_export_job,,forecast,Destination.S3Config.KMSKeyArn,dotted,kms.key,kms-key,encrypted-by,doc,medium,leaf-hint,describe_predictor_backtest_export_job,forecast.DescribePredictorBacktestExportJob
forecast.what_if_analys,,forecast,TimeSeriesSelector.TimeSeriesIdentifiers.DataSource.S3Config.KMSKeyArn,dotted,kms.key,kms-key,encrypted-by,doc,medium,leaf-hint,describe_what_if_analysis,forecast.DescribeWhatIfAnalysis
forecast.what_if_forecast,,forecast,TimeSeriesReplacementsDataSource.S3Config.KMSKeyArn,dotted,kms.key,kms-key,encrypted-by,doc,medium,leaf-hint,describe_what_if_forecast,forecast.DescribeWhatIfForecast
forecast.what_if_forecast_export,,forecast,Destination.S3Config.KMSKeyArn,dotted,kms.key,kms-key,encrypted-by,doc,medium,leaf-hint,describe_what_if_forecast_export,forecast.DescribeWhatIfForecastExport
frauddetector.batch_import_job,,frauddetector,eventTypeName,scalar,frauddetector.event_type,,references,doc,medium,service-exact,get_batch_import_jobs,frauddetector.GetBatchImportJobs
frauddetector.batch_import_job,,frauddetector,iamRoleArn,scalar,iam.role,iam-role,assumes,doc,medium,well-known,get_batch_import_jobs,frauddetector.GetBatchImportJobs
frauddetector.batch_prediction_job,,frauddetector,detectorName,scalar,frauddetector.detector,,references,doc,medium,service-exact,get_batch_prediction_jobs,frauddetector.GetBatchPredictionJobs
frauddetector.batch_prediction_job,,frauddetector,eventTypeName,scalar,frauddetector.event_type,,references,doc,medium,service-exact,get_batch_prediction_jobs,frauddetector.GetBatchPredictionJobs
frauddetector.batch_prediction_job,,frauddetector,iamRoleArn,scalar,iam.role,iam-role,assumes,doc,medium,well-known,get_batch_prediction_jobs,frauddetector.GetBatchPredictionJobs
frauddetector.detector,,frauddetector,eventTypeName,scalar,frauddetector.event_type,,references,doc,medium,service-exact,get_detectors,frauddetector.GetDetectors
frauddetector.model,,frauddetector,eventTypeName,scalar,frauddetector.event_type,,references,doc,medium,service-exact,get_models,frauddetector.GetModels
frauddetector.model_version,,frauddetector,trainingResult.variableImportanceMetrics.logOddsMetrics[].variableName,list_dict,frauddetector.variable,,references,doc,medium,service-exact,describe_model_versions,frauddetector.DescribeModelVersions
frauddetector.model_version,,frauddetector,trainingResultV2.variableImportanceMetrics.logOddsMetrics[].variableName,list_dict,frauddetector.variable,,references,doc,medium,service-exact,describe_model_versions,frauddetector.DescribeModelVersions
fsx.data_repository_association,,fsx,FileSystemId,scalar,fsx.file_system,fsx,references,doc,medium,service-exact,describe_data_repository_associations,fsx.DescribeDataRepositoryAssociations
fsx.file_system,fsx,fsx,AdministrativeActions[].TargetSnapshotValues.VolumeId,list_dict,ec2.volume,ebs,attached-to,doc,medium,leaf-hint,describe_file_systems,fsx.DescribeFileSystems
fsx.file_system,fsx,fsx,AdministrativeActions[].TargetVolumeValues.Name,list_dict,ec2.volume,ebs,attached-to,doc,medium,well-known,describe_file_systems,fsx.DescribeFileSystems
fsx.file_system,fsx,fsx,AdministrativeActions[].TargetVolumeValues.VolumeId,list_dict,ec2.volume,ebs,attached-to,doc,medium,leaf-hint,describe_file_systems,fsx.DescribeFileSystems
fsx.file_system,fsx,fsx,AdministrativeActions[].TargetFileSystemValues.VpcId,list_dict,ec2.vpc,vpc,contained-in,doc,medium,leaf-hint,describe_file_systems,fsx.DescribeFileSystems
fsx.file_system,fsx,fsx,VpcId,scalar,ec2.vpc,vpc,contained-in,doc,medium,leaf-hint,describe_file_systems,fsx.DescribeFileSystems
fsx.file_system,fsx,fsx,AdministrativeActions[].TargetVolumeValues.OpenZFSConfiguration.ParentVolumeId,list_dict,fsx.volume,,references,doc,medium,service-partial,describe_file_systems,fsx.DescribeFileSystems
fsx.file_system,fsx,fsx,AdministrativeActions[].TargetFileSystemValues.KmsKeyId,list_dict,kms.key,kms-key,encrypted-by,doc,medium,leaf-hint,describe_file_systems,fsx.DescribeFileSystems
fsx.file_system,fsx,fsx,KmsKeyId,scalar,kms.key,kms-key,encrypted-by,doc,medium,leaf-hint,describe_file_systems,fsx.DescribeFileSystems
fsx.file_system,fsx,fsx,AdministrativeActions[].TargetFileSystemValues.OpenZFSConfiguration.RootVolumeId,list_dict,organizations.root,,references,doc,medium,global-exact,describe_file_systems,fsx.DescribeFileSystems
fsx.file_system,fsx,fsx,OpenZFSConfiguration.RootVolumeId,dotted,organizations.root,,references,doc,medium,global-exact,describe_file_systems,fsx.DescribeFileSystems
fsx.fsx_backup,fsx-backup,fsx,FileSystem.AdministrativeActions[].TargetSnapshotValues.VolumeId,list_dict,ec2.volume,ebs,attached-to,doc,medium,leaf-hint,describe_backups,fsx.DescribeBackups
fsx.fsx_backup,fsx-backup,fsx,FileSystem.AdministrativeActions[].TargetVolumeValues.Name,list_dict,ec2.volume,ebs,attached-to,doc,medium,well-known,describe_backups,fsx.DescribeBackups
fsx.fsx_backup,fsx-backup,fsx,FileSystem.AdministrativeActions[].TargetVolumeValues.VolumeId,list_dict,ec2.volume,ebs,attached-to,doc,medium,leaf-hint,describe_backups,fsx.DescribeBackups
fsx.fsx_backup,fsx-backup,fsx,Volume.AdministrativeActions[].TargetSnapshotValues.VolumeId,list_dict,ec2.volume,ebs,attached-to,doc,medium,leaf-hint,describe_backups,fsx.DescribeBackups
fsx.fsx_backup,fsx-backup,fsx,Volume.AdministrativeActions[].TargetVolumeValues.Name,list_dict,ec2.volume,ebs,attached-to,doc,medium,well-known,describe_backups,fsx.DescribeBackups
fsx.fsx_backup,fsx-backup,fsx,Volume.AdministrativeActions[].TargetVolumeValues.VolumeId,list_dict,ec2.volume,ebs,attached-to,doc,medium,leaf-hint,describe_backups,fsx.DescribeBackups
fsx.fsx_backup,fsx-backup,fsx,Volume.Name,dotted,ec2.volume,ebs,attached-to,doc,medium,well-known,describe_backups,fsx.DescribeBackups
fsx.fsx_backup,fsx-backup,fsx,Volume.VolumeId,dotted,ec2.volume,ebs,attached-to,doc,medium,leaf-hint,describe_backups,fsx.DescribeBackups
fsx.fsx_backup,fsx-backup,fsx,FileSystem.AdministrativeActions[].TargetFileSystemValues.VpcId,list_dict,ec2.vpc,vpc,contained-in,doc,medium,leaf-hint,describe_backups,fsx.DescribeBackups
fsx.fsx_backup,fsx-backup,fsx,FileSystem.VpcId,dotted,ec2.vpc,vpc,contained-in,doc,medium,leaf-hint,describe_backups,fsx.DescribeBackups
fsx.fsx_backup,fsx-backup,fsx,Volume.AdministrativeActions[].TargetFileSystemValues.VpcId,list_dict,ec2.vpc,vpc,contained-in,doc,medium,leaf-hint,describe_backups,fsx.DescribeBackups
fsx.fsx_backup,fsx-backup,fsx,FileSystem.AdministrativeActions[].TargetFileSystemValues.FileSystemId,list_dict,fsx.file_system,fsx,references,doc,medium,service-exact,describe_backups,fsx.DescribeBackups
fsx.fsx_backup,fsx-backup,fsx,FileSystem.AdministrativeActions[].TargetVolumeValues.FileSystemId,list_dict,fsx.file_system,fsx,references,doc,medium,service-exact,describe_backups,fsx.DescribeBackups
fsx.fsx_backup,fsx-backup,fsx,FileSystem.FileSystemId,dotted,fsx.file_system,fsx,references,doc,medium,service-exact,describe_backups,fsx.DescribeBackups
fsx.fsx_backup,fsx-backup,fsx,Volume.AdministrativeActions[].TargetFileSystemValues.FileSystemId,list_dict,fsx.file_system,fsx,references,doc,medium,service-exact,describe_backups,fsx.DescribeBackups
fsx.fsx_backup,fsx-backup,fsx,Volume.AdministrativeActions[].TargetVolumeValues.FileSystemId,list_dict,fsx.file_system,fsx,references,doc,medium,service-exact,describe_backups,fsx.DescribeBackups
fsx.fsx_backup,fsx-backup,fsx,Volume.FileSystemId,dotted,fsx.file_system,fsx,references,doc,medium,service-exact,describe_backups,fsx.DescribeBackups
fsx.fsx_backup,fsx-backup,fsx,FileSystem.AdministrativeActions[].TargetVolumeValues.OpenZFSConfiguration.ParentVolumeId,list_dict,fsx.volume,,references,doc,medium,service-partial,describe_backups,fsx.DescribeBackups
fsx.fsx_backup,fsx-backup,fsx,Volume.AdministrativeActions[].TargetVolumeValues.OpenZFSConfiguration.ParentVolumeId,list_dict,fsx.volume,,references,doc,medium,service-partial,describe_backups,fsx.DescribeBackups
fsx.fsx_backup,fsx-backup,fsx,Volume.OpenZFSConfiguration.ParentVolumeId,dotted,fsx.volume,,references,doc,medium,service-partial,describe_backups,fsx.DescribeBackups
fsx.fsx_backup,fsx-backup,fsx,FileSystem.AdministrativeActions[].TargetFileSystemValues.KmsKeyId,list_dict,kms.key,kms-key,encrypted-by,doc,medium,leaf-hint,describe_backups,fsx.DescribeBackups
fsx.fsx_backup,fsx-backup,fsx,FileSystem.KmsKeyId,dotted,kms.key,kms-key,encrypted-by,doc,medium,leaf-hint,describe_backups,fsx.DescribeBackups
fsx.fsx_backup,fsx-backup,fsx,KmsKeyId,scalar,kms.key,kms-key,encrypted-by,doc,medium,leaf-hint,describe_backups,fsx.DescribeBackups
fsx.fsx_backup,fsx-backup,fsx,Volume.AdministrativeActions[].TargetFileSystemValues.KmsKeyId,list_dict,kms.key,kms-key,encrypted-by,doc,medium,leaf-hint,describe_backups,fsx.DescribeBackups
fsx.fsx_backup,fsx-backup,fsx,FileSystem.AdministrativeActions[].TargetFileSystemValues.OpenZFSConfiguration.RootVolumeId,list_dict,organizations.root,,references,doc,medium,global-exact,describe_backups,fsx.DescribeBackups
fsx.fsx_backup,fsx-backup,fsx,FileSystem.OpenZFSConfiguration.RootVolumeId,dotted,organizations.root,,references,doc,medium,global-exact,describe_backups,fsx.DescribeBackups
fsx.fsx_backup,fsx-backup,fsx,Volume.AdministrativeActions[].TargetFileSystemValues.OpenZFSConfiguration.RootVolumeId,list_dict,organizations.root,,references,doc,medium,global-exact,describe_backups,fsx.DescribeBackups
fsx.snapshot,,fsx,AdministrativeActions[].TargetSnapshotValues.VolumeId,list_dict,ec2.volume,ebs,attached-to,doc,medium,leaf-hint,describe_snapshots,fsx.DescribeSnapshots
fsx.snapshot,,fsx,AdministrativeActions[].TargetVolumeValues.Name,list_dict,ec2.volume,ebs,attached-to,doc,medium,well-known,describe_snapshots,fsx.DescribeSnapshots
fsx.snapshot,,fsx,AdministrativeActions[].TargetVolumeValues.VolumeId,list_dict,ec2.volume,ebs,attached-to,doc,medium,leaf-hint,describe_snapshots,fsx.DescribeSnapshots
fsx.snapshot,,fsx,VolumeId,scalar,ec2.volume,ebs,attached-to,doc,medium,leaf-hint,describe_snapshots,fsx.DescribeSnapshots
fsx.snapshot,,fsx,AdministrativeActions[].TargetFileSystemValues.VpcId,list_dict,ec2.vpc,vpc,contained-in,doc,medium,leaf-hint,describe_snapshots,fsx.DescribeSnapshots
fsx.snapshot,,fsx,AdministrativeActions[].TargetFileSystemValues.FileSystemId,list_dict,fsx.file_system,fsx,references,doc,medium,service-exact,describe_snapshots,fsx.DescribeSnapshots
fsx.snapshot,,fsx,AdministrativeActions[].TargetVolumeValues.FileSystemId,list_dict,fsx.file_system,fsx,references,doc,medium,service-exact,describe_snapshots,fsx.DescribeSnapshots
fsx.snapshot,,fsx,AdministrativeActions[].TargetVolumeValues.OpenZFSConfiguration.ParentVolumeId,list_dict,fsx.volume,,references,doc,medium,service-partial,describe_snapshots,fsx.DescribeSnapshots
fsx.snapshot,,fsx,AdministrativeActions[].TargetFileSystemValues.KmsKeyId,list_dict,kms.key,kms-key,encrypted-by,doc,medium,leaf-hint,describe_snapshots,fsx.DescribeSnapshots
fsx.snapshot,,fsx,AdministrativeActions[].TargetFileSystemValues.OpenZFSConfiguration.RootVolumeId,list_dict,organizations.root,,references,doc,medium,global-exact,describe_snapshots,fsx.DescribeSnapshots
fsx.storage_virtual_machine,,fsx,FileSystemId,scalar,fsx.file_system,fsx,references,doc,medium,service-exact,describe_storage_virtual_machines,fsx.DescribeStorageVirtualMachines
fsx.volume,,fsx,AdministrativeActions[].TargetSnapshotValues.VolumeId,list_dict,ec2.volume,ebs,attached-to,doc,medium,leaf-hint,describe_volumes,fsx.DescribeVolumes
fsx.volume,,fsx,AdministrativeActions[].TargetVolumeValues.Name,list_dict,ec2.volume,ebs,attached-to,doc,medium,well-known,describe_volumes,fsx.DescribeVolumes
fsx.volume,,fsx,AdministrativeActions[].TargetVolumeValues.VolumeId,list_dict,ec2.volume,ebs,attached-to,doc,medium,leaf-hint,describe_volumes,fsx.DescribeVolumes
fsx.volume,,fsx,Name,scalar,ec2.volume,ebs,attached-to,doc,medium,well-known,describe_volumes,fsx.DescribeVolumes
fsx.volume,,fsx,VolumeId,scalar,ec2.volume,ebs,attached-to,doc,medium,leaf-hint,describe_volumes,fsx.DescribeVolumes
fsx.volume,,fsx,AdministrativeActions[].TargetFileSystemValues.VpcId,list_dict,ec2.vpc,vpc,contained-in,doc,medium,leaf-hint,describe_volumes,fsx.DescribeVolumes
fsx.volume,,fsx,AdministrativeActions[].TargetFileSystemValues.FileSystemId,list_dict,fsx.file_system,fsx,references,doc,medium,service-exact,describe_volumes,fsx.DescribeVolumes
fsx.volume,,fsx,AdministrativeActions[].TargetVolumeValues.FileSystemId,list_dict,fsx.file_system,fsx,references,doc,medium,service-exact,describe_volumes,fsx.DescribeVolumes
fsx.volume,,fsx,FileSystemId,scalar,fsx.file_system,fsx,references,doc,medium,service-exact,describe_volumes,fsx.DescribeVolumes
fsx.volume,,fsx,AdministrativeActions[].TargetFileSystemValues.KmsKeyId,list_dict,kms.key,kms-key,encrypted-by,doc,medium,leaf-hint,describe_volumes,fsx.DescribeVolumes
fsx.volume,,fsx,AdministrativeActions[].TargetFileSystemValues.OpenZFSConfiguration.RootVolumeId,list_dict,organizations.root,,references,doc,medium,global-exact,describe_volumes,fsx.DescribeVolumes
gamelift.alias,,gamelift,Alias.RoutingStrategy.FleetId,dotted,gamelift.fleet,gamelift-fleet,references,doc,medium,service-exact,describe_alias,gamelift.DescribeAlias
gamelift.alias,,gamelift,RoutingStrategy.FleetId,dotted,gamelift.fleet,gamelift-fleet,references,doc,medium,service-exact,list_aliases,gamelift.ListAliases
gamelift.compute,,gamelift,Compute.FleetId,dotted,gamelift.fleet,gamelift-fleet,references,doc,medium,service-exact,describe_compute,gamelift.DescribeCompute
gamelift.compute,,gamelift,FleetId,scalar,gamelift.fleet,gamelift-fleet,references,doc,medium,service-exact,list_compute,gamelift.ListCompute
gamelift.compute_access,,gamelift,ComputeName,scalar,gamelift.compute,,references,doc,medium,service-exact,get_compute_access,gamelift.GetComputeAccess
gamelift.compute_auth_token,,gamelift,FleetId,scalar,gamelift.fleet,gamelift-fleet,references,doc,medium,service-exact,get_compute_auth_token,gamelift.GetComputeAuthToken
gamelift.fleet_attribute,,gamelift,FleetId,scalar,gamelift.fleet,gamelift-fleet,references,doc,medium,service-exact,describe_fleet_attributes,gamelift.DescribeFleetAttributes
gamelift.fleet_capacity,,gamelift,FleetId,scalar,gamelift.fleet,gamelift-fleet,references,doc,medium,service-exact,describe_fleet_capacity,gamelift.DescribeFleetCapacity
gamelift.fleet_location_capacity,,gamelift,FleetCapacity.FleetId,dotted,gamelift.fleet,gamelift-fleet,references,doc,medium,service-exact,describe_fleet_location_capacity,gamelift.DescribeFleetLocationCapacity
gamelift.fleet_location_utilization,,gamelift,FleetUtilization.FleetId,dotted,gamelift.fleet,gamelift-fleet,references,doc,medium,service-exact,describe_fleet_location_utilization,gamelift.DescribeFleetLocationUtilization
gamelift.fleet_port_setting,,gamelift,FleetId,scalar,gamelift.fleet,gamelift-fleet,references,doc,medium,service-exact,describe_fleet_port_settings,gamelift.DescribeFleetPortSettings
gamelift.fleet_utilization,,gamelift,FleetId,scalar,gamelift.fleet,gamelift-fleet,references,doc,medium,service-exact,describe_fleet_utilization,gamelift.DescribeFleetUtilization
gamelift.game_server,,gamelift,GameServer.InstanceId,dotted,ec2.instance,ec2,references,doc,medium,leaf-hint,describe_game_server,gamelift.DescribeGameServer
gamelift.game_server,,gamelift,InstanceId,scalar,ec2.instance,ec2,references,doc,medium,leaf-hint,list_game_servers,gamelift.ListGameServers
gamelift.game_server_instance,,gamelift,InstanceId,scalar,ec2.instance,ec2,references,doc,medium,leaf-hint,describe_game_server_instances,gamelift.DescribeGameServerInstances
gamelift.game_session,,gamelift,FleetId,scalar,gamelift.fleet,gamelift-fleet,references,doc,medium,service-exact,describe_game_sessions,gamelift.DescribeGameSessions
gamelift.game_session_detail,,gamelift,GameSession.FleetId,dotted,gamelift.fleet,gamelift-fleet,references,doc,medium,service-exact,describe_game_session_details,gamelift.DescribeGameSessionDetails
gamelift.game_session_detail,,gamelift,GameSession.GameSessionId,dotted,gamelift.game_session,,references,doc,medium,service-exact,describe_game_session_details,gamelift.DescribeGameSessionDetails
gamelift.game_session_placement,,gamelift,GameSessionPlacement.GameSessionId,dotted,gamelift.game_session,,references,doc,medium,service-exact,describe_game_session_placement,gamelift.DescribeGameSessionPlacement
gamelift.instance,,gamelift,InstanceId,scalar,ec2.instance,ec2,references,doc,medium,leaf-hint,describe_instances,gamelift.DescribeInstances
gamelift.instance,,gamelift,FleetId,scalar,gamelift.fleet,gamelift-fleet,references,doc,medium,service-exact,describe_instances,gamelift.DescribeInstances
gamelift.instance_access,,gamelift,InstanceAccess.InstanceId,dotted,ec2.instance,ec2,references,doc,medium,leaf-hint,get_instance_access,gamelift.GetInstanceAccess
gamelift.instance_access,,gamelift,InstanceAccess.FleetId,dotted,gamelift.fleet,gamelift-fleet,references,doc,medium,service-exact,get_instance_access,gamelift.GetInstanceAccess
gamelift.matchmaking,,gamelift,GameSessionConnectionInfo.GameSessionArn,dotted,gamelift.game_session,,references,doc,medium,service-exact,describe_matchmaking,gamelift.DescribeMatchmaking
gamelift.vpc_peering_connection,,gamelift,VpcPeeringConnectionId,scalar,ec2.vpc_peering_connection,peering-connection,references,doc,medium,leaf-hint,describe_vpc_peering_connections,gamelift.DescribeVpcPeeringConnections
gamelift.vpc_peering_connection,,gamelift,FleetId,scalar,gamelift.fleet,gamelift-fleet,references,doc,medium,service-exact,describe_vpc_peering_connections,gamelift.DescribeVpcPeeringConnections
globalaccelerator.cross_account_attachment,,globalaccelerator,CrossAccountAttachment.Resources[].EndpointId,list_dict,globalaccelerator.endpoint_group,,references,doc,medium,service-partial,describe_cross_account_attachment,globalaccelerator.DescribeCrossAccountAttachment
globalaccelerator.cross_account_attachment,,globalaccelerator,Resources[].EndpointId,list_dict,globalaccelerator.endpoint_group,,references,doc,medium,service-partial,list_cross_account_attachments,globalaccelerator.ListCrossAccountAttachments
glue.connection,glue-connection,glue,Connection.PhysicalConnectionRequirements.SubnetId,dotted,ec2.subnet,subnet,contained-in,doc,medium,leaf-hint,get_connection,glue.GetConnection
glue.connection,glue-connection,glue,PhysicalConnectionRequirements.SubnetId,dotted,ec2.subnet,subnet,contained-in,doc,medium,leaf-hint,get_connections,glue.GetConnections
glue.crawler,glue-crawler,glue,Crawler.Targets.CatalogTargets[].DatabaseName,list_dict,glue.database,glue-database,references,doc,medium,service-exact,get_crawler,glue.GetCrawler
glue.crawler,glue-crawler,glue,Crawlers[].Targets.CatalogTargets[].DatabaseName,list_nested,glue.database,glue-database,references,doc,medium,service-exact,batch_get_crawlers,glue.BatchGetCrawlers
glue.crawler,glue-crawler,glue,Targets.CatalogTargets[].DatabaseName,list_dict,glue.database,glue-database,references,doc,medium,service-exact,get_crawlers,glue.GetCrawlers
glue.data_catalog_encryption_settings,glue-catalog,glue,DataCatalogEncryptionSettings.EncryptionAtRest.SseAwsKmsKeyId,dotted,kms.key,kms-key,encrypted-by,doc,medium,well-known,get_data_catalog_encryption_settings,glue.GetDataCatalogEncryptionSettings
glue.data_quality_ruleset,,glue,DataSource.GlueTable.CatalogId,dotted,glue.catalog,,references,doc,medium,service-partial,get_data_quality_ruleset_evaluation_run,glue.GetDataQualityRulesetEvaluationRun
glue.data_quality_ruleset,,glue,DataSource.GlueTable.ConnectionName,dotted,glue.connection,glue-connection,references,doc,medium,service-exact,get_data_quality_ruleset_evaluation_run,glue.GetDataQualityRulesetEvaluationRun
glue.data_quality_ruleset,,glue,TargetTable.DatabaseName,dotted,glue.database,glue-database,references,doc,medium,service-exact,get_data_quality_ruleset,glue.GetDataQualityRuleset
glue.data_quality_ruleset,,glue,TargetTable.TableName,dotted,glue.table,glue-table,references,doc,medium,service-exact,get_data_quality_ruleset,glue.GetDataQualityRuleset
glue.database,glue-database,glue,Database.TargetDatabase.DatabaseName,dotted,glue.catalog,,references,doc,medium,service-exact,get_database,glue.GetDatabase
glue.database,glue-database,glue,TargetDatabase.DatabaseName,dotted,glue.catalog,,references,doc,medium,service-exact,get_databases,glue.GetDatabases
glue.database,glue-database,glue,Database.FederatedDatabase.ConnectionName,dotted,glue.connection,glue-connection,references,doc,medium,service-exact,get_database,glue.GetDatabase
glue.database,glue-database,glue,FederatedDatabase.ConnectionName,dotted,glue.connection,glue-connection,references,doc,medium,service-exact,get_databases,glue.GetDatabases
glue.dev_endpoint,glue-dev-endpoint,glue,DevEndpoint.SubnetId,dotted,ec2.subnet,subnet,contained-in,doc,medium,leaf-hint,get_dev_endpoint,glue.GetDevEndpoint
glue.dev_endpoint,glue-dev-endpoint,glue,DevEndpoints[].SubnetId,list_dict,ec2.subnet,subnet,contained-in,doc,medium,leaf-hint,batch_get_dev_endpoints,glue.BatchGetDevEndpoints
glue.dev_endpoint,glue-dev-endpoint,glue,SubnetId,scalar,ec2.subnet,subnet,contained-in,doc,medium,leaf-hint,get_dev_endpoints,glue.GetDevEndpoints
glue.dev_endpoint,glue-dev-endpoint,glue,DevEndpoint.VpcId,dotted,ec2.vpc,vpc,contained-in,doc,medium,leaf-hint,get_dev_endpoint,glue.GetDevEndpoint
glue.dev_endpoint,glue-dev-endpoint,glue,DevEndpoints[].VpcId,list_dict,ec2.vpc,vpc,contained-in,doc,medium,leaf-hint,batch_get_dev_endpoints,glue.BatchGetDevEndpoints
glue.dev_endpoint,glue-dev-endpoint,glue,VpcId,scalar,ec2.vpc,vpc,contained-in,doc,medium,leaf-hint,get_dev_endpoints,glue.GetDevEndpoints
glue.table,glue-table,glue,DatabaseName,scalar,glue.database,glue-database,contained-in,parent_spec,high,declared,,c7n parent_spec of glue-table
glue.job,glue-job,glue,JobRun.TriggerName,dotted,glue.trigger,glue-trigger,references,doc,medium,service-exact,get_job_run,glue.GetJobRun
glue.job,glue-job,glue,TriggerName,scalar,glue.trigger,glue-trigger,references,doc,medium,service-exact,get_job_runs,glue.GetJobRuns
glue.ml_transform,glue-ml-transform,glue,InputRecordTables[].CatalogId,list_dict,glue.catalog,,references,doc,medium,service-partial,get_ml_transform,glue.GetMLTransform
glue.ml_transform,glue-ml-transform,glue,Schema[].Name,list_dict,glue.column_statistics_task_run,,references,doc,medium,service-partial,get_ml_transform,glue.GetMLTransform
glue.ml_transform,glue-ml-transform,glue,InputRecordTables[].ConnectionName,list_dict,glue.connection,glue-connection,references,doc,medium,service-exact,get_ml_transform,glue.GetMLTransform
glue.ml_transform,glue-ml-transform,glue,TransformEncryption.TaskRunSecurityConfigurationName,dotted,glue.security_configuration,glue-security-configuration,references,doc,medium,service-exact,get_ml_transform,glue.GetMLTransform
glue.ml_transform,glue-ml-transform,glue,TransformEncryption.MlUserDataEncryption.KmsKeyId,dotted,kms.key,kms-key,encrypted-by,doc,medium,leaf-hint,get_ml_transform,glue.GetMLTransform
glue.partition,,glue,Partition.StorageDescriptor.Columns[].Name,list_dict,glue.column_statistics_task_run,,references,doc,medium,service-partial,get_partition,glue.GetPartition
glue.partition,,glue,Partitions[].StorageDescriptor.Columns[].Name,list_nested,glue.column_statistics_task_run,,references,doc,medium,service-partial,batch_get_partition,glue.BatchGetPartition
glue.partition,,glue,StorageDescriptor.Columns[].Name,list_dict,glue.column_statistics_task_run,,references,doc,medium,service-partial,get_partitions,glue.GetPartitions
glue.partition,,glue,Partition.StorageDescriptor.SchemaReference.SchemaId.RegistryName,dotted,glue.schema,,references,doc,medium,service-exact,get_partition,glue.GetPartition
glue.partition,,glue,Partitions[].StorageDescriptor.SchemaReference.SchemaId.RegistryName,list_dict,glue.schema,,references,doc,medium,service-exact,batch_get_partition,glue.BatchGetPartition
glue.partition,,glue,StorageDescriptor.SchemaReference.SchemaId.RegistryName,dotted,glue.schema,,references,doc,medium,service-exact,get_partitions,glue.GetPartitions
glue.partition,,glue,Partition.StorageDescriptor.SerdeInfo.Name,dotted,glue.user_defined_function,,references,doc,medium,service-partial,get_partition,glue.GetPartition
glue.partition,,glue,Partitions[].StorageDescriptor.SerdeInfo.Name,list_dict,glue.user_defined_function,,references,doc,medium,service-partial,batch_get_partition,glue.BatchGetPartition
glue.partition,,glue,StorageDescriptor.SerdeInfo.Name,dotted,glue.user_defined_function,,references,doc,medium,service-partial,get_partitions,glue.GetPartitions
glue.schema,,glue,RegistryName,scalar,glue.registry,,references,doc,medium,service-exact,get_schema,glue.GetSchema
glue.schema,,glue,SchemaVersionId,scalar,glue.schema_version,,references,doc,medium,service-exact,get_schema_by_definition,glue.GetSchemaByDefinition
glue.security_configuration,glue-security-configuration,glue,EncryptionConfiguration.CloudWatchEncryption.KmsKeyArn,dotted,kms.key,kms-key,encrypted-by,doc,medium,leaf-hint,get_security_configurations,glue.GetSecurityConfigurations
glue.security_configuration,glue-security-configuration,glue,EncryptionConfiguration.JobBookmarksEncryption.KmsKeyArn,dotted,kms.key,kms-key,encrypted-by,doc,medium,leaf-hint,get_security_configurations,glue.GetSecurityConfigurations
glue.security_configuration,glue-security-configuration,glue,EncryptionConfiguration.S3Encryption[].KmsKeyArn,list_dict,kms.key,kms-key,encrypted-by,doc,medium,leaf-hint,get_security_configurations,glue.GetSecurityConfigurations
glue.security_configuration,glue-security-configuration,glue,SecurityConfiguration.EncryptionConfiguration.CloudWatchEncryption.KmsKeyArn,dotted,kms.key,kms-key,encrypted-by,doc,medium,leaf-hint,get_security_configuration,glue.GetSecurityConfiguration
glue.security_configuration,glue-security-configuration,glue,SecurityConfiguration.EncryptionConfiguration.JobBookmarksEncryption.KmsKeyArn,dotted,kms.key,kms-key,encrypted-by,doc,medium,leaf-hint,get_security_configuration,glue.GetSecurityConfiguration
glue.security_configuration,glue-security-configuration,glue,SecurityConfiguration.EncryptionConfiguration.S3Encryption[].KmsKeyArn,list_dict,kms.key,kms-key,encrypted-by,doc,medium,leaf-hint,get_security_configuration,glue.GetSecurityConfiguration
glue.table,,glue,PartitionKeys[].Name,list_dict,glue.column_statistics_task_run,,references,doc,medium,service-partial,get_tables,glue.GetTables
glue.table,,glue,StorageDescriptor.Columns[].Name,list_dict,glue.column_statistics_task_run,,references,doc,medium,service-partial,get_tables,glue.GetTables
glue.table,,glue,Table.PartitionKeys[].Name,list_dict,glue.column_statistics_task_run,,references,doc,medium,service-partial,get_table,glue.GetTable
glue.table,,glue,Table.StorageDescriptor.Columns[].Name,list_dict,glue.column_statistics_task_run,,references,doc,medium,service-partial,get_table,glue.GetTable
glue.table,,glue,TableVersion.Table.PartitionKeys[].Name,list_dict,glue.column_statistics_task_run,,references,doc,medium,service-partial,get_table_version,glue.GetTableVersion
glue.table,,glue,TableVersion.Table.StorageDescriptor.Columns[].Name,list_dict,glue.column_statistics_task_run,,references,doc,medium,service-partial,get_table_version,glue.GetTableVersion
glue.table,,glue,FederatedTable.ConnectionName,dotted,glue.connection,glue-connection,references,doc,medium,service-exact,get_tables,glue.GetTables
glue.table,,glue,Table.FederatedTable.ConnectionName,dotted,glue.connection,glue-connection,references,doc,medium,service-exact,get_table,glue.GetTable
glue.table,,glue,TableVersion.Table.FederatedTable.ConnectionName,dotted,glue.connection,glue-connection,references,doc,medium,service-exact,get_table_version,glue.GetTableVersion
glue.table,,glue,DatabaseName,scalar,glue.database,glue-database,references,doc,medium,service-exact,get_tables,glue.GetTables
glue.table,,glue,FederatedTable.DatabaseIdentifier,dotted,glue.database,glue-database,references,doc,medium,service-partial,get_tables,glue.GetTables
glue.table,,glue,Table.DatabaseName,dotted,glue.database,glue-database,references,doc,medium,service-exact,get_table,glue.GetTable
glue.table,,glue,Table.FederatedTable.DatabaseIdentifier,dotted,glue.database,glue-database,references,doc,medium,service-partial,get_table,glue.GetTable
glue.table,,glue,TableVersion.Table.DatabaseName,dotted,glue.database,glue-database,references,doc,medium,service-exact,get_table_version,glue.GetTableVersion
glue.table,,glue,TableVersion.Table.FederatedTable.DatabaseIdentifier,dotted,glue.database,glue-database,references,doc,medium,service-partial,get_table_version,glue.GetTableVersion
glue.table,,glue,StorageDescriptor.SchemaReference.SchemaId.RegistryName,dotted,glue.schema,,references,doc,medium,service-exact,get_tables,glue.GetTables
glue.table,,glue,Table.StorageDescriptor.SchemaReference.SchemaId.RegistryName,dotted,glue.schema,,references,doc,medium,service-exact,get_table,glue.GetTable
glue.table,,glue,TableVersion.Table.StorageDescriptor.SchemaReference.SchemaId.RegistryName,dotted,glue.schema,,references,doc,medium,service-exact,get_table_version,glue.GetTableVersion
glue.table,,glue,StorageDescriptor.SerdeInfo.Name,dotted,glue.user_defined_function,,references,doc,medium,service-partial,get_tables,glue.GetTables
glue.table,,glue,Table.StorageDescriptor.SerdeInfo.Name,dotted,glue.user_defined_function,,references,doc,medium,service-partial,get_table,glue.GetTable
glue.table,,glue,TableVersion.Table.StorageDescriptor.SerdeInfo.Name,dotted,glue.user_defined_function,,references,doc,medium,service-partial,get_table_version,glue.GetTableVersion
glue.table_optimizer,,glue,CatalogId,scalar,glue.table,,references,doc,medium,service-exact,get_table_optimizer,glue.GetTableOptimizer
glue.table_optimizer,,glue,Failures[].catalogId,list_dict,glue.table,,references,doc,medium,service-exact,batch_get_table_optimizer,glue.BatchGetTableOptimizer
glue.table_optimizer,,glue,Failures[].tableName,list_dict,glue.table,,references,doc,medium,service-exact,batch_get_table_optimizer,glue.BatchGetTableOptimizer
glue.table_optimizer,,glue,TableName,scalar,glue.table,,references,doc,medium,service-exact,get_table_optimizer,glue.GetTableOptimizer
glue.table_optimizer,,glue,TableOptimizers[].catalogId,list_dict,glue.table,,references,doc,medium,service-exact,batch_get_table_optimizer,glue.BatchGetTableOptimizer
glue.table_optimizer,,glue,TableOptimizers[].tableName,list_dict,glue.table,,references,doc,medium,service-exact,batch_get_table_optimizer,glue.BatchGetTableOptimizer
glue.trigger,glue-trigger,glue,Actions[].CrawlerName,list_dict,glue.crawler,glue-crawler,references,doc,medium,service-exact,get_triggers,glue.GetTriggers
glue.trigger,glue-trigger,glue,Predicate.Conditions[].CrawlerName,list_dict,glue.crawler,glue-crawler,references,doc,medium,service-exact,get_triggers,glue.GetTriggers
glue.trigger,glue-trigger,glue,Trigger.Actions[].CrawlerName,list_dict,glue.crawler,glue-crawler,references,doc,medium,service-exact,get_trigger,glue.GetTrigger
glue.trigger,glue-trigger,glue,Trigger.Predicate.Conditions[].CrawlerName,list_dict,glue.crawler,glue-crawler,references,doc,medium,service-exact,get_trigger,glue.GetTrigger
glue.trigger,glue-trigger,glue,Triggers[].Actions[].CrawlerName,list_nested,glue.crawler,glue-crawler,references,doc,medium,service-exact,batch_get_triggers,glue.BatchGetTriggers
glue.trigger,glue-trigger,glue,Triggers[].Predicate.Conditions[].CrawlerName,list_nested,glue.crawler,glue-crawler,references,doc,medium,service-exact,batch_get_triggers,glue.BatchGetTriggers
glue.trigger,glue-trigger,glue,Predicate.Conditions[].JobName,list_dict,glue.job,glue-job,references,doc,medium,service-exact,get_triggers,glue.GetTriggers
glue.trigger,glue-trigger,glue,Trigger.Predicate.Conditions[].JobName,list_dict,glue.job,glue-job,references,doc,medium,service-exact,get_trigger,glue.GetTrigger
glue.trigger,glue-trigger,glue,Triggers[].Predicate.Conditions[].JobName,list_nested,glue.job,glue-job,references,doc,medium,service-exact,batch_get_triggers,glue.BatchGetTriggers
glue.trigger,glue-trigger,glue,Trigger.WorkflowName,dotted,glue.workflow,glue-workflow,references,doc,medium,service-exact,get_trigger,glue.GetTrigger
glue.trigger,glue-trigger,glue,Triggers[].WorkflowName,list_dict,glue.workflow,glue-workflow,references,doc,medium,service-exact,batch_get_triggers,glue.BatchGetTriggers
glue.trigger,glue-trigger,glue,WorkflowName,scalar,glue.workflow,glue-workflow,references,doc,medium,service-exact,get_triggers,glue.GetTriggers
glue.user_defined_function,,glue,CatalogId,scalar,glue.catalog,,references,doc,medium,service-partial,get_user_defined_functions,glue.GetUserDefinedFunctions
glue.user_defined_function,,glue,DatabaseName,scalar,glue.catalog,,references,doc,medium,service-exact,get_user_defined_functions,glue.GetUserDefinedFunctions
glue.user_defined_function,,glue,UserDefinedFunction.CatalogId,dotted,glue.catalog,,references,doc,medium,service-partial,get_user_defined_function,glue.GetUserDefinedFunction
glue.user_defined_function,,glue,UserDefinedFunction.DatabaseName,dotted,glue.catalog,,references,doc,medium,service-exact,get_user_defined_function,glue.GetUserDefinedFunction
glue.workflow,glue-workflow,glue,Workflow.BlueprintDetails.BlueprintName,dotted,glue.blueprint,,references,doc,medium,service-exact,get_workflow,glue.GetWorkflow
glue.workflow,glue-workflow,glue,Workflows[].BlueprintDetails.BlueprintName,list_dict,glue.blueprint,,references,doc,medium,service-exact,batch_get_workflows,glue.BatchGetWorkflows
glue.workflow,glue-workflow,glue,Graph.Nodes[].TriggerDetails.Trigger.Actions[].CrawlerName,list_nested,glue.crawler,glue-crawler,references,doc,medium,service-exact,get_workflow_runs,glue.GetWorkflowRuns
glue.workflow,glue-workflow,glue,Run.Graph.Nodes[].TriggerDetails.Trigger.Actions[].CrawlerName,list_nested,glue.crawler,glue-crawler,references,doc,medium,service-exact,get_workflow_run,glue.GetWorkflowRun
glue.workflow,glue-workflow,glue,Workflow.Graph.Nodes[].TriggerDetails.Trigger.Actions[].CrawlerName,list_nested,glue.crawler,glue-crawler,references,doc,medium,service-exact,get_workflow,glue.GetWorkflow
glue.workflow,glue-workflow,glue,Workflows[].Graph.Nodes[].TriggerDetails.Trigger.Actions[].CrawlerName,list_nested,glue.crawler,glue-crawler,references,doc,medium,service-exact,batch_get_workflows,glue.BatchGetWorkflows
glue.workflow,glue-workflow,glue,Graph.Nodes[].JobDetails.JobRuns[].JobName,list_nested,glue.job,glue-job,references,doc,medium,service-exact,get_workflow_runs,glue.GetWorkflowRuns
glue.workflow,glue-workflow,glue,Graph.Nodes[].JobDetails.JobRuns[].PredecessorRuns[].RunId,list_nested,glue.job,glue-job,references,doc,medium,service-partial,get_workflow_runs,glue.GetWorkflowRuns
glue.workflow,glue-workflow,glue,Graph.Nodes[].JobDetails.JobRuns[].PreviousRunId,list_nested,glue.job,glue-job,references,doc,medium,service-partial,get_workflow_runs,glue.GetWorkflowRuns
glue.workflow,glue-workflow,glue,Run.Graph.Nodes[].JobDetails.JobRuns[].JobName,list_nested,glue.job,glue-job,references,doc,medium,service-exact,get_workflow_run,glue.GetWorkflowRun
glue.workflow,glue-workflow,glue,Run.Graph.Nodes[].JobDetails.JobRuns[].PredecessorRuns[].RunId,list_nested,glue.job,glue-job,references,doc,medium,service-partial,get_workflow_run,glue.GetWorkflowRun
glue.workflow,glue-workflow,glue,Run.Graph.Nodes[].JobDetails.JobRuns[].PreviousRunId,list_nested,glue.job,glue-job,references,doc,medium,service-partial,get_workflow_run,glue.GetWorkflowRun
glue.workflow,glue-workflow,glue,Workflow.Graph.Nodes[].JobDetails.JobRuns[].JobName,list_nested,glue.job,glue-job,references,doc,medium,service-exact,get_workflow,glue.GetWorkflow
glue.workflow,glue-workflow,glue,Workflow.Graph.Nodes[].JobDetails.JobRuns[].PredecessorRuns[].RunId,list_nested,glue.job,glue-job,references,doc,medium,service-partial,get_workflow,glue.GetWorkflow
glue.workflow,glue-workflow,glue,Workflow.Graph.Nodes[].JobDetails.JobRuns[].PreviousRunId,list_nested,glue.job,glue-job,references,doc,medium,service-partial,get_workflow,glue.GetWorkflow
glue.workflow,glue-workflow,glue,Workflow.LastRun.Graph.Nodes[].JobDetails.JobRuns[].JobName,list_nested,glue.job,glue-job,references,doc,medium,service-exact,get_workflow,glue.GetWorkflow
glue.workflow,glue-workflow,glue,Workflow.LastRun.Graph.Nodes[].JobDetails.JobRuns[].PreviousRunId,list_nested,glue.job,glue-job,references,doc,medium,service-partial,get_workflow,glue.GetWorkflow
glue.workflow,glue-workflow,glue,Workflows[].Graph.Nodes[].JobDetails.JobRuns[].JobName,list_nested,glue.job,glue-job,references,doc,medium,service-exact,batch_get_workflows,glue.BatchGetWorkflows
glue.workflow,glue-workflow,glue,Workflows[].Graph.Nodes[].JobDetails.JobRuns[].PredecessorRuns[].RunId,list_nested,glue.job,glue-job,references,doc,medium,service-partial,batch_get_workflows,glue.BatchGetWorkflows
glue.workflow,glue-workflow,glue,Workflows[].Graph.Nodes[].JobDetails.JobRuns[].PreviousRunId,list_nested,glue.job,glue-job,references,doc,medium,service-partial,batch_get_workflows,glue.BatchGetWorkflows
glue.workflow,glue-workflow,glue,Workflows[].LastRun.Graph.Nodes[].JobDetails.JobRuns[].JobName,list_nested,glue.job,glue-job,references,doc,medium,service-exact,batch_get_workflows,glue.BatchGetWorkflows
glue.workflow,glue-workflow,glue,Workflows[].LastRun.Graph.Nodes[].JobDetails.JobRuns[].PreviousRunId,list_nested,glue.job,glue-job,references,doc,medium,service-partial,batch_get_workflows,glue.BatchGetWorkflows
glue.workflow,glue-workflow,glue,Graph.Nodes[].JobDetails.JobRuns[].TriggerName,list_nested,glue.trigger,glue-trigger,references,doc,medium,service-exact,get_workflow_runs,glue.GetWorkflowRuns
glue.workflow,glue-workflow,glue,Graph.Nodes[].TriggerDetails.Trigger.Name,list_dict,glue.trigger,glue-trigger,references,doc,medium,service-exact,get_workflow_runs,glue.GetWorkflowRuns
glue.workflow,glue-workflow,glue,Run.Graph.Nodes[].JobDetails.JobRuns[].TriggerName,list_nested,glue.trigger,glue-trigger,references,doc,medium,service-exact,get_workflow_run,glue.GetWorkflowRun
glue.workflow,glue-workflow,glue,Run.Graph.Nodes[].TriggerDetails.Trigger.Name,list_dict,glue.trigger,glue-trigger,references,doc,medium,service-exact,get_workflow_run,glue.GetWorkflowRun
glue.workflow,glue-workflow,glue,Workflow.Graph.Nodes[].JobDetails.JobRuns[].TriggerName,list_nested,glue.trigger,glue-trigger,references,doc,medium,service-exact,get_workflow,glue.GetWorkflow
glue.workflow,glue-workflow,glue,Workflow.Graph.Nodes[].TriggerDetails.Trigger.Name,list_dict,glue.trigger,glue-trigger,references,doc,medium,service-exact,get_workflow,glue.GetWorkflow
glue.workflow,glue-workflow,glue,Workflow.LastRun.Graph.Nodes[].JobDetails.JobRuns[].TriggerName,list_nested,glue.trigger,glue-trigger,references,doc,medium,service-exact,get_workflow,glue.GetWorkflow
glue.workflow,glue-workflow,glue,Workflow.LastRun.Graph.Nodes[].TriggerDetails.Trigger.Name,list_dict,glue.trigger,glue-trigger,references,doc,medium,service-exact,get_workflow,glue.GetWorkflow
glue.workflow,glue-workflow,glue,Workflows[].Graph.Nodes[].JobDetails.JobRuns[].TriggerName,list_nested,glue.trigger,glue-trigger,references,doc,medium,service-exact,batch_get_workflows,glue.BatchGetWorkflows
glue.workflow,glue-workflow,glue,Workflows[].Graph.Nodes[].TriggerDetails.Trigger.Name,list_nested,glue.trigger,glue-trigger,references,doc,medium,service-exact,batch_get_workflows,glue.BatchGetWorkflows
glue.workflow,glue-workflow,glue,Workflows[].LastRun.Graph.Nodes[].JobDetails.JobRuns[].TriggerName,list_nested,glue.trigger,glue-trigger,references,doc,medium,service-exact,batch_get_workflows,glue.BatchGetWorkflows
glue.workflow,glue-workflow,glue,Workflows[].LastRun.Graph.Nodes[].TriggerDetails.Trigger.Name,list_nested,glue.trigger,glue-trigger,references,doc,medium,service-exact,batch_get_workflows,glue.BatchGetWorkflows
greengrass.associated_role,,greengrass,RoleArn,scalar,iam.role,iam-role,assumes,doc,medium,well-known,get_associated_role,greengrass.GetAssociatedRole
greengrass.bulk_deployment_detailed_report,,greengrass,DeploymentArn,scalar,greengrass.group,,references,doc,medium,service-exact,list_bulk_deployment_detailed_reports,greengrass.ListBulkDeploymentDetailedReports
greengrass.bulk_deployment_detailed_report,,greengrass,DeploymentId,scalar,greengrass.group,,references,doc,medium,service-exact,list_bulk_deployment_detailed_reports,greengrass.ListBulkDeploymentDetailedReports
greengrass.bulk_deployment_detailed_report,,greengrass,GroupArn,scalar,greengrass.group,,references,doc,medium,service-partial,list_bulk_deployment_detailed_reports,greengrass.ListBulkDeploymentDetailedReports
greengrass.core_definition_version,,greengrass,Definition.Cores[].ThingArn,list_dict,iot.thing,iot,references,doc,medium,global-exact,get_core_definition_version,greengrass.GetCoreDefinitionVersion
greengrass.deployment,,greengrass,GroupArn,scalar,greengrass.group,,references,doc,medium,service-exact,list_deployments,greengrass.ListDeployments
greengrass.group_certificate_authority,,greengrass,GroupCertificateAuthorityArn,scalar,greengrass.group,,references,doc,medium,service-partial,get_group_certificate_authority,greengrass.GetGroupCertificateAuthority
greengrass.group_certificate_authority,,greengrass,GroupCertificateAuthorityId,scalar,greengrass.group,,references,doc,medium,service-partial,get_group_certificate_authority,greengrass.GetGroupCertificateAuthority
greengrass.group_version,,greengrass,Id,scalar,greengrass.group,,references,doc,medium,service-exact,get_group_version,greengrass.GetGroupVersion
greengrass.service_role_for_account,,greengrass,RoleArn,scalar,iam.role,iam-role,assumes,doc,medium,well-known,get_service_role_for_account,greengrass.GetServiceRoleForAccount
greengrassv2.component_version,,greengrassv2,componentName,scalar,greengrassv2.component,,references,doc,medium,service-exact,list_component_versions,greengrassv2.ListComponentVersions
greengrassv2.effective_deployment,,greengrassv2,deploymentId,scalar,greengrassv2.deployment,,references,doc,medium,service-exact,list_effective_deployments,greengrassv2.ListEffectiveDeployments
greengrassv2.effective_deployment,,greengrassv2,deploymentName,scalar,greengrassv2.deployment,,references,doc,medium,service-exact,list_effective_deployments,greengrassv2.ListEffectiveDeployments
greengrassv2.installed_component,,greengrassv2,componentName,scalar,greengrassv2.component,,references,doc,medium,service-exact,list_installed_components,greengrassv2.ListInstalledComponents
groundstation.config,,groundstation,configData.s3RecordingConfig.bucketArn,dotted,s3.bucket,s3,references,doc,medium,well-known,get_config,groundstation.GetConfig
groundstation.contact,,groundstation,destination.configDetails.s3RecordingDetails.bucketArn,dotted,s3.bucket,s3,references,doc,medium,well-known,describe_contact,groundstation.DescribeContact
groundstation.contact,,groundstation,source.configDetails.s3RecordingDetails.bucketArn,dotted,s3.bucket,s3,references,doc,medium,well-known,describe_contact,groundstation.DescribeContact
guardduty.guardduty_finding,guardduty-finding,guardduty,Resource.InstanceDetails.IamInstanceProfile.Arn,dotted,ec2.instance,ec2,references,doc,medium,well-known,get_findings,guardduty.GetFindings
guardduty.guardduty_finding,guardduty-finding,guardduty,Resource.InstanceDetails.IamInstanceProfile.Id,dotted,ec2.instance,ec2,references,doc,medium,well-known,get_findings,guardduty.GetFindings
guardduty.guardduty_finding,guardduty-finding,guardduty,Resource.InstanceDetails.InstanceId,dotted,ec2.instance,ec2,references,doc,medium,leaf-hint,get_findings,guardduty.GetFindings
guardduty.guardduty_finding,guardduty-finding,guardduty,Resource.InstanceDetails.NetworkInterfaces[].SecurityGroups[].GroupId,list_nested,ec2.instance,ec2,references,doc,medium,well-known,get_findings,guardduty.GetFindings
guardduty.guardduty_finding,guardduty-finding,guardduty,Resource.InstanceDetails.NetworkInterfaces[].SecurityGroups[].GroupName,list_nested,ec2.instance,ec2,references,doc,medium,well-known,get_findings,guardduty.GetFindings
guardduty.guardduty_finding,guardduty-finding,guardduty,Resource.LambdaDetails.VpcConfig.SecurityGroups[].GroupId,list_dict,ec2.instance,ec2,references,doc,medium,well-known,get_findings,guardduty.GetFindings
guardduty.guardduty_finding,guardduty-finding,guardduty,Resource.LambdaDetails.VpcConfig.SecurityGroups[].GroupName,list_dict,ec2.instance,ec2,references,doc,medium,well-known,get_findings,guardduty.GetFindings
guardduty.guardduty_finding,guardduty-finding,guardduty,Resource.InstanceDetails.NetworkInterfaces[].NetworkInterfaceId,list_dict,ec2.network_interface,eni,attached-to,doc,medium,leaf-hint,get_findings,guardduty.GetFindings
guardduty.guardduty_finding,guardduty-finding,guardduty,Resource.InstanceDetails.NetworkInterfaces[].SubnetId,list_dict,ec2.subnet,subnet,contained-in,doc,medium,leaf-hint,get_findings,guardduty.GetFindings
guardduty.guardduty_finding,guardduty-finding,guardduty,Resource.EbsVolumeDetails.ScannedVolumeDetails[].SnapshotArn,list_dict,ec2.volume,ebs,attached-to,doc,medium,well-known,get_findings,guardduty.GetFindings
guardduty.guardduty_finding,guardduty-finding,guardduty,Resource.EbsVolumeDetails.SkippedVolumeDetails[].SnapshotArn,list_dict,ec2.volume,ebs,attached-to,doc,medium,well-known,get_findings,guardduty.GetFindings
guardduty.guardduty_finding,guardduty-finding,guardduty,Resource.EksClusterDetails.VpcId,dotted,ec2.vpc,vpc,contained-in,doc,medium,leaf-hint,get_findings,guardduty.GetFindings
guardduty.guardduty_finding,guardduty-finding,guardduty,Resource.InstanceDetails.NetworkInterfaces[].VpcId,list_dict,ec2.vpc,vpc,contained-in,doc,medium,leaf-hint,get_findings,guardduty.GetFindings
guardduty.guardduty_finding,guardduty-finding,guardduty,Resource.LambdaDetails.VpcConfig.VpcId,dotted,ec2.vpc,vpc,contained-in,doc,medium,leaf-hint,get_findings,guardduty.GetFindings
guardduty.guardduty_finding,guardduty-finding,guardduty,Service.FeatureName,dotted,evidently.feature,,references,doc,medium,global-exact,get_findings,guardduty.GetFindings
guardduty.guardduty_finding,guardduty-finding,guardduty,Service.EbsVolumeScanDetails.ScanId,dotted,guardduty.malware_scan,,references,doc,medium,service-partial,get_findings,guardduty.GetFindings
guardduty.guardduty_finding,guardduty-finding,guardduty,Service.Action.KubernetesRoleBindingDetails.RoleRefName,dotted,iam.role,iam-role,assumes,doc,medium,well-known,get_findings,guardduty.GetFindings
guardduty.guardduty_finding,guardduty-finding,guardduty,Resource.EbsVolumeDetails.ScannedVolumeDetails[].KmsKeyArn,list_dict,kms.key,kms-key,encrypted-by,doc,medium,leaf-hint,get_findings,guardduty.GetFindings
guardduty.guardduty_finding,guardduty-finding,guardduty,Resource.EbsVolumeDetails.SkippedVolumeDetails[].KmsKeyArn,list_dict,kms.key,kms-key,encrypted-by,doc,medium,leaf-hint,get_findings,guardduty.GetFindings
guardduty.guardduty_finding,guardduty-finding,guardduty,Resource.S3BucketDetails[].Name,list_dict,s3.bucket,s3,references,doc,medium,well-known,get_findings,guardduty.GetFindings
guardduty.guardduty_finding,guardduty-finding,guardduty,Resource.S3BucketDetails[].Owner.Id,list_dict,s3.bucket,s3,references,doc,medium,well-known,get_findings,guardduty.GetFindings
guardduty.malware_scan,,guardduty,AttachedVolumes[].SnapshotArn,list_dict,ec2.volume,ebs,attached-to,doc,medium,well-known,describe_malware_scans,guardduty.DescribeMalwareScans
guardduty.malware_scan,,guardduty,DetectorId,scalar,guardduty.detector,,references,doc,medium,service-exact,describe_malware_scans,guardduty.DescribeMalwareScans
guardduty.malware_scan,,guardduty,AttachedVolumes[].KmsKeyArn,list_dict,kms.key,kms-key,encrypted-by,doc,medium,leaf-hint,describe_malware_scans,guardduty.DescribeMalwareScans
guardduty.member_detector,,guardduty,Features[].Name,list_dict,guardduty.detector,,references,doc,medium,service-partial,get_member_detectors,guardduty.GetMemberDetectors
guardduty.publishing_destination,,guardduty,DestinationProperties.KmsKeyArn,dotted,kms.key,kms-key,encrypted-by,doc,medium,leaf-hint,describe_publishing_destination,guardduty.DescribePublishingDestination
healthlake.fhir_datastore,,healthlake,DatastoreProperties.SseConfiguration.KmsEncryptionConfig.KmsKeyId,dotted,kms.key,kms-key,encrypted-by,doc,medium,leaf-hint,describe_fhir_datastore,healthlake.DescribeFHIRDatastore
healthlake.fhir_datastore,,healthlake,SseConfiguration.KmsEncryptionConfig.KmsKeyId,dotted,kms.key,kms-key,encrypted-by,doc,medium,leaf-hint,list_fhir_datastores,healthlake.ListFHIRDatastores
healthlake.fhir_export_job,,healthlake,ExportJobProperties.OutputDataConfig.S3Configuration.KmsKeyId,dotted,kms.key,kms-key,encrypted-by,doc,medium,leaf-hint,describe_fhir_export_job,healthlake.DescribeFHIRExportJob
healthlake.fhir_export_job,,healthlake,OutputDataConfig.S3Configuration.KmsKeyId,dotted,kms.key,kms-key,encrypted-by,doc,medium,leaf-hint,list_fhir_export_jobs,healthlake.ListFHIRExportJobs
healthlake.fhir_import_job,,healthlake,ImportJobProperties.JobOutputDataConfig.S3Configuration.KmsKeyId,dotted,kms.key,kms-key,encrypted-by,doc,medium,leaf-hint,describe_fhir_import_job,healthlake.DescribeFHIRImportJob
healthlake.fhir_import_job,,healthlake,JobOutputDataConfig.S3Configuration.KmsKeyId,dotted,kms.key,kms-key,encrypted-by,doc,medium,leaf-hint,list_fhir_import_jobs,healthlake.ListFHIRImportJobs
iam.account_authorization_detail,,iam,AttachedManagedPolicies[].PolicyName,list_dict,iam.policy,iam-policy,references,doc,medium,service-partial,get_account_authorization_details,iam.GetAccountAuthorizationDetails
iam.account_authorization_detail,,iam,GroupDetailList[].AttachedManagedPolicies[].PolicyName,list_nested,iam.policy,iam-policy,references,doc,medium,service-partial,get_account_authorization_details,iam.GetAccountAuthorizationDetails
iam.account_authorization_detail,,iam,GroupDetailList[].GroupPolicyList[].PolicyName,list_nested,iam.policy,iam-policy,references,doc,medium,service-exact,get_account_authorization_details,iam.GetAccountAuthorizationDetails
iam.account_authorization_detail,,iam,RoleDetailList[].AttachedManagedPolicies[].PolicyName,list_nested,iam.policy,iam-policy,references,doc,medium,service-partial,get_account_authorization_details,iam.GetAccountAuthorizationDetails
iam.account_authorization_detail,,iam,RoleDetailList[].RolePolicyList[].PolicyName,list_nested,iam.policy,iam-policy,references,doc,medium,service-exact,get_account_authorization_details,iam.GetAccountAuthorizationDetails
iam.account_authorization_detail,,iam,UserPolicyList[].PolicyName,list_dict,iam.policy,iam-policy,references,doc,medium,service-exact,get_account_authorization_details,iam.GetAccountAuthorizationDetails
iam.account_authorization_detail,,iam,Policies[].PolicyVersionList[].VersionId,list_nested,iam.policy_version,,references,doc,medium,service-exact,get_account_authorization_details,iam.GetAccountAuthorizationDetails
iam.attached_role_policy,,iam,PolicyName,scalar,iam.policy,iam-policy,references,doc,medium,service-partial,list_attached_role_policies,iam.ListAttachedRolePolicies
iam.attached_user_policy,,iam,PolicyName,scalar,iam.policy,iam-policy,references,doc,medium,service-partial,list_attached_user_policies,iam.ListAttachedUserPolicies
iam.group_policy,,iam,PolicyName,scalar,iam.policy,iam-policy,references,doc,medium,service-exact,get_group_policy,iam.GetGroupPolicy
iam.role_policy,,iam,PolicyName,scalar,iam.policy,iam-policy,references,doc,medium,service-exact,get_role_policy,iam.GetRolePolicy
iam.user_policy,,iam,PolicyName,scalar,iam.policy,iam-policy,references,doc,medium,service-exact,get_user_policy,iam.GetUserPolicy
imagebuilder.image,,imagebuilder,image.infrastructureConfiguration.subnetId,dotted,ec2.subnet,subnet,contained-in,doc,medium,leaf-hint,get_image,imagebuilder.GetImage
imagebuilder.infrastructure_configuration,,imagebuilder,infrastructureConfiguration.subnetId,dotted,ec2.subnet,subnet,contained-in,doc,medium,leaf-hint,get_infrastructure_configuration,imagebuilder.GetInfrastructureConfiguration
imagebuilder.waiting_workflow_step,,imagebuilder,workflowBuildVersionArn,scalar,imagebuilder.workflow,,references,doc,medium,service-exact,list_waiting_workflow_steps,imagebuilder.ListWaitingWorkflowSteps
imagebuilder.workflow_step_execution,,imagebuilder,stepExecutionId,scalar,imagebuilder.workflow,,references,doc,medium,service-exact,list_workflow_step_executions,imagebuilder.ListWorkflowStepExecutions
inspector.finding,,inspector,assetAttributes.networkInterfaces[].networkInterfaceId,list_dict,ec2.network_interface,eni,attached-to,doc,medium,well-known,describe_findings,inspector.DescribeFindings
inspector.finding,,inspector,assetAttributes.networkInterfaces[].securityGroups[].groupId,list_nested,ec2.security_group,security-group,protected-by,doc,medium,well-known,describe_findings,inspector.DescribeFindings
inspector.finding,,inspector,assetAttributes.networkInterfaces[].securityGroups[].groupName,list_nested,ec2.security_group,security-group,protected-by,doc,medium,well-known,describe_findings,inspector.DescribeFindings
inspector.finding,,inspector,assetAttributes.networkInterfaces[].subnetId,list_dict,ec2.subnet,subnet,contained-in,doc,medium,leaf-hint,describe_findings,inspector.DescribeFindings
inspector.finding,,inspector,assetAttributes.networkInterfaces[].vpcId,list_dict,ec2.vpc,vpc,contained-in,doc,medium,leaf-hint,describe_findings,inspector.DescribeFindings
iot-jobs-data.job_execution,,iot-jobs-data,execution.thingName,dotted,iot.thing,iot,references,doc,medium,global-exact,describe_job_execution,iot-jobs-data.DescribeJobExecution
iot.active_violation,,iot,behavior.metricDimension.dimensionName,dotted,iot.dimension,,references,doc,medium,service-exact,list_active_violations,iot.ListActiveViolations
iot.active_violation,,iot,thingName,scalar,iot.thing,iot,references,doc,medium,service-exact,list_active_violations,iot.ListActiveViolations
iot.audit_finding,,iot,finding.nonCompliantResource.resourceIdentifier.iamRoleArn,dotted,iam.role,iam-role,assumes,doc,medium,well-known,describe_audit_finding,iot.DescribeAuditFinding
iot.audit_finding,,iot,finding.nonCompliantResource.resourceIdentifier.roleAliasArn,dotted,iam.role,iam-role,assumes,doc,medium,well-known,describe_audit_finding,iot.DescribeAuditFinding
iot.audit_finding,,iot,finding.relatedResources[].resourceIdentifier.iamRoleArn,list_dict,iam.role,iam-role,assumes,doc,medium,well-known,describe_audit_finding,iot.DescribeAuditFinding
iot.audit_finding,,iot,finding.relatedResources[].resourceIdentifier.roleAliasArn,list_dict,iam.role,iam-role,assumes,doc,medium,well-known,describe_audit_finding,iot.DescribeAuditFinding
iot.audit_finding,,iot,nonCompliantResource.resourceIdentifier.iamRoleArn,dotted,iam.role,iam-role,assumes,doc,medium,well-known,list_audit_findings,iot.ListAuditFindings
iot.audit_finding,,iot,nonCompliantResource.resourceIdentifier.roleAliasArn,dotted,iam.role,iam-role,assumes,doc,medium,well-known,list_audit_findings,iot.ListAuditFindings
iot.audit_finding,,iot,relatedResources[].resourceIdentifier.iamRoleArn,list_dict,iam.role,iam-role,assumes,doc,medium,well-known,list_audit_findings,iot.ListAuditFindings
iot.audit_finding,,iot,relatedResources[].resourceIdentifier.roleAliasArn,list_dict,iam.role,iam-role,assumes,doc,medium,well-known,list_audit_findings,iot.ListAuditFindings
iot.audit_finding,,iot,finding.nonCompliantResource.resourceIdentifier.deviceCertificateArn,dotted,iot.certificate,,references,doc,medium,service-partial,describe_audit_finding,iot.DescribeAuditFinding
iot.audit_finding,,iot,finding.nonCompliantResource.resourceIdentifier.deviceCertificateId,dotted,iot.certificate,,references,doc,medium,service-exact,describe_audit_finding,iot.DescribeAuditFinding
iot.audit_finding,,iot,finding.relatedResources[].resourceIdentifier.deviceCertificateArn,list_dict,iot.certificate,,references,doc,medium,service-partial,describe_audit_finding,iot.DescribeAuditFinding
iot.audit_finding,,iot,finding.relatedResources[].resourceIdentifier.deviceCertificateId,list_dict,iot.certificate,,references,doc,medium,service-exact,describe_audit_finding,iot.DescribeAuditFinding
iot.audit_finding,,iot,nonCompliantResource.resourceIdentifier.deviceCertificateArn,dotted,iot.certificate,,references,doc,medium,service-partial,list_audit_findings,iot.ListAuditFindings
iot.audit_finding,,iot,nonCompliantResource.resourceIdentifier.deviceCertificateId,dotted,iot.certificate,,references,doc,medium,service-exact,list_audit_findings,iot.ListAuditFindings
iot.audit_finding,,iot,relatedResources[].resourceIdentifier.deviceCertificateArn,list_dict,iot.certificate,,references,doc,medium,service-partial,list_audit_findings,iot.ListAuditFindings
iot.audit_finding,,iot,relatedResources[].resourceIdentifier.deviceCertificateId,list_dict,iot.certificate,,references,doc,medium,service-exact,list_audit_findings,iot.ListAuditFindings
iot.audit_finding,,iot,finding.nonCompliantResource.resourceIdentifier.policyVersionIdentifier.policyName,dotted,iot.policy,,references,doc,medium,service-exact,describe_audit_finding,iot.DescribeAuditFinding
iot.audit_finding,,iot,finding.relatedResources[].resourceIdentifier.policyVersionIdentifier.policyName,list_dict,iot.policy,,references,doc,medium,service-exact,describe_audit_finding,iot.DescribeAuditFinding
iot.audit_finding,,iot,nonCompliantResource.resourceIdentifier.policyVersionIdentifier.policyName,dotted,iot.policy,,references,doc,medium,service-exact,list_audit_findings,iot.ListAuditFindings
iot.audit_finding,,iot,relatedResources[].resourceIdentifier.policyVersionIdentifier.policyName,list_dict,iot.policy,,references,doc,medium,service-exact,list_audit_findings,iot.ListAuditFindings
iot.audit_mitigation_actions_execution,,iot,actionId,scalar,iot.mitigation_action,,references,doc,medium,service-partial,list_audit_mitigation_actions_executions,iot.ListAuditMitigationActionsExecutions
iot.audit_mitigation_actions_execution,,iot,actionName,scalar,iot.mitigation_action,,references,doc,medium,service-partial,list_audit_mitigation_actions_executions,iot.ListAuditMitigationActionsExecutions
iot.audit_mitigation_actions_execution,,iot,taskId,scalar,iot.mitigation_action,,references,doc,medium,service-partial,list_audit_mitigation_actions_executions,iot.ListAuditMitigationActionsExecutions
iot.audit_suppression,,iot,resourceIdentifier.iamRoleArn,dotted,iam.role,iam-role,assumes,doc,medium,well-known,describe_audit_suppression,iot.DescribeAuditSuppression
iot.audit_suppression,,iot,resourceIdentifier.roleAliasArn,dotted,iam.role,iam-role,assumes,doc,medium,well-known,describe_audit_suppression,iot.DescribeAuditSuppression
iot.audit_suppression,,iot,resourceIdentifier.deviceCertificateArn,dotted,iot.certificate,,references,doc,medium,service-partial,describe_audit_suppression,iot.DescribeAuditSuppression
iot.audit_suppression,,iot,resourceIdentifier.deviceCertificateId,dotted,iot.certificate,,references,doc,medium,service-exact,describe_audit_suppression,iot.DescribeAuditSuppression
iot.audit_suppression,,iot,resourceIdentifier.policyVersionIdentifier.policyName,dotted,iot.policy,,references,doc,medium,service-exact,describe_audit_suppression,iot.DescribeAuditSuppression
iot.audit_task,,iot,scheduledAuditName,scalar,iot.scheduled_audit,,references,doc,medium,service-exact,describe_audit_task,iot.DescribeAuditTask
iot.ca_certificate,,iot,registrationConfig.roleArn,dotted,iam.role,iam-role,assumes,doc,medium,well-known,describe_ca_certificate,iot.DescribeCACertificate
iot.ca_certificate,,iot,registrationConfig.templateName,dotted,iot.provisioning_template,,references,doc,medium,service-exact,describe_ca_certificate,iot.DescribeCACertificate
iot.certificates_by_ca,,iot,certificateArn,scalar,iot.certificate,,references,doc,medium,service-exact,list_certificates_by_ca,iot.ListCertificatesByCA
iot.certificates_by_ca,,iot,certificateId,scalar,iot.certificate,,references,doc,medium,service-exact,list_certificates_by_ca,iot.ListCertificatesByCA
iot.detect_mitigation_actions_execution,,iot,thingName,scalar,iot.thing,iot,references,doc,medium,service-exact,list_detect_mitigation_actions_executions,iot.ListDetectMitigationActionsExecutions
iot.detect_mitigation_actions_task,,iot,target.behaviorName,dotted,iot.behavior_model_training_summary,,references,doc,medium,service-partial,list_detect_mitigation_actions_tasks,iot.ListDetectMitigationActionsTasks
iot.detect_mitigation_actions_task,,iot,taskSummary.target.behaviorName,dotted,iot.behavior_model_training_summary,,references,doc,medium,service-partial,describe_detect_mitigation_actions_task,iot.DescribeDetectMitigationActionsTask
iot.domain_configuration,,iot,serverCertificateArn,scalar,iot.certificate,,references,doc,medium,service-partial,describe_domain_configuration,iot.DescribeDomainConfiguration
iot.fleet_metric,,iot,indexName,scalar,iot.index,,references,doc,medium,service-exact,describe_fleet_metric,iot.DescribeFleetMetric
iot.job,,iot,thingGroupId,scalar,iot.thing_group,,references,doc,medium,service-exact,list_jobs,iot.ListJobs
iot.job_execution,,iot,execution.thingArn,dotted,iot.thing,iot,references,doc,medium,service-exact,describe_job_execution,iot.DescribeJobExecution
iot.job_executions_for_job,,iot,thingArn,scalar,iot.thing,iot,references,doc,medium,service-exact,list_job_executions_for_job,iot.ListJobExecutionsForJob
iot.logging_option,,iot,roleArn,scalar,iam.role,iam-role,assumes,doc,medium,well-known,get_logging_options,iot.GetLoggingOptions
iot.mitigation_action,,iot,roleArn,scalar,iam.role,iam-role,assumes,doc,medium,well-known,describe_mitigation_action,iot.DescribeMitigationAction
iot.ota_update,,iot,otaUpdateInfo.otaUpdateFiles[].codeSigning.customCodeSigning.certificateChain.certificateName,list_dict,iot.certificate,,references,doc,medium,service-exact,get_ota_update,iot.GetOTAUpdate
iot.package,,iot,packageName,scalar,iot.software_package,,references,doc,medium,service-exact,get_package,iot.GetPackage
iot.package_version,,iot,packageName,scalar,iot.software_package,,references,doc,medium,service-exact,get_package_version,iot.GetPackageVersion
iot.related_resources_for_audit_finding,,iot,resourceIdentifier.iamRoleArn,dotted,iam.role,iam-role,assumes,doc,medium,well-known,list_related_resources_for_audit_finding,iot.ListRelatedResourcesForAuditFinding
iot.related_resources_for_audit_finding,,iot,resourceIdentifier.roleAliasArn,dotted,iam.role,iam-role,assumes,doc,medium,well-known,list_related_resources_for_audit_finding,iot.ListRelatedResourcesForAuditFinding
iot.related_resources_for_audit_finding,,iot,resourceIdentifier.deviceCertificateArn,dotted,iot.certificate,,references,doc,medium,service-partial,list_related_resources_for_audit_finding,iot.ListRelatedResourcesForAuditFinding
iot.related_resources_for_audit_finding,,iot,resourceIdentifier.deviceCertificateId,dotted,iot.certificate,,references,doc,medium,service-exact,list_related_resources_for_audit_finding,iot.ListRelatedResourcesForAuditFinding
iot.related_resources_for_audit_finding,,iot,resourceIdentifier.policyVersionIdentifier.policyName,dotted,iot.policy,,references,doc,medium,service-exact,list_related_resources_for_audit_finding,iot.ListRelatedResourcesForAuditFinding
iot.role_alias,,iot,roleAliasDescription.roleAliasArn,dotted,iam.role,iam-role,assumes,doc,medium,well-known,describe_role_alias,iot.DescribeRoleAlias
iot.security_profile,,iot,additionalMetricsToRetainV2[].metricDimension.dimensionName,list_dict,iot.dimension,,references,doc,medium,service-exact,describe_security_profile,iot.DescribeSecurityProfile
iot.security_profile,,iot,metricDimension.dimensionName,dotted,iot.dimension,,references,doc,medium,service-exact,describe_security_profile,iot.DescribeSecurityProfile
iot.thing,iot,iot,thingTypeName,scalar,iot.thing_type,,references,doc,medium,service-exact,list_things,iot.ListThings
iot.topic_rule,,iot,rule.actions[].republish.roleArn,list_dict,iam.role,iam-role,assumes,doc,medium,well-known,get_topic_rule,iot.GetTopicRule
iot.topic_rule,,iot,rule.actions[].s3.roleArn,list_dict,iam.role,iam-role,assumes,doc,medium,well-known,get_topic_rule,iot.GetTopicRule
iot.topic_rule,,iot,rule.actions[].sns.roleArn,list_dict,iam.role,iam-role,assumes,doc,medium,well-known,get_topic_rule,iot.GetTopicRule
iot.topic_rule,,iot,rule.actions[].sqs.roleArn,list_dict,iam.role,iam-role,assumes,doc,medium,well-known,get_topic_rule,iot.GetTopicRule
iot.topic_rule,,iot,rule.errorAction.republish.roleArn,dotted,iam.role,iam-role,assumes,doc,medium,well-known,get_topic_rule,iot.GetTopicRule
iot.topic_rule,,iot,rule.errorAction.s3.roleArn,dotted,iam.role,iam-role,assumes,doc,medium,well-known,get_topic_rule,iot.GetTopicRule
iot.topic_rule,,iot,rule.errorAction.sns.roleArn,dotted,iam.role,iam-role,assumes,doc,medium,well-known,get_topic_rule,iot.GetTopicRule
iot.topic_rule,,iot,rule.errorAction.sqs.roleArn,dotted,iam.role,iam-role,assumes,doc,medium,well-known,get_topic_rule,iot.GetTopicRule
iot.topic_rule,,iot,rule.actions[].kinesis.streamName,list_dict,iot.stream,,references,doc,medium,service-partial,get_topic_rule,iot.GetTopicRule
iot.topic_rule,,iot,rule.errorAction.kinesis.streamName,dotted,iot.stream,,references,doc,medium,service-partial,get_topic_rule,iot.GetTopicRule
iot.topic_rule_destination,,iot,topicRuleDestination.vpcProperties.vpcId,dotted,ec2.vpc,vpc,contained-in,doc,medium,leaf-hint,get_topic_rule_destination,iot.GetTopicRuleDestination
iot.topic_rule_destination,,iot,vpcDestinationSummary.vpcId,dotted,ec2.vpc,vpc,contained-in,doc,medium,leaf-hint,list_topic_rule_destinations,iot.ListTopicRuleDestinations
iot.violation_event,,iot,behavior.metricDimension.dimensionName,dotted,iot.dimension,,references,doc,medium,service-exact,list_violation_events,iot.ListViolationEvents
iot.violation_event,,iot,thingName,scalar,iot.thing,iot,references,doc,medium,service-exact,list_violation_events,iot.ListViolationEvents
iotanalytics.dataset_content,,iotanalytics,entryName,scalar,iotanalytics.dataset,,references,doc,medium,service-exact,get_dataset_content,iotanalytics.GetDatasetContent
iotanalytics.pipeline,,iotanalytics,pipeline.activities[].channel.channelName,list_dict,iotanalytics.channel,,references,doc,medium,service-exact,describe_pipeline,iotanalytics.DescribePipeline
iotdeviceadvisor.suite_definition,,iotdeviceadvisor,suiteDefinitionId,scalar,devicefarm.test,,references,doc,medium,global-exact,list_suite_definitions,iotdeviceadvisor.ListSuiteDefinitions
iotdeviceadvisor.suite_definition,,iotdeviceadvisor,suiteDefinitionName,scalar,devicefarm.test,,references,doc,medium,global-exact,list_suite_definitions,iotdeviceadvisor.ListSuiteDefinitions
iotevents.alarm_model,,iotevents,alarmEventActions.alarmActions[].iotEvents.inputName,list_dict,iotevents.input,,references,doc,medium,service-partial,describe_alarm_model,iotevents.DescribeAlarmModel
iotevents.alarm_model,,iotevents,alarmEventActions.alarmActions[].iotSiteWise.propertyId,list_dict,iotsitewise.asset_property,,references,doc,medium,global-exact,describe_alarm_model,iotevents.DescribeAlarmModel
iotevents.alarm_model_version,,iotevents,alarmModelArn,scalar,iotevents.alarm_model,,references,doc,medium,service-exact,list_alarm_model_versions,iotevents.ListAlarmModelVersions
iotevents.alarm_model_version,,iotevents,alarmModelName,scalar,iotevents.alarm_model,,references,doc,medium,service-exact,list_alarm_model_versions,iotevents.ListAlarmModelVersions
iotevents.detector_model_version,,iotevents,detectorModelName,scalar,iotevents.detector_model,,references,doc,medium,service-exact,list_detector_model_versions,iotevents.ListDetectorModelVersions
iotevents.logging_option,,iotevents,loggingOptions.detectorDebugOptions[].detectorModelName,list_dict,iotevents.detector_model,,references,doc,medium,service-exact,describe_logging_options,iotevents.DescribeLoggingOptions
iotfleetwise.campaign,,iotfleetwise,targetArn,scalar,iotfleetwise.vehicle,,references,doc,medium,service-exact,get_campaign,iotfleetwise.GetCampaign
iotfleetwise.decoder_manifest_network_interface,,iotfleetwise,interfaceId,scalar,ec2.network_interface,eni,attached-to,doc,medium,well-known,list_decoder_manifest_network_interfaces,iotfleetwise.ListDecoderManifestNetworkInterfaces
iotfleetwise.decoder_manifest_network_interface,,iotfleetwise,obdInterface.requestMessageId,dotted,iotfleetwise.vehicle,,references,doc,medium,service-partial,list_decoder_manifest_network_interfaces,iotfleetwise.ListDecoderManifestNetworkInterfaces
iotfleetwise.decoder_manifest_network_interface,,iotfleetwise,vehicleMiddleware.protocolName,dotted,iotfleetwise.vehicle,,references,doc,medium,service-exact,list_decoder_manifest_network_interfaces,iotfleetwise.ListDecoderManifestNetworkInterfaces
iotfleetwise.decoder_manifest_network_interface,,iotfleetwise,canInterface.protocolName,dotted,support.communication,,references,doc,medium,global-exact,list_decoder_manifest_network_interfaces,iotfleetwise.ListDecoderManifestNetworkInterfaces
iotfleetwise.encryption_configuration,,iotfleetwise,kmsKeyId,scalar,kms.key,kms-key,encrypted-by,doc,medium,well-known,get_encryption_configuration,iotfleetwise.GetEncryptionConfiguration
iotfleetwise.model_manifest_node,,iotfleetwise,attribute.fullyQualifiedName,dotted,sdb.attribute,,references,doc,medium,global-exact,list_model_manifest_nodes,iotfleetwise.ListModelManifestNodes
iotfleetwise.register_account_status,,iotfleetwise,timestreamRegistrationResponse.timestreamDatabaseName,dotted,timestream-write.timestream_database,timestream-database,references,doc,medium,global-exact,get_register_account_status,iotfleetwise.GetRegisterAccountStatus
iotfleetwise.signal_catalog_node,,iotfleetwise,attribute.fullyQualifiedName,dotted,sdb.attribute,,references,doc,medium,global-exact,list_signal_catalog_nodes,iotfleetwise.ListSignalCatalogNodes
iotfleetwise.vehicle_status,,iotfleetwise,vehicleName,scalar,iotfleetwise.vehicle,,references,doc,medium,service-exact,get_vehicle_status,iotfleetwise.GetVehicleStatus
iotsitewise.action,,iotsitewise,targetResource.assetId,dotted,iotsitewise.asset,,references,doc,medium,service-exact,describe_action,iotsitewise.DescribeAction
iotsitewise.asset,,iotsitewise,assetCompositeModels[].externalId,list_dict,iotsitewise.asset_composite_model,,references,doc,medium,service-exact,describe_asset,iotsitewise.DescribeAsset
iotsitewise.asset,,iotsitewise,assetCompositeModels[].properties[].externalId,list_nested,iotsitewise.asset_property,,references,doc,medium,service-exact,describe_asset,iotsitewise.DescribeAsset
iotsitewise.asset,,iotsitewise,externalId,scalar,iotsitewise.asset_property,,references,doc,medium,service-exact,describe_asset,iotsitewise.DescribeAsset
iotsitewise.asset_composite_model,,iotsitewise,actionDefinitions[].actionDefinitionId,list_dict,iotsitewise.action,,references,doc,medium,service-exact,describe_asset_composite_model,iotsitewise.DescribeAssetCompositeModel
iotsitewise.asset_composite_model,,iotsitewise,actionDefinitions[].actionName,list_dict,iotsitewise.action,,references,doc,medium,service-exact,describe_asset_composite_model,iotsitewise.DescribeAssetCompositeModel
iotsitewise.asset_composite_model,,iotsitewise,assetId,scalar,iotsitewise.asset,,references,doc,medium,service-exact,describe_asset_composite_model,iotsitewise.DescribeAssetCompositeModel
iotsitewise.asset_composite_model,,iotsitewise,assetCompositeModelProperties[].externalId,list_dict,iotsitewise.asset_property,,references,doc,medium,service-exact,describe_asset_composite_model,iotsitewise.DescribeAssetCompositeModel
iotsitewise.asset_model,,iotsitewise,assetModelCompositeModels[].externalId,list_dict,iotsitewise.asset_model_composite_model,,references,doc,medium,service-exact,describe_asset_model,iotsitewise.DescribeAssetModel
iotsitewise.asset_model,,iotsitewise,assetModelCompositeModels[].properties[].type.metric.variables[].value.propertyId,list_nested,iottwinmaker.property,,references,doc,medium,global-exact,describe_asset_model,iotsitewise.DescribeAssetModel
iotsitewise.asset_model,,iotsitewise,assetModelCompositeModels[].properties[].type.transform.variables[].value.propertyId,list_nested,iottwinmaker.property,,references,doc,medium,global-exact,describe_asset_model,iotsitewise.DescribeAssetModel
iotsitewise.asset_model,,iotsitewise,type.metric.variables[].value.propertyId,list_dict,iottwinmaker.property,,references,doc,medium,global-exact,describe_asset_model,iotsitewise.DescribeAssetModel
iotsitewise.asset_model,,iotsitewise,type.transform.variables[].value.propertyId,list_dict,iottwinmaker.property,,references,doc,medium,global-exact,describe_asset_model,iotsitewise.DescribeAssetModel
iotsitewise.asset_model_composite_model,,iotsitewise,actionDefinitions[].actionDefinitionId,list_dict,iotsitewise.action,,references,doc,medium,service-exact,describe_asset_model_composite_model,iotsitewise.DescribeAssetModelCompositeModel
iotsitewise.asset_model_composite_model,,iotsitewise,actionDefinitions[].actionName,list_dict,iotsitewise.action,,references,doc,medium,service-exact,describe_asset_model_composite_model,iotsitewise.DescribeAssetModelCompositeModel
iotsitewise.asset_model_composite_model,,iotsitewise,assetModelId,scalar,iotsitewise.asset_model,,references,doc,medium,service-exact,describe_asset_model_composite_model,iotsitewise.DescribeAssetModelCompositeModel
iotsitewise.asset_model_composite_model,,iotsitewise,assetModelCompositeModelProperties[].type.metric.variables[].value.propertyId,list_nested,iottwinmaker.property,,references,doc,medium,global-exact,describe_asset_model_composite_model,iotsitewise.DescribeAssetModelCompositeModel
iotsitewise.asset_model_composite_model,,iotsitewise,assetModelCompositeModelProperties[].type.transform.variables[].value.propertyId,list_nested,iottwinmaker.property,,references,doc,medium,global-exact,describe_asset_model_composite_model,iotsitewise.DescribeAssetModelCompositeModel
iotsitewise.asset_model_property,,iotsitewise,externalId,scalar,iottwinmaker.property,,references,doc,medium,global-exact,list_asset_model_properties,iotsitewise.ListAssetModelProperties
iotsitewise.asset_model_property,,iotsitewise,type.metric.variables[].value.propertyId,list_dict,iottwinmaker.property,,references,doc,medium,global-exact,list_asset_model_properties,iotsitewise.ListAssetModelProperties
iotsitewise.asset_model_property,,iotsitewise,type.transform.variables[].value.propertyId,list_dict,iottwinmaker.property,,references,doc,medium,global-exact,list_asset_model_properties,iotsitewise.ListAssetModelProperties
iotsitewise.asset_property,,iotsitewise,assetExternalId,scalar,iotsitewise.asset,,references,doc,medium,service-exact,describe_asset_property,iotsitewise.DescribeAssetProperty
iotsitewise.asset_property,,iotsitewise,assetId,scalar,iotsitewise.asset,,references,doc,medium,service-exact,describe_asset_property,iotsitewise.DescribeAssetProperty
iotsitewise.asset_property,,iotsitewise,assetName,scalar,iotsitewise.asset,,references,doc,medium,service-exact,describe_asset_property,iotsitewise.DescribeAssetProperty
iotsitewise.asset_property,,iotsitewise,assetModelId,scalar,iotsitewise.asset_model,,references,doc,medium,service-exact,describe_asset_property,iotsitewise.DescribeAssetProperty
iotsitewise.asset_property,,iotsitewise,assetProperty.type.metric.variables[].value.propertyId,list_dict,iottwinmaker.property,,references,doc,medium,global-exact,describe_asset_property,iotsitewise.DescribeAssetProperty
iotsitewise.asset_property,,iotsitewise,assetProperty.type.transform.variables[].value.propertyId,list_dict,iottwinmaker.property,,references,doc,medium,global-exact,describe_asset_property,iotsitewise.DescribeAssetProperty
iotsitewise.asset_property,,iotsitewise,compositeModel.assetProperty.type.metric.variables[].value.propertyId,list_dict,iottwinmaker.property,,references,doc,medium,global-exact,describe_asset_property,iotsitewise.DescribeAssetProperty
iotsitewise.asset_property,,iotsitewise,compositeModel.assetProperty.type.transform.variables[].value.propertyId,list_dict,iottwinmaker.property,,references,doc,medium,global-exact,describe_asset_property,iotsitewise.DescribeAssetProperty
iotsitewise.asset_property,,iotsitewise,externalId,scalar,iottwinmaker.property,,references,doc,medium,global-exact,list_asset_properties,iotsitewise.ListAssetProperties
iotsitewise.associated_asset,,iotsitewise,assetModelId,scalar,iotsitewise.asset,,references,doc,medium,service-exact,list_associated_assets,iotsitewise.ListAssociatedAssets
iotsitewise.associated_asset,,iotsitewise,externalId,scalar,iotsitewise.asset,,references,doc,medium,service-exact,list_associated_assets,iotsitewise.ListAssociatedAssets
iotsitewise.composition_relationship,,iotsitewise,assetModelId,scalar,iotsitewise.asset_model,,references,doc,medium,service-exact,list_composition_relationships,iotsitewise.ListCompositionRelationships
iotsitewise.dashboard,,iotsitewise,projectId,scalar,iotsitewise.project,,references,doc,medium,service-exact,describe_dashboard,iotsitewise.DescribeDashboard
iotsitewise.gateway,,iotsitewise,gatewayName,scalar,iotsitewise.asset,,references,doc,medium,service-exact,list_gateways,iotsitewise.ListGateways
iotsitewise.project,,iotsitewise,portalId,scalar,iotsitewise.portal,,references,doc,medium,service-exact,describe_project,iotsitewise.DescribeProject
iotsitewise.time_sery,,iotsitewise,assetId,scalar,iotsitewise.asset,,references,doc,medium,service-exact,describe_time_series,iotsitewise.DescribeTimeSeries
iotsitewise.time_sery,,iotsitewise,propertyId,scalar,iotsitewise.asset_property,,references,doc,medium,service-exact,describe_time_series,iotsitewise.DescribeTimeSeries
iotthingsgraph.namespace_deletion_status,,iotthingsgraph,namespaceArn,scalar,iotthingsgraph.namespace,,references,doc,medium,service-exact,get_namespace_deletion_status,iotthingsgraph.GetNamespaceDeletionStatus
iotthingsgraph.namespace_deletion_status,,iotthingsgraph,namespaceName,scalar,iotthingsgraph.namespace,,references,doc,medium,service-exact,get_namespace_deletion_status,iotthingsgraph.GetNamespaceDeletionStatus
iotthingsgraph.system_instance,,iotthingsgraph,description.metricsConfiguration.metricRuleRoleArn,dotted,iam.role,iam-role,assumes,doc,medium,well-known,get_system_instance,iotthingsgraph.GetSystemInstance
iottwinmaker.component,,iottwinmaker,componentTypeId,scalar,iottwinmaker.component_type,,references,doc,medium,service-exact,list_components,iottwinmaker.ListComponents
iottwinmaker.component_type,,iottwinmaker,workspaceId,scalar,iottwinmaker.workspace,,references,doc,medium,service-exact,get_component_type,iottwinmaker.GetComponentType
iottwinmaker.entity,,iottwinmaker,workspaceId,scalar,iottwinmaker.workspace,,references,doc,medium,service-exact,get_entity,iottwinmaker.GetEntity
iottwinmaker.property_value_history,,iottwinmaker,entityPropertyReference.componentName,dotted,iottwinmaker.component,,references,doc,medium,service-exact,get_property_value_history,iottwinmaker.GetPropertyValueHistory
iottwinmaker.property_value_history,,iottwinmaker,entityPropertyReference.entityId,dotted,iottwinmaker.entity,,references,doc,medium,service-exact,get_property_value_history,iottwinmaker.GetPropertyValueHistory
iottwinmaker.property_value_history,,iottwinmaker,entityPropertyReference.propertyName,dotted,iottwinmaker.property,,references,doc,medium,service-exact,get_property_value_history,iottwinmaker.GetPropertyValueHistory
iottwinmaker.scene,,iottwinmaker,workspaceId,scalar,iottwinmaker.workspace,,references,doc,medium,service-exact,get_scene,iottwinmaker.GetScene
iottwinmaker.sync_job,,iottwinmaker,workspaceId,scalar,iottwinmaker.workspace,,references,doc,medium,service-exact,get_sync_job,iottwinmaker.GetSyncJob
iotwireless.destination,,iotwireless,RoleArn,scalar,iam.role,iam-role,assumes,doc,medium,well-known,get_destination,iotwireless.GetDestination
iotwireless.multicast_groups_by_fuota_task,,iotwireless,Id,scalar,iotwireless.multicast_group,,references,doc,medium,service-exact,list_multicast_groups_by_fuota_task,iotwireless.ListMulticastGroupsByFuotaTask
iotwireless.wireless_device,,iotwireless,DestinationName,scalar,iotwireless.destination,,references,doc,medium,service-exact,get_wireless_device,iotwireless.GetWirelessDevice
iotwireless.wireless_device,,iotwireless,Sidewalk.CertificateId,dotted,iotwireless.device_profile,,references,doc,medium,service-partial,get_wireless_device,iotwireless.GetWirelessDevice
iotwireless.wireless_device,,iotwireless,Sidewalk.DeviceProfileId,dotted,iotwireless.device_profile,,references,doc,medium,service-partial,get_wireless_device,iotwireless.GetWirelessDevice
iotwireless.wireless_device,,iotwireless,McGroupId,scalar,iotwireless.multicast_group,,references,doc,medium,service-exact,list_wireless_devices,iotwireless.ListWirelessDevices
iotwireless.wireless_device,,iotwireless,LoRaWAN.ServiceProfileId,dotted,iotwireless.service_profile,,references,doc,medium,service-exact,get_wireless_device,iotwireless.GetWirelessDevice
iotwireless.wireless_device_statistic,,iotwireless,WirelessDeviceId,scalar,iotwireless.wireless_device,,references,doc,medium,service-exact,get_wireless_device_statistics,iotwireless.GetWirelessDeviceStatistics
iotwireless.wireless_gateway_statistic,,iotwireless,WirelessGatewayId,scalar,iotwireless.wireless_gateway,,references,doc,medium,service-exact,get_wireless_gateway_statistics,iotwireless.GetWirelessGatewayStatistics
iotwireless.wireless_gateway_task,,iotwireless,WirelessGatewayId,scalar,iotwireless.wireless_gateway,,references,doc,medium,service-exact,get_wireless_gateway_task,iotwireless.GetWirelessGatewayTask
ivs-realtime.composition,,ivs-realtime,composition.destinations[].configuration.channel.encoderConfigurationArn,list_dict,ivs-realtime.encoder_configuration,,references,doc,medium,service-exact,get_composition,ivs-realtime.GetComposition
ivs-realtime.composition,,ivs-realtime,stageArn,scalar,ivs-realtime.stage,,references,doc,medium,service-partial,list_compositions,ivs-realtime.ListCompositions
ivs-realtime.participant_event,,ivs-realtime,participantId,scalar,ivs-realtime.participant,,references,doc,medium,service-exact,list_participant_events,ivs-realtime.ListParticipantEvents
ivs-realtime.participant_event,,ivs-realtime,remoteParticipantId,scalar,ivs-realtime.participant,,references,doc,medium,service-partial,list_participant_events,ivs-realtime.ListParticipantEvents
ivs-realtime.stage_session,,ivs-realtime,sessionId,scalar,ivs-realtime.stage,,references,doc,medium,service-partial,list_stage_sessions,ivs-realtime.ListStageSessions
ivs-realtime.stage_session,,ivs-realtime,stageSession.sessionId,dotted,ivs-realtime.stage,,references,doc,medium,service-partial,get_stage_session,ivs-realtime.GetStageSession
ivs.stream_key,,ivs,channelArn,scalar,ivs.stream,,references,doc,medium,service-exact,list_stream_keys,ivs.ListStreamKeys
ivs.stream_key,,ivs,streamKey.channelArn,dotted,ivs.stream,,references,doc,medium,service-exact,get_stream_key,ivs.GetStreamKey
ivs.stream_key,,ivs,streamKeys[].channelArn,list_dict,ivs.stream,,references,doc,medium,service-exact,batch_get_stream_key,ivs.BatchGetStreamKey
kafka.cluster_operation,,kafka,ClusterArn,scalar,kafka.cluster,kafka,references,doc,medium,service-exact,list_cluster_operations,kafka.ListClusterOperations
kafka.cluster_operation,,kafka,ClusterOperationInfo.ClusterArn,dotted,kafka.cluster,kafka,references,doc,medium,service-exact,describe_cluster_operation,kafka.DescribeClusterOperation
kafka.cluster_operation,,kafka,ClusterOperationInfo.SourceClusterInfo.ConfigurationInfo.Arn,dotted,kafka.configuration,,references,doc,medium,service-exact,describe_cluster_operation,kafka.DescribeClusterOperation
kafka.cluster_operation,,kafka,ClusterOperationInfo.TargetClusterInfo.ConfigurationInfo.Arn,dotted,kafka.configuration,,references,doc,medium,service-exact,describe_cluster_operation,kafka.DescribeClusterOperation
kafka.cluster_operation,,kafka,SourceClusterInfo.ConfigurationInfo.Arn,dotted,kafka.configuration,,references,doc,medium,service-exact,list_cluster_operations,kafka.ListClusterOperations
kafka.cluster_operation,,kafka,TargetClusterInfo.ConfigurationInfo.Arn,dotted,kafka.configuration,,references,doc,medium,service-exact,list_cluster_operations,kafka.ListClusterOperations
kafka.cluster_operation,,kafka,ClusterOperationInfo.SourceClusterInfo.BrokerEBSVolumeInfo[].KafkaBrokerNodeId,list_dict,mq.broker,message-broker,references,doc,medium,global-exact,describe_cluster_operation,kafka.DescribeClusterOperation
kafka.cluster_operation,,kafka,ClusterOperationInfo.TargetClusterInfo.BrokerEBSVolumeInfo[].KafkaBrokerNodeId,list_dict,mq.broker,message-broker,references,doc,medium,global-exact,describe_cluster_operation,kafka.DescribeClusterOperation
kafka.cluster_operation,,kafka,SourceClusterInfo.BrokerEBSVolumeInfo[].KafkaBrokerNodeId,list_dict,mq.broker,message-broker,references,doc,medium,global-exact,list_cluster_operations,kafka.ListClusterOperations
kafka.cluster_operation,,kafka,TargetClusterInfo.BrokerEBSVolumeInfo[].KafkaBrokerNodeId,list_dict,mq.broker,message-broker,references,doc,medium,global-exact,list_cluster_operations,kafka.ListClusterOperations
kafka.cluster_operation_v2,,kafka,ClusterOperationInfo.ClusterArn,dotted,kafka.cluster,kafka,references,doc,medium,service-exact,describe_cluster_operation_v2,kafka.DescribeClusterOperationV2
kafka.cluster_operation_v2,,kafka,ClusterOperationInfo.OperationArn,dotted,kafka.cluster_operation,,references,doc,medium,service-exact,describe_cluster_operation_v2,kafka.DescribeClusterOperationV2
kafka.cluster_operation_v2,,kafka,ClusterOperationInfo.Provisioned.SourceClusterInfo.ConfigurationInfo.Arn,dotted,kafka.configuration,,references,doc,medium,service-exact,describe_cluster_operation_v2,kafka.DescribeClusterOperationV2
kafka.cluster_operation_v2,,kafka,ClusterOperationInfo.Provisioned.TargetClusterInfo.ConfigurationInfo.Arn,dotted,kafka.configuration,,references,doc,medium,service-exact,describe_cluster_operation_v2,kafka.DescribeClusterOperationV2
kafka.cluster_operation_v2,,kafka,ClusterOperationInfo.Provisioned.SourceClusterInfo.BrokerEBSVolumeInfo[].KafkaBrokerNodeId,list_dict,mq.broker,message-broker,references,doc,medium,global-exact,describe_cluster_operation_v2,kafka.DescribeClusterOperationV2
kafka.cluster_operation_v2,,kafka,ClusterOperationInfo.Provisioned.TargetClusterInfo.BrokerEBSVolumeInfo[].KafkaBrokerNodeId,list_dict,mq.broker,message-broker,references,doc,medium,global-exact,describe_cluster_operation_v2,kafka.DescribeClusterOperationV2
kafka.cluster_operations_v2,,kafka,ClusterArn,scalar,kafka.cluster,kafka,references,doc,medium,service-exact,list_cluster_operations_v2,kafka.ListClusterOperationsV2
kafka.cluster_operations_v2,,kafka,OperationArn,scalar,kafka.cluster_operation,,references,doc,medium,service-exact,list_cluster_operations_v2,kafka.ListClusterOperationsV2
kafka.cluster_v2,,kafka,ClusterInfo.ClusterName,dotted,kafka.cluster,kafka,references,doc,medium,service-exact,describe_cluster_v2,kafka.DescribeClusterV2
kafka.node,,kafka,BrokerNodeInfo.BrokerId,dotted,kafka.bootstrap_broker,,references,doc,medium,service-partial,list_nodes,kafka.ListNodes
kafka.vpc_connection,,kafka,VpcId,scalar,ec2.vpc,vpc,contained-in,doc,medium,leaf-hint,describe_vpc_connection,kafka.DescribeVpcConnection
kendra.data_source,,kendra,Configuration.SalesforceConfiguration.KnowledgeArticleConfiguration.CustomKnowledgeArticleTypeConfigurations[].Name,list_dict,kendra.access_control_configuration,,references,doc,medium,service-partial,describe_data_source,kendra.DescribeDataSource
kendra.data_source,,kendra,IndexId,scalar,kendra.index,,references,doc,medium,service-exact,describe_data_source,kendra.DescribeDataSource
kendra.data_source,,kendra,Configuration.S3Configuration.BucketName,dotted,s3.bucket,s3,references,doc,medium,well-known,describe_data_source,kendra.DescribeDataSource
kendra.data_source,,kendra,Configuration.SalesforceConfiguration.StandardObjectConfigurations[].Name,list_dict,securityhub.standard,,references,doc,medium,global-exact,describe_data_source,kendra.DescribeDataSource
kendra.experience,,kendra,DisplayData.GroupName,dotted,kendra.groups_older_than_ordering_id,,references,doc,medium,service-partial,list_experience_entities,kendra.ListExperienceEntities
kendra.experience,,kendra,IndexId,scalar,kendra.index,,references,doc,medium,service-exact,describe_experience,kendra.DescribeExperience
kendra.faq,,kendra,IndexId,scalar,kendra.index,,references,doc,medium,service-exact,describe_faq,kendra.DescribeFaq
kendra.index,,kendra,ServerSideEncryptionConfiguration.KmsKeyId,dotted,kms.key,kms-key,encrypted-by,doc,medium,leaf-hint,describe_index,kendra.DescribeIndex
kendra.indice,,kendra,Id,scalar,kendra.index,,references,doc,medium,service-exact,list_indices,kendra.ListIndices
kendra.indice,,kendra,Name,scalar,kendra.index,,references,doc,medium,service-exact,list_indices,kendra.ListIndices
kendra.query_suggestions_block_list,,kendra,IndexId,scalar,kendra.index,,references,doc,medium,service-exact,describe_query_suggestions_block_list,kendra.DescribeQuerySuggestionsBlockList
kinesis.stream_summary,,kinesis,StreamDescriptionSummary.StreamName,dotted,kinesis.stream,kinesis,references,doc,medium,service-exact,describe_stream_summary,kinesis.DescribeStreamSummary
kinesisanalytics.application,kinesis-analytics,kinesisanalytics,ApplicationDetail.ReferenceDataSourceDescriptions[].ReferenceId,list_dict,kinesisanalytics.application_reference_data_source,,references,doc,medium,service-partial,describe_application,kinesisanalytics.DescribeApplication
kinesisanalyticsv2.application,kinesis-analyticsv2,kinesisanalyticsv2,ApplicationDetail.ApplicationConfigurationDescription.VpcConfigurationDescriptions[].VpcConfigurationId,list_dict,ec2.vpc,vpc,contained-in,doc,medium,well-known,describe_application,kinesisanalyticsv2.DescribeApplication
kinesisanalyticsv2.application,kinesis-analyticsv2,kinesisanalyticsv2,ApplicationDetail.ApplicationConfigurationDescription.VpcConfigurationDescriptions[].VpcId,list_dict,ec2.vpc,vpc,contained-in,doc,medium,leaf-hint,describe_application,kinesisanalyticsv2.DescribeApplication
kinesisanalyticsv2.application,kinesis-analyticsv2,kinesisanalyticsv2,ApplicationDetail.ApplicationConfigurationDescription.SqlApplicationConfigurationDescription.ReferenceDataSourceDescriptions[].ReferenceId,list_dict,kinesisanalyticsv2.application_reference_data_source,,references,doc,medium,service-partial,describe_application,kinesisanalyticsv2.DescribeApplication
kinesisanalyticsv2.application_version,,kinesisanalyticsv2,ApplicationVersionDetail.ApplicationConfigurationDescription.VpcConfigurationDescriptions[].VpcConfigurationId,list_dict,ec2.vpc,vpc,contained-in,doc,medium,well-known,describe_application_version,kinesisanalyticsv2.DescribeApplicationVersion
kinesisanalyticsv2.application_version,,kinesisanalyticsv2,ApplicationVersionDetail.ApplicationConfigurationDescription.VpcConfigurationDescriptions[].VpcId,list_dict,ec2.vpc,vpc,contained-in,doc,medium,leaf-hint,describe_application_version,kinesisanalyticsv2.DescribeApplicationVersion
kinesisanalyticsv2.application_version,,kinesisanalyticsv2,ApplicationVersionDetail.ApplicationName,dotted,kinesisanalyticsv2.application,kinesis-analyticsv2,references,doc,medium,service-exact,describe_application_version,kinesisanalyticsv2.DescribeApplicationVersion
kinesisanalyticsv2.application_version,,kinesisanalyticsv2,ApplicationVersionDetail.ApplicationConfigurationDescription.SqlApplicationConfigurationDescription.ReferenceDataSourceDescriptions[].ReferenceId,list_dict,kinesisanalyticsv2.application_reference_data_source,,references,doc,medium,service-partial,describe_application_version,kinesisanalyticsv2.DescribeApplicationVersion
kinesisvideo.edge_agent_configuration,,kinesisvideo,EdgeConfig.HubDeviceArn,dotted,kinesisvideo.stream,,references,doc,medium,service-exact,list_edge_agent_configurations,kinesisvideo.ListEdgeAgentConfigurations
kinesisvideo.edge_agent_configuration,,kinesisvideo,StreamName,scalar,kinesisvideo.stream,,references,doc,medium,service-exact,list_edge_agent_configurations,kinesisvideo.ListEdgeAgentConfigurations
kinesisvideo.edge_configuration,,kinesisvideo,EdgeConfig.HubDeviceArn,dotted,kinesisvideo.stream,,references,doc,medium,service-exact,describe_edge_configuration,kinesisvideo.DescribeEdgeConfiguration
kinesisvideo.stream,,kinesisvideo,KmsKeyId,scalar,kms.key,kms-key,encrypted-by,doc,medium,leaf-hint,list_streams,kinesisvideo.ListStreams
kinesisvideo.stream,,kinesisvideo,StreamInfo.KmsKeyId,dotted,kms.key,kms-key,encrypted-by,doc,medium,leaf-hint,describe_stream,kinesisvideo.DescribeStream
kms.alias,kms,kms,TargetKeyId,scalar,kms.key,kms-key,encrypted-by,doc,medium,well-known,list_aliases,kms.ListAliases
kms.grant,,kms,KeyId,scalar,kms.key,kms-key,encrypted-by,doc,medium,well-known,list_grants,kms.ListGrants
lakeformation.data_cells_filter,,lakeformation,DataCellsFilter.TableCatalogId,dotted,glue.catalog,,references,doc,medium,global-exact,get_data_cells_filter,lakeformation.GetDataCellsFilter
lakeformation.data_cells_filter,,lakeformation,TableCatalogId,scalar,glue.catalog,,references,doc,medium,global-exact,list_data_cells_filter,lakeformation.ListDataCellsFilter
lakeformation.lake_formation_identity_center_configuration,,lakeformation,CatalogId,scalar,athena.data_catalog,,references,doc,medium,global-exact,describe_lake_formation_identity_center_configuration,lakeformation.DescribeLakeFormationIdentityCenterConfiguration
lakeformation.permissions,,lakeformation,Resource.Database.CatalogId,dotted,athena.data_catalog,,references,doc,medium,global-exact,get_effective_permissions_for_path,lakeformation.GetEffectivePermissionsForPath
lakeformation.permissions,,lakeformation,Resource.LFTag.CatalogId,dotted,athena.data_catalog,,references,doc,medium,global-exact,get_effective_permissions_for_path,lakeformation.GetEffectivePermissionsForPath
lakeformation.permissions,,lakeformation,Resource.LFTagPolicy.CatalogId,dotted,athena.data_catalog,,references,doc,medium,global-exact,get_effective_permissions_for_path,lakeformation.GetEffectivePermissionsForPath
lakeformation.permissions,,lakeformation,Resource.Table.CatalogId,dotted,athena.data_catalog,,references,doc,medium,global-exact,get_effective_permissions_for_path,lakeformation.GetEffectivePermissionsForPath
lakeformation.permissions,,lakeformation,Resource.TableWithColumns.CatalogId,dotted,athena.data_catalog,,references,doc,medium,global-exact,get_effective_permissions_for_path,lakeformation.GetEffectivePermissionsForPath
lakeformation.permissions,,lakeformation,Resource.DataCellsFilter.TableCatalogId,dotted,glue.catalog,,references,doc,medium,global-exact,get_effective_permissions_for_path,lakeformation.GetEffectivePermissionsForPath
lakeformation.permissions,,lakeformation,Resource.DataCellsFilter.Name,dotted,lakeformation.data_cells_filter,,references,doc,medium,service-exact,get_effective_permissions_for_path,lakeformation.GetEffectivePermissionsForPath
lakeformation.permissions,,lakeformation,Resource.Database.Name,dotted,lakeformation.resource,datalake-location,references,doc,medium,service-partial,get_effective_permissions_for_path,lakeformation.GetEffectivePermissionsForPath
lakeformation.permissions,,lakeformation,Resource.TableWithColumns.DatabaseName,dotted,lakeformation.resource,datalake-location,references,doc,medium,service-partial,get_effective_permissions_for_path,lakeformation.GetEffectivePermissionsForPath
lakeformation.permissions,,lakeformation,Resource.TableWithColumns.Name,dotted,lakeformation.resource,datalake-location,references,doc,medium,service-partial,get_effective_permissions_for_path,lakeformation.GetEffectivePermissionsForPath
lakeformation.resource,datalake-location,lakeformation,LFTagOnDatabase[].CatalogId,list_dict,athena.data_catalog,,references,doc,medium,global-exact,get_resource_lf_tags,lakeformation.GetResourceLFTags
lakeformation.resource,datalake-location,lakeformation,LFTagsOnColumns[].LFTags[].CatalogId,list_nested,athena.data_catalog,,references,doc,medium,global-exact,get_resource_lf_tags,lakeformation.GetResourceLFTags
lakeformation.resource,datalake-location,lakeformation,LFTagsOnTable[].CatalogId,list_dict,athena.data_catalog,,references,doc,medium,global-exact,get_resource_lf_tags,lakeformation.GetResourceLFTags
lakeformation.tag,,lakeformation,CatalogId,scalar,athena.data_catalog,,references,doc,medium,global-exact,get_lf_tag,lakeformation.GetLFTag
lambda.event_source_mapping,,lambda,FunctionArn,scalar,lambda.function,lambda,references,doc,medium,service-partial,get_event_source_mapping,lambda.GetEventSourceMapping
lambda.function,lambda,lambda,Configuration.RuntimeVersionConfig.RuntimeVersionArn,dotted,bedrockagentcore.runtime,,references,doc,medium,global-exact,get_function,lambda.GetFunction
lambda.function,lambda,lambda,RuntimeVersionConfig.RuntimeVersionArn,dotted,bedrockagentcore.runtime,,references,doc,medium,global-exact,list_functions,lambda.ListFunctions
lambda.function,lambda,lambda,Configuration.VpcConfig.VpcId,dotted,ec2.vpc,vpc,contained-in,doc,medium,leaf-hint,get_function,lambda.GetFunction
lambda.function,lambda,lambda,VpcConfig.VpcId,dotted,ec2.vpc,vpc,contained-in,doc,medium,leaf-hint,list_functions,lambda.ListFunctions
lambda.function,lambda,lambda,Configuration.KMSKeyArn,dotted,kms.key,kms-key,encrypted-by,doc,medium,leaf-hint,get_function,lambda.GetFunction
lambda.function,lambda,lambda,KMSKeyArn,scalar,kms.key,kms-key,encrypted-by,doc,medium,leaf-hint,list_functions,lambda.ListFunctions
lambda.function,lambda,lambda,Configuration.SigningProfileVersionArn,dotted,lambda.version,,references,doc,medium,service-partial,get_function,lambda.GetFunction
lambda.function,lambda,lambda,SigningProfileVersionArn,scalar,lambda.version,,references,doc,medium,service-partial,list_functions,lambda.ListFunctions
lambda.function,lambda,lambda,Configuration.SigningJobArn,dotted,signer.signing_job,,references,doc,medium,global-exact,get_function,lambda.GetFunction
lambda.function,lambda,lambda,SigningJobArn,scalar,signer.signing_job,,references,doc,medium,global-exact,list_functions,lambda.ListFunctions
lambda.function_configuration,,lambda,RuntimeVersionConfig.RuntimeVersionArn,dotted,bedrockagentcore.runtime,,references,doc,medium,global-exact,get_function_configuration,lambda.GetFunctionConfiguration
lambda.function_configuration,,lambda,VpcConfig.VpcId,dotted,ec2.vpc,vpc,contained-in,doc,medium,leaf-hint,get_function_configuration,lambda.GetFunctionConfiguration
lambda.function_configuration,,lambda,KMSKeyArn,scalar,kms.key,kms-key,encrypted-by,doc,medium,leaf-hint,get_function_configuration,lambda.GetFunctionConfiguration
lambda.function_configuration,,lambda,FunctionName,scalar,lambda.function,lambda,references,doc,medium,service-exact,get_function_configuration,lambda.GetFunctionConfiguration
lambda.function_configuration,,lambda,MasterArn,scalar,lambda.function,lambda,references,doc,medium,service-partial,get_function_configuration,lambda.GetFunctionConfiguration
lambda.function_configuration,,lambda,SigningProfileVersionArn,scalar,lambda.version,,references,doc,medium,service-partial,get_function_configuration,lambda.GetFunctionConfiguration
lambda.function_configuration,,lambda,SigningJobArn,scalar,signer.signing_job,,references,doc,medium,global-exact,get_function_configuration,lambda.GetFunctionConfiguration
lambda.layer_version_policy,,lambda,RevisionId,scalar,lambda.policy,,references,doc,medium,service-partial,get_layer_version_policy,lambda.GetLayerVersionPolicy
lambda.version,,lambda,RuntimeVersionConfig.RuntimeVersionArn,dotted,bedrockagentcore.runtime,,references,doc,medium,global-exact,list_versions_by_function,lambda.ListVersionsByFunction
lambda.version,,lambda,VpcConfig.VpcId,dotted,ec2.vpc,vpc,contained-in,doc,medium,leaf-hint,list_versions_by_function,lambda.ListVersionsByFunction
lambda.version,,lambda,KMSKeyArn,scalar,kms.key,kms-key,encrypted-by,doc,medium,leaf-hint,list_versions_by_function,lambda.ListVersionsByFunction
lambda.version,,lambda,FunctionName,scalar,lambda.function,lambda,references,doc,medium,service-exact,list_versions_by_function,lambda.ListVersionsByFunction
lambda.version,,lambda,MasterArn,scalar,lambda.function,lambda,references,doc,medium,service-partial,list_versions_by_function,lambda.ListVersionsByFunction
lambda.version,,lambda,SigningJobArn,scalar,signer.signing_job,,references,doc,medium,global-exact,list_versions_by_function,lambda.ListVersionsByFunction
launch-wizard.deployment,,launch-wizard,deployment.workloadName,dotted,launch-wizard.workload,,references,doc,medium,service-exact,get_deployment,launch-wizard.GetDeployment
launch-wizard.deployment,,launch-wizard,workloadName,scalar,launch-wizard.workload,,references,doc,medium,service-exact,list_deployments,launch-wizard.ListDeployments
launch-wizard.deployment,,launch-wizard,patternName,scalar,launch-wizard.workload_deployment_pattern,,references,doc,medium,service-exact,list_deployments,launch-wizard.ListDeployments
launch-wizard.workload_deployment_pattern,,launch-wizard,workloadName,scalar,launch-wizard.workload,,references,doc,medium,service-exact,list_workload_deployment_patterns,launch-wizard.ListWorkloadDeploymentPatterns
launch-wizard.workload_deployment_pattern,,launch-wizard,workloadVersionName,scalar,launch-wizard.workload,,references,doc,medium,service-exact,list_workload_deployment_patterns,launch-wizard.ListWorkloadDeploymentPatterns
lex-models.bot,lex-bot,lex-models,intentName,scalar,lex-models.intent,,references,doc,medium,service-exact,get_bot,lex-models.GetBot
lex-models.bot_alias,,lex-models,botName,scalar,lex-models.bot,lex-bot,references,doc,medium,service-exact,get_bot_alias,lex-models.GetBotAlias
lex-models.migration,,lex-models,v1BotName,scalar,lex-models.bot,lex-bot,references,doc,medium,service-partial,get_migration,lex-models.GetMigration
lex-runtime.session,,lex-runtime,dialogAction.intentName,dotted,lex-models.intent,,references,doc,medium,global-exact,get_session,lex-runtime.GetSession
lex-runtime.session,,lex-runtime,intentName,scalar,lex-models.intent,,references,doc,medium,global-exact,get_session,lex-runtime.GetSession
lexv2-models.export,,lexv2-models,resourceSpecification.botExportSpecification.botId,dotted,lexv2-models.bot,,references,doc,medium,service-exact,describe_export,lexv2-models.DescribeExport
lexv2-models.export,,lexv2-models,resourceSpecification.botLocaleExportSpecification.botId,dotted,lexv2-models.bot,,references,doc,medium,service-exact,describe_export,lexv2-models.DescribeExport
lexv2-models.export,,lexv2-models,resourceSpecification.testSetExportSpecification.testSetId,dotted,lexv2-models.test_set,,references,doc,medium,service-exact,describe_export,lexv2-models.DescribeExport
lexv2-models.import,,lexv2-models,resourceSpecification.botLocaleImportSpecification.botId,dotted,lexv2-models.bot,,references,doc,medium,service-exact,describe_import,lexv2-models.DescribeImport
lexv2-models.import,,lexv2-models,resourceSpecification.customVocabularyImportSpecification.botId,dotted,lexv2-models.bot,,references,doc,medium,service-exact,describe_import,lexv2-models.DescribeImport
lexv2-models.import,,lexv2-models,resourceSpecification.testSetImportResourceSpecification.testSetName,dotted,lexv2-models.test_set,,references,doc,medium,service-exact,describe_import,lexv2-models.DescribeImport
lexv2-models.test_execution,,lexv2-models,testExecutionResults.conversationLevelTestResults.items[].conversationId,list_dict,devicefarm.test,,references,doc,medium,global-exact,list_test_execution_result_items,lexv2-models.ListTestExecutionResultItems
lexv2-models.test_execution,,lexv2-models,testSetId,scalar,devicefarm.test,,references,doc,medium,global-exact,list_test_executions,lexv2-models.ListTestExecutions
lexv2-models.test_execution,,lexv2-models,testSetName,scalar,devicefarm.test,,references,doc,medium,global-exact,list_test_executions,lexv2-models.ListTestExecutions
lexv2-models.test_execution,,lexv2-models,testExecutionResults.intentClassificationTestResults.items[].intentName,list_dict,lex-models.intent,,references,doc,medium,global-exact,list_test_execution_result_items,lexv2-models.ListTestExecutionResultItems
lexv2-models.test_execution,,lexv2-models,testExecutionResults.intentLevelSlotResolutionTestResults.items[].intentName,list_dict,lex-models.intent,,references,doc,medium,global-exact,list_test_execution_result_items,lexv2-models.ListTestExecutionResultItems
lexv2-models.test_execution,,lexv2-models,target.botAliasTarget.botAliasId,dotted,lexv2-models.bot,,references,doc,medium,service-exact,describe_test_execution,lexv2-models.DescribeTestExecution
lexv2-models.test_execution,,lexv2-models,target.botAliasTarget.botId,dotted,lexv2-models.bot,,references,doc,medium,service-exact,describe_test_execution,lexv2-models.DescribeTestExecution
lexv2-models.test_execution,,lexv2-models,target.botAliasTarget.localeId,dotted,lexv2-models.bot,,references,doc,medium,service-exact,describe_test_execution,lexv2-models.DescribeTestExecution
lexv2-models.test_execution,,lexv2-models,testExecutionId,scalar,lexv2-models.test_set,,references,doc,medium,service-partial,describe_test_execution,lexv2-models.DescribeTestExecution
lexv2-models.test_execution,,lexv2-models,testSetId,scalar,lexv2-models.test_set,,references,doc,medium,service-partial,describe_test_execution,lexv2-models.DescribeTestExecution
lexv2-models.test_execution,,lexv2-models,testSetName,scalar,lexv2-models.test_set,,references,doc,medium,service-partial,describe_test_execution,lexv2-models.DescribeTestExecution
lexv2-models.test_execution,,lexv2-models,testExecutionResults.utteranceLevelTestResults.items[].conversationId,list_dict,qbusiness.conversation,,references,doc,medium,global-exact,list_test_execution_result_items,lexv2-models.ListTestExecutionResultItems
lexv2-models.test_set,,lexv2-models,conversationId,scalar,qbusiness.conversation,,references,doc,medium,global-exact,list_test_set_records,lexv2-models.ListTestSetRecords
lexv2-models.test_set_discrepancy_report,,lexv2-models,testSetDiscrepancyReportId,scalar,devicefarm.test,,references,doc,medium,global-exact,describe_test_set_discrepancy_report,lexv2-models.DescribeTestSetDiscrepancyReport
lexv2-models.test_set_discrepancy_report,,lexv2-models,testSetDiscrepancyTopErrors.intentDiscrepancies[].intentName,list_dict,lex-models.intent,,references,doc,medium,global-exact,describe_test_set_discrepancy_report,lexv2-models.DescribeTestSetDiscrepancyReport
lexv2-models.test_set_discrepancy_report,,lexv2-models,target.botAliasTarget.botAliasId,dotted,lexv2-models.bot,,references,doc,medium,service-exact,describe_test_set_discrepancy_report,lexv2-models.DescribeTestSetDiscrepancyReport
lexv2-models.test_set_discrepancy_report,,lexv2-models,target.botAliasTarget.botId,dotted,lexv2-models.bot,,references,doc,medium,service-exact,describe_test_set_discrepancy_report,lexv2-models.DescribeTestSetDiscrepancyReport
lexv2-models.test_set_discrepancy_report,,lexv2-models,target.botAliasTarget.localeId,dotted,lexv2-models.bot,,references,doc,medium,service-partial,describe_test_set_discrepancy_report,lexv2-models.DescribeTestSetDiscrepancyReport
lexv2-models.test_set_generation,,lexv2-models,testSetId,scalar,lexv2-models.test_set,,references,doc,medium,service-partial,describe_test_set_generation,lexv2-models.DescribeTestSetGeneration
lexv2-models.test_set_generation,,lexv2-models,testSetName,scalar,lexv2-models.test_set,,references,doc,medium,service-partial,describe_test_set_generation,lexv2-models.DescribeTestSetGeneration
lexv2-models.test_set_generation,,lexv2-models,generationDataSource.conversationLogsDataSource.localeId,dotted,qbusiness.conversation,,references,doc,medium,global-exact,describe_test_set_generation,lexv2-models.DescribeTestSetGeneration
license-manager-user-subscriptions.instance,,license-manager-user-subscriptions,InstanceId,scalar,ec2.instance,ec2,references,doc,medium,leaf-hint,list_instances,license-manager-user-subscriptions.ListInstances
license-manager-user-subscriptions.user_association,,license-manager-user-subscriptions,InstanceId,scalar,ec2.instance,ec2,references,doc,medium,leaf-hint,list_user_associations,license-manager-user-subscriptions.ListUserAssociations
license-manager.license_conversion_task,,license-manager,LicenseConversionTaskId,scalar,license-manager.license,,references,doc,medium,service-exact,get_license_conversion_task,license-manager.GetLicenseConversionTask
lightsail.bucket,,lightsail,accessKeyId,scalar,iam.access_key,,references,doc,medium,global-exact,get_bucket_access_keys,lightsail.GetBucketAccessKeys
lightsail.relational_database_snapshot,,lightsail,relationalDatabaseBlueprintId,scalar,lightsail.database,,references,doc,medium,service-exact,get_relational_databases,lightsail.GetRelationalDatabases
lightsail.relational_database_snapshot,,lightsail,relationalDatabaseBundleId,scalar,lightsail.database,,references,doc,medium,service-exact,get_relational_databases,lightsail.GetRelationalDatabases
location.geofence_collection,,location,KmsKeyId,scalar,kms.key,kms-key,encrypted-by,doc,medium,leaf-hint,describe_geofence_collection,location.DescribeGeofenceCollection
location.place_index,,location,IndexName,scalar,location.place,,references,doc,medium,service-exact,describe_place_index,location.DescribePlaceIndex
location.tracker,,location,KmsKeyId,scalar,kms.key,kms-key,encrypted-by,doc,medium,leaf-hint,describe_tracker,location.DescribeTracker
logs.export_task,,logs,logGroupName,scalar,logs.log_group,log-group,references,doc,medium,well-known,describe_export_tasks,logs.DescribeExportTasks
logs.log_anomaly_detector,,logs,kmsKeyId,scalar,kms.key,kms-key,encrypted-by,doc,medium,well-known,get_log_anomaly_detector,logs.GetLogAnomalyDetector
logs.log_anomaly_detector,,logs,anomalyDetectorArn,scalar,logs.anomaly,,references,doc,medium,service-exact,list_log_anomaly_detectors,logs.ListLogAnomalyDetectors
logs.log_anomaly_detector,,logs,detectorName,scalar,logs.anomaly,,references,doc,medium,service-exact,list_log_anomaly_detectors,logs.ListLogAnomalyDetectors
logs.metric_filter,log-metric,logs,logGroupName,scalar,logs.log_group,log-group,references,doc,medium,well-known,describe_metric_filters,logs.DescribeMetricFilters
logs.query,,logs,logGroupName,scalar,logs.log_group,log-group,references,doc,medium,well-known,describe_queries,logs.DescribeQueries
logs.subscription_filter,,logs,logGroupName,scalar,logs.log_group,log-group,references,doc,medium,well-known,describe_subscription_filters,logs.DescribeSubscriptionFilters
lookoutequipment.data_ingestion_job,,lookoutequipment,DatasetName,scalar,lookoutequipment.dataset,,references,doc,medium,service-exact,list_data_ingestion_jobs,lookoutequipment.ListDataIngestionJobs
lookoutequipment.inference_execution,,lookoutequipment,DataOutputConfiguration.KmsKeyId,dotted,kms.key,kms-key,encrypted-by,doc,medium,leaf-hint,list_inference_executions,lookoutequipment.ListInferenceExecutions
lookoutequipment.inference_scheduler,,lookoutequipment,DataOutputConfiguration.KmsKeyId,dotted,kms.key,kms-key,encrypted-by,doc,medium,leaf-hint,describe_inference_scheduler,lookoutequipment.DescribeInferenceScheduler
lookoutequipment.label,,lookoutequipment,LabelGroupName,scalar,lookoutequipment.label_group,,references,doc,medium,service-exact,list_labels,lookoutequipment.ListLabels
lookoutequipment.model,,lookoutequipment,ModelDiagnosticsOutputConfiguration.KmsKeyId,dotted,kms.key,kms-key,encrypted-by,doc,medium,leaf-hint,describe_model,lookoutequipment.DescribeModel
lookoutequipment.model,,lookoutequipment,LabelsInputConfiguration.LabelGroupName,dotted,lookoutequipment.label,,references,doc,medium,service-exact,describe_model,lookoutequipment.DescribeModel
lookoutequipment.model_version,,lookoutequipment,ModelDiagnosticsOutputConfiguration.KmsKeyId,dotted,kms.key,kms-key,encrypted-by,doc,medium,leaf-hint,describe_model_version,lookoutequipment.DescribeModelVersion
lookoutequipment.model_version,,lookoutequipment,DatasetName,scalar,lookoutequipment.dataset,,references,doc,medium,service-exact,describe_model_version,lookoutequipment.DescribeModelVersion
lookoutequipment.model_version,,lookoutequipment,LabelsInputConfiguration.LabelGroupName,dotted,lookoutequipment.label,,references,doc,medium,service-exact,describe_model_version,lookoutequipment.DescribeModelVersion
lookoutequipment.model_version,,lookoutequipment,ModelName,scalar,lookoutequipment.model,,references,doc,medium,service-exact,list_model_versions,lookoutequipment.ListModelVersions
m2.application,,m2,logGroups[].logGroupName,list_dict,logs.log_group,log-group,references,doc,medium,well-known,get_application,m2.GetApplication
m2.batch_job_execution,,m2,applicationId,scalar,m2.application,,references,doc,medium,service-exact,get_batch_job_execution,m2.GetBatchJobExecution
m2.batch_job_execution,,m2,batchJobIdentifier.s3BatchJobIdentifier.identifier.scriptName,dotted,m2.batch_job_definition,,references,doc,medium,service-partial,get_batch_job_execution,m2.GetBatchJobExecution
m2.batch_job_execution,,m2,batchJobIdentifier.scriptBatchJobIdentifier.scriptName,dotted,m2.batch_job_definition,,references,doc,medium,service-partial,get_batch_job_execution,m2.GetBatchJobExecution
m2.data_set_detail,,m2,dataSetName,scalar,m2.data_set,,references,doc,medium,service-exact,get_data_set_details,m2.GetDataSetDetails
m2.data_set_import_history,,m2,taskId,scalar,m2.data_set_import_task,,references,doc,medium,service-exact,list_data_set_import_history,m2.ListDataSetImportHistory
m2.deployment,,m2,applicationId,scalar,m2.application,,references,doc,medium,service-exact,get_deployment,m2.GetDeployment
m2.deployment,,m2,environmentId,scalar,m2.environment,,references,doc,medium,service-partial,get_deployment,m2.GetDeployment
m2.environment,,m2,vpcId,scalar,ec2.vpc,vpc,contained-in,doc,medium,leaf-hint,get_environment,m2.GetEnvironment
machinelearning.evaluation,,machinelearning,MLModelId,scalar,machinelearning.ml_model,ml-model,references,doc,medium,service-exact,describe_evaluations,machinelearning.DescribeEvaluations
machinelearning.ml_model,ml-model,machinelearning,TrainingDataSourceId,scalar,machinelearning.data_source,,references,doc,medium,service-partial,describe_ml_models,machinelearning.DescribeMLModels
macie2.administrator_account,,macie2,administrator.invitationId,dotted,macie2.invitation,,references,doc,medium,service-exact,get_administrator_account,macie2.GetAdministratorAccount
macie2.allow_list,,macie2,criteria.s3WordsList.bucketName,dotted,s3.bucket,s3,references,doc,medium,well-known,get_allow_list,macie2.GetAllowList
macie2.bucket,,macie2,bucketName,scalar,s3.bucket,s3,references,doc,medium,well-known,describe_buckets,macie2.DescribeBuckets
macie2.classification_export_configuration,,macie2,configuration.s3Destination.bucketName,dotted,s3.bucket,s3,references,doc,medium,well-known,get_classification_export_configuration,macie2.GetClassificationExportConfiguration
macie2.master_account,,macie2,master.invitationId,dotted,macie2.invitation,,references,doc,medium,service-exact,get_master_account,macie2.GetMasterAccount
managedblockchain-query.transaction_event,,managedblockchain-query,tokenId,scalar,managedblockchain-query.transaction,,references,doc,medium,service-partial,list_transaction_events,managedblockchain-query.ListTransactionEvents
managedblockchain-query.transaction_event,,managedblockchain-query,transactionId,scalar,managedblockchain-query.transaction,,references,doc,medium,service-exact,list_transaction_events,managedblockchain-query.ListTransactionEvents
managedblockchain.invitation,,managedblockchain,NetworkSummary.Id,dotted,managedblockchain.network,,references,doc,medium,service-exact,list_invitations,managedblockchain.ListInvitations
managedblockchain.invitation,,managedblockchain,NetworkSummary.Name,dotted,managedblockchain.network,,references,doc,medium,service-exact,list_invitations,managedblockchain.ListInvitations
managedblockchain.member,,managedblockchain,Member.KmsKeyArn,dotted,kms.key,kms-key,encrypted-by,doc,medium,leaf-hint,get_member,managedblockchain.GetMember
managedblockchain.member,,managedblockchain,Member.NetworkId,dotted,managedblockchain.network,,references,doc,medium,service-exact,get_member,managedblockchain.GetMember
managedblockchain.network,,managedblockchain,Network.VpcEndpointServiceName,dotted,ec2.vpc,vpc,contained-in,doc,medium,well-known,get_network,managedblockchain.GetNetwork
managedblockchain.node,,managedblockchain,Node.KmsKeyArn,dotted,kms.key,kms-key,encrypted-by,doc,medium,leaf-hint,get_node,managedblockchain.GetNode
managedblockchain.node,,managedblockchain,Node.MemberId,dotted,managedblockchain.member,,references,doc,medium,service-exact,get_node,managedblockchain.GetNode
managedblockchain.node,,managedblockchain,Node.NetworkId,dotted,managedblockchain.network,,references,doc,medium,service-exact,get_node,managedblockchain.GetNode
managedblockchain.proposal,,managedblockchain,Proposal.Actions.Removals[].MemberId,list_dict,managedblockchain.member,,references,doc,medium,service-exact,get_proposal,managedblockchain.GetProposal
managedblockchain.proposal,,managedblockchain,Proposal.ProposedByMemberId,dotted,managedblockchain.member,,references,doc,medium,service-exact,get_proposal,managedblockchain.GetProposal
managedblockchain.proposal,,managedblockchain,Proposal.ProposedByMemberName,dotted,managedblockchain.member,,references,doc,medium,service-exact,get_proposal,managedblockchain.GetProposal
managedblockchain.proposal,,managedblockchain,ProposedByMemberId,scalar,managedblockchain.member,,references,doc,medium,service-exact,list_proposals,managedblockchain.ListProposals
managedblockchain.proposal,,managedblockchain,ProposedByMemberName,scalar,managedblockchain.member,,references,doc,medium,service-exact,list_proposals,managedblockchain.ListProposals
managedblockchain.proposal,,managedblockchain,Proposal.NetworkId,dotted,managedblockchain.network,,references,doc,medium,service-exact,get_proposal,managedblockchain.GetProposal
managedblockchain.proposal_vote,,managedblockchain,MemberId,scalar,managedblockchain.member,,references,doc,medium,service-exact,list_proposal_votes,managedblockchain.ListProposalVotes
managedblockchain.proposal_vote,,managedblockchain,MemberName,scalar,managedblockchain.member,,references,doc,medium,service-exact,list_proposal_votes,managedblockchain.ListProposalVotes
marketplace-catalog.change_set,,marketplace-catalog,Entity.Identifier,dotted,marketplace-catalog.entity,,references,doc,medium,service-exact,describe_change_set,marketplace-catalog.DescribeChangeSet
mediaconnect.bridge,,mediaconnect,Bridge.EgressGatewayBridge.InstanceId,dotted,ec2.instance,ec2,references,doc,medium,leaf-hint,describe_bridge,mediaconnect.DescribeBridge
mediaconnect.bridge,,mediaconnect,Bridge.IngressGatewayBridge.InstanceId,dotted,ec2.instance,ec2,references,doc,medium,leaf-hint,describe_bridge,mediaconnect.DescribeBridge
mediaconnect.bridge,,mediaconnect,Bridge.Sources[].FlowSource.FlowVpcInterfaceAttachment.VpcInterfaceName,list_dict,ec2.vpc,vpc,contained-in,doc,medium,well-known,describe_bridge,mediaconnect.DescribeBridge
mediaconnect.bridge,,mediaconnect,Bridge.Sources[].FlowSource.Name,list_dict,mediaconnect.flow_source,,references,doc,medium,service-exact,describe_bridge,mediaconnect.DescribeBridge
mediaconnect.bridge,,mediaconnect,PlacementArn,scalar,mediaconnect.gateway,,references,doc,medium,service-exact,list_bridges,mediaconnect.ListBridges
mediaconnect.flow,,mediaconnect,Flow.VpcInterfaces[].SubnetId,list_dict,ec2.subnet,subnet,contained-in,doc,medium,leaf-hint,describe_flow,mediaconnect.DescribeFlow
mediaconnect.flow,,mediaconnect,Flow.Outputs[].MediaStreamOutputConfigurations[].DestinationConfigurations[].Interface.Name,list_nested,ec2.vpc,vpc,contained-in,doc,medium,well-known,describe_flow,mediaconnect.DescribeFlow
mediaconnect.flow,,mediaconnect,Flow.Outputs[].VpcInterfaceAttachment.VpcInterfaceName,list_dict,ec2.vpc,vpc,contained-in,doc,medium,well-known,describe_flow,mediaconnect.DescribeFlow
mediaconnect.flow,,mediaconnect,Flow.Source.GatewayBridgeSource.VpcInterfaceAttachment.VpcInterfaceName,dotted,ec2.vpc,vpc,contained-in,doc,medium,well-known,describe_flow,mediaconnect.DescribeFlow
mediaconnect.flow,,mediaconnect,Flow.Source.MediaStreamSourceConfigurations[].InputConfigurations[].Interface.Name,list_nested,ec2.vpc,vpc,contained-in,doc,medium,well-known,describe_flow,mediaconnect.DescribeFlow
mediaconnect.flow,,mediaconnect,Flow.Source.VpcInterfaceName,dotted,ec2.vpc,vpc,contained-in,doc,medium,well-known,describe_flow,mediaconnect.DescribeFlow
mediaconnect.flow,,mediaconnect,Flow.Sources[].GatewayBridgeSource.VpcInterfaceAttachment.VpcInterfaceName,list_dict,ec2.vpc,vpc,contained-in,doc,medium,well-known,describe_flow,mediaconnect.DescribeFlow
mediaconnect.flow,,mediaconnect,Flow.Sources[].MediaStreamSourceConfigurations[].InputConfigurations[].Interface.Name,list_nested,ec2.vpc,vpc,contained-in,doc,medium,well-known,describe_flow,mediaconnect.DescribeFlow
mediaconnect.flow,,mediaconnect,Flow.Sources[].VpcInterfaceName,list_dict,ec2.vpc,vpc,contained-in,doc,medium,well-known,describe_flow,mediaconnect.DescribeFlow
mediaconnect.flow,,mediaconnect,Flow.Entitlements[].Encryption.RoleArn,list_dict,iam.role,iam-role,assumes,doc,medium,well-known,describe_flow,mediaconnect.DescribeFlow
mediaconnect.flow,,mediaconnect,Flow.Outputs[].Encryption.RoleArn,list_dict,iam.role,iam-role,assumes,doc,medium,well-known,describe_flow,mediaconnect.DescribeFlow
mediaconnect.flow,,mediaconnect,Flow.Source.Decryption.RoleArn,dotted,iam.role,iam-role,assumes,doc,medium,well-known,describe_flow,mediaconnect.DescribeFlow
mediaconnect.flow,,mediaconnect,Flow.Sources[].Decryption.RoleArn,list_dict,iam.role,iam-role,assumes,doc,medium,well-known,describe_flow,mediaconnect.DescribeFlow
mediaconnect.flow,,mediaconnect,Flow.Outputs[].BridgeArn,list_dict,mediaconnect.bridge,,references,doc,medium,service-exact,describe_flow,mediaconnect.DescribeFlow
mediaconnect.flow,,mediaconnect,Flow.Source.GatewayBridgeSource.BridgeArn,dotted,mediaconnect.bridge,,references,doc,medium,service-exact,describe_flow,mediaconnect.DescribeFlow
mediaconnect.flow,,mediaconnect,Flow.Sources[].GatewayBridgeSource.BridgeArn,list_dict,mediaconnect.bridge,,references,doc,medium,service-exact,describe_flow,mediaconnect.DescribeFlow
mediaconnect.flow,,mediaconnect,Flow.Entitlements[].EntitlementArn,list_dict,mediaconnect.entitlement,,references,doc,medium,service-exact,describe_flow,mediaconnect.DescribeFlow
mediaconnect.flow,,mediaconnect,Flow.Entitlements[].Name,list_dict,mediaconnect.entitlement,,references,doc,medium,service-exact,describe_flow,mediaconnect.DescribeFlow
mediaconnect.gateway,,mediaconnect,Gateway.Networks[].Name,list_dict,mediaconnect.router_network_interface,,references,doc,medium,service-partial,describe_gateway,mediaconnect.DescribeGateway
mediaconnect.gateway_instance,,mediaconnect,GatewayInstance.InstanceId,dotted,ec2.instance,ec2,references,doc,medium,leaf-hint,describe_gateway_instance,mediaconnect.DescribeGatewayInstance
mediaconnect.gateway_instance,,mediaconnect,InstanceId,scalar,ec2.instance,ec2,references,doc,medium,leaf-hint,list_gateway_instances,mediaconnect.ListGatewayInstances
medialive.account_configuration,,medialive,AccountConfiguration.KmsKeyId,dotted,kms.key,kms-key,encrypted-by,doc,medium,leaf-hint,describe_account_configuration,medialive.DescribeAccountConfiguration
medialive.input,,medialive,Destinations[].Vpc.NetworkInterfaceId,list_dict,ec2.network_interface,eni,attached-to,doc,medium,leaf-hint,describe_input,medialive.DescribeInput
medialive.input_device,,medialive,UhdDeviceSettings.MediaconnectSettings.SecretArn,dotted,secretsmanager.secret,secrets-manager,references,doc,medium,global-exact,describe_input_device,medialive.DescribeInputDevice
medialive.input_device_transfer,,medialive,Id,scalar,medialive.input_device,,references,doc,medium,service-exact,list_input_device_transfers,medialive.ListInputDeviceTransfers
mediapackage-vod.asset,,mediapackage-vod,PackagingGroupId,scalar,mediapackage-vod.packaging_group,,references,doc,medium,service-exact,describe_asset,mediapackage-vod.DescribeAsset
mediapackage.harvest_job,,mediapackage,ChannelId,scalar,mediapackage.channel,,references,doc,medium,service-exact,describe_harvest_job,mediapackage.DescribeHarvestJob
mediapackage.origin_endpoint,,mediapackage,ChannelId,scalar,mediapackage.channel,,references,doc,medium,service-exact,describe_origin_endpoint,mediapackage.DescribeOriginEndpoint
mediapackagev2.channel,,mediapackagev2,ChannelGroupName,scalar,mediapackagev2.channel_group,,references,doc,medium,service-exact,get_channel,mediapackagev2.GetChannel
mediapackagev2.channel_policy,,mediapackagev2,ChannelName,scalar,mediapackagev2.channel,,references,doc,medium,service-exact,get_channel_policy,mediapackagev2.GetChannelPolicy
mediapackagev2.channel_policy,,mediapackagev2,ChannelGroupName,scalar,mediapackagev2.channel_group,,references,doc,medium,service-exact,get_channel_policy,mediapackagev2.GetChannelPolicy
mediapackagev2.origin_endpoint,,mediapackagev2,ChannelName,scalar,mediapackagev2.channel,,references,doc,medium,service-exact,get_origin_endpoint,mediapackagev2.GetOriginEndpoint
mediapackagev2.origin_endpoint,,mediapackagev2,ChannelGroupName,scalar,mediapackagev2.channel_group,,references,doc,medium,service-exact,get_origin_endpoint,mediapackagev2.GetOriginEndpoint
mediapackagev2.origin_endpoint_policy,,mediapackagev2,ChannelName,scalar,mediapackagev2.channel,,references,doc,medium,service-exact,get_origin_endpoint_policy,mediapackagev2.GetOriginEndpointPolicy
mediapackagev2.origin_endpoint_policy,,mediapackagev2,ChannelGroupName,scalar,mediapackagev2.channel_group,,references,doc,medium,service-exact,get_origin_endpoint_policy,mediapackagev2.GetOriginEndpointPolicy
mediapackagev2.origin_endpoint_policy,,mediapackagev2,OriginEndpointName,scalar,mediapackagev2.origin_endpoint,,references,doc,medium,service-exact,get_origin_endpoint_policy,mediapackagev2.GetOriginEndpointPolicy
mediatailor.channel_schedule,,mediatailor,ChannelName,scalar,mediatailor.channel,,references,doc,medium,service-exact,get_channel_schedule,mediatailor.GetChannelSchedule
mediatailor.channel_schedule,,mediatailor,Arn,scalar,mediatailor.program,,references,doc,medium,service-exact,get_channel_schedule,mediatailor.GetChannelSchedule
mediatailor.channel_schedule,,mediatailor,ProgramName,scalar,mediatailor.program,,references,doc,medium,service-exact,get_channel_schedule,mediatailor.GetChannelSchedule
mediatailor.channel_schedule,,mediatailor,SourceLocationName,scalar,mediatailor.source_location,,references,doc,medium,service-exact,get_channel_schedule,mediatailor.GetChannelSchedule
mediatailor.channel_schedule,,mediatailor,ScheduleAdBreaks[].VodSourceName,list_dict,mediatailor.vod_source,,references,doc,medium,service-partial,get_channel_schedule,mediatailor.GetChannelSchedule
mediatailor.channel_schedule,,mediatailor,VodSourceName,scalar,mediatailor.vod_source,,references,doc,medium,service-exact,get_channel_schedule,mediatailor.GetChannelSchedule
mediatailor.live_source,,mediatailor,SourceLocationName,scalar,mediatailor.source_location,,references,doc,medium,service-exact,list_live_sources,mediatailor.ListLiveSources
mediatailor.program,,mediatailor,ChannelName,scalar,mediatailor.channel,,references,doc,medium,service-exact,describe_program,mediatailor.DescribeProgram
mediatailor.program,,mediatailor,LiveSourceName,scalar,mediatailor.live_source,,references,doc,medium,service-exact,describe_program,mediatailor.DescribeProgram
memorydb.cluster,,memorydb,SecurityGroups[].SecurityGroupId,list_dict,ec2.security_group,security-group,protected-by,doc,medium,well-known,describe_clusters,memorydb.DescribeClusters
memorydb.cluster,,memorydb,KmsKeyId,scalar,kms.key,kms-key,encrypted-by,doc,medium,leaf-hint,describe_clusters,memorydb.DescribeClusters
memorydb.snapshot,,memorydb,ClusterConfiguration.VpcId,dotted,ec2.vpc,vpc,contained-in,doc,medium,leaf-hint,describe_snapshots,memorydb.DescribeSnapshots
memorydb.snapshot,,memorydb,KmsKeyId,scalar,kms.key,kms-key,encrypted-by,doc,medium,leaf-hint,describe_snapshots,memorydb.DescribeSnapshots
memorydb.subnet_group,,memorydb,Subnets[].Identifier,list_dict,ec2.subnet,subnet,contained-in,doc,medium,well-known,describe_subnet_groups,memorydb.DescribeSubnetGroups
memorydb.subnet_group,,memorydb,VpcId,scalar,ec2.vpc,vpc,contained-in,doc,medium,leaf-hint,describe_subnet_groups,memorydb.DescribeSubnetGroups
migration-hub-refactor-spaces.application,,migration-hub-refactor-spaces,VpcId,scalar,ec2.vpc,vpc,contained-in,doc,medium,leaf-hint,get_application,migration-hub-refactor-spaces.GetApplication
migration-hub-refactor-spaces.application,,migration-hub-refactor-spaces,EnvironmentId,scalar,migration-hub-refactor-spaces.environment,,references,doc,medium,service-exact,get_application,migration-hub-refactor-spaces.GetApplication
migration-hub-refactor-spaces.environment_vpc,,migration-hub-refactor-spaces,VpcId,scalar,ec2.vpc,vpc,contained-in,doc,medium,leaf-hint,list_environment_vpcs,migration-hub-refactor-spaces.ListEnvironmentVpcs
migration-hub-refactor-spaces.environment_vpc,,migration-hub-refactor-spaces,EnvironmentId,scalar,migration-hub-refactor-spaces.environment,,references,doc,medium,service-exact,list_environment_vpcs,migration-hub-refactor-spaces.ListEnvironmentVpcs
migration-hub-refactor-spaces.route,,migration-hub-refactor-spaces,ApplicationId,scalar,migration-hub-refactor-spaces.application,,references,doc,medium,service-exact,get_route,migration-hub-refactor-spaces.GetRoute
migration-hub-refactor-spaces.route,,migration-hub-refactor-spaces,EnvironmentId,scalar,migration-hub-refactor-spaces.environment,,references,doc,medium,service-exact,get_route,migration-hub-refactor-spaces.GetRoute
migration-hub-refactor-spaces.route,,migration-hub-refactor-spaces,ServiceId,scalar,migration-hub-refactor-spaces.service,,references,doc,medium,service-exact,get_route,migration-hub-refactor-spaces.GetRoute
migration-hub-refactor-spaces.service,,migration-hub-refactor-spaces,VpcId,scalar,ec2.vpc,vpc,contained-in,doc,medium,leaf-hint,get_service,migration-hub-refactor-spaces.GetService
migration-hub-refactor-spaces.service,,migration-hub-refactor-spaces,ApplicationId,scalar,migration-hub-refactor-spaces.application,,references,doc,medium,service-exact,get_service,migration-hub-refactor-spaces.GetService
migration-hub-refactor-spaces.service,,migration-hub-refactor-spaces,EnvironmentId,scalar,migration-hub-refactor-spaces.environment,,references,doc,medium,service-exact,get_service,migration-hub-refactor-spaces.GetService
migrationhuborchestrator.template_step,,migrationhuborchestrator,templateId,scalar,migrationhuborchestrator.template,,references,doc,medium,service-exact,get_template_step,migrationhuborchestrator.GetTemplateStep
migrationhuborchestrator.template_step_group,,migrationhuborchestrator,templateId,scalar,migrationhuborchestrator.template,,references,doc,medium,service-exact,get_template_step_group,migrationhuborchestrator.GetTemplateStepGroup
migrationhuborchestrator.workflow,,migrationhuborchestrator,templateId,scalar,migrationhuborchestrator.template,,references,doc,medium,service-exact,get_workflow,migrationhuborchestrator.GetWorkflow
migrationhuborchestrator.workflow_step,,migrationhuborchestrator,workflowId,scalar,migrationhuborchestrator.workflow,,references,doc,medium,service-partial,get_workflow_step,migrationhuborchestrator.GetWorkflowStep
migrationhuborchestrator.workflow_step_group,,migrationhuborchestrator,workflowId,scalar,migrationhuborchestrator.workflow,,references,doc,medium,service-partial,get_workflow_step_group,migrationhuborchestrator.GetWorkflowStepGroup
mq.broker,message-broker,mq,EncryptionOptions.KmsKeyId,dotted,kms.key,kms-key,encrypted-by,doc,medium,leaf-hint,describe_broker,mq.DescribeBroker
mturk.assignment,,mturk,Assignment.HITId,dotted,mturk.hit,,references,doc,medium,service-exact,get_assignment,mturk.GetAssignment
mturk.assignment,,mturk,Assignment.WorkerId,dotted,mturk.hit,,references,doc,medium,service-partial,get_assignment,mturk.GetAssignment
mturk.assignment,,mturk,HIT.HITGroupId,dotted,mturk.hit,,references,doc,medium,service-exact,get_assignment,mturk.GetAssignment
mturk.assignment,,mturk,HIT.HITId,dotted,mturk.hit,,references,doc,medium,service-exact,get_assignment,mturk.GetAssignment
mturk.assignment,,mturk,HIT.HITLayoutId,dotted,mturk.hit,,references,doc,medium,service-exact,get_assignment,mturk.GetAssignment
mturk.assignment,,mturk,HIT.QualificationRequirements[].QualificationTypeId,list_dict,mturk.qualification_type,,references,doc,medium,service-partial,get_assignment,mturk.GetAssignment
mturk.assignments_for_hit,,mturk,AssignmentId,scalar,mturk.assignment,,references,doc,medium,service-exact,list_assignments_for_hit,mturk.ListAssignmentsForHIT
mturk.assignments_for_hit,,mturk,HITId,scalar,mturk.hit,,references,doc,medium,service-exact,list_assignments_for_hit,mturk.ListAssignmentsForHIT
mturk.assignments_for_hit,,mturk,WorkerId,scalar,mturk.hit,,references,doc,medium,service-partial,list_assignments_for_hit,mturk.ListAssignmentsForHIT
mturk.bonus_payment,,mturk,WorkerId,scalar,deadline.worker,,references,doc,medium,global-exact,list_bonus_payments,mturk.ListBonusPayments
mturk.bonus_payment,,mturk,AssignmentId,scalar,mturk.assignment,,references,doc,medium,service-exact,list_bonus_payments,mturk.ListBonusPayments
mturk.hi_ts_for_qualification_type,,mturk,HITGroupId,scalar,mturk.hit,,references,doc,medium,service-exact,list_hi_ts_for_qualification_type,mturk.ListHITsForQualificationType
mturk.hi_ts_for_qualification_type,,mturk,HITId,scalar,mturk.hit,,references,doc,medium,service-exact,list_hi_ts_for_qualification_type,mturk.ListHITsForQualificationType
mturk.hi_ts_for_qualification_type,,mturk,HITLayoutId,scalar,mturk.hit,,references,doc,medium,service-exact,list_hi_ts_for_qualification_type,mturk.ListHITsForQualificationType
mturk.hi_ts_for_qualification_type,,mturk,QualificationRequirements[].QualificationTypeId,list_dict,mturk.qualification_type,,references,doc,medium,service-partial,list_hi_ts_for_qualification_type,mturk.ListHITsForQualificationType
mturk.hit,,mturk,HIT.QualificationRequirements[].QualificationTypeId,list_dict,mturk.qualification_type,,references,doc,medium,service-partial,get_hit,mturk.GetHIT
mturk.hit,,mturk,QualificationRequirements[].QualificationTypeId,list_dict,mturk.qualification_type,,references,doc,medium,service-partial,list_hi_ts,mturk.ListHITs
mturk.qualification_request,,mturk,WorkerId,scalar,deadline.worker,,references,doc,medium,global-exact,list_qualification_requests,mturk.ListQualificationRequests
mturk.qualification_request,,mturk,QualificationTypeId,scalar,mturk.qualification_type,,references,doc,medium,service-partial,list_qualification_requests,mturk.ListQualificationRequests
mturk.qualification_score,,mturk,Qualification.WorkerId,dotted,deadline.worker,,references,doc,medium,global-exact,get_qualification_score,mturk.GetQualificationScore
mturk.qualification_score,,mturk,Qualification.QualificationTypeId,dotted,mturk.qualification_type,,references,doc,medium,service-partial,get_qualification_score,mturk.GetQualificationScore
mturk.reviewable_hi_t,,mturk,HITGroupId,scalar,mturk.hit,,references,doc,medium,service-exact,list_reviewable_hi_ts,mturk.ListReviewableHITs
mturk.reviewable_hi_t,,mturk,HITId,scalar,mturk.hit,,references,doc,medium,service-exact,list_reviewable_hi_ts,mturk.ListReviewableHITs
mturk.reviewable_hi_t,,mturk,HITLayoutId,scalar,mturk.hit,,references,doc,medium,service-exact,list_reviewable_hi_ts,mturk.ListReviewableHITs
mturk.reviewable_hi_t,,mturk,QualificationRequirements[].QualificationTypeId,list_dict,mturk.qualification_type,,references,doc,medium,service-partial,list_reviewable_hi_ts,mturk.ListReviewableHITs
mturk.worker_block,,mturk,WorkerId,scalar,mturk.hit,,references,doc,medium,service-partial,list_worker_blocks,mturk.ListWorkerBlocks
mturk.workers_with_qualification_type,,mturk,WorkerId,scalar,deadline.worker,,references,doc,medium,global-exact,list_workers_with_qualification_type,mturk.ListWorkersWithQualificationType
mturk.workers_with_qualification_type,,mturk,QualificationTypeId,scalar,mturk.qualification_type,,references,doc,medium,service-partial,list_workers_with_qualification_type,mturk.ListWorkersWithQualificationType
neptune-graph.graph_snapshot,,neptune-graph,sourceGraphId,scalar,neptune-graph.graph,,references,doc,medium,service-exact,get_graph_snapshot,neptune-graph.GetGraphSnapshot
neptune-graph.import_task,,neptune-graph,graphId,scalar,neptune-graph.graph,,references,doc,medium,service-partial,get_import_task,neptune-graph.GetImportTask
neptune-graph.private_graph_endpoint,,neptune-graph,vpcEndpointId,scalar,ec2.vpc,vpc,contained-in,doc,medium,well-known,list_private_graph_endpoints,neptune-graph.ListPrivateGraphEndpoints
neptune-graph.private_graph_endpoint,,neptune-graph,vpcId,scalar,ec2.vpc,vpc,contained-in,doc,medium,leaf-hint,get_private_graph_endpoint,neptune-graph.GetPrivateGraphEndpoint
neptune.db_cluster,,neptune,VpcSecurityGroups[].VpcSecurityGroupId,list_dict,ec2.security_group,security-group,protected-by,doc,medium,well-known,describe_db_clusters,neptune.DescribeDBClusters
neptune.db_cluster,,neptune,KmsKeyId,scalar,kms.key,kms-key,encrypted-by,doc,medium,leaf-hint,describe_db_clusters,neptune.DescribeDBClusters
neptune.db_cluster_endpoint,,neptune,DBClusterIdentifier,scalar,neptune.db_cluster,,references,doc,medium,service-partial,describe_db_cluster_endpoints,neptune.DescribeDBClusterEndpoints
neptune.db_cluster_snapshot,,neptune,VpcId,scalar,ec2.vpc,vpc,contained-in,doc,medium,leaf-hint,describe_db_cluster_snapshots,neptune.DescribeDBClusterSnapshots
neptune.db_cluster_snapshot,,neptune,KmsKeyId,scalar,kms.key,kms-key,encrypted-by,doc,medium,leaf-hint,describe_db_cluster_snapshots,neptune.DescribeDBClusterSnapshots
neptune.db_instance,,neptune,VpcSecurityGroups[].VpcSecurityGroupId,list_dict,ec2.security_group,security-group,protected-by,doc,medium,well-known,describe_db_instances,neptune.DescribeDBInstances
neptune.db_instance,,neptune,DBSubnetGroup.Subnets[].SubnetIdentifier,list_dict,ec2.subnet,subnet,contained-in,doc,medium,well-known,describe_db_instances,neptune.DescribeDBInstances
neptune.db_instance,,neptune,DBSubnetGroup.VpcId,dotted,ec2.vpc,vpc,contained-in,doc,medium,leaf-hint,describe_db_instances,neptune.DescribeDBInstances
neptune.db_instance,,neptune,KmsKeyId,scalar,kms.key,kms-key,encrypted-by,doc,medium,leaf-hint,describe_db_instances,neptune.DescribeDBInstances
neptune.db_instance,,neptune,DBSubnetGroup.DBSubnetGroupName,dotted,neptune.db_subnet_group,,references,doc,medium,service-exact,describe_db_instances,neptune.DescribeDBInstances
neptune.db_instance,,neptune,DBSecurityGroups[].DBSecurityGroupName,list_dict,rds.db_security_group,,references,doc,medium,global-exact,describe_db_instances,neptune.DescribeDBInstances
neptune.db_subnet_group,,neptune,Subnets[].SubnetIdentifier,list_dict,ec2.subnet,subnet,contained-in,doc,medium,well-known,describe_db_subnet_groups,neptune.DescribeDBSubnetGroups
neptune.db_subnet_group,,neptune,VpcId,scalar,ec2.vpc,vpc,contained-in,doc,medium,leaf-hint,describe_db_subnet_groups,neptune.DescribeDBSubnetGroups
neptune.event_subscription,,neptune,SnsTopicArn,scalar,neptune.event,,references,doc,medium,service-exact,describe_event_subscriptions,neptune.DescribeEventSubscriptions
neptunedata.open_cypher_query,,neptunedata,queryId,scalar,neptunedata.gremlin_query,,references,doc,medium,service-exact,list_open_cypher_queries,neptunedata.ListOpenCypherQueries
network-firewall.firewall,firewall,network-firewall,Firewall.SubnetMappings[].SubnetId,list_dict,ec2.subnet,subnet,contained-in,doc,medium,leaf-hint,describe_firewall,network-firewall.DescribeFirewall
network-firewall.firewall,firewall,network-firewall,Firewall.VpcId,dotted,ec2.vpc,vpc,contained-in,doc,medium,leaf-hint,describe_firewall,network-firewall.DescribeFirewall
network-firewall.firewall_policy,,network-firewall,FirewallPolicy.StatelessCustomActions[].ActionName,list_dict,chatbot.custom_action,,references,doc,medium,global-exact,describe_firewall_policy,network-firewall.DescribeFirewallPolicy
network-firewall.rule_group,,network-firewall,RuleGroup.RulesSource.StatelessRulesAndCustomActions.CustomActions[].ActionName,list_dict,chatbot.custom_action,,references,doc,medium,global-exact,describe_rule_group,network-firewall.DescribeRuleGroup
network-firewall.rule_group_metadata,,network-firewall,RuleGroupArn,scalar,network-firewall.rule_group,,references,doc,medium,service-exact,describe_rule_group_metadata,network-firewall.DescribeRuleGroupMetadata
network-firewall.rule_group_metadata,,network-firewall,RuleGroupName,scalar,network-firewall.rule_group,,references,doc,medium,service-exact,describe_rule_group_metadata,network-firewall.DescribeRuleGroupMetadata
networkmanager.connect_attachment,,networkmanager,ConnectAttachment.Attachment.AttachmentId,dotted,networkmanager.attachment,,references,doc,medium,service-exact,get_connect_attachment,networkmanager.GetConnectAttachment
networkmanager.connect_attachment,,networkmanager,ConnectAttachment.Attachment.SegmentName,dotted,networkmanager.attachment,,references,doc,medium,service-partial,get_connect_attachment,networkmanager.GetConnectAttachment
networkmanager.connect_attachment,,networkmanager,ConnectAttachment.TransportAttachmentId,dotted,networkmanager.attachment,,references,doc,medium,service-partial,get_connect_attachment,networkmanager.GetConnectAttachment
networkmanager.connect_peer,,networkmanager,ConnectPeer.ConnectAttachmentId,dotted,networkmanager.attachment,,references,doc,medium,service-exact,get_connect_peer,networkmanager.GetConnectPeer
networkmanager.connect_peer_association,,networkmanager,ConnectPeerId,scalar,networkmanager.connect_peer,,references,doc,medium,service-exact,get_connect_peer_associations,networkmanager.GetConnectPeerAssociations
networkmanager.connect_peer_association,,networkmanager,DeviceId,scalar,networkmanager.device,,references,doc,medium,service-exact,get_connect_peer_associations,networkmanager.GetConnectPeerAssociations
networkmanager.connect_peer_association,,networkmanager,GlobalNetworkId,scalar,networkmanager.global_network,,references,doc,medium,service-exact,get_connect_peer_associations,networkmanager.GetConnectPeerAssociations
networkmanager.connect_peer_association,,networkmanager,LinkId,scalar,networkmanager.link,,references,doc,medium,service-exact,get_connect_peer_associations,networkmanager.GetConnectPeerAssociations
networkmanager.connection,,networkmanager,GlobalNetworkId,scalar,networkmanager.global_network,,references,doc,medium,service-exact,get_connections,networkmanager.GetConnections
networkmanager.connection,,networkmanager,ConnectedLinkId,scalar,networkmanager.link,,references,doc,medium,service-exact,get_connections,networkmanager.GetConnections
networkmanager.connection,,networkmanager,LinkId,scalar,networkmanager.link,,references,doc,medium,service-exact,get_connections,networkmanager.GetConnections
networkmanager.core_network_change_set,,networkmanager,NewValues.SegmentName,dotted,networkmanager.core_network,,references,doc,medium,service-partial,get_core_network_change_set,networkmanager.GetCoreNetworkChangeSet
networkmanager.core_network_change_set,,networkmanager,PreviousValues.SegmentName,dotted,networkmanager.core_network,,references,doc,medium,service-partial,get_core_network_change_set,networkmanager.GetCoreNetworkChangeSet
networkmanager.core_network_policy,,networkmanager,CoreNetworkPolicy.PolicyVersionId,dotted,networkmanager.core_network_policy_version,,references,doc,medium,service-partial,get_core_network_policy,networkmanager.GetCoreNetworkPolicy
networkmanager.customer_gateway_association,,networkmanager,DeviceId,scalar,networkmanager.device,,references,doc,medium,service-exact,get_customer_gateway_associations,networkmanager.GetCustomerGatewayAssociations
networkmanager.customer_gateway_association,,networkmanager,GlobalNetworkId,scalar,networkmanager.global_network,,references,doc,medium,service-exact,get_customer_gateway_associations,networkmanager.GetCustomerGatewayAssociations
networkmanager.customer_gateway_association,,networkmanager,LinkId,scalar,networkmanager.link,,references,doc,medium,service-exact,get_customer_gateway_associations,networkmanager.GetCustomerGatewayAssociations
networkmanager.device,,networkmanager,GlobalNetworkId,scalar,networkmanager.global_network,,references,doc,medium,service-exact,get_devices,networkmanager.GetDevices
networkmanager.link,,networkmanager,GlobalNetworkId,scalar,networkmanager.global_network,,references,doc,medium,service-exact,get_links,networkmanager.GetLinks
networkmanager.link,,networkmanager,SiteId,scalar,networkmanager.site,,references,doc,medium,service-exact,get_links,networkmanager.GetLinks
networkmanager.link_association,,networkmanager,GlobalNetworkId,scalar,networkmanager.global_network,,references,doc,medium,service-exact,get_link_associations,networkmanager.GetLinkAssociations
networkmanager.link_association,,networkmanager,LinkId,scalar,networkmanager.link,,references,doc,medium,service-exact,get_link_associations,networkmanager.GetLinkAssociations
networkmanager.network_route,,networkmanager,RouteTableArn,scalar,ec2.route_table,route-table,references,doc,medium,well-known,get_network_routes,networkmanager.GetNetworkRoutes
networkmanager.network_route,,networkmanager,Destinations[].TransitGatewayAttachmentId,list_dict,networkmanager.attachment,,references,doc,medium,service-partial,get_network_routes,networkmanager.GetNetworkRoutes
networkmanager.network_route,,networkmanager,PrefixListId,scalar,networkmanager.core_network_prefix_list_association,,references,doc,medium,service-partial,get_network_routes,networkmanager.GetNetworkRoutes
networkmanager.route_analysis,,networkmanager,RouteAnalysis.Destination.TransitGatewayArn,dotted,ec2.transit_gateway,transit-gateway,references,doc,medium,global-exact,get_route_analysis,networkmanager.GetRouteAnalysis
networkmanager.route_analysis,,networkmanager,RouteAnalysis.Source.TransitGatewayArn,dotted,ec2.transit_gateway,transit-gateway,references,doc,medium,global-exact,get_route_analysis,networkmanager.GetRouteAnalysis
networkmanager.route_analysis,,networkmanager,RouteAnalysis.Destination.TransitGatewayAttachmentArn,dotted,networkmanager.attachment,,references,doc,medium,service-partial,get_route_analysis,networkmanager.GetRouteAnalysis
networkmanager.route_analysis,,networkmanager,RouteAnalysis.Source.TransitGatewayAttachmentArn,dotted,networkmanager.attachment,,references,doc,medium,service-partial,get_route_analysis,networkmanager.GetRouteAnalysis
networkmanager.route_analysis,,networkmanager,RouteAnalysis.GlobalNetworkId,dotted,networkmanager.global_network,,references,doc,medium,service-exact,get_route_analysis,networkmanager.GetRouteAnalysis
networkmanager.site,,networkmanager,GlobalNetworkId,scalar,networkmanager.global_network,,references,doc,medium,service-exact,get_sites,networkmanager.GetSites
networkmanager.site_to_site_vpn_attachment,,networkmanager,SiteToSiteVpnAttachment.Attachment.AttachmentId,dotted,networkmanager.attachment,,references,doc,medium,service-exact,get_site_to_site_vpn_attachment,networkmanager.GetSiteToSiteVpnAttachment
networkmanager.site_to_site_vpn_attachment,,networkmanager,SiteToSiteVpnAttachment.Attachment.SegmentName,dotted,networkmanager.attachment,,references,doc,medium,service-partial,get_site_to_site_vpn_attachment,networkmanager.GetSiteToSiteVpnAttachment
networkmanager.transit_gateway_connect_peer_association,,networkmanager,DeviceId,scalar,networkmanager.device,,references,doc,medium,service-exact,get_transit_gateway_connect_peer_associations,networkmanager.GetTransitGatewayConnectPeerAssociations
networkmanager.transit_gateway_connect_peer_association,,networkmanager,GlobalNetworkId,scalar,networkmanager.global_network,,references,doc,medium,service-exact,get_transit_gateway_connect_peer_associations,networkmanager.GetTransitGatewayConnectPeerAssociations
networkmanager.transit_gateway_connect_peer_association,,networkmanager,LinkId,scalar,networkmanager.link,,references,doc,medium,service-exact,get_transit_gateway_connect_peer_associations,networkmanager.GetTransitGatewayConnectPeerAssociations
networkmanager.transit_gateway_peering,,networkmanager,TransitGatewayPeering.TransitGatewayArn,dotted,ec2.transit_gateway,transit-gateway,references,doc,medium,global-exact,get_transit_gateway_peering,networkmanager.GetTransitGatewayPeering
networkmanager.transit_gateway_peering,,networkmanager,TransitGatewayPeering.TransitGatewayPeeringAttachmentId,dotted,ec2.transit_gateway_peering_attachment,,references,doc,medium,global-exact,get_transit_gateway_peering,networkmanager.GetTransitGatewayPeering
networkmanager.transit_gateway_peering,,networkmanager,TransitGatewayPeering.Peering.PeeringId,dotted,networkmanager.peering,,references,doc,medium,service-exact,get_transit_gateway_peering,networkmanager.GetTransitGatewayPeering
networkmanager.transit_gateway_registration,,networkmanager,GlobalNetworkId,scalar,networkmanager.global_network,,references,doc,medium,service-exact,get_transit_gateway_registrations,networkmanager.GetTransitGatewayRegistrations
networkmanager.transit_gateway_route_table_attachment,,networkmanager,TransitGatewayRouteTableAttachment.Attachment.AttachmentId,dotted,networkmanager.attachment,,references,doc,medium,service-exact,get_transit_gateway_route_table_attachment,networkmanager.GetTransitGatewayRouteTableAttachment
networkmanager.transit_gateway_route_table_attachment,,networkmanager,TransitGatewayRouteTableAttachment.Attachment.SegmentName,dotted,networkmanager.attachment,,references,doc,medium,service-partial,get_transit_gateway_route_table_attachment,networkmanager.GetTransitGatewayRouteTableAttachment
networkmanager.transit_gateway_route_table_attachment,,networkmanager,TransitGatewayRouteTableAttachment.TransitGatewayRouteTableArn,dotted,networkmanager.attachment,,references,doc,medium,service-partial,get_transit_gateway_route_table_attachment,networkmanager.GetTransitGatewayRouteTableAttachment
networkmanager.transit_gateway_route_table_attachment,,networkmanager,TransitGatewayRouteTableAttachment.PeeringId,dotted,networkmanager.peering,,references,doc,medium,service-exact,get_transit_gateway_route_table_attachment,networkmanager.GetTransitGatewayRouteTableAttachment
networkmanager.vpc_attachment,,networkmanager,VpcAttachment.Attachment.AttachmentId,dotted,networkmanager.attachment,,references,doc,medium,service-exact,get_vpc_attachment,networkmanager.GetVpcAttachment
networkmanager.vpc_attachment,,networkmanager,VpcAttachment.Attachment.SegmentName,dotted,networkmanager.attachment,,references,doc,medium,service-partial,get_vpc_attachment,networkmanager.GetVpcAttachment
networkmonitor.monitor,,networkmonitor,vpcId,scalar,ec2.vpc,vpc,contained-in,doc,medium,leaf-hint,get_monitor,networkmonitor.GetMonitor
networkmonitor.monitor,,networkmonitor,probeArn,scalar,networkmonitor.probe,,references,doc,medium,service-exact,get_monitor,networkmonitor.GetMonitor
networkmonitor.monitor,,networkmonitor,probeId,scalar,networkmonitor.probe,,references,doc,medium,service-exact,get_monitor,networkmonitor.GetMonitor
networkmonitor.monitor,,networkmonitor,sourceArn,scalar,networkmonitor.probe,,references,doc,medium,service-exact,get_monitor,networkmonitor.GetMonitor
networkmonitor.probe,,networkmonitor,vpcId,scalar,ec2.vpc,vpc,contained-in,doc,medium,leaf-hint,get_probe,networkmonitor.GetProbe
oam.attached_link,,oam,LinkArn,scalar,oam.link,,references,doc,medium,service-exact,list_attached_links,oam.ListAttachedLinks
oam.link,,oam,SinkArn,scalar,oam.sink,,references,doc,medium,service-exact,get_link,oam.GetLink
oam.sink_policy,,oam,SinkArn,scalar,oam.sink,,references,doc,medium,service-exact,get_sink_policy,oam.GetSinkPolicy
omics.annotation_import_job,,omics,versionName,scalar,omics.annotation_store_version,,references,doc,medium,service-exact,get_annotation_import_job,omics.GetAnnotationImportJob
omics.annotation_store_version,,omics,versionArn,scalar,omics.annotation_store,,references,doc,medium,service-exact,get_annotation_store_version,omics.GetAnnotationStoreVersion
opensearch.domain,,opensearch,DomainConfig.VPCOptions.Options.VPCId,dotted,ec2.vpc,vpc,contained-in,doc,medium,leaf-hint,describe_domain_config,opensearch.DescribeDomainConfig
opensearch.domain,,opensearch,DomainStatus.VPCOptions.VPCId,dotted,ec2.vpc,vpc,contained-in,doc,medium,leaf-hint,describe_domain,opensearch.DescribeDomain
opensearch.domain,,opensearch,VPCOptions.VPCId,dotted,ec2.vpc,vpc,contained-in,doc,medium,leaf-hint,describe_domains,opensearch.DescribeDomains
opensearch.domain,,opensearch,DomainConfig.ModifyingProperties[].Name,list_dict,iottwinmaker.property,,references,doc,medium,global-exact,describe_domain_config,opensearch.DescribeDomainConfig
opensearch.domain,,opensearch,DomainStatus.ModifyingProperties[].Name,list_dict,iottwinmaker.property,,references,doc,medium,global-exact,describe_domain,opensearch.DescribeDomain
opensearch.domain,,opensearch,ModifyingProperties[].Name,list_dict,iottwinmaker.property,,references,doc,medium,global-exact,describe_domains,opensearch.DescribeDomains
opensearch.domain,,opensearch,DomainConfig.EncryptionAtRestOptions.Options.KmsKeyId,dotted,kms.key,kms-key,encrypted-by,doc,medium,leaf-hint,describe_domain_config,opensearch.DescribeDomainConfig
opensearch.domain,,opensearch,DomainStatus.EncryptionAtRestOptions.KmsKeyId,dotted,kms.key,kms-key,encrypted-by,doc,medium,leaf-hint,describe_domain,opensearch.DescribeDomain
opensearch.domain,,opensearch,EncryptionAtRestOptions.KmsKeyId,dotted,kms.key,kms-key,encrypted-by,doc,medium,leaf-hint,describe_domains,opensearch.DescribeDomains
opensearch.domain,,opensearch,AdvancedSecurityOptions.SAMLOptions.Idp.EntityId,dotted,opensearch.application,,references,doc,medium,service-exact,describe_domains,opensearch.DescribeDomains
opensearch.domain,,opensearch,DomainConfig.AdvancedSecurityOptions.Options.SAMLOptions.Idp.EntityId,dotted,opensearch.application,,references,doc,medium,service-exact,describe_domain_config,opensearch.DescribeDomainConfig
opensearch.domain,,opensearch,DomainStatus.AdvancedSecurityOptions.SAMLOptions.Idp.EntityId,dotted,opensearch.application,,references,doc,medium,service-exact,describe_domain,opensearch.DescribeDomain
opensearch.domain_name,,opensearch,DomainName,scalar,opensearch.domain,,references,doc,medium,service-exact,list_domain_names,opensearch.ListDomainNames
opensearch.vpc_endpoint,,opensearch,VpcEndpoints[].VpcOptions.VPCId,list_dict,ec2.vpc,vpc,contained-in,doc,medium,leaf-hint,describe_vpc_endpoints,opensearch.DescribeVpcEndpoints
opensearchserverless.vpc_endpoint,,opensearchserverless,vpcEndpointDetails[].vpcId,list_dict,ec2.vpc,vpc,contained-in,doc,medium,leaf-hint,batch_get_vpc_endpoint,opensearchserverless.BatchGetVpcEndpoint
opsworks.opswork_stack,opswork-stack,opsworks,VpcId,scalar,ec2.vpc,vpc,contained-in,doc,medium,leaf-hint,describe_stacks,opsworks.DescribeStacks
organizations.effective_policy,,organizations,EffectivePolicy.TargetId,dotted,organizations.policy,,references,doc,medium,service-exact,describe_effective_policy,organizations.DescribeEffectivePolicy
organizations.policies_for_target,,organizations,Name,scalar,organizations.policy,,references,doc,medium,service-exact,list_policies_for_target,organizations.ListPoliciesForTarget
organizations.targets_for_policy,,organizations,Name,scalar,organizations.policy,,references,doc,medium,service-exact,list_targets_for_policy,organizations.ListTargetsForPolicy
osis.pipeline,,osis,Pipeline.ServiceVpcEndpoints[].VpcEndpointId,list_dict,ec2.vpc,vpc,contained-in,doc,medium,well-known,get_pipeline,osis.GetPipeline
osis.pipeline,,osis,Pipeline.VpcEndpoints[].VpcId,list_dict,ec2.vpc,vpc,contained-in,doc,medium,leaf-hint,get_pipeline,osis.GetPipeline
osis.pipeline,,osis,Pipeline.EncryptionAtRestOptions.KmsKeyArn,dotted,kms.key,kms-key,encrypted-by,doc,medium,leaf-hint,get_pipeline,osis.GetPipeline
outposts.order,,outposts,Order.LineItems[].CatalogItemId,list_dict,glue.catalog,,references,doc,medium,global-exact,get_order,outposts.GetOrder
outposts.order,,outposts,Order.LineItems[].AssetInformationList[].AssetId,list_nested,outposts.asset,,references,doc,medium,service-exact,get_order,outposts.GetOrder
outposts.order,,outposts,Order.OutpostId,dotted,outposts.outpost,,references,doc,medium,service-exact,get_order,outposts.GetOrder
outposts.order,,outposts,OutpostId,scalar,outposts.outpost,,references,doc,medium,service-exact,list_orders,outposts.ListOrders
outposts.outpost,,outposts,Outpost.SiteId,dotted,outposts.site,,references,doc,medium,service-exact,get_outpost,outposts.GetOutpost
outposts.outpost,,outposts,SiteId,scalar,outposts.site,,references,doc,medium,service-exact,list_outposts,outposts.ListOutposts
outposts.outpost_instance_type,,outposts,OutpostId,scalar,outposts.outpost,,references,doc,medium,service-exact,get_outpost_instance_types,outposts.GetOutpostInstanceTypes
outposts.site_address,,outposts,SiteId,scalar,outposts.site,,references,doc,medium,service-exact,get_site_address,outposts.GetSiteAddress
panorama.devices_job,,panorama,DeviceId,scalar,panorama.device,,references,doc,medium,service-partial,list_devices_jobs,panorama.ListDevicesJobs
panorama.package_version,,panorama,PackageArn,scalar,panorama.package,,references,doc,medium,service-exact,describe_package_version,panorama.DescribePackageVersion
personalize-runtime.action_recommendation,,personalize-runtime,recommendationId,scalar,personalize-runtime.recommendation,,references,doc,medium,service-exact,get_action_recommendations,personalize-runtime.GetActionRecommendations
personalize-runtime.personalized_ranking,,personalize-runtime,recommendationId,scalar,personalize-runtime.recommendation,,references,doc,medium,service-exact,get_personalized_ranking,personalize-runtime.GetPersonalizedRanking
personalize.batch_inference_job,,personalize,batchInferenceJob.filterArn,dotted,personalize.filter,,references,doc,medium,service-exact,describe_batch_inference_job,personalize.DescribeBatchInferenceJob
personalize.batch_segment_job,,personalize,batchSegmentJob.filterArn,dotted,personalize.filter,,references,doc,medium,service-exact,describe_batch_segment_job,personalize.DescribeBatchSegmentJob
personalize.dataset,,personalize,dataset.schemaArn,dotted,personalize.schema,,references,doc,medium,service-partial,describe_dataset,personalize.DescribeDataset
personalize.filter,,personalize,datasetGroupArn,scalar,personalize.dataset,,references,doc,medium,service-exact,list_filters,personalize.ListFilters
personalize.filter,,personalize,filter.datasetGroupArn,dotted,personalize.dataset,,references,doc,medium,service-exact,describe_filter,personalize.DescribeFilter
personalize.recipe,,personalize,recipe.featureTransformationArn,dotted,personalize.feature_transformation,,references,doc,medium,service-exact,describe_recipe,personalize.DescribeRecipe
personalize.solution,,personalize,solution.recipeArn,dotted,personalize.recipe,,references,doc,medium,service-exact,describe_solution,personalize.DescribeSolution
personalize.solution_version,,personalize,solutionVersion.recipeArn,dotted,personalize.recipe,,references,doc,medium,service-exact,describe_solution_version,personalize.DescribeSolutionVersion
personalize.solution_version,,personalize,solutionVersion.solutionArn,dotted,personalize.solution,,references,doc,medium,service-exact,describe_solution_version,personalize.DescribeSolutionVersion
pinpoint-sms-voice-v2.opted_out_number,,pinpoint-sms-voice-v2,OptOutListName,scalar,pinpoint-sms-voice-v2.opt_out_list,,references,doc,medium,service-exact,describe_opted_out_numbers,pinpoint-sms-voice-v2.DescribeOptedOutNumbers
pinpoint-sms-voice-v2.phone_number,,pinpoint-sms-voice-v2,OptOutListName,scalar,pinpoint-sms-voice-v2.opt_out_list,,references,doc,medium,service-exact,describe_phone_numbers,pinpoint-sms-voice-v2.DescribePhoneNumbers
pinpoint-sms-voice-v2.phone_number,,pinpoint-sms-voice-v2,PoolId,scalar,pinpoint-sms-voice-v2.pool,,references,doc,medium,service-exact,describe_phone_numbers,pinpoint-sms-voice-v2.DescribePhoneNumbers
pinpoint-sms-voice-v2.phone_number,,pinpoint-sms-voice-v2,RegistrationId,scalar,pinpoint-sms-voice-v2.registration,,references,doc,medium,service-exact,describe_phone_numbers,pinpoint-sms-voice-v2.DescribePhoneNumbers
pinpoint-sms-voice-v2.pool,,pinpoint-sms-voice-v2,OptOutListName,scalar,pinpoint-sms-voice-v2.opt_out_list,,references,doc,medium,service-exact,describe_pools,pinpoint-sms-voice-v2.DescribePools
pinpoint-sms-voice-v2.registration_association,,pinpoint-sms-voice-v2,ResourceId,scalar,pinpoint-sms-voice-v2.pool_origination_identity,,references,doc,medium,service-partial,list_registration_associations,pinpoint-sms-voice-v2.ListRegistrationAssociations
pinpoint-sms-voice-v2.registration_association,,pinpoint-sms-voice-v2,RegistrationId,scalar,pinpoint-sms-voice-v2.registration,,references,doc,medium,service-exact,list_registration_associations,pinpoint-sms-voice-v2.ListRegistrationAssociations
pinpoint-sms-voice-v2.registration_field_value,,pinpoint-sms-voice-v2,RegistrationId,scalar,pinpoint-sms-voice-v2.registration,,references,doc,medium,service-exact,describe_registration_field_values,pinpoint-sms-voice-v2.DescribeRegistrationFieldValues
pinpoint-sms-voice-v2.registration_field_value,,pinpoint-sms-voice-v2,RegistrationAttachmentId,scalar,pinpoint-sms-voice-v2.registration_attachment,,references,doc,medium,service-exact,describe_registration_field_values,pinpoint-sms-voice-v2.DescribeRegistrationFieldValues
pinpoint-sms-voice-v2.registration_version,,pinpoint-sms-voice-v2,RegistrationId,scalar,pinpoint-sms-voice-v2.registration,,references,doc,medium,service-exact,describe_registration_versions,pinpoint-sms-voice-v2.DescribeRegistrationVersions
pinpoint-sms-voice-v2.sender_id,,pinpoint-sms-voice-v2,RegistrationId,scalar,pinpoint-sms-voice-v2.registration,,references,doc,medium,service-exact,describe_sender_ids,pinpoint-sms-voice-v2.DescribeSenderIds
pinpoint-sms-voice-v2.verified_destination_number,,pinpoint-sms-voice-v2,VerifiedDestinationNumberId,scalar,pinpoint-sms-voice-v2.phone_number,,references,doc,medium,service-partial,describe_verified_destination_numbers,pinpoint-sms-voice-v2.DescribeVerifiedDestinationNumbers
pinpoint.application_date_range_kpi,,pinpoint,ApplicationDateRangeKpiResponse.ApplicationId,dotted,pinpoint.app,pinpoint-app,references,doc,medium,service-partial,get_application_date_range_kpi,pinpoint.GetApplicationDateRangeKpi
pinpoint.campaign,,pinpoint,CampaignResponse.AdditionalTreatments[].TemplateConfiguration.EmailTemplate.Name,list_dict,pinpoint.template,,references,doc,medium,service-partial,get_campaign,pinpoint.GetCampaign
pinpoint.campaign,,pinpoint,CampaignResponse.AdditionalTreatments[].TemplateConfiguration.InAppTemplate.Name,list_dict,pinpoint.template,,references,doc,medium,service-partial,get_campaign,pinpoint.GetCampaign
pinpoint.campaign,,pinpoint,CampaignResponse.AdditionalTreatments[].TemplateConfiguration.PushTemplate.Name,list_dict,pinpoint.template,,references,doc,medium,service-partial,get_campaign,pinpoint.GetCampaign
pinpoint.campaign,,pinpoint,CampaignResponse.AdditionalTreatments[].TemplateConfiguration.SMSTemplate.Name,list_dict,pinpoint.template,,references,doc,medium,service-partial,get_campaign,pinpoint.GetCampaign
pinpoint.campaign,,pinpoint,CampaignResponse.AdditionalTreatments[].TemplateConfiguration.VoiceTemplate.Name,list_dict,pinpoint.template,,references,doc,medium,service-partial,get_campaign,pinpoint.GetCampaign
pinpoint.campaign,,pinpoint,CampaignResponse.TemplateConfiguration.EmailTemplate.Name,dotted,pinpoint.template,,references,doc,medium,service-partial,get_campaign,pinpoint.GetCampaign
pinpoint.campaign,,pinpoint,CampaignResponse.TemplateConfiguration.InAppTemplate.Name,dotted,pinpoint.template,,references,doc,medium,service-partial,get_campaign,pinpoint.GetCampaign
pinpoint.campaign,,pinpoint,CampaignResponse.TemplateConfiguration.PushTemplate.Name,dotted,pinpoint.template,,references,doc,medium,service-partial,get_campaign,pinpoint.GetCampaign
pinpoint.campaign,,pinpoint,CampaignResponse.TemplateConfiguration.SMSTemplate.Name,dotted,pinpoint.template,,references,doc,medium,service-partial,get_campaign,pinpoint.GetCampaign
pinpoint.campaign,,pinpoint,CampaignResponse.TemplateConfiguration.VoiceTemplate.Name,dotted,pinpoint.template,,references,doc,medium,service-partial,get_campaign,pinpoint.GetCampaign
pinpoint.campaign,,pinpoint,CampaignsResponse.Item[].AdditionalTreatments[].TemplateConfiguration.EmailTemplate.Name,list_nested,pinpoint.template,,references,doc,medium,service-partial,get_campaigns,pinpoint.GetCampaigns
pinpoint.campaign,,pinpoint,CampaignsResponse.Item[].AdditionalTreatments[].TemplateConfiguration.InAppTemplate.Name,list_nested,pinpoint.template,,references,doc,medium,service-partial,get_campaigns,pinpoint.GetCampaigns
pinpoint.campaign,,pinpoint,CampaignsResponse.Item[].AdditionalTreatments[].TemplateConfiguration.PushTemplate.Name,list_nested,pinpoint.template,,references,doc,medium,service-partial,get_campaigns,pinpoint.GetCampaigns
pinpoint.campaign,,pinpoint,CampaignsResponse.Item[].AdditionalTreatments[].TemplateConfiguration.SMSTemplate.Name,list_nested,pinpoint.template,,references,doc,medium,service-partial,get_campaigns,pinpoint.GetCampaigns
pinpoint.campaign,,pinpoint,CampaignsResponse.Item[].AdditionalTreatments[].TemplateConfiguration.VoiceTemplate.Name,list_nested,pinpoint.template,,references,doc,medium,service-partial,get_campaigns,pinpoint.GetCampaigns
pinpoint.campaign,,pinpoint,CampaignsResponse.Item[].TemplateConfiguration.EmailTemplate.Name,list_dict,pinpoint.template,,references,doc,medium,service-partial,get_campaigns,pinpoint.GetCampaigns
pinpoint.campaign,,pinpoint,CampaignsResponse.Item[].TemplateConfiguration.InAppTemplate.Name,list_dict,pinpoint.template,,references,doc,medium,service-partial,get_campaigns,pinpoint.GetCampaigns
pinpoint.campaign,,pinpoint,CampaignsResponse.Item[].TemplateConfiguration.PushTemplate.Name,list_dict,pinpoint.template,,references,doc,medium,service-partial,get_campaigns,pinpoint.GetCampaigns
pinpoint.campaign,,pinpoint,CampaignsResponse.Item[].TemplateConfiguration.SMSTemplate.Name,list_dict,pinpoint.template,,references,doc,medium,service-partial,get_campaigns,pinpoint.GetCampaigns
pinpoint.campaign,,pinpoint,CampaignsResponse.Item[].TemplateConfiguration.VoiceTemplate.Name,list_dict,pinpoint.template,,references,doc,medium,service-partial,get_campaigns,pinpoint.GetCampaigns
pinpoint.campaign_activity,,pinpoint,ActivitiesResponse.Item[].CampaignId,list_dict,pinpoint.campaign,,references,doc,medium,service-exact,get_campaign_activities,pinpoint.GetCampaignActivities
pinpoint.campaign_date_range_kpi,,pinpoint,CampaignDateRangeKpiResponse.ApplicationId,dotted,pinpoint.app,pinpoint-app,references,doc,medium,service-partial,get_campaign_date_range_kpi,pinpoint.GetCampaignDateRangeKpi
pinpoint.campaign_date_range_kpi,,pinpoint,CampaignDateRangeKpiResponse.CampaignId,dotted,pinpoint.campaign,,references,doc,medium,service-exact,get_campaign_date_range_kpi,pinpoint.GetCampaignDateRangeKpi
pinpoint.campaign_version,,pinpoint,CampaignResponse.Id,dotted,pinpoint.campaign,,references,doc,medium,service-exact,get_campaign_version,pinpoint.GetCampaignVersion
pinpoint.campaign_version,,pinpoint,CampaignResponse.Name,dotted,pinpoint.campaign,,references,doc,medium,service-exact,get_campaign_version,pinpoint.GetCampaignVersion
pinpoint.campaign_version,,pinpoint,CampaignResponse.TreatmentName,dotted,pinpoint.campaign,,references,doc,medium,service-partial,get_campaign_version,pinpoint.GetCampaignVersion
pinpoint.campaign_version,,pinpoint,CampaignsResponse.Item[].Id,list_dict,pinpoint.campaign,,references,doc,medium,service-exact,get_campaign_versions,pinpoint.GetCampaignVersions
pinpoint.campaign_version,,pinpoint,CampaignsResponse.Item[].Name,list_dict,pinpoint.campaign,,references,doc,medium,service-exact,get_campaign_versions,pinpoint.GetCampaignVersions
pinpoint.campaign_version,,pinpoint,CampaignsResponse.Item[].TreatmentName,list_dict,pinpoint.campaign,,references,doc,medium,service-partial,get_campaign_versions,pinpoint.GetCampaignVersions
pinpoint.campaign_version,,pinpoint,CampaignResponse.AdditionalTreatments[].TemplateConfiguration.EmailTemplate.Name,list_dict,pinpoint.template,,references,doc,medium,service-partial,get_campaign_version,pinpoint.GetCampaignVersion
pinpoint.campaign_version,,pinpoint,CampaignResponse.AdditionalTreatments[].TemplateConfiguration.InAppTemplate.Name,list_dict,pinpoint.template,,references,doc,medium,service-partial,get_campaign_version,pinpoint.GetCampaignVersion
pinpoint.campaign_version,,pinpoint,CampaignResponse.AdditionalTreatments[].TemplateConfiguration.PushTemplate.Name,list_dict,pinpoint.template,,references,doc,medium,service-partial,get_campaign_version,pinpoint.GetCampaignVersion
pinpoint.campaign_version,,pinpoint,CampaignResponse.AdditionalTreatments[].TemplateConfiguration.SMSTemplate.Name,list_dict,pinpoint.template,,references,doc,medium,service-partial,get_campaign_version,pinpoint.GetCampaignVersion
pinpoint.campaign_version,,pinpoint,CampaignResponse.AdditionalTreatments[].TemplateConfiguration.VoiceTemplate.Name,list_dict,pinpoint.template,,references,doc,medium,service-partial,get_campaign_version,pinpoint.GetCampaignVersion
pinpoint.campaign_version,,pinpoint,CampaignResponse.TemplateConfiguration.EmailTemplate.Name,dotted,pinpoint.template,,references,doc,medium,service-partial,get_campaign_version,pinpoint.GetCampaignVersion
pinpoint.campaign_version,,pinpoint,CampaignResponse.TemplateConfiguration.InAppTemplate.Name,dotted,pinpoint.template,,references,doc,medium,service-partial,get_campaign_version,pinpoint.GetCampaignVersion
pinpoint.campaign_version,,pinpoint,CampaignResponse.TemplateConfiguration.PushTemplate.Name,dotted,pinpoint.template,,references,doc,medium,service-partial,get_campaign_version,pinpoint.GetCampaignVersion
pinpoint.campaign_version,,pinpoint,CampaignResponse.TemplateConfiguration.SMSTemplate.Name,dotted,pinpoint.template,,references,doc,medium,service-partial,get_campaign_version,pinpoint.GetCampaignVersion
pinpoint.campaign_version,,pinpoint,CampaignResponse.TemplateConfiguration.VoiceTemplate.Name,dotted,pinpoint.template,,references,doc,medium,service-partial,get_campaign_version,pinpoint.GetCampaignVersion
pinpoint.campaign_version,,pinpoint,CampaignsResponse.Item[].AdditionalTreatments[].TemplateConfiguration.EmailTemplate.Name,list_nested,pinpoint.template,,references,doc,medium,service-partial,get_campaign_versions,pinpoint.GetCampaignVersions
pinpoint.campaign_version,,pinpoint,CampaignsResponse.Item[].AdditionalTreatments[].TemplateConfiguration.InAppTemplate.Name,list_nested,pinpoint.template,,references,doc,medium,service-partial,get_campaign_versions,pinpoint.GetCampaignVersions
pinpoint.campaign_version,,pinpoint,CampaignsResponse.Item[].AdditionalTreatments[].TemplateConfiguration.PushTemplate.Name,list_nested,pinpoint.template,,references,doc,medium,service-partial,get_campaign_versions,pinpoint.GetCampaignVersions
pinpoint.campaign_version,,pinpoint,CampaignsResponse.Item[].AdditionalTreatments[].TemplateConfiguration.SMSTemplate.Name,list_nested,pinpoint.template,,references,doc,medium,service-partial,get_campaign_versions,pinpoint.GetCampaignVersions
pinpoint.campaign_version,,pinpoint,CampaignsResponse.Item[].AdditionalTreatments[].TemplateConfiguration.VoiceTemplate.Name,list_nested,pinpoint.template,,references,doc,medium,service-partial,get_campaign_versions,pinpoint.GetCampaignVersions
pinpoint.campaign_version,,pinpoint,CampaignsResponse.Item[].TemplateConfiguration.EmailTemplate.Name,list_dict,pinpoint.template,,references,doc,medium,service-partial,get_campaign_versions,pinpoint.GetCampaignVersions
pinpoint.campaign_version,,pinpoint,CampaignsResponse.Item[].TemplateConfiguration.InAppTemplate.Name,list_dict,pinpoint.template,,references,doc,medium,service-partial,get_campaign_versions,pinpoint.GetCampaignVersions
pinpoint.campaign_version,,pinpoint,CampaignsResponse.Item[].TemplateConfiguration.PushTemplate.Name,list_dict,pinpoint.template,,references,doc,medium,service-partial,get_campaign_versions,pinpoint.GetCampaignVersions
pinpoint.campaign_version,,pinpoint,CampaignsResponse.Item[].TemplateConfiguration.SMSTemplate.Name,list_dict,pinpoint.template,,references,doc,medium,service-partial,get_campaign_versions,pinpoint.GetCampaignVersions
pinpoint.campaign_version,,pinpoint,CampaignsResponse.Item[].TemplateConfiguration.VoiceTemplate.Name,list_dict,pinpoint.template,,references,doc,medium,service-partial,get_campaign_versions,pinpoint.GetCampaignVersions
pinpoint.email_template,,pinpoint,EmailTemplateResponse.TemplateName,dotted,pinpoint.template,,references,doc,medium,service-partial,get_email_template,pinpoint.GetEmailTemplate
pinpoint.endpoint,,pinpoint,EndpointResponse.User.UserId,dotted,pinpoint.user_endpoint,,references,doc,medium,service-partial,get_endpoint,pinpoint.GetEndpoint
pinpoint.event_stream,,pinpoint,EventStream.ApplicationId,dotted,pinpoint.app,pinpoint-app,references,doc,medium,service-partial,get_event_stream,pinpoint.GetEventStream
pinpoint.in_app_message,,pinpoint,InAppMessagesResponse.InAppMessageCampaigns[].CampaignId,list_dict,pinpoint.campaign,,references,doc,medium,service-partial,get_in_app_messages,pinpoint.GetInAppMessages
pinpoint.in_app_message,,pinpoint,InAppMessagesResponse.InAppMessageCampaigns[].TreatmentId,list_dict,pinpoint.campaign,,references,doc,medium,service-exact,get_in_app_messages,pinpoint.GetInAppMessages
pinpoint.in_app_template,,pinpoint,InAppTemplateResponse.Arn,dotted,pinpoint.template,,references,doc,medium,service-exact,get_in_app_template,pinpoint.GetInAppTemplate
pinpoint.in_app_template,,pinpoint,InAppTemplateResponse.TemplateName,dotted,pinpoint.template,,references,doc,medium,service-exact,get_in_app_template,pinpoint.GetInAppTemplate
pinpoint.journey,,pinpoint,JourneyResponse.StartCondition.SegmentStartCondition.SegmentId,dotted,pinpoint.segment,,references,doc,medium,service-exact,get_journey,pinpoint.GetJourney
pinpoint.journey,,pinpoint,JourneysResponse.Item[].StartCondition.SegmentStartCondition.SegmentId,list_dict,pinpoint.segment,,references,doc,medium,service-exact,list_journeys,pinpoint.ListJourneys
pinpoint.journey_date_range_kpi,,pinpoint,JourneyDateRangeKpiResponse.ApplicationId,dotted,pinpoint.app,pinpoint-app,references,doc,medium,service-partial,get_journey_date_range_kpi,pinpoint.GetJourneyDateRangeKpi
pinpoint.journey_date_range_kpi,,pinpoint,JourneyDateRangeKpiResponse.JourneyId,dotted,pinpoint.journey,,references,doc,medium,service-exact,get_journey_date_range_kpi,pinpoint.GetJourneyDateRangeKpi
pinpoint.journey_execution_activity_metric,,pinpoint,JourneyExecutionActivityMetricsResponse.ApplicationId,dotted,pinpoint.app,pinpoint-app,references,doc,medium,service-partial,get_journey_execution_activity_metrics,pinpoint.GetJourneyExecutionActivityMetrics
pinpoint.journey_execution_activity_metric,,pinpoint,JourneyExecutionActivityMetricsResponse.JourneyActivityId,dotted,pinpoint.app,pinpoint-app,references,doc,medium,service-partial,get_journey_execution_activity_metrics,pinpoint.GetJourneyExecutionActivityMetrics
pinpoint.journey_execution_activity_metric,,pinpoint,JourneyExecutionActivityMetricsResponse.JourneyId,dotted,pinpoint.journey,,references,doc,medium,service-exact,get_journey_execution_activity_metrics,pinpoint.GetJourneyExecutionActivityMetrics
pinpoint.journey_execution_metric,,pinpoint,JourneyExecutionMetricsResponse.ApplicationId,dotted,pinpoint.app,pinpoint-app,references,doc,medium,service-partial,get_journey_execution_metrics,pinpoint.GetJourneyExecutionMetrics
pinpoint.journey_execution_metric,,pinpoint,JourneyExecutionMetricsResponse.JourneyId,dotted,pinpoint.journey,,references,doc,medium,service-exact,get_journey_execution_metrics,pinpoint.GetJourneyExecutionMetrics
pinpoint.journey_run_execution_activity_metric,,pinpoint,JourneyRunExecutionActivityMetricsResponse.ApplicationId,dotted,pinpoint.app,pinpoint-app,references,doc,medium,service-partial,get_journey_run_execution_activity_metrics,pinpoint.GetJourneyRunExecutionActivityMetrics
pinpoint.journey_run_execution_activity_metric,,pinpoint,JourneyRunExecutionActivityMetricsResponse.JourneyActivityId,dotted,pinpoint.app,pinpoint-app,references,doc,medium,service-partial,get_journey_run_execution_activity_metrics,pinpoint.GetJourneyRunExecutionActivityMetrics
pinpoint.journey_run_execution_activity_metric,,pinpoint,JourneyRunExecutionActivityMetricsResponse.JourneyId,dotted,pinpoint.journey,,references,doc,medium,service-exact,get_journey_run_execution_activity_metrics,pinpoint.GetJourneyRunExecutionActivityMetrics
pinpoint.journey_run_execution_activity_metric,,pinpoint,JourneyRunExecutionActivityMetricsResponse.RunId,dotted,pinpoint.journey,,references,doc,medium,service-exact,get_journey_run_execution_activity_metrics,pinpoint.GetJourneyRunExecutionActivityMetrics
pinpoint.journey_run_execution_metric,,pinpoint,JourneyRunExecutionMetricsResponse.ApplicationId,dotted,pinpoint.app,pinpoint-app,references,doc,medium,service-partial,get_journey_run_execution_metrics,pinpoint.GetJourneyRunExecutionMetrics
pinpoint.journey_run_execution_metric,,pinpoint,JourneyRunExecutionMetricsResponse.JourneyId,dotted,pinpoint.journey,,references,doc,medium,service-exact,get_journey_run_execution_metrics,pinpoint.GetJourneyRunExecutionMetrics
pinpoint.journey_run_execution_metric,,pinpoint,JourneyRunExecutionMetricsResponse.RunId,dotted,pinpoint.journey,,references,doc,medium,service-exact,get_journey_run_execution_metrics,pinpoint.GetJourneyRunExecutionMetrics
pinpoint.push_template,,pinpoint,PushNotificationTemplateResponse.TemplateName,dotted,pinpoint.template,,references,doc,medium,service-partial,get_push_template,pinpoint.GetPushTemplate
pinpoint.segment_export_job,,pinpoint,ExportJobsResponse.Item[].Id,list_dict,pinpoint.export_job,,references,doc,medium,service-exact,get_segment_export_jobs,pinpoint.GetSegmentExportJobs
pinpoint.segment_import_job,,pinpoint,ImportJobsResponse.Item[].Id,list_dict,pinpoint.import_job,,references,doc,medium,service-exact,get_segment_import_jobs,pinpoint.GetSegmentImportJobs
pinpoint.segment_version,,pinpoint,SegmentResponse.Id,dotted,pinpoint.segment,,references,doc,medium,service-exact,get_segment_version,pinpoint.GetSegmentVersion
pinpoint.segment_version,,pinpoint,SegmentResponse.Name,dotted,pinpoint.segment,,references,doc,medium,service-exact,get_segment_version,pinpoint.GetSegmentVersion
pinpoint.segment_version,,pinpoint,SegmentResponse.SegmentGroups.Groups[].SourceSegments[].Id,list_nested,pinpoint.segment,,references,doc,medium,service-exact,get_segment_version,pinpoint.GetSegmentVersion
pinpoint.segment_version,,pinpoint,SegmentsResponse.Item[].Id,list_dict,pinpoint.segment,,references,doc,medium,service-exact,get_segment_versions,pinpoint.GetSegmentVersions
pinpoint.segment_version,,pinpoint,SegmentsResponse.Item[].Name,list_dict,pinpoint.segment,,references,doc,medium,service-exact,get_segment_versions,pinpoint.GetSegmentVersions
pinpoint.segment_version,,pinpoint,SegmentsResponse.Item[].SegmentGroups.Groups[].SourceSegments[].Id,list_nested,pinpoint.segment,,references,doc,medium,service-exact,get_segment_versions,pinpoint.GetSegmentVersions
pinpoint.sms_template,,pinpoint,SMSTemplateResponse.TemplateName,dotted,pinpoint.template,,references,doc,medium,service-partial,get_sms_template,pinpoint.GetSmsTemplate
pinpoint.template_version,,pinpoint,TemplateVersionsResponse.Item[].TemplateName,list_dict,pinpoint.template,,references,doc,medium,service-partial,list_template_versions,pinpoint.ListTemplateVersions
pinpoint.voice_template,,pinpoint,VoiceTemplateResponse.TemplateName,dotted,pinpoint.template,,references,doc,medium,service-partial,get_voice_template,pinpoint.GetVoiceTemplate
pipes.pipe,,pipes,TargetParameters.CloudWatchLogsParameters.LogStreamName,dotted,logs.log_stream,,references,doc,medium,global-exact,describe_pipe,pipes.DescribePipe
pipes.pipe,,pipes,TargetParameters.RedshiftDataParameters.SecretManagerArn,dotted,secretsmanager.secret,secrets-manager,references,doc,medium,global-exact,describe_pipe,pipes.DescribePipe
polly.voice,,polly,LanguageName,scalar,translate.language,,references,doc,medium,global-exact,describe_voices,polly.DescribeVoices
proton.deployment,,proton,componentName,scalar,proton.component,,references,doc,medium,service-exact,list_deployments,proton.ListDeployments
proton.deployment,,proton,deployment.componentName,dotted,proton.component,,references,doc,medium,service-exact,get_deployment,proton.GetDeployment
proton.deployment,,proton,deployment.environmentName,dotted,proton.environment,,references,doc,medium,service-exact,get_deployment,proton.GetDeployment
proton.deployment,,proton,environmentName,scalar,proton.environment,,references,doc,medium,service-exact,list_deployments,proton.ListDeployments
proton.deployment,,proton,deployment.serviceName,dotted,proton.service,,references,doc,medium,service-exact,get_deployment,proton.GetDeployment
proton.deployment,,proton,serviceName,scalar,proton.service,,references,doc,medium,service-exact,list_deployments,proton.ListDeployments
proton.environment,,proton,templateName,scalar,proton.environment_template,,references,doc,medium,service-exact,list_environments,proton.ListEnvironments
proton.environment_template_version,,proton,templateName,scalar,proton.environment_template,,references,doc,medium,service-exact,list_environment_template_versions,proton.ListEnvironmentTemplateVersions
proton.service,,proton,service.repositoryId,dotted,proton.repository,,references,doc,medium,service-partial,get_service,proton.GetService
proton.service,,proton,service.templateName,dotted,proton.service_template,,references,doc,medium,service-exact,get_service,proton.GetService
proton.service,,proton,templateName,scalar,proton.service_template,,references,doc,medium,service-exact,list_services,proton.ListServices
proton.service_instance,,proton,serviceInstance.serviceName,dotted,proton.service,,references,doc,medium,service-exact,get_service_instance,proton.GetServiceInstance
proton.service_instance,,proton,serviceName,scalar,proton.service,,references,doc,medium,service-exact,list_service_instances,proton.ListServiceInstances
proton.service_instance,,proton,templateName,scalar,proton.service_template,,references,doc,medium,service-exact,list_service_instances,proton.ListServiceInstances
proton.service_sync_config,,proton,serviceSyncConfig.serviceName,dotted,proton.service,,references,doc,medium,service-exact,get_service_sync_config,proton.GetServiceSyncConfig
proton.service_template_version,,proton,templateName,scalar,proton.service_template,,references,doc,medium,service-exact,list_service_template_versions,proton.ListServiceTemplateVersions
qbusiness.application,,qbusiness,encryptionConfiguration.kmsKeyId,dotted,kms.key,kms-key,encrypted-by,doc,medium,well-known,get_application,qbusiness.GetApplication
qbusiness.chat_controls_configuration,,qbusiness,rules[].ruleConfiguration.contentRetrievalRule.eligibleDataSources[].dataSourceId,list_nested,qbusiness.data_source,,references,doc,medium,service-exact,get_chat_controls_configuration,qbusiness.GetChatControlsConfiguration
qbusiness.chat_controls_configuration,,qbusiness,rules[].ruleConfiguration.contentRetrievalRule.eligibleDataSources[].indexId,list_nested,qbusiness.index,,references,doc,medium,service-exact,get_chat_controls_configuration,qbusiness.GetChatControlsConfiguration
qbusiness.data_source,,qbusiness,applicationId,scalar,qbusiness.application,,references,doc,medium,service-partial,get_data_source,qbusiness.GetDataSource
qbusiness.data_source,,qbusiness,indexId,scalar,qbusiness.index,,references,doc,medium,service-exact,get_data_source,qbusiness.GetDataSource
qbusiness.indice,,qbusiness,indexId,scalar,qbusiness.index,,references,doc,medium,service-exact,list_indices,qbusiness.ListIndices
qbusiness.message,,qbusiness,actionExecution.pluginId,dotted,qbusiness.plugin,,references,doc,medium,service-exact,list_messages,qbusiness.ListMessages
qbusiness.message,,qbusiness,actionReview.pluginId,dotted,qbusiness.plugin,,references,doc,medium,service-exact,list_messages,qbusiness.ListMessages
qbusiness.plugin,,qbusiness,applicationId,scalar,qbusiness.application,,references,doc,medium,service-exact,get_plugin,qbusiness.GetPlugin
qbusiness.retriever,,qbusiness,configuration.kendraIndexConfiguration.indexId,dotted,qbusiness.index,,references,doc,medium,service-partial,get_retriever,qbusiness.GetRetriever
qbusiness.retriever,,qbusiness,configuration.nativeIndexConfiguration.indexId,dotted,qbusiness.index,,references,doc,medium,service-partial,get_retriever,qbusiness.GetRetriever
qconnect.assistant_association,,qconnect,assistantAssociation.assistantId,dotted,qconnect.assistant,,references,doc,medium,service-partial,get_assistant_association,qconnect.GetAssistantAssociation
qconnect.assistant_association,,qconnect,assistantId,scalar,qconnect.assistant,,references,doc,medium,service-partial,list_assistant_associations,qconnect.ListAssistantAssociations
qconnect.assistant_association,,qconnect,assistantAssociation.associationData.knowledgeBaseAssociation.knowledgeBaseId,dotted,qconnect.knowledge_base,,references,doc,medium,service-exact,get_assistant_association,qconnect.GetAssistantAssociation
qconnect.assistant_association,,qconnect,associationData.knowledgeBaseAssociation.knowledgeBaseId,dotted,qconnect.knowledge_base,,references,doc,medium,service-exact,list_assistant_associations,qconnect.ListAssistantAssociations
qconnect.content,,qconnect,content.knowledgeBaseId,dotted,qconnect.knowledge_base,,references,doc,medium,service-exact,get_content,qconnect.GetContent
qconnect.content,,qconnect,knowledgeBaseId,scalar,qconnect.knowledge_base,,references,doc,medium,service-exact,list_contents,qconnect.ListContents
qconnect.content_summary,,qconnect,contentSummary.contentId,dotted,qconnect.content,,references,doc,medium,service-exact,get_content_summary,qconnect.GetContentSummary
qconnect.content_summary,,qconnect,contentSummary.revisionId,dotted,qconnect.content,,references,doc,medium,service-partial,get_content_summary,qconnect.GetContentSummary
qconnect.content_summary,,qconnect,contentSummary.knowledgeBaseId,dotted,qconnect.knowledge_base,,references,doc,medium,service-exact,get_content_summary,qconnect.GetContentSummary
qconnect.import_job,,qconnect,importJob.knowledgeBaseId,dotted,qconnect.knowledge_base,,references,doc,medium,service-exact,get_import_job,qconnect.GetImportJob
qconnect.import_job,,qconnect,knowledgeBaseId,scalar,qconnect.knowledge_base,,references,doc,medium,service-exact,list_import_jobs,qconnect.ListImportJobs
qconnect.quick_response,,qconnect,quickResponse.knowledgeBaseId,dotted,qconnect.knowledge_base,,references,doc,medium,service-exact,get_quick_response,qconnect.GetQuickResponse
qconnect.recommendation,,qconnect,data.reference.contentReference.contentId,dotted,qconnect.content,,references,doc,medium,service-exact,get_recommendations,qconnect.GetRecommendations
qconnect.recommendation,,qconnect,document.contentReference.contentId,dotted,qconnect.content,,references,doc,medium,service-exact,get_recommendations,qconnect.GetRecommendations
qconnect.recommendation,,qconnect,data.reference.contentReference.knowledgeBaseId,dotted,qconnect.knowledge_base,,references,doc,medium,service-exact,get_recommendations,qconnect.GetRecommendations
qconnect.recommendation,,qconnect,document.contentReference.knowledgeBaseId,dotted,qconnect.knowledge_base,,references,doc,medium,service-exact,get_recommendations,qconnect.GetRecommendations
qldb.ledger,qldb,qldb,EncryptionDescription.KmsKeyArn,dotted,kms.key,kms-key,encrypted-by,doc,medium,leaf-hint,describe_ledger,qldb.DescribeLedger
qldb.ledger,qldb,qldb,S3ExportConfiguration.EncryptionConfiguration.KmsKeyArn,dotted,kms.key,kms-key,encrypted-by,doc,medium,leaf-hint,list_journal_s3_exports_for_ledger,qldb.ListJournalS3ExportsForLedger
qldb.stream,,qldb,Stream.LedgerName,dotted,qldb.ledger,qldb,references,doc,medium,service-exact,describe_journal_kinesis_stream,qldb.DescribeJournalKinesisStream
quicksight.analysis,,quicksight,Definition.DataSetIdentifierDeclarations[].Identifier,list_dict,quicksight.data_set,,references,doc,medium,service-exact,describe_analysis_definition,quicksight.DescribeAnalysisDefinition
quicksight.analysis,,quicksight,Analysis.ThemeArn,dotted,quicksight.theme,,references,doc,medium,service-exact,describe_analysis,quicksight.DescribeAnalysis
quicksight.analysis,,quicksight,ThemeArn,scalar,quicksight.theme,,references,doc,medium,service-exact,describe_analysis_definition,quicksight.DescribeAnalysisDefinition
quicksight.dashboard,,quicksight,Definition.DataSetIdentifierDeclarations[].Identifier,list_dict,quicksight.data_set,,references,doc,medium,service-exact,describe_dashboard_definition,quicksight.DescribeDashboardDefinition
quicksight.dashboard,,quicksight,ThemeArn,scalar,quicksight.theme,,references,doc,medium,service-exact,describe_dashboard_definition,quicksight.DescribeDashboardDefinition
quicksight.data_set_permission,,quicksight,DataSetId,scalar,quicksight.data_set,,references,doc,medium,service-exact,describe_data_set_permissions,quicksight.DescribeDataSetPermissions
quicksight.data_source,,quicksight,AlternateDataSourceParameters[].RdsParameters.InstanceId,list_dict,ec2.instance,ec2,references,doc,medium,leaf-hint,list_data_sources,quicksight.ListDataSources
quicksight.data_source,,quicksight,DataSource.AlternateDataSourceParameters[].RdsParameters.InstanceId,list_dict,ec2.instance,ec2,references,doc,medium,leaf-hint,describe_data_source,quicksight.DescribeDataSource
quicksight.data_source,,quicksight,DataSource.DataSourceParameters.RdsParameters.InstanceId,dotted,ec2.instance,ec2,references,doc,medium,leaf-hint,describe_data_source,quicksight.DescribeDataSource
quicksight.data_source,,quicksight,DataSourceParameters.RdsParameters.InstanceId,dotted,ec2.instance,ec2,references,doc,medium,leaf-hint,list_data_sources,quicksight.ListDataSources
quicksight.template,,quicksight,ThemeArn,scalar,quicksight.theme,,references,doc,medium,service-exact,describe_template_definition,quicksight.DescribeTemplateDefinition
quicksight.topic,,quicksight,DatasetId,scalar,quicksight.data_set,,references,doc,medium,service-exact,list_topic_refresh_schedules,quicksight.ListTopicRefreshSchedules
quicksight.topic,,quicksight,DatasetName,scalar,quicksight.data_set,,references,doc,medium,service-exact,list_topic_refresh_schedules,quicksight.ListTopicRefreshSchedules
quicksight.topic,,quicksight,Topic.DataSets[].DatasetName,list_dict,quicksight.data_set,,references,doc,medium,service-exact,describe_topic,quicksight.DescribeTopic
quicksight.topic,,quicksight,RefreshDetails.RefreshId,dotted,quicksight.refresh_schedule,,references,doc,medium,service-partial,describe_topic_refresh,quicksight.DescribeTopicRefresh
quicksight.vpc_connection,,quicksight,NetworkInterfaces[].NetworkInterfaceId,list_dict,ec2.network_interface,eni,attached-to,doc,medium,leaf-hint,list_vpc_connections,quicksight.ListVPCConnections
quicksight.vpc_connection,,quicksight,VPCConnection.NetworkInterfaces[].NetworkInterfaceId,list_dict,ec2.network_interface,eni,attached-to,doc,medium,leaf-hint,describe_vpc_connection,quicksight.DescribeVPCConnection
quicksight.vpc_connection,,quicksight,NetworkInterfaces[].SubnetId,list_dict,ec2.subnet,subnet,contained-in,doc,medium,leaf-hint,list_vpc_connections,quicksight.ListVPCConnections
quicksight.vpc_connection,,quicksight,VPCConnection.NetworkInterfaces[].SubnetId,list_dict,ec2.subnet,subnet,contained-in,doc,medium,leaf-hint,describe_vpc_connection,quicksight.DescribeVPCConnection
quicksight.vpc_connection,,quicksight,Name,scalar,ec2.vpc,vpc,contained-in,doc,medium,well-known,list_vpc_connections,quicksight.ListVPCConnections
quicksight.vpc_connection,,quicksight,VPCConnection.Name,dotted,ec2.vpc,vpc,contained-in,doc,medium,well-known,describe_vpc_connection,quicksight.DescribeVPCConnection
quicksight.vpc_connection,,quicksight,VPCConnection.VPCId,dotted,ec2.vpc,vpc,contained-in,doc,medium,leaf-hint,describe_vpc_connection,quicksight.DescribeVPCConnection
quicksight.vpc_connection,,quicksight,VPCId,scalar,ec2.vpc,vpc,contained-in,doc,medium,leaf-hint,list_vpc_connections,quicksight.ListVPCConnections
quicksight.vpc_connection,,quicksight,RoleArn,scalar,iam.role,iam-role,assumes,doc,medium,well-known,list_vpc_connections,quicksight.ListVPCConnections
quicksight.vpc_connection,,quicksight,VPCConnection.RoleArn,dotted,iam.role,iam-role,assumes,doc,medium,well-known,describe_vpc_connection,quicksight.DescribeVPCConnection
ram.resource_share_association,,ram,resourceShareName,scalar,ram.resource_share,,references,doc,medium,service-exact,get_resource_share_associations,ram.GetResourceShareAssociations
ram.resource_share_invitation,,ram,resourceShareAssociations[].resourceShareName,list_dict,ram.resource_share,,references,doc,medium,service-exact,get_resource_share_invitations,ram.GetResourceShareInvitations
ram.resource_share_invitation,,ram,resourceShareName,scalar,ram.resource_share,,references,doc,medium,service-exact,get_resource_share_invitations,ram.GetResourceShareInvitations
rds.db_cluster,rds-cluster,rds,VpcSecurityGroups[].VpcSecurityGroupId,list_dict,ec2.security_group,security-group,protected-by,doc,medium,well-known,describe_db_clusters,rds.DescribeDBClusters
rds.db_cluster,rds-cluster,rds,ActivityStreamKmsKeyId,scalar,kms.key,kms-key,encrypted-by,doc,medium,well-known,describe_db_clusters,rds.DescribeDBClusters
rds.db_cluster,rds-cluster,rds,KmsKeyId,scalar,kms.key,kms-key,encrypted-by,doc,medium,leaf-hint,describe_db_clusters,rds.DescribeDBClusters
rds.db_cluster,rds-cluster,rds,MasterUserSecret.KmsKeyId,dotted,kms.key,kms-key,encrypted-by,doc,medium,leaf-hint,describe_db_clusters,rds.DescribeDBClusters
rds.db_cluster,rds-cluster,rds,PerformanceInsightsKMSKeyId,scalar,kms.key,kms-key,encrypted-by,doc,medium,well-known,describe_db_clusters,rds.DescribeDBClusters
rds.db_cluster_automated_backup,,rds,VpcId,scalar,ec2.vpc,vpc,contained-in,doc,medium,leaf-hint,describe_db_cluster_automated_backups,rds.DescribeDBClusterAutomatedBackups
rds.db_cluster_automated_backup,,rds,KmsKeyId,scalar,kms.key,kms-key,encrypted-by,doc,medium,leaf-hint,describe_db_cluster_automated_backups,rds.DescribeDBClusterAutomatedBackups
rds.db_cluster_automated_backup,,rds,DBClusterIdentifier,scalar,rds.db_cluster,rds-cluster,references,doc,medium,service-partial,describe_db_cluster_automated_backups,rds.DescribeDBClusterAutomatedBackups
rds.db_cluster_automated_backup,,rds,DbClusterResourceId,scalar,rds.db_cluster,rds-cluster,references,doc,medium,service-partial,describe_db_cluster_automated_backups,rds.DescribeDBClusterAutomatedBackups
rds.db_cluster_endpoint,,rds,DBClusterIdentifier,scalar,rds.db_cluster,rds-cluster,references,doc,medium,service-partial,describe_db_cluster_endpoints,rds.DescribeDBClusterEndpoints
rds.db_instance,rds,rds,VpcSecurityGroups[].VpcSecurityGroupId,list_dict,ec2.security_group,security-group,protected-by,doc,medium,well-known,describe_db_instances,rds.DescribeDBInstances
rds.db_instance,rds,rds,DBSubnetGroup.Subnets[].SubnetIdentifier,list_dict,ec2.subnet,subnet,contained-in,doc,medium,well-known,describe_db_instances,rds.DescribeDBInstances
rds.db_instance,rds,rds,DBSubnetGroup.VpcId,dotted,ec2.vpc,vpc,contained-in,doc,medium,leaf-hint,describe_db_instances,rds.DescribeDBInstances
rds.db_instance,rds,rds,ActivityStreamKmsKeyId,scalar,kms.key,kms-key,encrypted-by,doc,medium,well-known,describe_db_instances,rds.DescribeDBInstances
rds.db_instance,rds,rds,KmsKeyId,scalar,kms.key,kms-key,encrypted-by,doc,medium,leaf-hint,describe_db_instances,rds.DescribeDBInstances
rds.db_instance,rds,rds,MasterUserSecret.KmsKeyId,dotted,kms.key,kms-key,encrypted-by,doc,medium,leaf-hint,describe_db_instances,rds.DescribeDBInstances
rds.db_instance,rds,rds,PerformanceInsightsKMSKeyId,scalar,kms.key,kms-key,encrypted-by,doc,medium,well-known,describe_db_instances,rds.DescribeDBInstances
rds.db_instance,rds,rds,DBParameterGroups[].DBParameterGroupName,list_dict,rds.db_parameter_group,rds-param-group,references,doc,medium,service-exact,describe_db_instances,rds.DescribeDBInstances
rds.db_instance,rds,rds,DBSecurityGroups[].DBSecurityGroupName,list_dict,rds.db_security_group,,references,doc,medium,service-exact,describe_db_instances,rds.DescribeDBInstances
rds.db_instance,rds,rds,DBSubnetGroup.DBSubnetGroupName,dotted,rds.db_subnet_group,rds-subnet-group,references,doc,medium,service-exact,describe_db_instances,rds.DescribeDBInstances
rds.db_instance,rds,rds,OptionGroupMemberships[].OptionGroupName,list_dict,rds.option_group,,references,doc,medium,service-partial,describe_db_instances,rds.DescribeDBInstances
rds.db_instance_automated_backup,,rds,VpcId,scalar,ec2.vpc,vpc,contained-in,doc,medium,leaf-hint,describe_db_instance_automated_backups,rds.DescribeDBInstanceAutomatedBackups
rds.db_instance_automated_backup,,rds,KmsKeyId,scalar,kms.key,kms-key,encrypted-by,doc,medium,leaf-hint,describe_db_instance_automated_backups,rds.DescribeDBInstanceAutomatedBackups
rds.db_instance_automated_backup,,rds,DBInstanceIdentifier,scalar,rds.db_instance,rds,references,doc,medium,service-partial,describe_db_instance_automated_backups,rds.DescribeDBInstanceAutomatedBackups
rds.db_instance_automated_backup,,rds,DbiResourceId,scalar,rds.db_instance,rds,references,doc,medium,service-partial,describe_db_instance_automated_backups,rds.DescribeDBInstanceAutomatedBackups
rds.db_proxy,rds-proxy,rds,VpcId,scalar,ec2.vpc,vpc,contained-in,doc,medium,leaf-hint,describe_db_proxies,rds.DescribeDBProxies
rds.db_proxy_endpoint,,rds,VpcId,scalar,ec2.vpc,vpc,contained-in,doc,medium,leaf-hint,describe_db_proxy_endpoints,rds.DescribeDBProxyEndpoints
rds.db_security_group,,rds,VpcId,scalar,ec2.vpc,vpc,contained-in,doc,medium,leaf-hint,describe_db_security_groups,rds.DescribeDBSecurityGroups
rds.db_subnet_group,rds-subnet-group,rds,Subnets[].SubnetIdentifier,list_dict,ec2.subnet,subnet,contained-in,doc,medium,well-known,describe_db_subnet_groups,rds.DescribeDBSubnetGroups
rds.db_subnet_group,rds-subnet-group,rds,VpcId,scalar,ec2.vpc,vpc,contained-in,doc,medium,leaf-hint,describe_db_subnet_groups,rds.DescribeDBSubnetGroups
rds.export_task,,rds,KmsKeyId,scalar,kms.key,kms-key,encrypted-by,doc,medium,leaf-hint,describe_export_tasks,rds.DescribeExportTasks
rds.option_group,,rds,Options[].VpcSecurityGroupMemberships[].VpcSecurityGroupId,list_nested,ec2.security_group,security-group,protected-by,doc,medium,well-known,describe_option_groups,rds.DescribeOptionGroups
rds.option_group,,rds,VpcId,scalar,ec2.vpc,vpc,contained-in,doc,medium,leaf-hint,describe_option_groups,rds.DescribeOptionGroups
rds.option_group,,rds,Options[].DBSecurityGroupMemberships[].DBSecurityGroupName,list_nested,rds.db_security_group,,references,doc,medium,service-exact,describe_option_groups,rds.DescribeOptionGroups
rds.tenant_databas,,rds,DbiResourceId,scalar,rds.db_instance,rds,references,doc,medium,service-exact,describe_tenant_databases,rds.DescribeTenantDatabases
redshift-data.statement_result,,redshift-data,ColumnMetadata[].tableName,list_dict,redshift-data.table,,references,doc,medium,service-exact,get_statement_result,redshift-data.GetStatementResult
redshift-serverless.custom_domain_association,,redshift-serverless,workgroupName,scalar,redshift-serverless.workgroup,,references,doc,medium,service-exact,get_custom_domain_association,redshift-serverless.GetCustomDomainAssociation
redshift-serverless.endpoint_access,,redshift-serverless,endpoint.vpcEndpoint.networkInterfaces[].networkInterfaceId,list_dict,ec2.network_interface,eni,attached-to,doc,medium,well-known,get_endpoint_access,redshift-serverless.GetEndpointAccess
redshift-serverless.endpoint_access,,redshift-serverless,vpcEndpoint.networkInterfaces[].networkInterfaceId,list_dict,ec2.network_interface,eni,attached-to,doc,medium,well-known,list_endpoint_access,redshift-serverless.ListEndpointAccess
redshift-serverless.endpoint_access,,redshift-serverless,endpoint.vpcSecurityGroups[].vpcSecurityGroupId,list_dict,ec2.security_group,security-group,protected-by,doc,medium,well-known,get_endpoint_access,redshift-serverless.GetEndpointAccess
redshift-serverless.endpoint_access,,redshift-serverless,vpcSecurityGroups[].vpcSecurityGroupId,list_dict,ec2.security_group,security-group,protected-by,doc,medium,well-known,list_endpoint_access,redshift-serverless.ListEndpointAccess
redshift-serverless.endpoint_access,,redshift-serverless,endpoint.vpcEndpoint.networkInterfaces[].subnetId,list_dict,ec2.subnet,subnet,contained-in,doc,medium,leaf-hint,get_endpoint_access,redshift-serverless.GetEndpointAccess
redshift-serverless.endpoint_access,,redshift-serverless,vpcEndpoint.networkInterfaces[].subnetId,list_dict,ec2.subnet,subnet,contained-in,doc,medium,leaf-hint,list_endpoint_access,redshift-serverless.ListEndpointAccess
redshift-serverless.endpoint_access,,redshift-serverless,endpoint.endpointName,dotted,ec2.vpc,vpc,contained-in,doc,medium,well-known,get_endpoint_access,redshift-serverless.GetEndpointAccess
redshift-serverless.endpoint_access,,redshift-serverless,endpoint.vpcEndpoint.vpcId,dotted,ec2.vpc,vpc,contained-in,doc,medium,leaf-hint,get_endpoint_access,redshift-serverless.GetEndpointAccess
redshift-serverless.endpoint_access,,redshift-serverless,endpointName,scalar,ec2.vpc,vpc,contained-in,doc,medium,well-known,list_endpoint_access,redshift-serverless.ListEndpointAccess
redshift-serverless.endpoint_access,,redshift-serverless,vpcEndpoint.vpcId,dotted,ec2.vpc,vpc,contained-in,doc,medium,leaf-hint,list_endpoint_access,redshift-serverless.ListEndpointAccess
redshift-serverless.endpoint_access,,redshift-serverless,endpoint.workgroupName,dotted,redshift-serverless.workgroup,,references,doc,medium,service-exact,get_endpoint_access,redshift-serverless.GetEndpointAccess
redshift-serverless.endpoint_access,,redshift-serverless,workgroupName,scalar,redshift-serverless.workgroup,,references,doc,medium,service-exact,list_endpoint_access,redshift-serverless.ListEndpointAccess
redshift-serverless.namespace,,redshift-serverless,adminPasswordSecretKmsKeyId,scalar,kms.key,kms-key,encrypted-by,doc,medium,well-known,list_namespaces,redshift-serverless.ListNamespaces
redshift-serverless.namespace,,redshift-serverless,namespace.adminPasswordSecretKmsKeyId,dotted,kms.key,kms-key,encrypted-by,doc,medium,well-known,get_namespace,redshift-serverless.GetNamespace
redshift-serverless.snapshot,,redshift-serverless,adminPasswordSecretKmsKeyId,scalar,kms.key,kms-key,encrypted-by,doc,medium,well-known,list_snapshots,redshift-serverless.ListSnapshots
redshift-serverless.snapshot,,redshift-serverless,kmsKeyId,scalar,kms.key,kms-key,encrypted-by,doc,medium,well-known,list_snapshots,redshift-serverless.ListSnapshots
redshift-serverless.snapshot,,redshift-serverless,snapshot.adminPasswordSecretKmsKeyId,dotted,kms.key,kms-key,encrypted-by,doc,medium,well-known,get_snapshot,redshift-serverless.GetSnapshot
redshift-serverless.snapshot,,redshift-serverless,snapshot.kmsKeyId,dotted,kms.key,kms-key,encrypted-by,doc,medium,well-known,get_snapshot,redshift-serverless.GetSnapshot
redshift-serverless.table_restore_status,,redshift-serverless,recoveryPointId,scalar,redshift-serverless.recovery_point,,references,doc,medium,service-partial,list_table_restore_status,redshift-serverless.ListTableRestoreStatus
redshift-serverless.table_restore_status,,redshift-serverless,tableRestoreStatus.recoveryPointId,dotted,redshift-serverless.recovery_point,,references,doc,medium,service-partial,get_table_restore_status,redshift-serverless.GetTableRestoreStatus
redshift-serverless.table_restore_status,,redshift-serverless,tableRestoreStatus.workgroupName,dotted,redshift-serverless.workgroup,,references,doc,medium,service-exact,get_table_restore_status,redshift-serverless.GetTableRestoreStatus
redshift-serverless.table_restore_status,,redshift-serverless,workgroupName,scalar,redshift-serverless.workgroup,,references,doc,medium,service-exact,list_table_restore_status,redshift-serverless.ListTableRestoreStatus
redshift-serverless.workgroup,,redshift-serverless,endpoint.vpcEndpoints[].networkInterfaces[].networkInterfaceId,list_nested,ec2.network_interface,eni,attached-to,doc,medium,well-known,list_workgroups,redshift-serverless.ListWorkgroups
redshift-serverless.workgroup,,redshift-serverless,workgroup.endpoint.vpcEndpoints[].networkInterfaces[].networkInterfaceId,list_nested,ec2.network_interface,eni,attached-to,doc,medium,well-known,get_workgroup,redshift-serverless.GetWorkgroup
redshift-serverless.workgroup,,redshift-serverless,endpoint.vpcEndpoints[].networkInterfaces[].subnetId,list_nested,ec2.subnet,subnet,contained-in,doc,medium,leaf-hint,list_workgroups,redshift-serverless.ListWorkgroups
redshift-serverless.workgroup,,redshift-serverless,workgroup.endpoint.vpcEndpoints[].networkInterfaces[].subnetId,list_nested,ec2.subnet,subnet,contained-in,doc,medium,leaf-hint,get_workgroup,redshift-serverless.GetWorkgroup
redshift-serverless.workgroup,,redshift-serverless,endpoint.vpcEndpoints[].vpcId,list_dict,ec2.vpc,vpc,contained-in,doc,medium,leaf-hint,list_workgroups,redshift-serverless.ListWorkgroups
redshift-serverless.workgroup,,redshift-serverless,workgroup.endpoint.vpcEndpoints[].vpcId,list_dict,ec2.vpc,vpc,contained-in,doc,medium,leaf-hint,get_workgroup,redshift-serverless.GetWorkgroup
redshift.cluster,redshift,redshift,Endpoint.VpcEndpoints[].NetworkInterfaces[].NetworkInterfaceId,list_nested,ec2.network_interface,eni,attached-to,doc,medium,leaf-hint,describe_clusters,redshift.DescribeClusters
redshift.cluster,redshift,redshift,VpcSecurityGroups[].VpcSecurityGroupId,list_dict,ec2.security_group,security-group,protected-by,doc,medium,well-known,describe_clusters,redshift.DescribeClusters
redshift.cluster,redshift,redshift,Endpoint.VpcEndpoints[].NetworkInterfaces[].SubnetId,list_nested,ec2.subnet,subnet,contained-in,doc,medium,leaf-hint,describe_clusters,redshift.DescribeClusters
redshift.cluster,redshift,redshift,Endpoint.VpcEndpoints[].VpcId,list_dict,ec2.vpc,vpc,contained-in,doc,medium,leaf-hint,describe_clusters,redshift.DescribeClusters
redshift.cluster,redshift,redshift,VpcId,scalar,ec2.vpc,vpc,contained-in,doc,medium,leaf-hint,describe_cluster_snapshots,redshift.DescribeClusterSnapshots
redshift.cluster,redshift,redshift,KmsKeyId,scalar,kms.key,kms-key,encrypted-by,doc,medium,leaf-hint,describe_cluster_snapshots,redshift.DescribeClusterSnapshots
redshift.cluster,redshift,redshift,MasterPasswordSecretKmsKeyId,scalar,kms.key,kms-key,encrypted-by,doc,medium,well-known,describe_cluster_snapshots,redshift.DescribeClusterSnapshots
redshift.cluster,redshift,redshift,ClusterParameterGroups[].ParameterGroupName,list_dict,redshift.cluster_parameter_group,,references,doc,medium,service-exact,describe_clusters,redshift.DescribeClusters
redshift.cluster,redshift,redshift,ClusterSecurityGroups[].ClusterSecurityGroupName,list_dict,redshift.cluster_security_group,,references,doc,medium,service-exact,describe_clusters,redshift.DescribeClusters
redshift.cluster,redshift,redshift,DeferredMaintenanceWindows[].DeferMaintenanceIdentifier,list_dict,ssm.maintenance_window,,references,doc,medium,global-exact,describe_clusters,redshift.DescribeClusters
redshift.cluster_db_revision,,redshift,ClusterIdentifier,scalar,redshift.cluster,redshift,references,doc,medium,service-exact,describe_cluster_db_revisions,redshift.DescribeClusterDbRevisions
redshift.cluster_subnet_group,redshift-subnet-group,redshift,Subnets[].SubnetIdentifier,list_dict,ec2.subnet,subnet,contained-in,doc,medium,well-known,describe_cluster_subnet_groups,redshift.DescribeClusterSubnetGroups
redshift.cluster_subnet_group,redshift-subnet-group,redshift,VpcId,scalar,ec2.vpc,vpc,contained-in,doc,medium,leaf-hint,describe_cluster_subnet_groups,redshift.DescribeClusterSubnetGroups
redshift.endpoint_access,,redshift,VpcEndpoint.NetworkInterfaces[].NetworkInterfaceId,list_dict,ec2.network_interface,eni,attached-to,doc,medium,leaf-hint,describe_endpoint_access,redshift.DescribeEndpointAccess
redshift.endpoint_access,,redshift,VpcSecurityGroups[].VpcSecurityGroupId,list_dict,ec2.security_group,security-group,protected-by,doc,medium,well-known,describe_endpoint_access,redshift.DescribeEndpointAccess
redshift.endpoint_access,,redshift,VpcEndpoint.NetworkInterfaces[].SubnetId,list_dict,ec2.subnet,subnet,contained-in,doc,medium,leaf-hint,describe_endpoint_access,redshift.DescribeEndpointAccess
redshift.endpoint_access,,redshift,VpcEndpoint.VpcId,dotted,ec2.vpc,vpc,contained-in,doc,medium,leaf-hint,describe_endpoint_access,redshift.DescribeEndpointAccess
redshift.endpoint_access,,redshift,ClusterIdentifier,scalar,redshift.cluster,redshift,references,doc,medium,service-exact,describe_endpoint_access,redshift.DescribeEndpointAccess
redshift.logging_status,,redshift,BucketName,scalar,s3.bucket,s3,references,doc,medium,well-known,describe_logging_status,redshift.DescribeLoggingStatus
redshift.scheduled_action,,redshift,TargetAction.ResizeCluster.ReservedNodeId,dotted,memorydb.reserved_node,,references,doc,medium,global-exact,describe_scheduled_actions,redshift.DescribeScheduledActions
redshift.scheduled_action,,redshift,TargetAction.PauseCluster.ClusterIdentifier,dotted,redshift.cluster,redshift,references,doc,medium,service-exact,describe_scheduled_actions,redshift.DescribeScheduledActions
redshift.scheduled_action,,redshift,TargetAction.ResizeCluster.ClusterIdentifier,dotted,redshift.cluster,redshift,references,doc,medium,service-exact,describe_scheduled_actions,redshift.DescribeScheduledActions
redshift.scheduled_action,,redshift,TargetAction.ResumeCluster.ClusterIdentifier,dotted,redshift.cluster,redshift,references,doc,medium,service-exact,describe_scheduled_actions,redshift.DescribeScheduledActions
rekognition.media_analysis_job,,rekognition,KmsKeyId,scalar,kms.key,kms-key,encrypted-by,doc,medium,leaf-hint,get_media_analysis_job,rekognition.GetMediaAnalysisJob
rekognition.project,,rekognition,KmsKeyId,scalar,kms.key,kms-key,encrypted-by,doc,medium,leaf-hint,describe_project_versions,rekognition.DescribeProjectVersions
rekognition.stream_processor,,rekognition,KmsKeyId,scalar,kms.key,kms-key,encrypted-by,doc,medium,leaf-hint,describe_stream_processor,rekognition.DescribeStreamProcessor
repostspace.space,,repostspace,clientId,scalar,panorama.application_instance,,references,doc,medium,global-exact,get_space,repostspace.GetSpace
resiliencehub.app_assessment,,resiliencehub,assessment.versionName,dotted,resiliencehub.app,,references,doc,medium,service-partial,describe_app_assessment,resiliencehub.DescribeAppAssessment
resiliencehub.app_component_compliance,,resiliencehub,appComponentName,scalar,resiliencehub.app,,references,doc,medium,service-partial,list_app_component_compliances,resiliencehub.ListAppComponentCompliances
resiliencehub.app_component_recommendation,,resiliencehub,appComponentName,scalar,resiliencehub.app,,references,doc,medium,service-partial,list_app_component_recommendations,resiliencehub.ListAppComponentRecommendations
resiliencehub.app_component_recommendation,,resiliencehub,configRecommendations[].appComponentName,list_dict,resiliencehub.app,,references,doc,medium,service-partial,list_app_component_recommendations,resiliencehub.ListAppComponentRecommendations
resiliencehub.app_version,,resiliencehub,versionName,scalar,resiliencehub.app,,references,doc,medium,service-partial,list_app_versions,resiliencehub.ListAppVersions
resiliencehub.app_version_resource_mapping,,resiliencehub,appRegistryAppName,scalar,resiliencehub.app,,references,doc,medium,service-partial,list_app_version_resource_mappings,resiliencehub.ListAppVersionResourceMappings
resiliencehub.app_version_resource_mapping,,resiliencehub,resourceGroupName,scalar,resiliencehub.app,,references,doc,medium,service-partial,list_app_version_resource_mappings,resiliencehub.ListAppVersionResourceMappings
resiliencehub.app_version_resource_mapping,,resiliencehub,resourceName,scalar,resiliencehub.app,,references,doc,medium,service-partial,list_app_version_resource_mappings,resiliencehub.ListAppVersionResourceMappings
resiliencehub.sop_recommendation,,resiliencehub,appComponentName,scalar,resiliencehub.app,,references,doc,medium,service-partial,list_sop_recommendations,resiliencehub.ListSopRecommendations
resiliencehub.test_recommendation,,resiliencehub,appComponentName,scalar,resiliencehub.app,,references,doc,medium,service-partial,list_test_recommendations,resiliencehub.ListTestRecommendations
resource-groups.group_configuration,,resource-groups,GroupConfiguration.Configuration[].Parameters[].Name,list_nested,resource-groups.group,,references,doc,medium,service-exact,get_group_configuration,resource-groups.GetGroupConfiguration
resource-groups.group_configuration,,resource-groups,GroupConfiguration.ProposedConfiguration[].Parameters[].Name,list_nested,resource-groups.group,,references,doc,medium,service-exact,get_group_configuration,resource-groups.GetGroupConfiguration
rolesanywhere.crl,,rolesanywhere,crl.trustAnchorArn,dotted,rolesanywhere.trust_anchor,,references,doc,medium,service-exact,get_crl,rolesanywhere.GetCrl
rolesanywhere.crl,,rolesanywhere,trustAnchorArn,scalar,rolesanywhere.trust_anchor,,references,doc,medium,service-exact,list_crls,rolesanywhere.ListCrls
rolesanywhere.subject,,rolesanywhere,subject.subjectArn,dotted,rolesanywhere.tags_for_resource,,references,doc,medium,service-partial,get_subject,rolesanywhere.GetSubject
rolesanywhere.subject,,rolesanywhere,subjectArn,scalar,rolesanywhere.tags_for_resource,,references,doc,medium,service-partial,list_subjects,rolesanywhere.ListSubjects
rolesanywhere.subject,,rolesanywhere,subjectId,scalar,rolesanywhere.tags_for_resource,,references,doc,medium,service-partial,list_subjects,rolesanywhere.ListSubjects
route53-recovery-control-config.control_panel,recovery-control-panel,route53-recovery-control-config,ClusterArn,scalar,route53-recovery-control-config.cluster,recovery-cluster,contained-in,parent_spec,high,declared,,c7n parent_spec of recovery-control-panel
route53-recovery-readiness.readiness_check_resource_status,,route53-recovery-readiness,RuleId,scalar,route53-recovery-readiness.rule,,references,doc,medium,service-exact,get_readiness_check_resource_status,route53-recovery-readiness.GetReadinessCheckResourceStatus
route53.hosted_zone,hostedzone,route53,VPCId,scalar,ec2.vpc,vpc,contained-in,doc,medium,leaf-hint,get_hosted_zone,route53.GetHostedZone
route53.record_set,rrset,route53,HealthCheckId,scalar,route53.health_check,healthcheck,references,doc,medium,service-partial,list_resource_record_sets,route53.ListResourceRecordSets
route53.record_set,rrset,route53,HostedZoneId,scalar,route53.hosted_zone,hostedzone,contained-in,parent_spec,high,declared,,c7n parent_spec of rrset
route53domains.operation_detail,,route53domains,OperationId,scalar,route53domains.operation,,references,doc,medium,service-exact,get_operation_detail,route53domains.GetOperationDetail
route53resolver.firewall_rule_group_association,,route53resolver,FirewallRuleGroupAssociation.VpcId,dotted,ec2.vpc,vpc,contained-in,doc,medium,leaf-hint,get_firewall_rule_group_association,route53resolver.GetFirewallRuleGroupAssociation
route53resolver.firewall_rule_group_association,,route53resolver,VpcId,scalar,ec2.vpc,vpc,contained-in,doc,medium,leaf-hint,list_firewall_rule_group_associations,route53resolver.ListFirewallRuleGroupAssociations
route53resolver.firewall_rule_group_association,,route53resolver,FirewallRuleGroupAssociation.FirewallRuleGroupId,dotted,route53resolver.firewall_rule_group,,references,doc,medium,service-exact,get_firewall_rule_group_association,route53resolver.GetFirewallRuleGroupAssociation
route53resolver.firewall_rule_group_association,,route53resolver,FirewallRuleGroupId,scalar,route53resolver.firewall_rule_group,,references,doc,medium,service-exact,list_firewall_rule_group_associations,route53resolver.ListFirewallRuleGroupAssociations
route53resolver.outpost_resolver,,route53resolver,Id,scalar,appsync.resolver,,references,doc,medium,global-exact,list_outpost_resolvers,route53resolver.ListOutpostResolvers
route53resolver.outpost_resolver,,route53resolver,Name,scalar,appsync.resolver,,references,doc,medium,global-exact,list_outpost_resolvers,route53resolver.ListOutpostResolvers
route53resolver.outpost_resolver,,route53resolver,OutpostResolver.Id,dotted,appsync.resolver,,references,doc,medium,global-exact,get_outpost_resolver,route53resolver.GetOutpostResolver
route53resolver.outpost_resolver,,route53resolver,OutpostResolver.Name,dotted,appsync.resolver,,references,doc,medium,global-exact,get_outpost_resolver,route53resolver.GetOutpostResolver
route53resolver.resolver_dnssec_config,,route53resolver,ResolverDNSSECConfig.ResourceId,dotted,ec2.vpc,vpc,contained-in,doc,medium,well-known,get_resolver_dnssec_config,route53resolver.GetResolverDnssecConfig
route53resolver.resolver_dnssec_config,,route53resolver,ResourceId,scalar,ec2.vpc,vpc,contained-in,doc,medium,well-known,list_resolver_dnssec_configs,route53resolver.ListResolverDnssecConfigs
route53resolver.resolver_endpoint_ip_address,,route53resolver,SubnetId,scalar,ec2.subnet,subnet,contained-in,doc,medium,leaf-hint,list_resolver_endpoint_ip_addresses,route53resolver.ListResolverEndpointIpAddresses
route53resolver.resolver_query_log_config,,route53resolver,Arn,scalar,amp.query_logging_configuration,,references,doc,medium,global-exact,list_resolver_query_log_configs,route53resolver.ListResolverQueryLogConfigs
route53resolver.resolver_query_log_config,,route53resolver,Id,scalar,amp.query_logging_configuration,,references,doc,medium,global-exact,list_resolver_query_log_configs,route53resolver.ListResolverQueryLogConfigs
route53resolver.resolver_query_log_config,,route53resolver,Name,scalar,amp.query_logging_configuration,,references,doc,medium,global-exact,list_resolver_query_log_configs,route53resolver.ListResolverQueryLogConfigs
route53resolver.resolver_query_log_config,,route53resolver,ResolverQueryLogConfig.Arn,dotted,amp.query_logging_configuration,,references,doc,medium,global-exact,get_resolver_query_log_config,route53resolver.GetResolverQueryLogConfig
route53resolver.resolver_query_log_config,,route53resolver,ResolverQueryLogConfig.Id,dotted,amp.query_logging_configuration,,references,doc,medium,global-exact,get_resolver_query_log_config,route53resolver.GetResolverQueryLogConfig
route53resolver.resolver_query_log_config,,route53resolver,ResolverQueryLogConfig.Name,dotted,amp.query_logging_configuration,,references,doc,medium,global-exact,get_resolver_query_log_config,route53resolver.GetResolverQueryLogConfig
route53resolver.resolver_rule_association,,route53resolver,ResolverRuleAssociation.VPCId,dotted,ec2.vpc,vpc,contained-in,doc,medium,leaf-hint,get_resolver_rule_association,route53resolver.GetResolverRuleAssociation
route53resolver.resolver_rule_association,,route53resolver,VPCId,scalar,ec2.vpc,vpc,contained-in,doc,medium,leaf-hint,list_resolver_rule_associations,route53resolver.ListResolverRuleAssociations
route53resolver.resolver_rule_association,,route53resolver,Id,scalar,route53resolver.resolver_rule,,references,doc,medium,service-partial,list_resolver_rule_associations,route53resolver.ListResolverRuleAssociations
route53resolver.resolver_rule_association,,route53resolver,ResolverRuleAssociation.Id,dotted,route53resolver.resolver_rule,,references,doc,medium,service-partial,get_resolver_rule_association,route53resolver.GetResolverRuleAssociation
s3.bucket,s3,s3,Destination.S3BucketDestination.Encryption.SSEKMS.KeyId,dotted,kms.key,kms-key,encrypted-by,doc,medium,well-known,list_bucket_inventory_configurations,s3.ListBucketInventoryConfigurations
s3.bucket,s3,s3,InventoryConfiguration.Destination.S3BucketDestination.Encryption.SSEKMS.KeyId,dotted,kms.key,kms-key,encrypted-by,doc,medium,well-known,get_bucket_inventory_configuration,s3.GetBucketInventoryConfiguration
s3.directory_bucket,s3-directory,s3,Name,scalar,s3.bucket,s3,references,doc,medium,well-known,list_directory_buckets,s3.ListDirectoryBuckets
s3.object_lock_configuration,,s3,SSEKMSKeyId,scalar,kms.key,kms-key,encrypted-by,doc,medium,well-known,get_object,s3.GetObject
s3control.access_point,,s3control,VpcConfiguration.VpcId,dotted,ec2.vpc,vpc,contained-in,doc,medium,leaf-hint,get_access_point,s3control.GetAccessPoint
s3control.access_point_for_object_lambda,,s3control,Name,scalar,s3control.access_point,,references,doc,medium,service-partial,get_access_point_for_object_lambda,s3control.GetAccessPointForObjectLambda
s3control.access_points_for_object_lambda,,s3control,Name,scalar,s3control.access_point,,references,doc,medium,service-partial,list_access_points_for_object_lambda,s3control.ListAccessPointsForObjectLambda
s3control.access_points_for_object_lambda,,s3control,ObjectLambdaAccessPointArn,scalar,s3control.access_point,,references,doc,medium,service-partial,list_access_points_for_object_lambda,s3control.ListAccessPointsForObjectLambda
s3outposts.endpoint,,s3outposts,NetworkInterfaces[].NetworkInterfaceId,list_dict,ec2.network_interface,eni,attached-to,doc,medium,leaf-hint,list_endpoints,s3outposts.ListEndpoints
s3outposts.endpoint,,s3outposts,SecurityGroupId,scalar,ec2.security_group,security-group,protected-by,doc,medium,well-known,list_endpoints,s3outposts.ListEndpoints
s3outposts.endpoint,,s3outposts,SubnetId,scalar,ec2.subnet,subnet,contained-in,doc,medium,leaf-hint,list_endpoints,s3outposts.ListEndpoints
s3outposts.endpoint,,s3outposts,VpcId,scalar,ec2.vpc,vpc,contained-in,doc,medium,leaf-hint,list_endpoints,s3outposts.ListEndpoints
s3outposts.endpoint,,s3outposts,OutpostsId,scalar,s3outposts.outposts_with_s3,,references,doc,medium,service-partial,list_endpoints,s3outposts.ListEndpoints
s3outposts.shared_endpoint,,s3outposts,NetworkInterfaces[].NetworkInterfaceId,list_dict,ec2.network_interface,eni,attached-to,doc,medium,leaf-hint,list_shared_endpoints,s3outposts.ListSharedEndpoints
s3outposts.shared_endpoint,,s3outposts,SecurityGroupId,scalar,ec2.security_group,security-group,protected-by,doc,medium,well-known,list_shared_endpoints,s3outposts.ListSharedEndpoints
s3outposts.shared_endpoint,,s3outposts,SubnetId,scalar,ec2.subnet,subnet,contained-in,doc,medium,leaf-hint,list_shared_endpoints,s3outposts.ListSharedEndpoints
s3outposts.shared_endpoint,,s3outposts,VpcId,scalar,ec2.vpc,vpc,contained-in,doc,medium,leaf-hint,list_shared_endpoints,s3outposts.ListSharedEndpoints
s3outposts.shared_endpoint,,s3outposts,OutpostsId,scalar,s3outposts.outposts_with_s3,,references,doc,medium,service-partial,list_shared_endpoints,s3outposts.ListSharedEndpoints
sagemaker.action,,sagemaker,CreatedBy.IamIdentity.PrincipalId,dotted,ram.principal,,references,doc,medium,global-exact,describe_action,sagemaker.DescribeAction
sagemaker.action,,sagemaker,LastModifiedBy.IamIdentity.PrincipalId,dotted,ram.principal,,references,doc,medium,global-exact,describe_action,sagemaker.DescribeAction
sagemaker.algorithm,,sagemaker,ValidationSpecification.ValidationProfiles[].TrainingJobDefinition.ResourceConfig.InstanceGroups[].InstanceGroupName,list_nested,ec2.instance,ec2,references,doc,medium,well-known,describe_algorithm,sagemaker.DescribeAlgorithm
sagemaker.algorithm,,sagemaker,ValidationSpecification.ValidationProfiles[].TrainingJobDefinition.OutputDataConfig.KmsKeyId,list_dict,kms.key,kms-key,encrypted-by,doc,medium,leaf-hint,describe_algorithm,sagemaker.DescribeAlgorithm
sagemaker.algorithm,,sagemaker,ValidationSpecification.ValidationProfiles[].TransformJobDefinition.TransformOutput.KmsKeyId,list_dict,kms.key,kms-key,encrypted-by,doc,medium,leaf-hint,describe_algorithm,sagemaker.DescribeAlgorithm
sagemaker.algorithm,,sagemaker,InferenceSpecification.Containers[].ProductId,list_dict,sagemaker.model_package,,references,doc,medium,service-exact,describe_algorithm,sagemaker.DescribeAlgorithm
sagemaker.app,,sagemaker,ResourceSpec.SageMakerImageVersionArn,dotted,sagemaker.image,,references,doc,medium,service-exact,describe_app,sagemaker.DescribeApp
sagemaker.app,,sagemaker,SpaceName,scalar,sagemaker.space,,references,doc,medium,service-exact,describe_app,sagemaker.DescribeApp
sagemaker.app_image_config,,sagemaker,KernelGatewayImageConfig.KernelSpecs[].Name,list_dict,sagemaker.image,,references,doc,medium,service-partial,describe_app_image_config,sagemaker.DescribeAppImageConfig
sagemaker.cluster,,sagemaker,InstanceGroupName,scalar,ec2.instance,ec2,references,doc,medium,well-known,list_cluster_nodes,sagemaker.ListClusterNodes
sagemaker.cluster,,sagemaker,InstanceId,scalar,ec2.instance,ec2,references,doc,medium,leaf-hint,list_cluster_nodes,sagemaker.ListClusterNodes
sagemaker.cluster,,sagemaker,NodeDetails.InstanceId,dotted,ec2.instance,ec2,references,doc,medium,leaf-hint,describe_cluster_node,sagemaker.DescribeClusterNode
sagemaker.context,,sagemaker,CreatedBy.IamIdentity.PrincipalId,dotted,ram.principal,,references,doc,medium,global-exact,describe_context,sagemaker.DescribeContext
sagemaker.context,,sagemaker,LastModifiedBy.IamIdentity.PrincipalId,dotted,ram.principal,,references,doc,medium,global-exact,describe_context,sagemaker.DescribeContext
sagemaker.data_quality_job_definition,,sagemaker,DataQualityJobOutputConfig.KmsKeyId,dotted,kms.key,kms-key,encrypted-by,doc,medium,leaf-hint,describe_data_quality_job_definition,sagemaker.DescribeDataQualityJobDefinition
sagemaker.data_quality_job_definition,,sagemaker,EndpointName,scalar,sagemaker.endpoint,sagemaker-endpoint,references,doc,medium,service-exact,list_data_quality_job_definitions,sagemaker.ListDataQualityJobDefinitions
sagemaker.device,,sagemaker,OutputConfig.KmsKeyId,dotted,kms.key,kms-key,encrypted-by,doc,medium,leaf-hint,get_device_fleet_report,sagemaker.GetDeviceFleetReport
sagemaker.device,,sagemaker,DeviceFleetName,scalar,sagemaker.device_fleet,,references,doc,medium,service-partial,get_device_fleet_report,sagemaker.GetDeviceFleetReport
sagemaker.device,,sagemaker,ModelName,scalar,sagemaker.model,sagemaker-model,references,doc,medium,service-exact,describe_device,sagemaker.DescribeDevice
sagemaker.device,,sagemaker,ModelStats[].ModelName,list_dict,sagemaker.model,sagemaker-model,references,doc,medium,service-exact,get_device_fleet_report,sagemaker.GetDeviceFleetReport
sagemaker.device,,sagemaker,Models[].ModelName,list_dict,sagemaker.model,sagemaker-model,references,doc,medium,service-exact,list_devices,sagemaker.ListDevices
sagemaker.device_fleet,,sagemaker,OutputConfig.KmsKeyId,dotted,kms.key,kms-key,encrypted-by,doc,medium,leaf-hint,describe_device_fleet,sagemaker.DescribeDeviceFleet
sagemaker.domain,,sagemaker,VpcId,scalar,ec2.vpc,vpc,contained-in,doc,medium,leaf-hint,describe_domain,sagemaker.DescribeDomain
sagemaker.domain,,sagemaker,KmsKeyId,scalar,kms.key,kms-key,encrypted-by,doc,medium,leaf-hint,describe_domain,sagemaker.DescribeDomain
sagemaker.domain,,sagemaker,DefaultSpaceSettings.KernelGatewayAppSettings.CustomImages[].AppImageConfigName,list_dict,sagemaker.app_image_config,,references,doc,medium,service-exact,describe_domain,sagemaker.DescribeDomain
sagemaker.domain,,sagemaker,DefaultUserSettings.JupyterLabAppSettings.CustomImages[].AppImageConfigName,list_dict,sagemaker.app_image_config,,references,doc,medium,service-exact,describe_domain,sagemaker.DescribeDomain
sagemaker.domain,,sagemaker,DefaultUserSettings.KernelGatewayAppSettings.CustomImages[].AppImageConfigName,list_dict,sagemaker.app_image_config,,references,doc,medium,service-exact,describe_domain,sagemaker.DescribeDomain
sagemaker.domain,,sagemaker,DefaultUserSettings.RSessionAppSettings.CustomImages[].AppImageConfigName,list_dict,sagemaker.app_image_config,,references,doc,medium,service-exact,describe_domain,sagemaker.DescribeDomain
sagemaker.domain,,sagemaker,DefaultSpaceSettings.JupyterServerAppSettings.DefaultResourceSpec.SageMakerImageVersionArn,dotted,sagemaker.image,,references,doc,medium,service-exact,describe_domain,sagemaker.DescribeDomain
sagemaker.domain,,sagemaker,DefaultSpaceSettings.KernelGatewayAppSettings.CustomImages[].ImageName,list_dict,sagemaker.image,,references,doc,medium,service-partial,describe_domain,sagemaker.DescribeDomain
sagemaker.domain,,sagemaker,DefaultSpaceSettings.KernelGatewayAppSettings.DefaultResourceSpec.SageMakerImageVersionArn,dotted,sagemaker.image,,references,doc,medium,service-exact,describe_domain,sagemaker.DescribeDomain
sagemaker.domain,,sagemaker,DefaultUserSettings.CodeEditorAppSettings.DefaultResourceSpec.SageMakerImageVersionArn,dotted,sagemaker.image,,references,doc,medium,service-exact,describe_domain,sagemaker.DescribeDomain
sagemaker.domain,,sagemaker,DefaultUserSettings.JupyterLabAppSettings.CustomImages[].ImageName,list_dict,sagemaker.image,,references,doc,medium,service-partial,describe_domain,sagemaker.DescribeDomain
sagemaker.domain,,sagemaker,DefaultUserSettings.JupyterLabAppSettings.DefaultResourceSpec.SageMakerImageVersionArn,dotted,sagemaker.image,,references,doc,medium,service-exact,describe_domain,sagemaker.DescribeDomain
sagemaker.domain,,sagemaker,DefaultUserSettings.JupyterServerAppSettings.DefaultResourceSpec.SageMakerImageVersionArn,dotted,sagemaker.image,,references,doc,medium,service-exact,describe_domain,sagemaker.DescribeDomain
sagemaker.domain,,sagemaker,DefaultUserSettings.KernelGatewayAppSettings.CustomImages[].ImageName,list_dict,sagemaker.image,,references,doc,medium,service-partial,describe_domain,sagemaker.DescribeDomain
sagemaker.domain,,sagemaker,DefaultUserSettings.KernelGatewayAppSettings.DefaultResourceSpec.SageMakerImageVersionArn,dotted,sagemaker.image,,references,doc,medium,service-exact,describe_domain,sagemaker.DescribeDomain
sagemaker.domain,,sagemaker,DefaultUserSettings.RSessionAppSettings.CustomImages[].ImageName,list_dict,sagemaker.image,,references,doc,medium,service-partial,describe_domain,sagemaker.DescribeDomain
sagemaker.domain,,sagemaker,DefaultUserSettings.RSessionAppSettings.DefaultResourceSpec.SageMakerImageVersionArn,dotted,sagemaker.image,,references,doc,medium,service-exact,describe_domain,sagemaker.DescribeDomain
sagemaker.domain,,sagemaker,DefaultUserSettings.TensorBoardAppSettings.DefaultResourceSpec.SageMakerImageVersionArn,dotted,sagemaker.image,,references,doc,medium,service-exact,describe_domain,sagemaker.DescribeDomain
sagemaker.domain,,sagemaker,DomainSettings.RStudioServerProDomainSettings.DefaultResourceSpec.SageMakerImageVersionArn,dotted,sagemaker.image,,references,doc,medium,service-exact,describe_domain,sagemaker.DescribeDomain
sagemaker.endpoint,sagemaker-endpoint,sagemaker,AsyncInferenceConfig.OutputConfig.KmsKeyId,dotted,kms.key,kms-key,encrypted-by,doc,medium,leaf-hint,describe_endpoint,sagemaker.DescribeEndpoint
sagemaker.endpoint,sagemaker-endpoint,sagemaker,DataCaptureConfig.KmsKeyId,dotted,kms.key,kms-key,encrypted-by,doc,medium,leaf-hint,describe_endpoint,sagemaker.DescribeEndpoint
sagemaker.endpoint_config,sagemaker-endpoint-config,sagemaker,AsyncInferenceConfig.OutputConfig.KmsKeyId,dotted,kms.key,kms-key,encrypted-by,doc,medium,leaf-hint,describe_endpoint_config,sagemaker.DescribeEndpointConfig
sagemaker.endpoint_config,sagemaker-endpoint-config,sagemaker,CoreDumpConfig.KmsKeyId,dotted,kms.key,kms-key,encrypted-by,doc,medium,leaf-hint,describe_endpoint_config,sagemaker.DescribeEndpointConfig
sagemaker.endpoint_config,sagemaker-endpoint-config,sagemaker,DataCaptureConfig.KmsKeyId,dotted,kms.key,kms-key,encrypted-by,doc,medium,leaf-hint,describe_endpoint_config,sagemaker.DescribeEndpointConfig
sagemaker.endpoint_config,sagemaker-endpoint-config,sagemaker,KmsKeyId,scalar,kms.key,kms-key,encrypted-by,doc,medium,leaf-hint,describe_endpoint_config,sagemaker.DescribeEndpointConfig
sagemaker.endpoint_config,sagemaker-endpoint-config,sagemaker,ShadowProductionVariants[].CoreDumpConfig.KmsKeyId,list_dict,kms.key,kms-key,encrypted-by,doc,medium,leaf-hint,describe_endpoint_config,sagemaker.DescribeEndpointConfig
sagemaker.endpoint_config,sagemaker-endpoint-config,sagemaker,EndpointConfigName,scalar,sagemaker.endpoint,sagemaker-endpoint,references,doc,medium,service-exact,list_endpoint_configs,sagemaker.ListEndpointConfigs
sagemaker.endpoint_config,sagemaker-endpoint-config,sagemaker,ModelName,scalar,sagemaker.model,sagemaker-model,references,doc,medium,service-exact,describe_endpoint_config,sagemaker.DescribeEndpointConfig
sagemaker.endpoint_config,sagemaker-endpoint-config,sagemaker,ShadowProductionVariants[].ModelName,list_dict,sagemaker.model,sagemaker-model,references,doc,medium,service-exact,describe_endpoint_config,sagemaker.DescribeEndpointConfig
sagemaker.experiment,,sagemaker,CreatedBy.IamIdentity.PrincipalId,dotted,ram.principal,,references,doc,medium,global-exact,describe_experiment,sagemaker.DescribeExperiment
sagemaker.experiment,,sagemaker,LastModifiedBy.IamIdentity.PrincipalId,dotted,ram.principal,,references,doc,medium,global-exact,describe_experiment,sagemaker.DescribeExperiment
sagemaker.feature_group,,sagemaker,RecordIdentifierFeatureName,scalar,evidently.feature,,references,doc,medium,global-exact,describe_feature_group,sagemaker.DescribeFeatureGroup
sagemaker.feature_group,,sagemaker,OfflineStoreConfig.DataCatalogConfig.TableName,dotted,glue.table,glue-table,references,doc,medium,global-exact,describe_feature_group,sagemaker.DescribeFeatureGroup
sagemaker.feature_group,,sagemaker,OfflineStoreConfig.S3StorageConfig.KmsKeyId,dotted,kms.key,kms-key,encrypted-by,doc,medium,leaf-hint,describe_feature_group,sagemaker.DescribeFeatureGroup
sagemaker.feature_group,,sagemaker,OnlineStoreConfig.SecurityConfig.KmsKeyId,dotted,kms.key,kms-key,encrypted-by,doc,medium,leaf-hint,describe_feature_group,sagemaker.DescribeFeatureGroup
sagemaker.image_version,,sagemaker,ImageArn,scalar,sagemaker.image,,references,doc,medium,service-exact,describe_image_version,sagemaker.DescribeImageVersion
sagemaker.inference_component,,sagemaker,EndpointName,scalar,sagemaker.endpoint,sagemaker-endpoint,references,doc,medium,service-exact,describe_inference_component,sagemaker.DescribeInferenceComponent
sagemaker.inference_experiment,,sagemaker,EndpointMetadata.EndpointConfigName,dotted,sagemaker.endpoint,sagemaker-endpoint,references,doc,medium,service-exact,describe_inference_experiment,sagemaker.DescribeInferenceExperiment
sagemaker.inference_experiment,,sagemaker,EndpointMetadata.EndpointName,dotted,sagemaker.endpoint,sagemaker-endpoint,references,doc,medium,service-exact,describe_inference_experiment,sagemaker.DescribeInferenceExperiment
sagemaker.inference_experiment,,sagemaker,ModelName,scalar,sagemaker.model,sagemaker-model,references,doc,medium,service-partial,describe_inference_experiment,sagemaker.DescribeInferenceExperiment
sagemaker.model,sagemaker-model,sagemaker,ModelCardName,scalar,sagemaker.model_card,,references,doc,medium,service-exact,list_model_card_versions,sagemaker.ListModelCardVersions
sagemaker.model_bias_job_definition,,sagemaker,ModelBiasJobOutputConfig.KmsKeyId,dotted,kms.key,kms-key,encrypted-by,doc,medium,leaf-hint,describe_model_bias_job_definition,sagemaker.DescribeModelBiasJobDefinition
sagemaker.model_bias_job_definition,,sagemaker,EndpointName,scalar,sagemaker.endpoint,sagemaker-endpoint,references,doc,medium,service-exact,list_model_bias_job_definitions,sagemaker.ListModelBiasJobDefinitions
sagemaker.model_bias_job_definition,,sagemaker,ModelBiasBaselineConfig.BaseliningJobName,dotted,sagemaker.model,sagemaker-model,references,doc,medium,service-partial,describe_model_bias_job_definition,sagemaker.DescribeModelBiasJobDefinition
sagemaker.model_card,,sagemaker,SecurityConfig.KmsKeyId,dotted,kms.key,kms-key,encrypted-by,doc,medium,leaf-hint,describe_model_card,sagemaker.DescribeModelCard
sagemaker.model_card,,sagemaker,CreatedBy.IamIdentity.PrincipalId,dotted,ram.principal,,references,doc,medium,global-exact,describe_model_card,sagemaker.DescribeModelCard
sagemaker.model_card,,sagemaker,LastModifiedBy.IamIdentity.PrincipalId,dotted,ram.principal,,references,doc,medium,global-exact,describe_model_card,sagemaker.DescribeModelCard
sagemaker.model_explainability_job_definition,,sagemaker,ModelExplainabilityJobOutputConfig.KmsKeyId,dotted,kms.key,kms-key,encrypted-by,doc,medium,leaf-hint,describe_model_explainability_job_definition,sagemaker.DescribeModelExplainabilityJobDefinition
sagemaker.model_explainability_job_definition,,sagemaker,EndpointName,scalar,sagemaker.endpoint,sagemaker-endpoint,references,doc,medium,service-exact,list_model_explainability_job_definitions,sagemaker.ListModelExplainabilityJobDefinitions
sagemaker.model_explainability_job_definition,,sagemaker,ModelExplainabilityBaselineConfig.BaseliningJobName,dotted,sagemaker.model,sagemaker-model,references,doc,medium,service-partial,describe_model_explainability_job_definition,sagemaker.DescribeModelExplainabilityJobDefinition
sagemaker.model_package,,sagemaker,ValidationSpecification.ValidationProfiles[].TransformJobDefinition.TransformOutput.KmsKeyId,list_dict,kms.key,kms-key,encrypted-by,doc,medium,leaf-hint,describe_model_package,sagemaker.DescribeModelPackage
sagemaker.model_package,,sagemaker,CreatedBy.IamIdentity.PrincipalId,dotted,ram.principal,,references,doc,medium,global-exact,describe_model_package,sagemaker.DescribeModelPackage
sagemaker.model_package,,sagemaker,LastModifiedBy.IamIdentity.PrincipalId,dotted,ram.principal,,references,doc,medium,global-exact,describe_model_package,sagemaker.DescribeModelPackage
sagemaker.model_package,,sagemaker,ModelPackageName,scalar,sagemaker.model,sagemaker-model,references,doc,medium,service-exact,describe_model_package,sagemaker.DescribeModelPackage
sagemaker.model_package_group,,sagemaker,CreatedBy.IamIdentity.PrincipalId,dotted,ram.principal,,references,doc,medium,global-exact,describe_model_package_group,sagemaker.DescribeModelPackageGroup
sagemaker.model_package_group,,sagemaker,ModelPackageGroupName,scalar,sagemaker.model,sagemaker-model,references,doc,medium,service-exact,describe_model_package_group,sagemaker.DescribeModelPackageGroup
sagemaker.model_quality_job_definition,,sagemaker,ModelQualityJobOutputConfig.KmsKeyId,dotted,kms.key,kms-key,encrypted-by,doc,medium,leaf-hint,describe_model_quality_job_definition,sagemaker.DescribeModelQualityJobDefinition
sagemaker.model_quality_job_definition,,sagemaker,EndpointName,scalar,sagemaker.endpoint,sagemaker-endpoint,references,doc,medium,service-exact,list_model_quality_job_definitions,sagemaker.ListModelQualityJobDefinitions
sagemaker.monitoring_schedule,,sagemaker,MonitoringScheduleConfig.MonitoringJobDefinition.MonitoringOutputConfig.KmsKeyId,dotted,kms.key,kms-key,encrypted-by,doc,medium,leaf-hint,describe_monitoring_schedule,sagemaker.DescribeMonitoringSchedule
sagemaker.monitoring_schedule,,sagemaker,EndpointName,scalar,sagemaker.endpoint,sagemaker-endpoint,references,doc,medium,service-exact,describe_monitoring_schedule,sagemaker.DescribeMonitoringSchedule
sagemaker.monitoring_schedule,,sagemaker,LastMonitoringExecutionSummary.EndpointName,dotted,sagemaker.endpoint,sagemaker-endpoint,references,doc,medium,service-exact,describe_monitoring_schedule,sagemaker.DescribeMonitoringSchedule
sagemaker.notebook_instance,sagemaker-notebook,sagemaker,NetworkInterfaceId,scalar,ec2.network_interface,eni,attached-to,doc,medium,leaf-hint,describe_notebook_instance,sagemaker.DescribeNotebookInstance
sagemaker.notebook_instance,sagemaker-notebook,sagemaker,SubnetId,scalar,ec2.subnet,subnet,contained-in,doc,medium,leaf-hint,describe_notebook_instance,sagemaker.DescribeNotebookInstance
sagemaker.notebook_instance,sagemaker-notebook,sagemaker,KmsKeyId,scalar,kms.key,kms-key,encrypted-by,doc,medium,leaf-hint,describe_notebook_instance,sagemaker.DescribeNotebookInstance
sagemaker.notebook_instance_lifecycle_config,,sagemaker,NotebookInstanceLifecycleConfigName,scalar,efs.lifecycle_configuration,,references,doc,medium,global-exact,describe_notebook_instance_lifecycle_config,sagemaker.DescribeNotebookInstanceLifecycleConfig
sagemaker.pipeline,,sagemaker,CreatedBy.IamIdentity.PrincipalId,dotted,ram.principal,,references,doc,medium,global-exact,describe_pipeline,sagemaker.DescribePipeline
sagemaker.pipeline,,sagemaker,LastModifiedBy.IamIdentity.PrincipalId,dotted,ram.principal,,references,doc,medium,global-exact,describe_pipeline,sagemaker.DescribePipeline
sagemaker.pipeline,,sagemaker,Metadata.EMR.ClusterId,dotted,sagemaker.cluster,,references,doc,medium,service-partial,list_pipeline_execution_steps,sagemaker.ListPipelineExecutionSteps
sagemaker.pipeline,,sagemaker,Metadata.EMR.StepId,dotted,sagemaker.cluster,,references,doc,medium,service-partial,list_pipeline_execution_steps,sagemaker.ListPipelineExecutionSteps
sagemaker.pipeline,,sagemaker,Metadata.EMR.StepName,dotted,sagemaker.cluster,,references,doc,medium,service-partial,list_pipeline_execution_steps,sagemaker.ListPipelineExecutionSteps
sagemaker.pipeline,,sagemaker,PipelineExperimentConfig.ExperimentName,dotted,sagemaker.experiment,,references,doc,medium,service-exact,describe_pipeline_execution,sagemaker.DescribePipelineExecution
sagemaker.processing_job,,sagemaker,DatasetDefinition.AthenaDatasetDefinition.KmsKeyId,dotted,kms.key,kms-key,encrypted-by,doc,medium,leaf-hint,describe_processing_job,sagemaker.DescribeProcessingJob
sagemaker.processing_job,,sagemaker,DatasetDefinition.RedshiftDatasetDefinition.KmsKeyId,dotted,kms.key,kms-key,encrypted-by,doc,medium,leaf-hint,describe_processing_job,sagemaker.DescribeProcessingJob
sagemaker.processing_job,,sagemaker,ProcessingOutputConfig.KmsKeyId,dotted,kms.key,kms-key,encrypted-by,doc,medium,leaf-hint,describe_processing_job,sagemaker.DescribeProcessingJob
sagemaker.project,,sagemaker,ServiceCatalogProvisioningDetails.PathId,dotted,pricing.product,,references,doc,medium,global-exact,describe_project,sagemaker.DescribeProject
sagemaker.project,,sagemaker,ServiceCatalogProvisioningDetails.ProductId,dotted,pricing.product,,references,doc,medium,global-exact,describe_project,sagemaker.DescribeProject
sagemaker.project,,sagemaker,CreatedBy.IamIdentity.PrincipalId,dotted,ram.principal,,references,doc,medium,global-exact,describe_project,sagemaker.DescribeProject
sagemaker.project,,sagemaker,LastModifiedBy.IamIdentity.PrincipalId,dotted,ram.principal,,references,doc,medium,global-exact,describe_project,sagemaker.DescribeProject
sagemaker.sagemaker_transform_job,sagemaker-transform-job,sagemaker,DataCaptureConfig.KmsKeyId,dotted,kms.key,kms-key,encrypted-by,doc,medium,leaf-hint,describe_transform_job,sagemaker.DescribeTransformJob
sagemaker.sagemaker_transform_job,sagemaker-transform-job,sagemaker,TransformOutput.KmsKeyId,dotted,kms.key,kms-key,encrypted-by,doc,medium,leaf-hint,describe_transform_job,sagemaker.DescribeTransformJob
sagemaker.sagemaker_transform_job,sagemaker-transform-job,sagemaker,ModelName,scalar,sagemaker.model,sagemaker-model,references,doc,medium,service-exact,describe_transform_job,sagemaker.DescribeTransformJob
sagemaker.space,,sagemaker,SpaceSettings.KernelGatewayAppSettings.CustomImages[].AppImageConfigName,list_dict,sagemaker.app_image_config,,references,doc,medium,service-exact,describe_space,sagemaker.DescribeSpace
sagemaker.space,,sagemaker,DomainId,scalar,sagemaker.domain,,references,doc,medium,service-partial,describe_space,sagemaker.DescribeSpace
sagemaker.space,,sagemaker,SpaceSettings.CodeEditorAppSettings.DefaultResourceSpec.SageMakerImageVersionArn,dotted,sagemaker.image,,references,doc,medium,service-exact,describe_space,sagemaker.DescribeSpace
sagemaker.space,,sagemaker,SpaceSettings.JupyterLabAppSettings.DefaultResourceSpec.SageMakerImageVersionArn,dotted,sagemaker.image,,references,doc,medium,service-exact,describe_space,sagemaker.DescribeSpace
sagemaker.space,,sagemaker,SpaceSettings.JupyterServerAppSettings.DefaultResourceSpec.SageMakerImageVersionArn,dotted,sagemaker.image,,references,doc,medium,service-exact,describe_space,sagemaker.DescribeSpace
sagemaker.space,,sagemaker,SpaceSettings.KernelGatewayAppSettings.CustomImages[].ImageName,list_dict,sagemaker.image,,references,doc,medium,service-partial,describe_space,sagemaker.DescribeSpace
sagemaker.space,,sagemaker,SpaceSettings.KernelGatewayAppSettings.DefaultResourceSpec.SageMakerImageVersionArn,dotted,sagemaker.image,,references,doc,medium,service-exact,describe_space,sagemaker.DescribeSpace
sagemaker.training_job,,sagemaker,ResourceConfig.InstanceGroups[].InstanceGroupName,list_dict,ec2.instance,ec2,references,doc,medium,well-known,describe_training_job,sagemaker.DescribeTrainingJob
sagemaker.training_job,,sagemaker,OutputDataConfig.KmsKeyId,dotted,kms.key,kms-key,encrypted-by,doc,medium,leaf-hint,describe_training_job,sagemaker.DescribeTrainingJob
sagemaker.training_job,,sagemaker,TrainingJobName,scalar,sagemaker.model,sagemaker-model,references,doc,medium,service-exact,describe_training_job,sagemaker.DescribeTrainingJob
sagemaker.trial_component,,sagemaker,CreatedBy.IamIdentity.PrincipalId,dotted,ram.principal,,references,doc,medium,global-exact,describe_trial_component,sagemaker.DescribeTrialComponent
sagemaker.trial_component,,sagemaker,LastModifiedBy.IamIdentity.PrincipalId,dotted,ram.principal,,references,doc,medium,global-exact,describe_trial_component,sagemaker.DescribeTrialComponent
sagemaker.user_profile,,sagemaker,UserSettings.JupyterLabAppSettings.CustomImages[].AppImageConfigName,list_dict,sagemaker.app_image_config,,references,doc,medium,service-exact,describe_user_profile,sagemaker.DescribeUserProfile
sagemaker.user_profile,,sagemaker,UserSettings.KernelGatewayAppSettings.CustomImages[].AppImageConfigName,list_dict,sagemaker.app_image_config,,references,doc,medium,service-exact,describe_user_profile,sagemaker.DescribeUserProfile
sagemaker.user_profile,,sagemaker,UserSettings.RSessionAppSettings.CustomImages[].AppImageConfigName,list_dict,sagemaker.app_image_config,,references,doc,medium,service-exact,describe_user_profile,sagemaker.DescribeUserProfile
sagemaker.user_profile,,sagemaker,DomainId,scalar,sagemaker.domain,,references,doc,medium,service-exact,describe_user_profile,sagemaker.DescribeUserProfile
sagemaker.user_profile,,sagemaker,UserSettings.CodeEditorAppSettings.DefaultResourceSpec.SageMakerImageVersionArn,dotted,sagemaker.image,,references,doc,medium,service-exact,describe_user_profile,sagemaker.DescribeUserProfile
sagemaker.user_profile,,sagemaker,UserSettings.JupyterLabAppSettings.CustomImages[].ImageName,list_dict,sagemaker.image,,references,doc,medium,service-partial,describe_user_profile,sagemaker.DescribeUserProfile
sagemaker.user_profile,,sagemaker,UserSettings.JupyterLabAppSettings.DefaultResourceSpec.SageMakerImageVersionArn,dotted,sagemaker.image,,references,doc,medium,service-exact,describe_user_profile,sagemaker.DescribeUserProfile
sagemaker.user_profile,,sagemaker,UserSettings.JupyterServerAppSettings.DefaultResourceSpec.SageMakerImageVersionArn,dotted,sagemaker.image,,references,doc,medium,service-exact,describe_user_profile,sagemaker.DescribeUserProfile
sagemaker.user_profile,,sagemaker,UserSettings.KernelGatewayAppSettings.CustomImages[].ImageName,list_dict,sagemaker.image,,references,doc,medium,service-partial,describe_user_profile,sagemaker.DescribeUserProfile
sagemaker.user_profile,,sagemaker,UserSettings.KernelGatewayAppSettings.DefaultResourceSpec.SageMakerImageVersionArn,dotted,sagemaker.image,,references,doc,medium,service-exact,describe_user_profile,sagemaker.DescribeUserProfile
sagemaker.user_profile,,sagemaker,UserSettings.RSessionAppSettings.CustomImages[].ImageName,list_dict,sagemaker.image,,references,doc,medium,service-partial,describe_user_profile,sagemaker.DescribeUserProfile
sagemaker.user_profile,,sagemaker,UserSettings.RSessionAppSettings.DefaultResourceSpec.SageMakerImageVersionArn,dotted,sagemaker.image,,references,doc,medium,service-exact,describe_user_profile,sagemaker.DescribeUserProfile
sagemaker.user_profile,,sagemaker,UserSettings.TensorBoardAppSettings.DefaultResourceSpec.SageMakerImageVersionArn,dotted,sagemaker.image,,references,doc,medium,service-exact,describe_user_profile,sagemaker.DescribeUserProfile
sagemaker.workforce,,sagemaker,Workforce.WorkforceVpcConfig.VpcId,dotted,ec2.vpc,vpc,contained-in,doc,medium,leaf-hint,describe_workforce,sagemaker.DescribeWorkforce
sagemaker.workforce,,sagemaker,WorkforceVpcConfig.VpcId,dotted,ec2.vpc,vpc,contained-in,doc,medium,leaf-hint,list_workforces,sagemaker.ListWorkforces
scheduler.schedule,,scheduler,KmsKeyArn,scalar,kms.key,kms-key,encrypted-by,doc,medium,leaf-hint,get_schedule,scheduler.GetSchedule
secretsmanager.secret,secrets-manager,secretsmanager,KmsKeyId,scalar,kms.key,kms-key,encrypted-by,doc,medium,leaf-hint,describe_secret,secretsmanager.DescribeSecret
secretsmanager.secret,secrets-manager,secretsmanager,ReplicationStatus[].KmsKeyId,list_dict,kms.key,kms-key,encrypted-by,doc,medium,leaf-hint,describe_secret,secretsmanager.DescribeSecret
securityhub.automation_rule,,securityhub,Rules[].Actions[].FindingFieldsUpdate.RelatedFindings[].ProductArn,list_nested,pricing.product,,references,doc,medium,global-exact,batch_get_automation_rules,securityhub.BatchGetAutomationRules
securityhub.configuration_policy,,securityhub,ConfigurationPolicy.SecurityHub.SecurityControlsConfiguration.SecurityControlCustomParameters[].SecurityControlId,list_dict,securityhub.security_control,,references,doc,medium,service-exact,get_configuration_policy,securityhub.GetConfigurationPolicy
securitylake.log_source,,securitylake,sources[].customLogSource.attributes.tableArn,list_dict,glue.table,glue-table,references,doc,medium,global-exact,list_log_sources,securitylake.ListLogSources
securitylake.subscriber,,securitylake,sources[].customLogSource.attributes.tableArn,list_dict,glue.table,glue-table,references,doc,medium,global-exact,list_subscribers,securitylake.ListSubscribers
securitylake.subscriber,,securitylake,subscriber.sources[].customLogSource.attributes.tableArn,list_dict,glue.table,glue-table,references,doc,medium,global-exact,get_subscriber,securitylake.GetSubscriber
securitylake.subscriber,,securitylake,resourceShareName,scalar,ram.resource_share,,references,doc,medium,global-exact,list_subscribers,securitylake.ListSubscribers
securitylake.subscriber,,securitylake,subscriber.resourceShareName,dotted,ram.resource_share,,references,doc,medium,global-exact,get_subscriber,securitylake.GetSubscriber
serverlessrepo.application_policy,,serverlessrepo,StatementId,scalar,redshift-data.statement,,references,doc,medium,global-exact,get_application_policy,serverlessrepo.GetApplicationPolicy
servicecatalog.accepted_portfolio_share,,servicecatalog,ProviderName,scalar,servicecatalog.portfolio,catalog-portfolio,references,doc,medium,service-exact,list_accepted_portfolio_shares,servicecatalog.ListAcceptedPortfolioShares
servicecatalog.portfolio,catalog-portfolio,servicecatalog,ProductId,scalar,pricing.product,,references,doc,medium,global-exact,list_constraints_for_portfolio,servicecatalog.ListConstraintsForPortfolio
servicecatalog.record_history,,servicecatalog,ProvisionedProductId,scalar,servicecatalog.cloud_formation_provisioned_product,,references,doc,medium,service-partial,list_record_history,servicecatalog.ListRecordHistory
servicecatalog.record_history,,servicecatalog,ProvisionedProductName,scalar,servicecatalog.cloud_formation_provisioned_product,,references,doc,medium,service-partial,list_record_history,servicecatalog.ListRecordHistory
servicecatalog.record_history,,servicecatalog,RecordDetail.ProvisionedProductId,dotted,servicecatalog.cloud_formation_provisioned_product,,references,doc,medium,service-partial,describe_record,servicecatalog.DescribeRecord
servicecatalog.record_history,,servicecatalog,RecordDetail.ProvisionedProductName,dotted,servicecatalog.cloud_formation_provisioned_product,,references,doc,medium,service-partial,describe_record,servicecatalog.DescribeRecord
servicecatalog.service_action,,servicecatalog,ProductViewSummary.Name,dotted,pricing.product,,references,doc,medium,global-exact,list_provisioning_artifacts_for_service_action,servicecatalog.ListProvisioningArtifactsForServiceAction
servicecatalog.tag_option,,servicecatalog,Id,scalar,servicecatalog.resource_update_constraint,,references,doc,medium,service-partial,list_resources_for_tag_option,servicecatalog.ListResourcesForTagOption
servicecatalog.tag_option,,servicecatalog,Name,scalar,servicecatalog.resource_update_constraint,,references,doc,medium,service-partial,list_resources_for_tag_option,servicecatalog.ListResourcesForTagOption
servicediscovery.service,,servicediscovery,DnsConfig.NamespaceId,dotted,servicediscovery.namespace,,references,doc,medium,service-exact,list_services,servicediscovery.ListServices
servicediscovery.service,,servicediscovery,Service.DnsConfig.NamespaceId,dotted,servicediscovery.namespace,,references,doc,medium,service-exact,get_service,servicediscovery.GetService
servicediscovery.service,,servicediscovery,Service.NamespaceId,dotted,servicediscovery.namespace,,references,doc,medium,service-exact,get_service,servicediscovery.GetService
ses.active_receipt_rule_set,,ses,Actions[].S3Action.KmsKeyArn,list_dict,kms.key,kms-key,encrypted-by,doc,medium,leaf-hint,describe_active_receipt_rule_set,ses.DescribeActiveReceiptRuleSet
ses.active_receipt_rule_set,,ses,Name,scalar,ses.receipt_rule,,references,doc,medium,service-exact,describe_active_receipt_rule_set,ses.DescribeActiveReceiptRuleSet
ses.active_receipt_rule_set,,ses,Metadata.Name,dotted,ses.receipt_rule_set,,references,doc,medium,service-exact,describe_active_receipt_rule_set,ses.DescribeActiveReceiptRuleSet
ses.configuration_set,,ses,Name,scalar,ses.configuration_set_event_destination,,references,doc,medium,service-partial,describe_configuration_set,ses.DescribeConfigurationSet
ses.receipt_rule,,ses,Rule.Actions[].S3Action.KmsKeyArn,list_dict,kms.key,kms-key,encrypted-by,doc,medium,leaf-hint,describe_receipt_rule,ses.DescribeReceiptRule
ses.receipt_rule_set,,ses,Actions[].S3Action.KmsKeyArn,list_dict,kms.key,kms-key,encrypted-by,doc,medium,leaf-hint,describe_receipt_rule_set,ses.DescribeReceiptRuleSet
ses.receipt_rule_set,,ses,Name,scalar,ses.receipt_rule,,references,doc,medium,service-exact,describe_receipt_rule_set,ses.DescribeReceiptRuleSet
sesv2.import_job,,sesv2,ImportDestination.ContactListDestination.ContactListName,dotted,sesv2.contact_list,,references,doc,medium,service-exact,get_import_job,sesv2.GetImportJob
signer.signing_job,,signer,signedObject.s3.bucketName,dotted,s3.bucket,s3,references,doc,medium,well-known,describe_signing_job,signer.DescribeSigningJob
signer.signing_job,,signer,source.s3.bucketName,dotted,s3.bucket,s3,references,doc,medium,well-known,describe_signing_job,signer.DescribeSigningJob
snow-device-management.device_ec2_instance,,snow-device-management,instance.instanceId,dotted,ec2.instance,ec2,references,doc,medium,well-known,describe_device_ec2_instances,snow-device-management.DescribeDeviceEc2Instances
snow-device-management.execution,,snow-device-management,taskId,scalar,snow-device-management.task,,references,doc,medium,service-exact,describe_execution,snow-device-management.DescribeExecution
snowball.cluster,,snowball,ClusterMetadata.ForwardingAddressId,dotted,snowball.address,,references,doc,medium,service-exact,describe_cluster,snowball.DescribeCluster
snowball.job,,snowball,ForwardingAddressId,scalar,snowball.address,,references,doc,medium,service-exact,describe_job,snowball.DescribeJob
snowball.job,,snowball,JobMetadata.ForwardingAddressId,dotted,snowball.address,,references,doc,medium,service-exact,describe_job,snowball.DescribeJob
snowball.job,,snowball,ClusterId,scalar,snowball.cluster,,references,doc,medium,service-exact,describe_job,snowball.DescribeJob
snowball.job,,snowball,JobMetadata.ClusterId,dotted,snowball.cluster,,references,doc,medium,service-exact,describe_job,snowball.DescribeJob
snowball.job,,snowball,JobMetadata.LongTermPricingId,dotted,snowball.long_term_pricing,,references,doc,medium,service-partial,describe_job,snowball.DescribeJob
snowball.job,,snowball,LongTermPricingId,scalar,snowball.long_term_pricing,,references,doc,medium,service-partial,describe_job,snowball.DescribeJob
ssm-contacts.contact_channel,,ssm-contacts,ContactArn,scalar,ssm-contacts.contact,,references,doc,medium,service-exact,get_contact_channel,ssm-contacts.GetContactChannel
ssm-contacts.contact_policy,,ssm-contacts,ContactArn,scalar,ssm-contacts.contact,,references,doc,medium,service-exact,get_contact_policy,ssm-contacts.GetContactPolicy
ssm-contacts.page,,ssm-contacts,ContactArn,scalar,ssm-contacts.contact,,references,doc,medium,service-exact,describe_page,ssm-contacts.DescribePage
ssm-contacts.page,,ssm-contacts,EngagementArn,scalar,ssm-contacts.engagement,,references,doc,medium,service-exact,describe_page,ssm-contacts.DescribePage
ssm-contacts.pages_by_contact,,ssm-contacts,ContactArn,scalar,ssm-contacts.contact,,references,doc,medium,service-exact,list_pages_by_contact,ssm-contacts.ListPagesByContact
ssm-contacts.pages_by_contact,,ssm-contacts,EngagementArn,scalar,ssm-contacts.engagement,,references,doc,medium,service-exact,list_pages_by_contact,ssm-contacts.ListPagesByContact
ssm-contacts.pages_by_engagement,,ssm-contacts,ContactArn,scalar,ssm-contacts.contact,,references,doc,medium,service-exact,list_pages_by_engagement,ssm-contacts.ListPagesByEngagement
ssm-contacts.pages_by_engagement,,ssm-contacts,EngagementArn,scalar,ssm-contacts.engagement,,references,doc,medium,service-exact,list_pages_by_engagement,ssm-contacts.ListPagesByEngagement
ssm-incidents.incident_finding,,ssm-incidents,findings[].details.codeDeployDeployment.deploymentId,list_dict,codedeploy.codedeploy_deployment,codedeploy-deployment,references,doc,medium,global-exact,batch_get_incident_findings,ssm-incidents.BatchGetIncidentFindings
ssm-sap.component,,ssm-sap,Component.Hosts[].InstanceId,list_dict,ec2.instance,ec2,references,doc,medium,leaf-hint,get_component,ssm-sap.GetComponent
ssm-sap.component,,ssm-sap,ApplicationId,scalar,ssm-sap.application,,references,doc,medium,service-exact,list_components,ssm-sap.ListComponents
ssm-sap.component,,ssm-sap,Component.ApplicationId,dotted,ssm-sap.application,,references,doc,medium,service-exact,get_component,ssm-sap.GetComponent
ssm-sap.database,,ssm-sap,Database.ApplicationId,dotted,ssm-sap.application,,references,doc,medium,service-exact,get_database,ssm-sap.GetDatabase
ssm-sap.database,,ssm-sap,Database.ComponentId,dotted,ssm-sap.component,,references,doc,medium,service-exact,get_database,ssm-sap.GetDatabase
ssm.association,,ssm,AssociationDescription.InstanceId,dotted,ec2.instance,ec2,references,doc,medium,leaf-hint,describe_association,ssm.DescribeAssociation
ssm.association,,ssm,InstanceId,scalar,ec2.instance,ec2,references,doc,medium,leaf-hint,describe_effective_instance_associations,ssm.DescribeEffectiveInstanceAssociations
ssm.association,,ssm,AssociationDescription.OutputLocation.S3Location.OutputS3BucketName,dotted,s3.bucket,s3,references,doc,medium,well-known,describe_association,ssm.DescribeAssociation
ssm.association,,ssm,OutputLocation.S3Location.OutputS3BucketName,dotted,s3.bucket,s3,references,doc,medium,well-known,list_association_versions,ssm.ListAssociationVersions
ssm.association,,ssm,AssociationDescription.Name,dotted,ssm.document,ssm-document,references,doc,medium,service-partial,describe_association,ssm.DescribeAssociation
ssm.association,,ssm,Name,scalar,ssm.document,ssm-document,references,doc,medium,service-partial,list_associations,ssm.ListAssociations
ssm.document,ssm-document,ssm,Document.Parameters[].Name,list_dict,ssm.parameter,ssm-parameter,references,doc,medium,service-exact,describe_document,ssm.DescribeDocument
ssm.maintenance_window_schedule,,ssm,Name,scalar,ssm.maintenance_window,,references,doc,medium,service-partial,describe_maintenance_window_schedule,ssm.DescribeMaintenanceWindowSchedule
ssm.maintenance_window_schedule,,ssm,WindowId,scalar,ssm.maintenance_window,,references,doc,medium,service-partial,describe_maintenance_window_schedule,ssm.DescribeMaintenanceWindowSchedule
ssm.resource_data_sync,,ssm,S3Destination.BucketName,dotted,s3.bucket,s3,references,doc,medium,well-known,list_resource_data_sync,ssm.ListResourceDataSync
ssm.ssm_activation,ssm-activation,ssm,DefaultInstanceName,scalar,ssm.node,,references,doc,medium,service-partial,describe_activations,ssm.DescribeActivations
ssm.ssm_patch_group,ssm-patch-group,ssm,BaselineIdentity.BaselineId,dotted,ssm.patch_baseline,,references,doc,medium,service-exact,describe_patch_groups,ssm.DescribePatchGroups
ssm.ssm_patch_group,ssm-patch-group,ssm,BaselineIdentity.BaselineName,dotted,ssm.patch_baseline,,references,doc,medium,service-exact,describe_patch_groups,ssm.DescribePatchGroups
sso-admin.account_assignment,,sso-admin,PermissionSetArn,scalar,sso.permission_set,,references,doc,medium,global-exact,list_account_assignments,sso-admin.ListAccountAssignments
sso-admin.account_assignment_creation_status,,sso-admin,AccountAssignmentCreationStatus.PermissionSetArn,dotted,sso.permission_set,,references,doc,medium,global-exact,describe_account_assignment_creation_status,sso-admin.DescribeAccountAssignmentCreationStatus
sso-admin.account_assignment_deletion_status,,sso-admin,AccountAssignmentDeletionStatus.PermissionSetArn,dotted,sso.permission_set,,references,doc,medium,global-exact,describe_account_assignment_deletion_status,sso-admin.DescribeAccountAssignmentDeletionStatus
sso-admin.account_assignments_for_principal,,sso-admin,PrincipalId,scalar,ram.principal,,references,doc,medium,global-exact,list_account_assignments_for_principal,sso-admin.ListAccountAssignmentsForPrincipal
sso-admin.application_assignment,,sso-admin,ApplicationArn,scalar,sso-admin.application,,references,doc,medium,service-exact,describe_application_assignment,sso-admin.DescribeApplicationAssignment
sso-admin.application_assignment,,sso-admin,PrincipalId,scalar,sso-admin.application,,references,doc,medium,service-partial,list_application_assignments,sso-admin.ListApplicationAssignments
sso-admin.application_assignments_for_principal,,sso-admin,PrincipalId,scalar,sso-admin.application,,references,doc,medium,service-partial,list_application_assignments_for_principal,sso-admin.ListApplicationAssignmentsForPrincipal
sso-admin.application_grant,,sso-admin,Grant.JwtBearer.AuthorizedTokenIssuers[].TrustedTokenIssuerArn,list_dict,sso-admin.trusted_token_issuer,,references,doc,medium,service-exact,get_application_grant,sso-admin.GetApplicationGrant
stepfunctions.execution,,stepfunctions,activityStartedEventDetails.workerName,dotted,deadline.worker,,references,doc,medium,global-exact,get_execution_history,stepfunctions.GetExecutionHistory
stepfunctions.state_machine_for_execution,,stepfunctions,revisionId,scalar,stepfunctions.state_machine,step-machine,references,doc,medium,service-exact,describe_state_machine_for_execution,stepfunctions.DescribeStateMachineForExecution
storagegateway.volume,,storagegateway,VolumeiSCSIAttributes.NetworkInterfaceId,dotted,ec2.network_interface,eni,attached-to,doc,medium,leaf-hint,describe_cachedi_scsi_volumes,storagegateway.DescribeCachediSCSIVolumes
storagegateway.volume,,storagegateway,VolumeId,scalar,ec2.volume,ebs,attached-to,doc,medium,leaf-hint,describe_cachedi_scsi_volumes,storagegateway.DescribeCachediSCSIVolumes
support.communication,,support,attachmentSet[].attachmentId,list_dict,support.attachment,,references,doc,medium,service-exact,describe_communications,support.DescribeCommunications
swf.closed_workflow_execution,,swf,execution.runId,dotted,swf.workflow_execution,,references,doc,medium,service-exact,list_closed_workflow_executions,swf.ListClosedWorkflowExecutions
swf.closed_workflow_execution,,swf,parent.runId,dotted,swf.workflow_execution,,references,doc,medium,service-exact,list_closed_workflow_executions,swf.ListClosedWorkflowExecutions
swf.open_workflow_execution,,swf,execution.runId,dotted,swf.workflow_execution,,references,doc,medium,service-exact,list_open_workflow_executions,swf.ListOpenWorkflowExecutions
swf.open_workflow_execution,,swf,parent.runId,dotted,swf.workflow_execution,,references,doc,medium,service-exact,list_open_workflow_executions,swf.ListOpenWorkflowExecutions
swf.workflow_execution_history,,swf,activityTaskScheduledEventAttributes.activityId,dotted,stepfunctions.activity_task,,references,doc,medium,global-exact,get_workflow_execution_history,swf.GetWorkflowExecutionHistory
swf.workflow_execution_history,,swf,childWorkflowExecutionCanceledEventAttributes.workflowExecution.runId,dotted,swf.workflow_execution,,references,doc,medium,service-exact,get_workflow_execution_history,swf.GetWorkflowExecutionHistory
swf.workflow_execution_history,,swf,childWorkflowExecutionCompletedEventAttributes.workflowExecution.runId,dotted,swf.workflow_execution,,references,doc,medium,service-exact,get_workflow_execution_history,swf.GetWorkflowExecutionHistory
swf.workflow_execution_history,,swf,childWorkflowExecutionFailedEventAttributes.workflowExecution.runId,dotted,swf.workflow_execution,,references,doc,medium,service-exact,get_workflow_execution_history,swf.GetWorkflowExecutionHistory
swf.workflow_execution_history,,swf,childWorkflowExecutionStartedEventAttributes.workflowExecution.runId,dotted,swf.workflow_execution,,references,doc,medium,service-exact,get_workflow_execution_history,swf.GetWorkflowExecutionHistory
swf.workflow_execution_history,,swf,childWorkflowExecutionTerminatedEventAttributes.workflowExecution.runId,dotted,swf.workflow_execution,,references,doc,medium,service-exact,get_workflow_execution_history,swf.GetWorkflowExecutionHistory
swf.workflow_execution_history,,swf,childWorkflowExecutionTimedOutEventAttributes.workflowExecution.runId,dotted,swf.workflow_execution,,references,doc,medium,service-exact,get_workflow_execution_history,swf.GetWorkflowExecutionHistory
swf.workflow_execution_history,,swf,externalWorkflowExecutionCancelRequestedEventAttributes.workflowExecution.runId,dotted,swf.workflow_execution,,references,doc,medium,service-exact,get_workflow_execution_history,swf.GetWorkflowExecutionHistory
swf.workflow_execution_history,,swf,externalWorkflowExecutionSignaledEventAttributes.workflowExecution.runId,dotted,swf.workflow_execution,,references,doc,medium,service-exact,get_workflow_execution_history,swf.GetWorkflowExecutionHistory
swf.workflow_execution_history,,swf,workflowExecutionCancelRequestedEventAttributes.externalWorkflowExecution.runId,dotted,swf.workflow_execution,,references,doc,medium,service-exact,get_workflow_execution_history,swf.GetWorkflowExecutionHistory
swf.workflow_execution_history,,swf,workflowExecutionSignaledEventAttributes.externalWorkflowExecution.runId,dotted,swf.workflow_execution,,references,doc,medium,service-exact,get_workflow_execution_history,swf.GetWorkflowExecutionHistory
swf.workflow_execution_history,,swf,workflowExecutionStartedEventAttributes.parentWorkflowExecution.runId,dotted,swf.workflow_execution,,references,doc,medium,service-exact,get_workflow_execution_history,swf.GetWorkflowExecutionHistory
synthetics.associated_group,,synthetics,Arn,scalar,synthetics.group,,references,doc,medium,service-exact,list_associated_groups,synthetics.ListAssociatedGroups
synthetics.associated_group,,synthetics,Id,scalar,synthetics.group,,references,doc,medium,service-exact,list_associated_groups,synthetics.ListAssociatedGroups
synthetics.associated_group,,synthetics,Name,scalar,synthetics.group,,references,doc,medium,service-exact,list_associated_groups,synthetics.ListAssociatedGroups
synthetics.canaries_last_run,,synthetics,CanaryName,scalar,synthetics.canary,,references,doc,medium,service-exact,describe_canaries_last_run,synthetics.DescribeCanariesLastRun
synthetics.canaries_last_run,,synthetics,LastRun.Name,dotted,synthetics.canary,,references,doc,medium,service-exact,describe_canaries_last_run,synthetics.DescribeCanariesLastRun
synthetics.canary,,synthetics,Canary.VpcConfig.VpcId,dotted,ec2.vpc,vpc,contained-in,doc,medium,leaf-hint,get_canary,synthetics.GetCanary
synthetics.canary,,synthetics,VpcConfig.VpcId,dotted,ec2.vpc,vpc,contained-in,doc,medium,leaf-hint,describe_canaries,synthetics.DescribeCanaries
synthetics.canary,,synthetics,Canary.ExecutionRoleArn,dotted,iam.role,iam-role,assumes,doc,medium,well-known,get_canary,synthetics.GetCanary
synthetics.canary,,synthetics,ExecutionRoleArn,scalar,iam.role,iam-role,assumes,doc,medium,well-known,describe_canaries,synthetics.DescribeCanaries
synthetics.canary,,synthetics,ArtifactConfig.S3Encryption.KmsKeyArn,dotted,kms.key,kms-key,encrypted-by,doc,medium,leaf-hint,describe_canaries,synthetics.DescribeCanaries
synthetics.canary,,synthetics,Canary.ArtifactConfig.S3Encryption.KmsKeyArn,dotted,kms.key,kms-key,encrypted-by,doc,medium,leaf-hint,get_canary,synthetics.GetCanary
synthetics.canary_run,,synthetics,Name,scalar,synthetics.canary,,references,doc,medium,service-exact,get_canary_runs,synthetics.GetCanaryRuns
textract.adapter_version,,textract,AdapterId,scalar,textract.adapter,,references,doc,medium,service-exact,get_adapter_version,textract.GetAdapterVersion
timestream-query.query,,timestream-query,ScheduledQuery.KmsKeyId,dotted,kms.key,kms-key,encrypted-by,doc,medium,leaf-hint,describe_scheduled_query,timestream-query.DescribeScheduledQuery
timestream-write.batch_load_task,,timestream-write,BatchLoadTaskDescription.ReportConfiguration.ReportS3Configuration.KmsKeyId,dotted,kms.key,kms-key,encrypted-by,doc,medium,leaf-hint,describe_batch_load_task,timestream-write.DescribeBatchLoadTask
timestream-write.batch_load_task,,timestream-write,TableName,scalar,timestream-write.table,,references,doc,medium,service-exact,list_batch_load_tasks,timestream-write.ListBatchLoadTasks
timestream-write.database,,timestream-write,Database.KmsKeyId,dotted,kms.key,kms-key,encrypted-by,doc,medium,leaf-hint,describe_database,timestream-write.DescribeDatabase
timestream-write.database,,timestream-write,Database.DatabaseName,dotted,timestream-write.timestream_database,timestream-database,references,doc,medium,service-exact,describe_database,timestream-write.DescribeDatabase
timestream-write.table,,timestream-write,MagneticStoreWriteProperties.MagneticStoreRejectedDataLocation.S3Configuration.KmsKeyId,dotted,kms.key,kms-key,encrypted-by,doc,medium,leaf-hint,list_tables,timestream-write.ListTables
timestream-write.table,,timestream-write,Table.MagneticStoreWriteProperties.MagneticStoreRejectedDataLocation.S3Configuration.KmsKeyId,dotted,kms.key,kms-key,encrypted-by,doc,medium,leaf-hint,describe_table,timestream-write.DescribeTable
timestream-write.table,,timestream-write,Schema.CompositePartitionKey[].Name,list_dict,sdb.attribute,,references,doc,medium,global-exact,list_tables,timestream-write.ListTables
timestream-write.table,,timestream-write,Table.Schema.CompositePartitionKey[].Name,list_dict,sdb.attribute,,references,doc,medium,global-exact,describe_table,timestream-write.DescribeTable
timestream-write.table,,timestream-write,Table.TableName,dotted,timestream-write.timestream_table,timestream-table,references,doc,medium,service-exact,describe_table,timestream-write.DescribeTable
timestream-write.table,,timestream-write,TableName,scalar,timestream-write.timestream_table,timestream-table,references,doc,medium,service-exact,list_tables,timestream-write.ListTables
tnb.sol_network_instance,,tnb,lcmOpInfo.nsLcmOpOccId,dotted,tnb.sol_network_operation,,references,doc,medium,service-partial,get_sol_network_instance,tnb.GetSolNetworkInstance
transfer.agreement,,transfer,Agreement.LocalProfileId,dotted,transfer.profile,,references,doc,medium,service-partial,describe_agreement,transfer.DescribeAgreement
transfer.agreement,,transfer,LocalProfileId,scalar,transfer.profile,,references,doc,medium,service-partial,list_agreements,transfer.ListAgreements
transfer.agreement,,transfer,PartnerProfileId,scalar,transfer.profile,,references,doc,medium,service-partial,list_agreements,transfer.ListAgreements
transfer.connector,,transfer,Connector.SftpConfig.UserSecretId,dotted,secretsmanager.secret,secrets-manager,references,doc,medium,global-exact,describe_connector,transfer.DescribeConnector
transfer.connector,,transfer,Connector.As2Config.LocalProfileId,dotted,transfer.profile,,references,doc,medium,service-partial,describe_connector,transfer.DescribeConnector
transfer.server,transfer-server,transfer,Server.EndpointDetails.VpcEndpointId,dotted,ec2.vpc,vpc,contained-in,doc,medium,well-known,describe_server,transfer.DescribeServer
transfer.server,transfer-server,transfer,Server.EndpointDetails.VpcId,dotted,ec2.vpc,vpc,contained-in,doc,medium,leaf-hint,describe_server,transfer.DescribeServer
transfer.server,transfer-server,transfer,Server.WorkflowDetails.OnPartialUpload[].WorkflowId,list_dict,transfer.workflow,,references,doc,medium,service-exact,describe_server,transfer.DescribeServer
transfer.server,transfer-server,transfer,Server.WorkflowDetails.OnUpload[].WorkflowId,list_dict,transfer.workflow,,references,doc,medium,service-exact,describe_server,transfer.DescribeServer
transfer.user,transfer-user,transfer,ServerId,scalar,transfer.server,transfer-server,contained-in,parent_spec,high,declared,,c7n parent_spec of transfer-user
transfer.workflow,,transfer,Workflow.OnExceptionSteps[].CopyStepDetails.DestinationFileLocation.EfsFileLocation.FileSystemId,list_dict,codecommit.file,,references,doc,medium,global-exact,describe_workflow,transfer.DescribeWorkflow
transfer.workflow,,transfer,Workflow.OnExceptionSteps[].DecryptStepDetails.DestinationFileLocation.EfsFileLocation.FileSystemId,list_dict,codecommit.file,,references,doc,medium,global-exact,describe_workflow,transfer.DescribeWorkflow
transfer.workflow,,transfer,Workflow.Steps[].CopyStepDetails.DestinationFileLocation.EfsFileLocation.FileSystemId,list_dict,codecommit.file,,references,doc,medium,global-exact,describe_workflow,transfer.DescribeWorkflow
transfer.workflow,,transfer,Workflow.Steps[].DecryptStepDetails.DestinationFileLocation.EfsFileLocation.FileSystemId,list_dict,codecommit.file,,references,doc,medium,global-exact,describe_workflow,transfer.DescribeWorkflow
verifiedpermissions.policy_template,,verifiedpermissions,policyStoreId,scalar,verifiedpermissions.policy,,references,doc,medium,service-exact,list_policy_templates,verifiedpermissions.ListPolicyTemplates
verifiedpermissions.schema,,verifiedpermissions,policyStoreId,scalar,verifiedpermissions.policy,,references,doc,medium,service-exact,get_schema,verifiedpermissions.GetSchema
voice-id.domain,,voice-id,Domain.ServerSideEncryptionConfiguration.KmsKeyId,dotted,kms.key,kms-key,encrypted-by,doc,medium,leaf-hint,describe_domain,voice-id.DescribeDomain
voice-id.domain,,voice-id,ServerSideEncryptionConfiguration.KmsKeyId,dotted,kms.key,kms-key,encrypted-by,doc,medium,leaf-hint,list_domains,voice-id.ListDomains
voice-id.domain,,voice-id,Domain.WatchlistDetails.DefaultWatchlistId,dotted,voice-id.watchlist,,references,doc,medium,service-partial,describe_domain,voice-id.DescribeDomain
voice-id.domain,,voice-id,WatchlistDetails.DefaultWatchlistId,dotted,voice-id.watchlist,,references,doc,medium,service-partial,list_domains,voice-id.ListDomains
voice-id.fraudster,,voice-id,DomainId,scalar,voice-id.domain,,references,doc,medium,service-exact,list_fraudsters,voice-id.ListFraudsters
voice-id.fraudster,,voice-id,Fraudster.DomainId,dotted,voice-id.domain,,references,doc,medium,service-exact,describe_fraudster,voice-id.DescribeFraudster
voice-id.fraudster_registration_job,,voice-id,Job.OutputDataConfig.KmsKeyId,dotted,kms.key,kms-key,encrypted-by,doc,medium,leaf-hint,describe_fraudster_registration_job,voice-id.DescribeFraudsterRegistrationJob
voice-id.speaker,,voice-id,DomainId,scalar,voice-id.domain,,references,doc,medium,service-exact,list_speakers,voice-id.ListSpeakers
voice-id.speaker,,voice-id,Speaker.DomainId,dotted,voice-id.domain,,references,doc,medium,service-exact,describe_speaker,voice-id.DescribeSpeaker
voice-id.speaker_enrollment_job,,voice-id,Job.OutputDataConfig.KmsKeyId,dotted,kms.key,kms-key,encrypted-by,doc,medium,leaf-hint,describe_speaker_enrollment_job,voice-id.DescribeSpeakerEnrollmentJob
voice-id.watchlist,,voice-id,DomainId,scalar,voice-id.domain,,references,doc,medium,service-exact,list_watchlists,voice-id.ListWatchlists
voice-id.watchlist,,voice-id,Watchlist.DomainId,dotted,voice-id.domain,,references,doc,medium,service-exact,describe_watchlist,voice-id.DescribeWatchlist
vpc-lattice.access_log_subscription,,vpc-lattice,resourceId,scalar,vpc-lattice.service,,references,doc,medium,service-exact,get_access_log_subscription,vpc-lattice.GetAccessLogSubscription
vpc-lattice.listener,,vpc-lattice,serviceId,scalar,vpc-lattice.service,,references,doc,medium,service-exact,get_listener,vpc-lattice.GetListener
vpc-lattice.service,,vpc-lattice,dnsEntry.hostedZoneId,dotted,route53.hosted_zone,hostedzone,references,doc,medium,global-exact,get_service,vpc-lattice.GetService
vpc-lattice.service_network_service_association,,vpc-lattice,dnsEntry.hostedZoneId,dotted,route53.hosted_zone,hostedzone,references,doc,medium,global-exact,get_service_network_service_association,vpc-lattice.GetServiceNetworkServiceAssociation
vpc-lattice.service_network_service_association,,vpc-lattice,customDomainName,scalar,vpc-lattice.service,,references,doc,medium,service-exact,get_service_network_service_association,vpc-lattice.GetServiceNetworkServiceAssociation
vpc-lattice.service_network_service_association,,vpc-lattice,dnsEntry.domainName,dotted,vpc-lattice.service,,references,doc,medium,service-exact,get_service_network_service_association,vpc-lattice.GetServiceNetworkServiceAssociation
vpc-lattice.service_network_service_association,,vpc-lattice,serviceId,scalar,vpc-lattice.service,,references,doc,medium,service-exact,get_service_network_service_association,vpc-lattice.GetServiceNetworkServiceAssociation
vpc-lattice.service_network_service_association,,vpc-lattice,serviceName,scalar,vpc-lattice.service,,references,doc,medium,service-exact,get_service_network_service_association,vpc-lattice.GetServiceNetworkServiceAssociation
vpc-lattice.service_network_service_association,,vpc-lattice,serviceNetworkId,scalar,vpc-lattice.service_network,,references,doc,medium,service-exact,get_service_network_service_association,vpc-lattice.GetServiceNetworkServiceAssociation
vpc-lattice.service_network_service_association,,vpc-lattice,serviceNetworkName,scalar,vpc-lattice.service_network,,references,doc,medium,service-exact,get_service_network_service_association,vpc-lattice.GetServiceNetworkServiceAssociation
vpc-lattice.service_network_vpc_association,,vpc-lattice,vpcId,scalar,ec2.vpc,vpc,contained-in,doc,medium,leaf-hint,get_service_network_vpc_association,vpc-lattice.GetServiceNetworkVpcAssociation
vpc-lattice.service_network_vpc_association,,vpc-lattice,serviceNetworkId,scalar,vpc-lattice.service_network,,references,doc,medium,service-exact,get_service_network_vpc_association,vpc-lattice.GetServiceNetworkVpcAssociation
vpc-lattice.service_network_vpc_association,,vpc-lattice,serviceNetworkName,scalar,vpc-lattice.service_network,,references,doc,medium,service-exact,get_service_network_vpc_association,vpc-lattice.GetServiceNetworkVpcAssociation
vpc-lattice.target_group,,vpc-lattice,config.vpcIdentifier,dotted,ec2.vpc,vpc,contained-in,doc,medium,well-known,get_target_group,vpc-lattice.GetTargetGroup
vpc-lattice.target_group,,vpc-lattice,vpcIdentifier,scalar,ec2.vpc,vpc,contained-in,doc,medium,well-known,list_target_groups,vpc-lattice.ListTargetGroups
waf-regional.activated_rules_in_rule_group,,waf-regional,ExcludedRules[].RuleId,list_dict,waf-regional.rule,,references,doc,medium,service-exact,list_activated_rules_in_rule_group,waf-regional.ListActivatedRulesInRuleGroup
waf-regional.web_acl,waf-regional,waf-regional,WebACL.Rules[].ExcludedRules[].RuleId,list_nested,waf-regional.rule,,references,doc,medium,service-exact,get_web_acl,waf-regional.GetWebACL
waf.activated_rules_in_rule_group,,waf,ExcludedRules[].RuleId,list_dict,waf.rule,,references,doc,medium,service-exact,list_activated_rules_in_rule_group,waf.ListActivatedRulesInRuleGroup
waf.web_acl,waf,waf,WebACL.Rules[].ExcludedRules[].RuleId,list_nested,waf.rule,,references,doc,medium,service-exact,get_web_acl,waf.GetWebACL
wafv2.available_managed_rule_group,,wafv2,VendorName,scalar,wafv2.rule_group,,references,doc,medium,service-partial,list_available_managed_rule_groups,wafv2.ListAvailableManagedRuleGroups
wafv2.web_acl,wafv2,wafv2,WebACL.PostProcessFirewallManagerRuleGroups[].FirewallManagerStatement.ManagedRuleGroupStatement.VendorName,list_dict,wafv2.rule_group,,references,doc,medium,service-partial,get_web_acl,wafv2.GetWebACL
wafv2.web_acl,wafv2,wafv2,WebACL.PostProcessFirewallManagerRuleGroups[].Name,list_dict,wafv2.rule_group,,references,doc,medium,service-exact,get_web_acl,wafv2.GetWebACL
wafv2.web_acl,wafv2,wafv2,WebACL.PreProcessFirewallManagerRuleGroups[].FirewallManagerStatement.ManagedRuleGroupStatement.VendorName,list_dict,wafv2.rule_group,,references,doc,medium,service-partial,get_web_acl,wafv2.GetWebACL
wafv2.web_acl,wafv2,wafv2,WebACL.PreProcessFirewallManagerRuleGroups[].Name,list_dict,wafv2.rule_group,,references,doc,medium,service-exact,get_web_acl,wafv2.GetWebACL
wafv2.web_acl,wafv2,wafv2,WebACL.Rules[].Statement.AndStatement.Statements[].ManagedRuleGroupStatement.VendorName,list_nested,wafv2.rule_group,,references,doc,medium,service-partial,get_web_acl,wafv2.GetWebACL
wafv2.web_acl,wafv2,wafv2,WebACL.Rules[].Statement.ManagedRuleGroupStatement.VendorName,list_dict,wafv2.rule_group,,references,doc,medium,service-partial,get_web_acl,wafv2.GetWebACL
wafv2.web_acl,wafv2,wafv2,WebACL.Rules[].Statement.OrStatement.Statements[].ManagedRuleGroupStatement.VendorName,list_nested,wafv2.rule_group,,references,doc,medium,service-partial,get_web_acl,wafv2.GetWebACL
wafv2.web_acl,wafv2,wafv2,WebACL.Rules[].Statement.RateBasedStatement.ScopeDownStatement.ManagedRuleGroupStatement.VendorName,list_dict,wafv2.rule_group,,references,doc,medium,service-partial,get_web_acl,wafv2.GetWebACL
wellarchitected.profile_notification,,wellarchitected,LensUpgradeSummary.LensArn,dotted,wellarchitected.lens,,references,doc,medium,service-exact,list_notifications,wellarchitected.ListNotifications
wellarchitected.profile_notification,,wellarchitected,LensUpgradeSummary.ResourceName,dotted,wellarchitected.workload,,references,doc,medium,service-exact,list_notifications,wellarchitected.ListNotifications
wellarchitected.profile_notification,,wellarchitected,LensUpgradeSummary.WorkloadName,dotted,wellarchitected.workload,,references,doc,medium,service-exact,list_notifications,wellarchitected.ListNotifications
wellarchitected.profile_notification,,wellarchitected,WorkloadName,scalar,wellarchitected.workload,,references,doc,medium,service-exact,list_profile_notifications,wellarchitected.ListProfileNotifications
wellarchitected.share_invitation,,wellarchitected,LensArn,scalar,wellarchitected.lens,,references,doc,medium,service-exact,list_share_invitations,wellarchitected.ListShareInvitations
wellarchitected.share_invitation,,wellarchitected,LensName,scalar,wellarchitected.lens,,references,doc,medium,service-exact,list_share_invitations,wellarchitected.ListShareInvitations
wellarchitected.share_invitation,,wellarchitected,TemplateName,scalar,wellarchitected.review_template,,references,doc,medium,service-exact,list_share_invitations,wellarchitected.ListShareInvitations
wellarchitected.share_invitation,,wellarchitected,WorkloadName,scalar,wellarchitected.workload,,references,doc,medium,service-exact,list_share_invitations,wellarchitected.ListShareInvitations
wisdom.assistant_association,,wisdom,assistantAssociation.assistantId,dotted,wisdom.assistant,,references,doc,medium,service-partial,get_assistant_association,wisdom.GetAssistantAssociation
wisdom.assistant_association,,wisdom,assistantId,scalar,wisdom.assistant,,references,doc,medium,service-partial,list_assistant_associations,wisdom.ListAssistantAssociations
wisdom.assistant_association,,wisdom,assistantAssociation.associationData.knowledgeBaseAssociation.knowledgeBaseId,dotted,wisdom.knowledge_base,,references,doc,medium,service-exact,get_assistant_association,wisdom.GetAssistantAssociation
wisdom.assistant_association,,wisdom,associationData.knowledgeBaseAssociation.knowledgeBaseId,dotted,wisdom.knowledge_base,,references,doc,medium,service-exact,list_assistant_associations,wisdom.ListAssistantAssociations
wisdom.content,,wisdom,content.knowledgeBaseId,dotted,wisdom.knowledge_base,,references,doc,medium,service-exact,get_content,wisdom.GetContent
wisdom.content,,wisdom,knowledgeBaseId,scalar,wisdom.knowledge_base,,references,doc,medium,service-exact,list_contents,wisdom.ListContents
wisdom.content_summary,,wisdom,contentSummary.contentId,dotted,wisdom.content,,references,doc,medium,service-exact,get_content_summary,wisdom.GetContentSummary
wisdom.content_summary,,wisdom,contentSummary.revisionId,dotted,wisdom.content,,references,doc,medium,service-partial,get_content_summary,wisdom.GetContentSummary
wisdom.content_summary,,wisdom,contentSummary.knowledgeBaseId,dotted,wisdom.knowledge_base,,references,doc,medium,service-exact,get_content_summary,wisdom.GetContentSummary
wisdom.import_job,,wisdom,importJob.knowledgeBaseId,dotted,wisdom.knowledge_base,,references,doc,medium,service-exact,get_import_job,wisdom.GetImportJob
wisdom.import_job,,wisdom,knowledgeBaseId,scalar,wisdom.knowledge_base,,references,doc,medium,service-exact,list_import_jobs,wisdom.ListImportJobs
wisdom.quick_response,,wisdom,quickResponse.knowledgeBaseId,dotted,wisdom.knowledge_base,,references,doc,medium,service-exact,get_quick_response,wisdom.GetQuickResponse
wisdom.recommendation,,wisdom,document.contentReference.contentId,dotted,wisdom.content,,references,doc,medium,service-exact,get_recommendations,wisdom.GetRecommendations
wisdom.recommendation,,wisdom,document.contentReference.knowledgeBaseId,dotted,wisdom.knowledge_base,,references,doc,medium,service-exact,get_recommendations,wisdom.GetRecommendations
workdocs.activity,,workdocs,CommentMetadata.CommentId,dotted,workdocs.comment,,references,doc,medium,service-exact,describe_activities,workdocs.DescribeActivities
workdocs.activity,,workdocs,CommentMetadata.Contributor.RecycleBinFolderId,dotted,workdocs.folder,,references,doc,medium,service-partial,describe_activities,workdocs.DescribeActivities
workdocs.activity,,workdocs,Participants.Groups[].Name,list_dict,workdocs.group,,references,doc,medium,service-exact,describe_activities,workdocs.DescribeActivities
workdocs.activity,,workdocs,OriginalParent.Id,dotted,workdocs.resource,,references,doc,medium,service-exact,describe_activities,workdocs.DescribeActivities
workdocs.activity,,workdocs,OriginalParent.Name,dotted,workdocs.resource,,references,doc,medium,service-exact,describe_activities,workdocs.DescribeActivities
workdocs.activity,,workdocs,OriginalParent.OriginalName,dotted,workdocs.resource,,references,doc,medium,service-exact,describe_activities,workdocs.DescribeActivities
workdocs.activity,,workdocs,OriginalParent.ParentId,dotted,workdocs.resource,,references,doc,medium,service-exact,describe_activities,workdocs.DescribeActivities
workdocs.activity,,workdocs,OriginalParent.VersionId,dotted,workdocs.resource,,references,doc,medium,service-exact,describe_activities,workdocs.DescribeActivities
workdocs.activity,,workdocs,ResourceMetadata.Id,dotted,workdocs.resource,,references,doc,medium,service-exact,describe_activities,workdocs.DescribeActivities
workdocs.activity,,workdocs,ResourceMetadata.Name,dotted,workdocs.resource,,references,doc,medium,service-exact,describe_activities,workdocs.DescribeActivities
workdocs.activity,,workdocs,ResourceMetadata.OriginalName,dotted,workdocs.resource,,references,doc,medium,service-exact,describe_activities,workdocs.DescribeActivities
workdocs.activity,,workdocs,ResourceMetadata.ParentId,dotted,workdocs.resource,,references,doc,medium,service-exact,describe_activities,workdocs.DescribeActivities
workdocs.activity,,workdocs,ResourceMetadata.VersionId,dotted,workdocs.resource,,references,doc,medium,service-exact,describe_activities,workdocs.DescribeActivities
workdocs.activity,,workdocs,CommentMetadata.Contributor.RootFolderId,dotted,workdocs.root_folder,,references,doc,medium,service-exact,describe_activities,workdocs.DescribeActivities
workdocs.activity,,workdocs,CommentMetadata.Contributor.GivenName,dotted,workdocs.user,,references,doc,medium,service-exact,describe_activities,workdocs.DescribeActivities
workdocs.activity,,workdocs,CommentMetadata.Contributor.Id,dotted,workdocs.user,,references,doc,medium,service-exact,describe_activities,workdocs.DescribeActivities
workdocs.activity,,workdocs,CommentMetadata.Contributor.TimeZoneId,dotted,workdocs.user,,references,doc,medium,service-exact,describe_activities,workdocs.DescribeActivities
workdocs.activity,,workdocs,CommentMetadata.ContributorId,dotted,workdocs.user,,references,doc,medium,service-exact,describe_activities,workdocs.DescribeActivities
workdocs.activity,,workdocs,CommentMetadata.RecipientId,dotted,workdocs.user,,references,doc,medium,service-exact,describe_activities,workdocs.DescribeActivities
workdocs.activity,,workdocs,Initiator.GivenName,dotted,workdocs.user,,references,doc,medium,service-exact,describe_activities,workdocs.DescribeActivities
workdocs.activity,,workdocs,Initiator.Id,dotted,workdocs.user,,references,doc,medium,service-exact,describe_activities,workdocs.DescribeActivities
workdocs.activity,,workdocs,OriginalParent.Owner.GivenName,dotted,workdocs.user,,references,doc,medium,service-exact,describe_activities,workdocs.DescribeActivities
workdocs.activity,,workdocs,OriginalParent.Owner.Id,dotted,workdocs.user,,references,doc,medium,service-exact,describe_activities,workdocs.DescribeActivities
workdocs.activity,,workdocs,Participants.Groups[].Id,list_dict,workdocs.user,,references,doc,medium,service-exact,describe_activities,workdocs.DescribeActivities
workdocs.activity,,workdocs,Participants.Users[].GivenName,list_dict,workdocs.user,,references,doc,medium,service-exact,describe_activities,workdocs.DescribeActivities
workdocs.activity,,workdocs,Participants.Users[].Id,list_dict,workdocs.user,,references,doc,medium,service-exact,describe_activities,workdocs.DescribeActivities
workdocs.activity,,workdocs,ResourceMetadata.Owner.GivenName,dotted,workdocs.user,,references,doc,medium,service-exact,describe_activities,workdocs.DescribeActivities
workdocs.activity,,workdocs,ResourceMetadata.Owner.Id,dotted,workdocs.user,,references,doc,medium,service-exact,describe_activities,workdocs.DescribeActivities
workdocs.comment,,workdocs,Contributor.RecycleBinFolderId,dotted,workdocs.folder,,references,doc,medium,service-partial,describe_comments,workdocs.DescribeComments
workdocs.comment,,workdocs,Contributor.RootFolderId,dotted,workdocs.root_folder,,references,doc,medium,service-exact,describe_comments,workdocs.DescribeComments
workdocs.comment,,workdocs,Contributor.GivenName,dotted,workdocs.user,,references,doc,medium,service-exact,describe_comments,workdocs.DescribeComments
workdocs.comment,,workdocs,Contributor.Id,dotted,workdocs.user,,references,doc,medium,service-exact,describe_comments,workdocs.DescribeComments
workdocs.comment,,workdocs,Contributor.TimeZoneId,dotted,workdocs.user,,references,doc,medium,service-exact,describe_comments,workdocs.DescribeComments
workdocs.comment,,workdocs,RecipientId,scalar,workdocs.user,,references,doc,medium,service-exact,describe_comments,workdocs.DescribeComments
workdocs.current_user,,workdocs,User.RecycleBinFolderId,dotted,workdocs.folder,,references,doc,medium,service-partial,get_current_user,workdocs.GetCurrentUser
workdocs.current_user,,workdocs,User.RootFolderId,dotted,workdocs.root_folder,,references,doc,medium,service-exact,get_current_user,workdocs.GetCurrentUser
workdocs.current_user,,workdocs,User.GivenName,dotted,workdocs.user,,references,doc,medium,service-exact,get_current_user,workdocs.GetCurrentUser
workdocs.current_user,,workdocs,User.Id,dotted,workdocs.user,,references,doc,medium,service-exact,get_current_user,workdocs.GetCurrentUser
workdocs.current_user,,workdocs,User.TimeZoneId,dotted,workdocs.user,,references,doc,medium,service-exact,get_current_user,workdocs.GetCurrentUser
workdocs.document,,workdocs,Metadata.LatestVersionMetadata.Id,dotted,workdocs.document_version,,references,doc,medium,service-partial,get_document,workdocs.GetDocument
workdocs.document,,workdocs,Metadata.LatestVersionMetadata.Name,dotted,workdocs.document_version,,references,doc,medium,service-partial,get_document,workdocs.GetDocument
workdocs.document,,workdocs,Metadata.ParentFolderId,dotted,workdocs.folder,,references,doc,medium,service-partial,get_document,workdocs.GetDocument
workdocs.document_path,,workdocs,Path.Components[].Id,list_dict,workdocs.resource,,references,doc,medium,service-exact,get_document_path,workdocs.GetDocumentPath
workdocs.document_path,,workdocs,Path.Components[].Name,list_dict,workdocs.resource,,references,doc,medium,service-exact,get_document_path,workdocs.GetDocumentPath
workdocs.folder_content,,workdocs,Documents[].Id,list_dict,workdocs.document,,references,doc,medium,service-exact,describe_folder_contents,workdocs.DescribeFolderContents
workdocs.folder_content,,workdocs,Documents[].LatestVersionMetadata.Id,list_dict,workdocs.document_version,,references,doc,medium,service-partial,describe_folder_contents,workdocs.DescribeFolderContents
workdocs.folder_content,,workdocs,Documents[].LatestVersionMetadata.Name,list_dict,workdocs.document_version,,references,doc,medium,service-partial,describe_folder_contents,workdocs.DescribeFolderContents
workdocs.folder_content,,workdocs,Documents[].ParentFolderId,list_dict,workdocs.folder,,references,doc,medium,service-partial,describe_folder_contents,workdocs.DescribeFolderContents
workdocs.folder_content,,workdocs,Id,scalar,workdocs.folder,,references,doc,medium,service-exact,describe_folder_contents,workdocs.DescribeFolderContents
workdocs.folder_content,,workdocs,Name,scalar,workdocs.folder,,references,doc,medium,service-exact,describe_folder_contents,workdocs.DescribeFolderContents
workdocs.folder_content,,workdocs,ParentFolderId,scalar,workdocs.folder,,references,doc,medium,service-partial,describe_folder_contents,workdocs.DescribeFolderContents
workdocs.folder_path,,workdocs,Path.Components[].Id,list_dict,workdocs.resource,,references,doc,medium,service-exact,get_folder_path,workdocs.GetFolderPath
workdocs.folder_path,,workdocs,Path.Components[].Name,list_dict,workdocs.resource,,references,doc,medium,service-exact,get_folder_path,workdocs.GetFolderPath
workdocs.group,,workdocs,Id,scalar,workdocs.user,,references,doc,medium,service-exact,describe_groups,workdocs.DescribeGroups
workdocs.resource,,workdocs,Documents[].Id,list_dict,workdocs.document,,references,doc,medium,service-exact,get_resources,workdocs.GetResources
workdocs.resource,,workdocs,Documents[].LatestVersionMetadata.Id,list_dict,workdocs.document_version,,references,doc,medium,service-partial,get_resources,workdocs.GetResources
workdocs.resource,,workdocs,Documents[].LatestVersionMetadata.Name,list_dict,workdocs.document_version,,references,doc,medium,service-partial,get_resources,workdocs.GetResources
workdocs.resource,,workdocs,Documents[].ParentFolderId,list_dict,workdocs.folder,,references,doc,medium,service-partial,get_resources,workdocs.GetResources
workdocs.resource,,workdocs,Id,scalar,workdocs.folder,,references,doc,medium,service-exact,get_resources,workdocs.GetResources
workdocs.resource,,workdocs,Name,scalar,workdocs.folder,,references,doc,medium,service-exact,get_resources,workdocs.GetResources
workdocs.resource,,workdocs,ParentFolderId,scalar,workdocs.folder,,references,doc,medium,service-partial,get_resources,workdocs.GetResources
workdocs.resource_permission,,workdocs,Id,scalar,workdocs.resource,,references,doc,medium,service-exact,describe_resource_permissions,workdocs.DescribeResourcePermissions
workdocs.root_folder,,workdocs,Id,scalar,workdocs.folder,,references,doc,medium,service-exact,describe_root_folders,workdocs.DescribeRootFolders
workdocs.root_folder,,workdocs,Name,scalar,workdocs.folder,,references,doc,medium,service-exact,describe_root_folders,workdocs.DescribeRootFolders
workdocs.root_folder,,workdocs,ParentFolderId,scalar,workdocs.folder,,references,doc,medium,service-partial,describe_root_folders,workdocs.DescribeRootFolders
workdocs.user,,workdocs,RecycleBinFolderId,scalar,workdocs.folder,,references,doc,medium,service-partial,describe_users,workdocs.DescribeUsers
workdocs.user,,workdocs,RootFolderId,scalar,workdocs.root_folder,,references,doc,medium,service-exact,describe_users,workdocs.DescribeUsers
workmail.mailbox_export_job,,workmail,KmsKeyArn,scalar,kms.key,kms-key,encrypted-by,doc,medium,leaf-hint,describe_mailbox_export_job,workmail.DescribeMailboxExportJob
workmail.mailbox_export_job,,workmail,S3BucketName,scalar,s3.bucket,s3,references,doc,medium,well-known,describe_mailbox_export_job,workmail.DescribeMailboxExportJob
workmail.mailbox_export_job,,workmail,RoleArn,scalar,workmail.entity,,references,doc,medium,service-partial,describe_mailbox_export_job,workmail.DescribeMailboxExportJob
workmail.mailbox_export_job,,workmail,EntityId,scalar,workmail.user,,references,doc,medium,service-exact,describe_mailbox_export_job,workmail.DescribeMailboxExportJob
workmail.mailbox_permission,,workmail,GranteeId,scalar,workmail.user,,references,doc,medium,service-exact,list_mailbox_permissions,workmail.ListMailboxPermissions
workmail.mobile_device_access_effect,,workmail,MobileDeviceAccessRuleId,scalar,workmail.user,,references,doc,medium,service-partial,get_mobile_device_access_effect,workmail.GetMobileDeviceAccessEffect
workspaces-thin-client.device,,workspaces-thin-client,device.environmentId,dotted,workspaces-thin-client.environment,,references,doc,medium,service-exact,get_device,workspaces-thin-client.GetDevice
workspaces-thin-client.device,,workspaces-thin-client,environmentId,scalar,workspaces-thin-client.environment,,references,doc,medium,service-exact,list_devices,workspaces-thin-client.ListDevices
workspaces-thin-client.environment,,workspaces-thin-client,desiredSoftwareSetId,scalar,workspaces-thin-client.software_set,,references,doc,medium,service-partial,list_environments,workspaces-thin-client.ListEnvironments
workspaces-thin-client.environment,,workspaces-thin-client,environment.desiredSoftwareSetId,dotted,workspaces-thin-client.software_set,,references,doc,medium,service-partial,get_environment,workspaces-thin-client.GetEnvironment
workspaces-thin-client.environment,,workspaces-thin-client,environment.pendingSoftwareSetId,dotted,workspaces-thin-client.software_set,,references,doc,medium,service-partial,get_environment,workspaces-thin-client.GetEnvironment
workspaces-thin-client.environment,,workspaces-thin-client,pendingSoftwareSetId,scalar,workspaces-thin-client.software_set,,references,doc,medium,service-partial,list_environments,workspaces-thin-client.ListEnvironments
workspaces-web.network_setting,,workspaces-web,networkSettings.vpcId,dotted,ec2.vpc,vpc,contained-in,doc,medium,leaf-hint,get_network_settings,workspaces-web.GetNetworkSettings
workspaces-web.network_setting,,workspaces-web,vpcId,scalar,ec2.vpc,vpc,contained-in,doc,medium,leaf-hint,list_network_settings,workspaces-web.ListNetworkSettings
workspaces-web.portal,,workspaces-web,ipAccessSettingsArn,scalar,workspaces-web.ip_access_setting,,references,doc,medium,service-exact,list_portals,workspaces-web.ListPortals
workspaces-web.portal,,workspaces-web,portal.ipAccessSettingsArn,dotted,workspaces-web.ip_access_setting,,references,doc,medium,service-exact,get_portal,workspaces-web.GetPortal
workspaces-web.portal_service_provider_metadata,,workspaces-web,portalArn,scalar,workspaces-web.portal,,references,doc,medium,service-partial,get_portal_service_provider_metadata,workspaces-web.GetPortalServiceProviderMetadata
workspaces-web.trust_store_certificate,,workspaces-web,trustStoreArn,scalar,workspaces-web.trust_store,,references,doc,medium,service-exact,list_trust_store_certificates,workspaces-web.ListTrustStoreCertificates
workspaces.workspace,workspaces,workspaces,SubnetId,scalar,ec2.subnet,subnet,contained-in,doc,medium,leaf-hint,describe_workspaces,workspaces.DescribeWorkspaces
workspaces.workspace,workspaces,workspaces,IamRoleId,scalar,iam.role,iam-role,assumes,doc,medium,well-known,describe_workspace_directories,workspaces.DescribeWorkspaceDirectories
workspaces.workspace,workspaces,workspaces,AssociatedResourceId,scalar,servicecatalog-appregistry.associated_resource,,references,doc,medium,global-exact,describe_workspace_associations,workspaces.DescribeWorkspaceAssociations
workspaces.workspace,workspaces,workspaces,DirectoryName,scalar,workspaces.workspaces_directory,workspaces-directory,references,doc,medium,service-partial,describe_workspace_directories,workspaces.DescribeWorkspaceDirectories
workspaces.workspace,workspaces,workspaces,Name,scalar,workspaces.workspaces_image,workspaces-image,references,doc,medium,service-partial,describe_workspace_images,workspaces.DescribeWorkspaceImages
xray.encryption_config,,xray,EncryptionConfig.KeyId,dotted,kms.key,kms-key,encrypted-by,doc,medium,well-known,get_encryption_config,xray.GetEncryptionConfig
xray.sampling_statistic_summary,,xray,RuleName,scalar,xray.sampling_rule,xray-rule,references,doc,medium,service-exact,get_sampling_statistic_summaries,xray.GetSamplingStatisticSummaries
