source_key,source_c7n,source_service,source_path,path_kind,target_key,target_c7n,edge_type,source,confidence,resolution,operation,evidence,corroborated_by,runnable,verdict,observed_sources,observed_hits,hit_rate,resolved_targets,dangling_targets,condition_violations,verdict_detail,verified_at
accessanalyzer.access_preview,,accessanalyzer,accessPreview.analyzerArn,dotted,accessanalyzer.analyzer,,references,doc,medium,service-exact,get_access_preview,accessanalyzer.GetAccessPreview,,yes,absent,0,0,,0,0,0,no source resources of this type were collected,2026-08-16T15:50:20+00:00
accessanalyzer.access_preview,,accessanalyzer,analyzerArn,scalar,accessanalyzer.analyzer,,references,doc,medium,service-exact,list_access_previews,accessanalyzer.ListAccessPreviews,,yes,absent,0,0,,0,0,0,no source resources of this type were collected,2026-08-16T15:50:20+00:00
accessanalyzer.generated_policy,,accessanalyzer,generatedPolicyResult.properties.cloudTrailProperties.trailProperties[].cloudTrailArn,list_dict,cloudtrail.trail,cloudtrail,references,doc,medium,global-exact,get_generated_policy,accessanalyzer.GetGeneratedPolicy,,yes,absent,0,0,,0,0,0,no source resources of this type were collected,2026-08-16T15:50:20+00:00
acm-pca.certificate_authority,,acm-pca,CertificateAuthority.RevocationConfiguration.CrlConfiguration.S3BucketName,dotted,s3.bucket,s3,references,doc,medium,well-known,describe_certificate_authority,acm-pca.DescribeCertificateAuthority,,yes,absent,0,0,,0,0,0,no source resources of this type were collected,2026-08-16T15:50:20+00:00
acm-pca.certificate_authority,,acm-pca,RevocationConfiguration.CrlConfiguration.S3BucketName,dotted,s3.bucket,s3,references,doc,medium,well-known,list_certificate_authorities,acm-pca.ListCertificateAuthorities,,yes,absent,0,0,,0,0,0,no source resources of this type were collected,2026-08-16T15:50:20+00:00
acm-pca.certificate_authority,,acm-pca,S3BucketName,scalar,s3.bucket,s3,references,doc,medium,well-known,describe_certificate_authority_audit_report,acm-pca.DescribeCertificateAuthorityAuditReport,,yes,absent,0,0,,0,0,0,no source resources of this type were collected,2026-08-16T15:50:20+00:00
amplify.app,,amplify,app.productionBranch.branchName,dotted,amplify.branch,,references,doc,medium,service-partial,get_app,amplify.GetApp,,yes,absent,0,0,,0,0,0,no source resources of this type were collected,2026-08-16T15:50:20+00:00
amplify.app,,amplify,productionBranch.branchName,dotted,amplify.branch,,references,doc,medium,service-partial,list_apps,amplify.ListApps,,yes,absent,0,0,,0,0,0,no source resources of this type were collected,2026-08-16T15:50:20+00:00
amplify.app,,amplify,app.autoBranchCreationConfig.pullRequestEnvironmentName,dotted,codecommit.pull_request,,references,doc,medium,global-exact,get_app,amplify.GetApp,,yes,absent,0,0,,0,0,0,no source resources of this type were collected,2026-08-16T15:50:20+00:00
amplify.app,,amplify,autoBranchCreationConfig.pullRequestEnvironmentName,dotted,codecommit.pull_request,,references,doc,medium,global-exact,list_apps,amplify.ListApps,,yes,absent,0,0,,0,0,0,no source resources of this type were collected,2026-08-16T15:50:20+00:00
amplify.branch,,amplify,branch.pullRequestEnvironmentName,dotted,codecommit.pull_request,,references,doc,medium,global-exact,get_branch,amplify.GetBranch,,yes,absent,0,0,,0,0,0,no source resources of this type were collected,2026-08-16T15:50:20+00:00
amplify.branch,,amplify,pullRequestEnvironmentName,scalar,codecommit.pull_request,,references,doc,medium,global-exact,list_branches,amplify.ListBranches,,yes,absent,0,0,,0,0,0,no source resources of this type were collected,2026-08-16T15:50:20+00:00
amplify.domain_association,,amplify,domainAssociation.domainName,dotted,amplify.domain,,references,doc,medium,service-exact,get_domain_association,amplify.GetDomainAssociation,,no,absent,0,0,,0,0,0,no source resources of this type were collected,2026-08-16T15:50:20+00:00
amplify.domain_association,,amplify,domainName,scalar,amplify.domain,,references,doc,medium,service-exact,list_domain_associations,amplify.ListDomainAssociations,,no,absent,0,0,,0,0,0,no source resources of this type were collected,2026-08-16T15:50:20+00:00
amplifybackend.backend_api,,amplifybackend,BackendEnvironmentName,scalar,amplifybackend.backend,,references,doc,medium,service-exact,get_backend_api,amplifybackend.GetBackendAPI,,no,absent,0,0,,0,0,0,no source resources of this type were collected,2026-08-16T15:50:20+00:00
amplifybackend.backend_auth,,amplifybackend,BackendEnvironmentName,scalar,amplifybackend.backend,,references,doc,medium,service-exact,get_backend_auth,amplifybackend.GetBackendAuth,,no,absent,0,0,,0,0,0,no source resources of this type were collected,2026-08-16T15:50:20+00:00
amplifybackend.backend_job,,amplifybackend,BackendEnvironmentName,scalar,amplifybackend.backend,,references,doc,medium,service-exact,get_backend_job,amplifybackend.GetBackendJob,,no,absent,0,0,,0,0,0,no source resources of this type were collected,2026-08-16T15:50:20+00:00
amplifybackend.backend_storage,,amplifybackend,BackendEnvironmentName,scalar,amplifybackend.backend,,references,doc,medium,service-exact,get_backend_storage,amplifybackend.GetBackendStorage,,no,absent,0,0,,0,0,0,no source resources of this type were collected,2026-08-16T15:50:20+00:00
amplifybackend.backend_storage,,amplifybackend,ResourceConfig.BucketName,dotted,s3.bucket,s3,references,doc,medium,well-known,get_backend_storage,amplifybackend.GetBackendStorage,,yes,absent,0,0,,0,0,0,no source resources of this type were collected,2026-08-16T15:50:20+00:00
amplifybackend.s3_bucket,,amplifybackend,Name,scalar,s3.bucket,s3,references,doc,medium,well-known,list_s3_buckets,amplifybackend.ListS3Buckets,,yes,absent,0,0,,0,0,0,no source resources of this type were collected,2026-08-16T15:50:20+00:00
apigateway.base_path_mapping,,apigateway,restApiId,scalar,apigateway.rest_api,rest-api,references,doc,medium,service-partial,get_base_path_mapping,apigateway.GetBasePathMapping,,no,absent,0,0,,0,0,0,no source resources of this type were collected,2026-08-16T15:50:20+00:00
apigateway.resource,rest-resource,apigateway,restApiId,scalar,apigateway.rest_api,rest-api,contained-in,parent_spec,high,declared,,c7n parent_spec of rest-resource,,yes,absent,0,0,,0,0,0,no source resources of this type were collected,2026-08-16T15:50:20+00:00
apigateway.rest_api,rest-api,apigateway,definitions.EndpointConfigurationVpcEndpointIds.items,dotted,ec2.vpc_endpoint,vpc-endpoint,references,cfn,high,curated,get_rest_apis,AWS::ApiGateway::RestApi/definitions/EndpointConfiguration/properties/VpcEndpointIds/items,,yes,absent,0,0,,0,0,0,no source resources of this type were collected,2026-08-16T15:50:20+00:00
apigateway.stage,rest-stage,apigateway,clientCertificateId,scalar,apigateway.client_certificate,rest-client-certificate,references,c7n,high,curated,get_stages,aws.rest-stage.filters.client-certificate,,yes,absent,0,0,,0,0,0,no source resources of this type were collected,2026-08-16T15:50:20+00:00
apigateway.stage,rest-stage,apigateway,canarySettings.deploymentId,dotted,apigateway.deployment,,references,doc,medium,service-partial,get_stage,apigateway.GetStage,,no,absent,0,0,,0,0,0,no source resources of this type were collected,2026-08-16T15:50:20+00:00
apigateway.stage,rest-stage,apigateway,deploymentId,scalar,apigateway.deployment,,references,doc,medium,service-exact,get_stage,apigateway.GetStage,,no,absent,0,0,,0,0,0,no source resources of this type were collected,2026-08-16T15:50:20+00:00
apigateway.stage,rest-stage,apigateway,restApiId,scalar,apigateway.rest_api,rest-api,contained-in,parent_spec,high,declared,,c7n parent_spec of rest-stage,,yes,absent,0,0,,0,0,0,no source resources of this type were collected,2026-08-16T15:50:20+00:00
apigatewayv2.domain_name,,apigatewayv2,ApiGatewayDomainName,scalar,apigatewayv2.api,apigwv2,references,doc,medium,service-exact,get_domain_name,apigatewayv2.GetDomainName,,yes,absent,0,0,,0,0,0,no source resources of this type were collected,2026-08-16T15:50:20+00:00
apigatewayv2.domain_name,,apigatewayv2,DomainNameConfigurations[].ApiGatewayDomainName,list_dict,apigatewayv2.api,apigwv2,references,doc,medium,service-exact,get_domain_names,apigatewayv2.GetDomainNames,,yes,absent,0,0,,0,0,0,no source resources of this type were collected,2026-08-16T15:50:20+00:00
apigatewayv2.integration,,apigatewayv2,ConnectionId,scalar,ec2.vpc,vpc,contained-in,doc,medium,well-known,get_integration,apigatewayv2.GetIntegration,,yes,absent,0,0,,0,0,0,no source resources of this type were collected,2026-08-16T15:50:20+00:00
apigatewayv2.stage,apigwv2-stage,apigatewayv2,ApiId,scalar,apigatewayv2.api,apigwv2,contained-in,parent_spec,high,declared,,c7n parent_spec of apigwv2-stage,,yes,absent,2,0,0.00,0,0,0,path never populated across 2 resource(s),2026-08-16T15:50:20+00:00
apigatewayv2.stage,apigwv2-stage,apigatewayv2,DeploymentId,scalar,apigatewayv2.deployment,,references,doc,medium,service-exact,get_stage,apigatewayv2.GetStage,,no,unverifiable,2,2,1.00,0,2,0,"target type was not collected, so referential integrity is untested",2026-08-16T15:50:20+00:00
apigatewayv2.vpc_link,,apigatewayv2,Name,scalar,ec2.vpc,vpc,contained-in,doc,medium,well-known,get_vpc_link,apigatewayv2.GetVpcLink,,yes,absent,0,0,,0,0,0,no source resources of this type were collected,2026-08-16T15:50:20+00:00
apigatewayv2.vpc_link,,apigatewayv2,VpcLinkId,scalar,ec2.vpc,vpc,contained-in,doc,medium,well-known,get_vpc_link,apigatewayv2.GetVpcLink,,yes,absent,0,0,,0,0,0,no source resources of this type were collected,2026-08-16T15:50:20+00:00
appconfig.configuration_profile,,appconfig,KmsKeyArn,scalar,kms.key,kms-key,encrypted-by,doc,medium,leaf-hint,get_configuration_profile,appconfig.GetConfigurationProfile,,yes,absent,0,0,,0,0,0,no source resources of this type were collected,2026-08-16T15:50:20+00:00
appconfig.deployment,,appconfig,ApplicationId,scalar,appconfig.application,,references,doc,medium,service-exact,get_deployment,appconfig.GetDeployment,,yes,absent,0,0,,0,0,0,no source resources of this type were collected,2026-08-16T15:50:20+00:00
appconfig.deployment,,appconfig,ConfigurationName,scalar,appconfig.configuration,,references,doc,medium,service-exact,get_deployment,appconfig.GetDeployment,,no,absent,0,0,,0,0,0,no source resources of this type were collected,2026-08-16T15:50:20+00:00
appconfig.deployment,,appconfig,ConfigurationProfileId,scalar,appconfig.configuration,,references,doc,medium,service-exact,get_deployment,appconfig.GetDeployment,,no,absent,0,0,,0,0,0,no source resources of this type were collected,2026-08-16T15:50:20+00:00
appconfig.deployment,,appconfig,EnvironmentId,scalar,appconfig.environment,,references,doc,medium,service-exact,get_deployment,appconfig.GetDeployment,,yes,absent,0,0,,0,0,0,no source resources of this type were collected,2026-08-16T15:50:20+00:00
appconfig.deployment,,appconfig,AppliedExtensions[].ExtensionId,list_dict,appconfig.extension,,references,doc,medium,service-exact,get_deployment,appconfig.GetDeployment,,yes,absent,0,0,,0,0,0,no source resources of this type were collected,2026-08-16T15:50:20+00:00
appconfig.deployment,,appconfig,AppliedExtensions[].ExtensionAssociationId,list_dict,appconfig.extension_association,,references,doc,medium,service-partial,get_deployment,appconfig.GetDeployment,,yes,absent,0,0,,0,0,0,no source resources of this type were collected,2026-08-16T15:50:20+00:00
appconfig.deployment,,appconfig,KmsKeyArn,scalar,kms.key,kms-key,encrypted-by,doc,medium,leaf-hint,get_deployment,appconfig.GetDeployment,,yes,absent,0,0,,0,0,0,no source resources of this type were collected,2026-08-16T15:50:20+00:00
appconfig.extension_association,,appconfig,ExtensionArn,scalar,appconfig.extension,,references,doc,medium,service-exact,get_extension_association,appconfig.GetExtensionAssociation,,yes,absent,0,0,,0,0,0,no source resources of this type were collected,2026-08-16T15:50:20+00:00
appconfig.hosted_configuration_version,,appconfig,KmsKeyArn,scalar,kms.key,kms-key,encrypted-by,doc,medium,leaf-hint,get_hosted_configuration_version,appconfig.GetHostedConfigurationVersion,,yes,absent,0,0,,0,0,0,no source resources of this type were collected,2026-08-16T15:50:20+00:00
appflow.connector_entity,,appflow,parentIdentifier,scalar,appflow.connector,,references,doc,medium,service-exact,describe_connector_entity,appflow.DescribeConnectorEntity,,yes,absent,0,0,,0,0,0,no source resources of this type were collected,2026-08-16T15:50:20+00:00
appflow.flow,,appflow,sourceFlowConfig.sourceConnectorProperties.CustomConnector.dataTransferApi.Name,dotted,appflow.connector,,references,doc,medium,service-exact,describe_flow,appflow.DescribeFlow,,yes,absent,0,0,,0,0,0,no source resources of this type were collected,2026-08-16T15:50:20+00:00
appflow.flow_execution_record,,appflow,executionId,scalar,appflow.flow,,references,doc,medium,service-partial,describe_flow_execution_records,appflow.DescribeFlowExecutionRecords,,yes,absent,0,0,,0,0,0,no source resources of this type were collected,2026-08-16T15:50:20+00:00
appintegrations.event_integration_association,,appintegrations,EventIntegrationName,scalar,appintegrations.event_integration,,references,doc,medium,service-exact,list_event_integration_associations,appintegrations.ListEventIntegrationAssociations,,yes,absent,0,0,,0,0,0,no source resources of this type were collected,2026-08-16T15:50:20+00:00
application-autoscaling.scaling_policy,,application-autoscaling,TargetTrackingScalingPolicyConfiguration.CustomizedMetricSpecification.Dimensions[].Name,list_dict,iot.dimension,,references,doc,medium,global-exact,describe_scaling_policies,application-autoscaling.DescribeScalingPolicies,,no,absent,0,0,,0,0,0,no source resources of this type were collected,2026-08-16T15:50:20+00:00
application-autoscaling.scheduled_action,,application-autoscaling,ResourceId,scalar,application-autoscaling.scaling_policy,,references,doc,medium,service-partial,describe_scheduled_actions,application-autoscaling.DescribeScheduledActions,,no,absent,0,0,,0,0,0,no source resources of this type were collected,2026-08-16T15:50:20+00:00
application-insights.log_pattern,,application-insights,ResourceGroupName,scalar,inspector.resource_group,,references,doc,medium,global-exact,describe_log_pattern,application-insights.DescribeLogPattern,,no,absent,0,0,,0,0,0,no source resources of this type were collected,2026-08-16T15:50:20+00:00
application-insights.log_pattern_set,,application-insights,ResourceGroupName,scalar,inspector.resource_group,,references,doc,medium,global-exact,list_log_pattern_sets,application-insights.ListLogPatternSets,,no,absent,0,0,,0,0,0,no source resources of this type were collected,2026-08-16T15:50:20+00:00
application-insights.problem,,application-insights,ResourceGroupName,scalar,inspector.resource_group,,references,doc,medium,global-exact,list_problems,application-insights.ListProblems,,no,absent,0,0,,0,0,0,no source resources of this type were collected,2026-08-16T15:50:20+00:00
application-insights.problem_observation,,application-insights,RelatedObservations.ObservationList[].Id,list_dict,application-insights.observation,,references,doc,medium,service-exact,describe_problem_observations,application-insights.DescribeProblemObservations,,yes,absent,0,0,,0,0,0,no source resources of this type were collected,2026-08-16T15:50:20+00:00
application-insights.problem_observation,,application-insights,RelatedObservations.ObservationList[].S3EventName,list_dict,application-insights.observation,,references,doc,medium,service-partial,describe_problem_observations,application-insights.DescribeProblemObservations,,yes,absent,0,0,,0,0,0,no source resources of this type were collected,2026-08-16T15:50:20+00:00
application-insights.workload,,application-insights,ComponentName,scalar,application-insights.component,,references,doc,medium,service-exact,list_workloads,application-insights.ListWorkloads,,yes,absent,0,0,,0,0,0,no source resources of this type were collected,2026-08-16T15:50:20+00:00
applicationcostprofiler.report_definition,,applicationcostprofiler,reportId,scalar,artifact.report,,references,doc,medium,global-exact,get_report_definition,applicationcostprofiler.GetReportDefinition,,no,absent,0,0,,0,0,0,no source resources of this type were collected,2026-08-16T15:50:20+00:00
appmesh.gateway_route,,appmesh,gatewayRoute.meshName,dotted,appmesh.mesh,appmesh-mesh,references,doc,medium,service-partial,describe_gateway_route,appmesh.DescribeGatewayRoute,,yes,absent,0,0,,0,0,0,no source resources of this type were collected,2026-08-16T15:50:20+00:00
appmesh.gateway_route,,appmesh,meshName,scalar,appmesh.mesh,appmesh-mesh,references,doc,medium,service-partial,list_gateway_routes,appmesh.ListGatewayRoutes,,yes,absent,0,0,,0,0,0,no source resources of this type were collected,2026-08-16T15:50:20+00:00
appmesh.virtual_gateway,appmesh-virtual-gateway,appmesh,meshName,scalar,appmesh.mesh,appmesh-mesh,contained-in,parent_spec,high,declared,,c7n parent_spec of appmesh-virtual-gateway,,yes,absent,0,0,,0,0,0,no source resources of this type were collected,2026-08-16T15:50:20+00:00
appmesh.virtual_gateway,appmesh-virtual-gateway,appmesh,virtualGatewayName,scalar,appmesh.tags_for_resource,,references,doc,medium,service-partial,list_virtual_gateways,appmesh.ListVirtualGateways,,no,absent,0,0,,0,0,0,no source resources of this type were collected,2026-08-16T15:50:20+00:00
apprunner.custom_domain,,apprunner,VpcDNSTargets[].VpcId,list_dict,ec2.vpc,vpc,contained-in,doc,medium,leaf-hint,describe_custom_domains,apprunner.DescribeCustomDomains,,yes,absent,0,0,,0,0,0,no source resources of this type were collected,2026-08-16T15:50:20+00:00
apprunner.vpc_ingress_connection,,apprunner,VpcIngressConnection.IngressVpcConfiguration.VpcId,dotted,ec2.vpc,vpc,contained-in,doc,medium,leaf-hint,describe_vpc_ingress_connection,apprunner.DescribeVpcIngressConnection,,yes,absent,0,0,,0,0,0,no source resources of this type were collected,2026-08-16T15:50:20+00:00
appstream.application_fleet_association,,appstream,ApplicationArn,scalar,appstream.application,,references,doc,medium,service-exact,describe_application_fleet_associations,appstream.DescribeApplicationFleetAssociations,,yes,absent,0,0,,0,0,0,no source resources of this type were collected,2026-08-16T15:50:20+00:00
appstream.application_fleet_association,,appstream,FleetName,scalar,appstream.fleet,appstream-fleet,references,doc,medium,service-exact,describe_application_fleet_associations,appstream.DescribeApplicationFleetAssociations,,yes,absent,0,0,,0,0,0,no source resources of this type were collected,2026-08-16T15:50:20+00:00
appstream.fleet,appstream-fleet,appstream,DomainJoinInfo.DirectoryName,dotted,appstream.directory_config,,references,doc,medium,service-partial,describe_fleets,appstream.DescribeFleets,,yes,absent,0,0,,0,0,0,no source resources of this type were collected,2026-08-16T15:50:20+00:00
appstream.fleet,appstream-fleet,appstream,ImageName,scalar,appstream.image,,references,doc,medium,service-exact,describe_fleets,appstream.DescribeFleets,,yes,absent,0,0,,0,0,0,no source resources of this type were collected,2026-08-16T15:50:20+00:00
appstream.fleet,appstream-fleet,appstream,IamRoleArn,scalar,iam.role,iam-role,assumes,doc,medium,curated,describe_fleets,appstream.DescribeFleets: 'IAM role that is applied to the fleet',,yes,absent,0,0,,0,0,0,no source resources of this type were collected,2026-08-16T15:50:20+00:00
appstream.image,,appstream,Applications[].AppBlockArn,list_dict,appstream.application,,references,doc,medium,service-exact,describe_images,appstream.DescribeImages,,yes,absent,0,0,,0,0,0,no source resources of this type were collected,2026-08-16T15:50:20+00:00
appstream.image,,appstream,Applications[].Arn,list_dict,appstream.application,,references,doc,medium,service-exact,describe_images,appstream.DescribeImages,,yes,absent,0,0,,0,0,0,no source resources of this type were collected,2026-08-16T15:50:20+00:00
appstream.image,,appstream,Applications[].Name,list_dict,appstream.application,,references,doc,medium,service-exact,describe_images,appstream.DescribeImages,,yes,absent,0,0,,0,0,0,no source resources of this type were collected,2026-08-16T15:50:20+00:00
appstream.image_builder,,appstream,DomainJoinInfo.DirectoryName,dotted,appstream.directory_config,,references,doc,medium,service-partial,describe_image_builders,appstream.DescribeImageBuilders,,yes,absent,0,0,,0,0,0,no source resources of this type were collected,2026-08-16T15:50:20+00:00
appstream.image_builder,,appstream,ImageArn,scalar,appstream.image,,references,doc,medium,service-exact,describe_image_builders,appstream.DescribeImageBuilders,,yes,absent,0,0,,0,0,0,no source resources of this type were collected,2026-08-16T15:50:20+00:00
appstream.image_builder,,appstream,IamRoleArn,scalar,iam.role,iam-role,assumes,doc,medium,well-known,describe_image_builders,appstream.DescribeImageBuilders,,yes,absent,0,0,,0,0,0,no source resources of this type were collected,2026-08-16T15:50:20+00:00
appstream.user,,appstream,StackName,scalar,appstream.stack,appstream-stack,references,doc,medium,service-exact,describe_user_stack_associations,appstream.DescribeUserStackAssociations,,no,absent,0,0,,0,0,0,no source resources of this type were collected,2026-08-16T15:50:20+00:00
appsync.function_configuration,,appsync,dataSourceName,scalar,appsync.data_source,,references,doc,medium,service-exact,list_functions,appsync.ListFunctions,,no,absent,0,0,,0,0,0,no source resources of this type were collected,2026-08-16T15:50:20+00:00
appsync.function_configuration,,appsync,functionConfiguration.dataSourceName,dotted,appsync.data_source,,references,doc,medium,service-exact,get_function,appsync.GetFunction,,no,absent,0,0,,0,0,0,no source resources of this type were collected,2026-08-16T15:50:20+00:00
appsync.source_api_association,,appsync,mergedApiId,scalar,appsync.api,,references,doc,medium,service-partial,list_source_api_associations,appsync.ListSourceApiAssociations,,no,absent,0,0,,0,0,0,no source resources of this type were collected,2026-08-16T15:50:20+00:00
appsync.source_api_association,,appsync,sourceApiAssociation.mergedApiId,dotted,appsync.api,,references,doc,medium,service-partial,get_source_api_association,appsync.GetSourceApiAssociation,,no,absent,0,0,,0,0,0,no source resources of this type were collected,2026-08-16T15:50:20+00:00
appsync.source_api_association,,appsync,sourceApiAssociation.sourceApiId,dotted,appsync.api,,references,doc,medium,service-partial,get_source_api_association,appsync.GetSourceApiAssociation,,no,absent,0,0,,0,0,0,no source resources of this type were collected,2026-08-16T15:50:20+00:00
appsync.source_api_association,,appsync,sourceApiId,scalar,appsync.api,,references,doc,medium,service-partial,list_source_api_associations,appsync.ListSourceApiAssociations,,no,absent,0,0,,0,0,0,no source resources of this type were collected,2026-08-16T15:50:20+00:00
arc-zonal-shift.managed_resource,,arc-zonal-shift,resourceIdentifier,scalar,arc-zonal-shift.zonal_shift,,references,doc,medium,service-partial,get_managed_resource,arc-zonal-shift.GetManagedResource,,yes,absent,0,0,,0,0,0,no source resources of this type were collected,2026-08-16T15:50:20+00:00
arc-zonal-shift.managed_resource,,arc-zonal-shift,zonalShifts[].resourceIdentifier,list_dict,arc-zonal-shift.zonal_shift,,references,doc,medium,service-partial,list_managed_resources,arc-zonal-shift.ListManagedResources,,yes,absent,0,0,,0,0,0,no source resources of this type were collected,2026-08-16T15:50:20+00:00
artifact.report_metadata,,artifact,reportDetails.companyName,dotted,artifact.report,,references,doc,medium,service-exact,get_report_metadata,artifact.GetReportMetadata,,no,absent,0,0,,0,0,0,no source resources of this type were collected,2026-08-16T15:50:20+00:00
artifact.report_metadata,,artifact,reportDetails.productName,dotted,artifact.report,,references,doc,medium,service-exact,get_report_metadata,artifact.GetReportMetadata,,no,absent,0,0,,0,0,0,no source resources of this type were collected,2026-08-16T15:50:20+00:00
auditmanager.assessment_report,,auditmanager,assessmentId,scalar,auditmanager.assessment,,references,doc,medium,service-partial,list_assessment_reports,auditmanager.ListAssessmentReports,,yes,absent,0,0,,0,0,0,no source resources of this type were collected,2026-08-16T15:50:20+00:00
auditmanager.assessment_report,,auditmanager,assessmentName,scalar,auditmanager.assessment,,references,doc,medium,service-partial,list_assessment_reports,auditmanager.ListAssessmentReports,,yes,absent,0,0,,0,0,0,no source resources of this type were collected,2026-08-16T15:50:20+00:00
auditmanager.delegation,,auditmanager,assessmentId,scalar,auditmanager.assessment,,references,doc,medium,service-exact,get_delegations,auditmanager.GetDelegations,,yes,absent,0,0,,0,0,0,no source resources of this type were collected,2026-08-16T15:50:20+00:00
auditmanager.delegation,,auditmanager,assessmentName,scalar,auditmanager.assessment,,references,doc,medium,service-partial,get_delegations,auditmanager.GetDelegations,,yes,absent,0,0,,0,0,0,no source resources of this type were collected,2026-08-16T15:50:20+00:00
auditmanager.delegation,,auditmanager,controlSetName,scalar,auditmanager.control,,references,doc,medium,service-exact,get_delegations,auditmanager.GetDelegations,,yes,absent,0,0,,0,0,0,no source resources of this type were collected,2026-08-16T15:50:20+00:00
auditmanager.evidence_by_evidence_folder,,auditmanager,eventName,scalar,auditmanager.evidence,,references,doc,medium,service-exact,get_evidence_by_evidence_folder,auditmanager.GetEvidenceByEvidenceFolder,,yes,absent,0,0,,0,0,0,no source resources of this type were collected,2026-08-16T15:50:20+00:00
auditmanager.evidence_by_evidence_folder,,auditmanager,evidenceFolderId,scalar,auditmanager.evidence,,references,doc,medium,service-partial,get_evidence_by_evidence_folder,auditmanager.GetEvidenceByEvidenceFolder,,yes,absent,0,0,,0,0,0,no source resources of this type were collected,2026-08-16T15:50:20+00:00
auditmanager.evidence_folder,,auditmanager,evidenceFolder.assessmentId,dotted,auditmanager.assessment,,references,doc,medium,service-exact,get_evidence_folder,auditmanager.GetEvidenceFolder,,yes,absent,0,0,,0,0,0,no source resources of this type were collected,2026-08-16T15:50:20+00:00
auditmanager.evidence_folder,,auditmanager,evidenceFolder.controlId,dotted,auditmanager.control,,references,doc,medium,service-exact,get_evidence_folder,auditmanager.GetEvidenceFolder,,yes,absent,0,0,,0,0,0,no source resources of this type were collected,2026-08-16T15:50:20+00:00
auditmanager.evidence_folder,,auditmanager,evidenceFolder.controlName,dotted,auditmanager.control,,references,doc,medium,service-exact,get_evidence_folder,auditmanager.GetEvidenceFolder,,yes,absent,0,0,,0,0,0,no source resources of this type were collected,2026-08-16T15:50:20+00:00
auditmanager.evidence_folder,,auditmanager,evidenceFolder.controlSetId,dotted,auditmanager.control,,references,doc,medium,service-exact,get_evidence_folder,auditmanager.GetEvidenceFolder,,yes,absent,0,0,,0,0,0,no source resources of this type were collected,2026-08-16T15:50:20+00:00
auditmanager.evidence_folders_by_assessment,,auditmanager,assessmentId,scalar,auditmanager.assessment,,references,doc,medium,service-exact,get_evidence_folders_by_assessment,auditmanager.GetEvidenceFoldersByAssessment,,yes,absent,0,0,,0,0,0,no source resources of this type were collected,2026-08-16T15:50:20+00:00
auditmanager.evidence_folders_by_assessment,,auditmanager,controlId,scalar,auditmanager.control,,references,doc,medium,service-exact,get_evidence_folders_by_assessment,auditmanager.GetEvidenceFoldersByAssessment,,yes,absent,0,0,,0,0,0,no source resources of this type were collected,2026-08-16T15:50:20+00:00
auditmanager.evidence_folders_by_assessment,,auditmanager,controlName,scalar,auditmanager.control,,references,doc,medium,service-exact,get_evidence_folders_by_assessment,auditmanager.GetEvidenceFoldersByAssessment,,yes,absent,0,0,,0,0,0,no source resources of this type were collected,2026-08-16T15:50:20+00:00
auditmanager.evidence_folders_by_assessment,,auditmanager,controlSetId,scalar,auditmanager.control,,references,doc,medium,service-exact,get_evidence_folders_by_assessment,auditmanager.GetEvidenceFoldersByAssessment,,yes,absent,0,0,,0,0,0,no source resources of this type were collected,2026-08-16T15:50:20+00:00
auditmanager.evidence_folders_by_assessment_control,,auditmanager,assessmentId,scalar,auditmanager.assessment,,references,doc,medium,service-exact,get_evidence_folders_by_assessment_control,auditmanager.GetEvidenceFoldersByAssessmentControl,,yes,absent,0,0,,0,0,0,no source resources of this type were collected,2026-08-16T15:50:20+00:00
auditmanager.evidence_folders_by_assessment_control,,auditmanager,controlId,scalar,auditmanager.control,,references,doc,medium,service-exact,get_evidence_folders_by_assessment_control,auditmanager.GetEvidenceFoldersByAssessmentControl,,yes,absent,0,0,,0,0,0,no source resources of this type were collected,2026-08-16T15:50:20+00:00
auditmanager.evidence_folders_by_assessment_control,,auditmanager,controlName,scalar,auditmanager.control,,references,doc,medium,service-exact,get_evidence_folders_by_assessment_control,auditmanager.GetEvidenceFoldersByAssessmentControl,,yes,absent,0,0,,0,0,0,no source resources of this type were collected,2026-08-16T15:50:20+00:00
auditmanager.evidence_folders_by_assessment_control,,auditmanager,controlSetId,scalar,auditmanager.control,,references,doc,medium,service-exact,get_evidence_folders_by_assessment_control,auditmanager.GetEvidenceFoldersByAssessmentControl,,yes,absent,0,0,,0,0,0,no source resources of this type were collected,2026-08-16T15:50:20+00:00
auditmanager.notification,,auditmanager,assessmentId,scalar,auditmanager.assessment,,references,doc,medium,service-exact,list_notifications,auditmanager.ListNotifications,,yes,absent,0,0,,0,0,0,no source resources of this type were collected,2026-08-16T15:50:20+00:00
auditmanager.notification,,auditmanager,assessmentName,scalar,auditmanager.assessment,,references,doc,medium,service-partial,list_notifications,auditmanager.ListNotifications,,yes,absent,0,0,,0,0,0,no source resources of this type were collected,2026-08-16T15:50:20+00:00
auditmanager.notification,,auditmanager,controlSetId,scalar,auditmanager.control,,references,doc,medium,service-exact,list_notifications,auditmanager.ListNotifications,,yes,absent,0,0,,0,0,0,no source resources of this type were collected,2026-08-16T15:50:20+00:00
auditmanager.notification,,auditmanager,controlSetName,scalar,auditmanager.control,,references,doc,medium,service-exact,list_notifications,auditmanager.ListNotifications,,yes,absent,0,0,,0,0,0,no source resources of this type were collected,2026-08-16T15:50:20+00:00
autoscaling-plans.scaling_plan,,autoscaling-plans,ScalingInstructions[].CustomizedLoadMetricSpecification.Dimensions[].Name,list_nested,iot.dimension,,references,doc,medium,global-exact,describe_scaling_plans,autoscaling-plans.DescribeScalingPlans,,no,absent,0,0,,0,0,0,no source resources of this type were collected,2026-08-16T15:50:20+00:00
autoscaling-plans.scaling_plan,,autoscaling-plans,ScalingInstructions[].TargetTrackingConfigurations[].CustomizedScalingMetricSpecification.Dimensions[].Name,list_nested,iot.dimension,,references,doc,medium,global-exact,describe_scaling_plans,autoscaling-plans.DescribeScalingPlans,,no,absent,0,0,,0,0,0,no source resources of this type were collected,2026-08-16T15:50:20+00:00
autoscaling-plans.scaling_plan_resource,,autoscaling-plans,ScalingPlanName,scalar,autoscaling-plans.scaling_plan,,references,doc,medium,service-exact,describe_scaling_plan_resources,autoscaling-plans.DescribeScalingPlanResources,,no,absent,0,0,,0,0,0,no source resources of this type were collected,2026-08-16T15:50:20+00:00
autoscaling-plans.scaling_plan_resource,,autoscaling-plans,ScalingPolicies[].TargetTrackingConfiguration.CustomizedScalingMetricSpecification.Dimensions[].Name,list_nested,iot.dimension,,references,doc,medium,global-exact,describe_scaling_plan_resources,autoscaling-plans.DescribeScalingPlanResources,,yes,absent,0,0,,0,0,0,no source resources of this type were collected,2026-08-16T15:50:20+00:00
autoscaling.auto_scaling_group,asg,autoscaling,LaunchConfigurationName,scalar,autoscaling.launch_configuration,launch-config,references,doc,medium,service-partial,describe_auto_scaling_groups,autoscaling.DescribeAutoScalingGroups,,yes,absent,3,0,0.00,0,0,0,path never populated across 3 resource(s),2026-08-16T15:50:20+00:00
autoscaling.auto_scaling_group,asg,autoscaling,Instances[].InstanceId,list_dict,ec2.instance,ec2,references,doc,medium,curated,describe_auto_scaling_groups,autoscaling.DescribeAutoScalingGroups: 'instance',,yes,partial,3,2,0.67,3,0,0,"2/3 resources populated the path; 3 target(s) resolved, 0 dangled",2026-08-16T15:50:20+00:00
autoscaling.auto_scaling_group,asg,autoscaling,Instances[].LaunchTemplate.LaunchTemplateId,list_dict,ec2.launch_template,launch-template-version,references,doc,medium,global-exact,describe_auto_scaling_groups,autoscaling.DescribeAutoScalingGroups,,yes,partial,3,2,0.67,3,0,0,"2/3 resources populated the path; 3 target(s) resolved, 0 dangled",2026-08-16T15:50:20+00:00
autoscaling.auto_scaling_group,asg,autoscaling,Instances[].LaunchTemplate.LaunchTemplateName,list_dict,ec2.launch_template,launch-template-version,references,doc,medium,global-exact,describe_auto_scaling_groups,autoscaling.DescribeAutoScalingGroups,,yes,partial,3,2,0.67,3,0,0,"2/3 resources populated the path; 3 target(s) resolved, 0 dangled",2026-08-16T15:50:20+00:00
autoscaling.auto_scaling_group,asg,autoscaling,LaunchTemplate.LaunchTemplateId,dotted,ec2.launch_template,launch-template-version,references,doc,medium,global-exact,describe_auto_scaling_groups,autoscaling.DescribeAutoScalingGroups,,yes,partial,3,1,0.33,1,0,0,"1/3 resources populated the path; 1 target(s) resolved, 0 dangled",2026-08-16T15:50:20+00:00
autoscaling.auto_scaling_group,asg,autoscaling,LaunchTemplate.LaunchTemplateName,dotted,ec2.launch_template,launch-template-version,references,doc,medium,global-exact,describe_auto_scaling_groups,autoscaling.DescribeAutoScalingGroups,,yes,partial,3,1,0.33,1,0,0,"1/3 resources populated the path; 1 target(s) resolved, 0 dangled",2026-08-16T15:50:20+00:00
autoscaling.auto_scaling_group,asg,autoscaling,MixedInstancesPolicy.LaunchTemplate.LaunchTemplateSpecification.LaunchTemplateId,dotted,ec2.launch_template,launch-template-version,references,doc,medium,global-exact,describe_auto_scaling_groups,autoscaling.DescribeAutoScalingGroups,,yes,partial,3,2,0.67,2,0,0,"2/3 resources populated the path; 2 target(s) resolved, 0 dangled",2026-08-16T15:50:20+00:00
autoscaling.auto_scaling_group,asg,autoscaling,MixedInstancesPolicy.LaunchTemplate.LaunchTemplateSpecification.LaunchTemplateName,dotted,ec2.launch_template,launch-template-version,references,doc,medium,global-exact,describe_auto_scaling_groups,autoscaling.DescribeAutoScalingGroups,,yes,partial,3,2,0.67,2,0,0,"2/3 resources populated the path; 2 target(s) resolved, 0 dangled",2026-08-16T15:50:20+00:00
autoscaling.auto_scaling_group,asg,autoscaling,MixedInstancesPolicy.LaunchTemplate.Overrides[].LaunchTemplateSpecification.LaunchTemplateId,list_dict,ec2.launch_template,launch-template-version,references,doc,medium,global-exact,describe_auto_scaling_groups,autoscaling.DescribeAutoScalingGroups,,yes,absent,3,0,0.00,0,0,0,path never populated across 3 resource(s),2026-08-16T15:50:20+00:00
autoscaling.auto_scaling_group,asg,autoscaling,MixedInstancesPolicy.LaunchTemplate.Overrides[].LaunchTemplateSpecification.LaunchTemplateName,list_dict,ec2.launch_template,launch-template-version,references,doc,medium,global-exact,describe_auto_scaling_groups,autoscaling.DescribeAutoScalingGroups,,yes,absent,3,0,0.00,0,0,0,path never populated across 3 resource(s),2026-08-16T15:50:20+00:00
autoscaling.auto_scaling_group,asg,autoscaling,,,ec2.security_group,security-group,protected-by,c7n,declared-no-path,curated,describe_auto_scaling_groups,aws.asg.filters.security-group,,yes,absent,3,0,0.00,0,0,0,path never populated across 3 resource(s),2026-08-16T15:50:20+00:00
autoscaling.auto_scaling_group,asg,autoscaling,VPCZoneIdentifier,scalar,ec2.subnet,subnet,contained-in,hand,high,curated,describe_auto_scaling_groups,VPCZoneIdentifier is the comma-joined list of subnets the group launches into,,yes,confirmed,3,3,1.00,9,0,0,all 3 resource(s) populated the path and 9 target(s) resolved,2026-08-16T15:50:20+00:00
autoscaling.launch_configuration,launch-config,autoscaling,ImageId,scalar,ec2.ami,ami,launched-from,asff,high,curated,describe_launch_configurations,securityhub.GetFindings: 'Amazon Machine Image',doc,yes,refuted,1,1,1.00,0,1,0,all 1 value(s) resolved to nothing in the target inventory,2026-08-16T15:50:20+00:00
autoscaling.launch_configuration,launch-config,autoscaling,BlockDeviceMappings[].Ebs.SnapshotId,list_dict,ec2.ebs_snapshot,ebs-snapshot,created-from,asff,high,curated,describe_launch_configurations,securityhub.GetFindings: 'volume to use',doc,yes,refuted,1,1,1.00,0,1,0,all 1 value(s) resolved to nothing in the target inventory,2026-08-16T15:50:20+00:00
autoscaling.launch_configuration,launch-config,autoscaling,BlockDeviceMappings[].VirtualName,list_dict,ec2.instance,ec2,references,doc,medium,well-known,describe_launch_configurations,autoscaling.DescribeLaunchConfigurations,,yes,absent,1,0,0.00,0,0,0,path never populated across 1 resource(s),2026-08-16T15:50:20+00:00
autoscaling.launch_configuration,launch-config,autoscaling,KeyName,scalar,ec2.key_pair,,references,doc,medium,well-known,describe_launch_configurations,autoscaling.DescribeLaunchConfigurations,,yes,confirmed,1,1,1.00,1,0,0,all 1 resource(s) populated the path and 1 target(s) resolved,2026-08-16T15:50:20+00:00
autoscaling.launch_configuration,launch-config,autoscaling,SecurityGroups.items.anyOf[0],dotted,ec2.security_group,security-group,protected-by,cfn,high,curated,describe_launch_configurations,AWS::AutoScaling::LaunchConfiguration/properties/SecurityGroups/items/anyOf[0],,yes,absent,1,0,0.00,0,0,0,path never populated across 1 resource(s),2026-08-16T15:50:20+00:00
autoscaling.launch_configuration,launch-config,autoscaling,SecurityGroups.items.anyOf[1],dotted,ec2.security_group,security-group,protected-by,cfn,high,curated,describe_launch_configurations,AWS::AutoScaling::LaunchConfiguration/properties/SecurityGroups/items/anyOf[1],,yes,absent,1,0,0.00,0,0,0,path never populated across 1 resource(s),2026-08-16T15:50:20+00:00
autoscaling.notification_configuration,,autoscaling,AutoScalingGroupName,scalar,autoscaling.auto_scaling_group,asg,references,doc,medium,service-exact,describe_notification_configurations,autoscaling.DescribeNotificationConfigurations,,yes,absent,0,0,,0,0,0,no source resources of this type were collected,2026-08-16T15:50:20+00:00
autoscaling.scaling_policy,scaling-policy,autoscaling,AutoScalingGroupName,scalar,autoscaling.auto_scaling_group,asg,references,doc,medium,service-exact,describe_policies,autoscaling.DescribePolicies,,yes,absent,0,0,,0,0,0,no source resources of this type were collected,2026-08-16T15:50:20+00:00
autoscaling.scaling_policy,scaling-policy,autoscaling,TargetTrackingConfiguration.CustomizedMetricSpecification.Dimensions[].Name,list_dict,iot.dimension,,references,doc,medium,global-exact,describe_policies,autoscaling.DescribePolicies,,yes,absent,0,0,,0,0,0,no source resources of this type were collected,2026-08-16T15:50:20+00:00
autoscaling.scheduled_action,,autoscaling,AutoScalingGroupName,scalar,autoscaling.auto_scaling_group,asg,references,doc,medium,service-exact,describe_scheduled_actions,autoscaling.DescribeScheduledActions,,yes,absent,0,0,,0,0,0,no source resources of this type were collected,2026-08-16T15:50:20+00:00
autoscaling.warm_pool,,autoscaling,InstanceId,scalar,ec2.instance,ec2,references,doc,medium,leaf-hint,describe_warm_pool,autoscaling.DescribeWarmPool,,no,absent,0,0,,0,0,0,no source resources of this type were collected,2026-08-16T15:50:20+00:00
autoscaling.warm_pool,,autoscaling,LaunchTemplate.LaunchTemplateId,dotted,ec2.launch_template,launch-template-version,references,doc,medium,global-exact,describe_warm_pool,autoscaling.DescribeWarmPool,,no,absent,0,0,,0,0,0,no source resources of this type were collected,2026-08-16T15:50:20+00:00
autoscaling.warm_pool,,autoscaling,LaunchTemplate.LaunchTemplateName,dotted,ec2.launch_template,launch-template-version,references,doc,medium,global-exact,describe_warm_pool,autoscaling.DescribeWarmPool,,no,absent,0,0,,0,0,0,no source resources of this type were collected,2026-08-16T15:50:20+00:00
b2bi.capability,,b2bi,configuration.edi.transformerId,dotted,b2bi.transformer,,references,doc,medium,service-exact,get_capability,b2bi.GetCapability,,yes,absent,0,0,,0,0,0,no source resources of this type were collected,2026-08-16T15:50:20+00:00
b2bi.partnership,,b2bi,profileId,scalar,b2bi.profile,,references,doc,medium,service-exact,get_partnership,b2bi.GetPartnership,,yes,absent,0,0,,0,0,0,no source resources of this type were collected,2026-08-16T15:50:20+00:00
b2bi.profile,,b2bi,logGroupName,scalar,iot.logging,,references,doc,medium,global-exact,get_profile,b2bi.GetProfile,,no,absent,0,0,,0,0,0,no source resources of this type were collected,2026-08-16T15:50:20+00:00
backup-gateway.hypervisor,,backup-gateway,Hypervisor.KmsKeyArn,dotted,kms.key,kms-key,encrypted-by,doc,medium,leaf-hint,get_hypervisor,backup-gateway.GetHypervisor,,no,absent,0,0,,0,0,0,no source resources of this type were collected,2026-08-16T15:50:20+00:00
backup-gateway.hypervisor,,backup-gateway,KmsKeyArn,scalar,kms.key,kms-key,encrypted-by,doc,medium,leaf-hint,list_hypervisors,backup-gateway.ListHypervisors,,no,absent,0,0,,0,0,0,no source resources of this type were collected,2026-08-16T15:50:20+00:00
backup.backup_vault,backup-vault,backup,EncryptionKeyArn,scalar,kms.key,kms-key,encrypted-by,c7n,high,curated,list_backup_vaults,aws.backup-vault.filters.kms-key,,yes,absent,0,0,,0,0,0,no source resources of this type were collected,2026-08-16T15:50:20+00:00
backup.legal_hold,,backup,BackupVaultName,scalar,backup.backup_vault,backup-vault,references,doc,medium,service-exact,list_recovery_points_by_legal_hold,backup.ListRecoveryPointsByLegalHold,,yes,absent,0,0,,0,0,0,no source resources of this type were collected,2026-08-16T15:50:20+00:00
backup.report_plan,,backup,ReportDeliveryChannel.S3BucketName,dotted,s3.bucket,s3,references,doc,medium,well-known,list_report_plans,backup.ListReportPlans,,yes,absent,0,0,,0,0,0,no source resources of this type were collected,2026-08-16T15:50:20+00:00
backup.report_plan,,backup,ReportPlan.ReportDeliveryChannel.S3BucketName,dotted,s3.bucket,s3,references,doc,medium,well-known,describe_report_plan,backup.DescribeReportPlan,,yes,absent,0,0,,0,0,0,no source resources of this type were collected,2026-08-16T15:50:20+00:00
backup.restore_testing_selection,,backup,RestoreTestingPlanName,scalar,backup.restore_testing_plan,,references,doc,medium,service-exact,list_restore_testing_selections,backup.ListRestoreTestingSelections,,yes,absent,0,0,,0,0,0,no source resources of this type were collected,2026-08-16T15:50:20+00:00
backup.restore_testing_selection,,backup,RestoreTestingSelection.RestoreTestingPlanName,dotted,backup.restore_testing_plan,,references,doc,medium,service-exact,get_restore_testing_selection,backup.GetRestoreTestingSelection,,yes,absent,0,0,,0,0,0,no source resources of this type were collected,2026-08-16T15:50:20+00:00
batch.compute_environment,batch-compute,batch,computeResources.launchTemplate.launchTemplateId,dotted,ec2.launch_template,launch-template-version,references,doc,medium,global-exact,describe_compute_environments,batch.DescribeComputeEnvironments,,yes,absent,0,0,,0,0,0,no source resources of this type were collected,2026-08-16T15:50:20+00:00
batch.compute_environment,batch-compute,batch,computeResources.launchTemplate.launchTemplateName,dotted,ec2.launch_template,launch-template-version,references,doc,medium,global-exact,describe_compute_environments,batch.DescribeComputeEnvironments,,yes,absent,0,0,,0,0,0,no source resources of this type were collected,2026-08-16T15:50:20+00:00
batch.compute_environment,batch-compute,batch,computeResources.securityGroupIds[],list_scalar,ec2.security_group,security-group,protected-by,c7n,high,curated,describe_compute_environments,aws.batch-compute.filters.security-group,,yes,absent,0,0,,0,0,0,no source resources of this type were collected,2026-08-16T15:50:20+00:00
batch.compute_environment,batch-compute,batch,computeResources.subnets[],list_scalar,ec2.subnet,subnet,contained-in,c7n,high,curated,describe_compute_environments,aws.batch-compute.filters.subnet,,yes,absent,0,0,,0,0,0,no source resources of this type were collected,2026-08-16T15:50:20+00:00
batch.job,,batch,attempts[].container.networkInterfaces[].attachmentId,list_nested,ec2.network_interface,eni,attached-to,doc,medium,well-known,describe_jobs,batch.DescribeJobs,,yes,absent,0,0,,0,0,0,no source resources of this type were collected,2026-08-16T15:50:20+00:00
batch.job,,batch,container.networkInterfaces[].attachmentId,list_dict,ec2.network_interface,eni,attached-to,doc,medium,well-known,describe_jobs,batch.DescribeJobs,,yes,absent,0,0,,0,0,0,no source resources of this type were collected,2026-08-16T15:50:20+00:00
batch.job,,batch,ecsProperties.taskProperties[].containers[].networkInterfaces[].attachmentId,list_nested,ec2.network_interface,eni,attached-to,doc,medium,well-known,describe_jobs,batch.DescribeJobs,,yes,absent,0,0,,0,0,0,no source resources of this type were collected,2026-08-16T15:50:20+00:00
batch.job,,batch,eksProperties.podProperties.volumes[].secret.secretName,list_dict,secretsmanager.secret,secrets-manager,references,doc,medium,global-exact,describe_jobs,batch.DescribeJobs,,yes,absent,0,0,,0,0,0,no source resources of this type were collected,2026-08-16T15:50:20+00:00
batch.job_definition,batch-definition,batch,eksProperties.podProperties.volumes[].secret.secretName,list_dict,secretsmanager.secret,secrets-manager,references,doc,medium,global-exact,describe_job_definitions,batch.DescribeJobDefinitions,,yes,absent,1,0,0.00,0,0,0,path never populated across 1 resource(s),2026-08-16T15:50:20+00:00
bedrock-agent.bedrock_agent,bedrock-agent,bedrock-agent,customerEncryptionKeyArn,scalar,kms.key,kms-key,encrypted-by,c7n,high,curated,list_agents,aws.bedrock-agent.filters.kms-key,,yes,absent,0,0,,0,0,0,no source resources of this type were collected,2026-08-16T15:50:20+00:00
bedrock.bedrock_custom_model,bedrock-custom-model,bedrock,modelKmsKeyArn,scalar,kms.key,kms-key,encrypted-by,c7n,high,curated,,aws.bedrock-custom-model.filters.kms-key,,no,absent,0,0,,0,0,0,no source resources of this type were collected,2026-08-16T15:50:20+00:00
bedrock.bedrock_customization_job,bedrock-customization-job,bedrock,outputModelKmsKeyArn,scalar,kms.key,kms-key,encrypted-by,c7n,high,curated,list_model_customization_jobs,aws.bedrock-customization-job.filters.kms-key,,yes,absent,0,0,,0,0,0,no source resources of this type were collected,2026-08-16T15:50:20+00:00
billingconductor.custom_line_item_version,,billingconductor,Name,scalar,billingconductor.custom_line_item,,references,doc,medium,service-exact,list_custom_line_item_versions,billingconductor.ListCustomLineItemVersions,,yes,absent,0,0,,0,0,0,no source resources of this type were collected,2026-08-16T15:50:20+00:00
billingconductor.resources_associated_to_custom_line_item,,billingconductor,Arn,scalar,servicecatalog-appregistry.associated_resource,,references,doc,medium,global-exact,list_resources_associated_to_custom_line_item,billingconductor.ListResourcesAssociatedToCustomLineItem,,yes,absent,0,0,,0,0,0,no source resources of this type were collected,2026-08-16T15:50:20+00:00
braket.quantum_task,,braket,deviceArn,scalar,braket.device,,references,doc,medium,service-exact,get_quantum_task,braket.GetQuantumTask,,yes,absent,0,0,,0,0,0,no source resources of this type were collected,2026-08-16T15:50:20+00:00
chatbot.microsoft_teams_user_identity,,chatbot,TeamsChannelId,scalar,chatbot.microsoft_teams_channel_configuration,,references,doc,medium,service-partial,list_microsoft_teams_user_identities,chatbot.ListMicrosoftTeamsUserIdentities,,yes,absent,0,0,,0,0,0,no source resources of this type were collected,2026-08-16T15:50:20+00:00
chatbot.slack_channel_configuration,,chatbot,SlackTeamId,scalar,chatbot.slack_workspace,,references,doc,medium,service-partial,describe_slack_channel_configurations,chatbot.DescribeSlackChannelConfigurations,,no,absent,0,0,,0,0,0,no source resources of this type were collected,2026-08-16T15:50:20+00:00
chatbot.slack_channel_configuration,,chatbot,SlackTeamName,scalar,chatbot.slack_workspace,,references,doc,medium,service-exact,describe_slack_channel_configurations,chatbot.DescribeSlackChannelConfigurations,,no,absent,0,0,,0,0,0,no source resources of this type were collected,2026-08-16T15:50:20+00:00
chatbot.slack_user_identity,,chatbot,SlackTeamId,scalar,chatbot.slack_workspace,,references,doc,medium,service-partial,describe_slack_user_identities,chatbot.DescribeSlackUserIdentities,,no,absent,0,0,,0,0,0,no source resources of this type were collected,2026-08-16T15:50:20+00:00
chime-sdk-identity.app_instance_admin,,chime-sdk-identity,AppInstanceArn,scalar,chime-sdk-identity.app_instance,,references,doc,medium,service-exact,list_app_instance_admins,chime-sdk-identity.ListAppInstanceAdmins,,yes,absent,0,0,,0,0,0,no source resources of this type were collected,2026-08-16T15:50:20+00:00
chime-sdk-identity.app_instance_bot,,chime-sdk-identity,AppInstanceArn,scalar,chime-sdk-identity.app_instance,,references,doc,medium,service-exact,list_app_instance_bots,chime-sdk-identity.ListAppInstanceBots,,yes,absent,0,0,,0,0,0,no source resources of this type were collected,2026-08-16T15:50:20+00:00
chime-sdk-identity.app_instance_bot,,chime-sdk-identity,Name,scalar,chime-sdk-identity.app_instance,,references,doc,medium,service-partial,list_app_instance_bots,chime-sdk-identity.ListAppInstanceBots,,yes,absent,0,0,,0,0,0,no source resources of this type were collected,2026-08-16T15:50:20+00:00
chime-sdk-identity.app_instance_user,,chime-sdk-identity,AppInstanceArn,scalar,chime-sdk-identity.app_instance,,references,doc,medium,service-exact,list_app_instance_users,chime-sdk-identity.ListAppInstanceUsers,,yes,absent,0,0,,0,0,0,no source resources of this type were collected,2026-08-16T15:50:20+00:00
chime-sdk-identity.app_instance_user_endpoint,,chime-sdk-identity,AppInstanceUserArn,scalar,chime-sdk-identity.app_instance_user,,references,doc,medium,service-exact,list_app_instance_user_endpoints,chime-sdk-identity.ListAppInstanceUserEndpoints,,yes,absent,0,0,,0,0,0,no source resources of this type were collected,2026-08-16T15:50:20+00:00
chime-sdk-identity.app_instance_user_endpoint,,chime-sdk-identity,AppInstanceUserEndpoint.AppInstanceUserArn,dotted,chime-sdk-identity.app_instance_user,,references,doc,medium,service-exact,describe_app_instance_user_endpoint,chime-sdk-identity.DescribeAppInstanceUserEndpoint,,yes,absent,0,0,,0,0,0,no source resources of this type were collected,2026-08-16T15:50:20+00:00
chime-sdk-media-pipelines.media_capture_pipeline,,chime-sdk-media-pipelines,MediaPipelineArn,scalar,chime-sdk-media-pipelines.media_pipeline,,references,doc,medium,service-partial,list_media_capture_pipelines,chime-sdk-media-pipelines.ListMediaCapturePipelines,,yes,absent,0,0,,0,0,0,no source resources of this type were collected,2026-08-16T15:50:20+00:00
chime-sdk-media-pipelines.media_capture_pipeline,,chime-sdk-media-pipelines,MediaPipelineId,scalar,chime-sdk-media-pipelines.media_pipeline,,references,doc,medium,service-partial,list_media_capture_pipelines,chime-sdk-media-pipelines.ListMediaCapturePipelines,,yes,absent,0,0,,0,0,0,no source resources of this type were collected,2026-08-16T15:50:20+00:00
chime-sdk-media-pipelines.media_insights_pipeline_configuration,,chime-sdk-media-pipelines,MediaInsightsPipelineConfiguration.RealTimeAlertConfiguration.Rules[].KeywordMatchConfiguration.RuleName,list_dict,pinpoint-sms-voice-v2.keyword,,references,doc,medium,global-exact,get_media_insights_pipeline_configuration,chime-sdk-media-pipelines.GetMediaInsightsPipelineConfiguration,,no,absent,0,0,,0,0,0,no source resources of this type were collected,2026-08-16T15:50:20+00:00
chime-sdk-media-pipelines.media_pipeline,,chime-sdk-media-pipelines,MediaPipeline.MediaInsightsPipeline.KinesisVideoStreamSourceRuntimeConfiguration.Streams[].StreamArn,list_dict,chime-sdk-media-pipelines.media_pipeline_kinesis_video_stream_pool,,references,doc,medium,service-partial,get_media_pipeline,chime-sdk-media-pipelines.GetMediaPipeline,,no,absent,0,0,,0,0,0,no source resources of this type were collected,2026-08-16T15:50:20+00:00
chime-sdk-messaging.channel,,chime-sdk-messaging,Channel.ChannelFlowArn,dotted,chime-sdk-messaging.channel_flow,,references,doc,medium,service-exact,describe_channel,chime-sdk-messaging.DescribeChannel,,yes,absent,0,0,,0,0,0,no source resources of this type were collected,2026-08-16T15:50:20+00:00
chime-sdk-messaging.channel,,chime-sdk-messaging,Name,scalar,chime-sdk-messaging.channel_flow,,references,doc,medium,service-exact,list_channels_associated_with_channel_flow,chime-sdk-messaging.ListChannelsAssociatedWithChannelFlow,,yes,absent,0,0,,0,0,0,no source resources of this type were collected,2026-08-16T15:50:20+00:00
chime-sdk-messaging.channel_ban,,chime-sdk-messaging,ChannelArn,scalar,chime-sdk-messaging.channel,,references,doc,medium,service-exact,list_channel_bans,chime-sdk-messaging.ListChannelBans,,yes,absent,0,0,,0,0,0,no source resources of this type were collected,2026-08-16T15:50:20+00:00
chime-sdk-messaging.channel_ban,,chime-sdk-messaging,ChannelBan.ChannelArn,dotted,chime-sdk-messaging.channel,,references,doc,medium,service-exact,describe_channel_ban,chime-sdk-messaging.DescribeChannelBan,,yes,absent,0,0,,0,0,0,no source resources of this type were collected,2026-08-16T15:50:20+00:00
chime-sdk-messaging.channel_membership,,chime-sdk-messaging,ChannelArn,scalar,chime-sdk-messaging.channel,,references,doc,medium,service-exact,list_channel_memberships,chime-sdk-messaging.ListChannelMemberships,,yes,absent,0,0,,0,0,0,no source resources of this type were collected,2026-08-16T15:50:20+00:00
chime-sdk-messaging.channel_membership,,chime-sdk-messaging,ChannelMembership.SubChannelId,dotted,chime-sdk-messaging.sub_channel,,references,doc,medium,service-exact,describe_channel_membership,chime-sdk-messaging.DescribeChannelMembership,,yes,absent,0,0,,0,0,0,no source resources of this type were collected,2026-08-16T15:50:20+00:00
chime-sdk-messaging.channel_membership_for_app_instance_user,,chime-sdk-messaging,ChannelMembership.ChannelSummary.ChannelArn,dotted,chime-sdk-messaging.channel,,references,doc,medium,service-exact,describe_channel_membership_for_app_instance_user,chime-sdk-messaging.DescribeChannelMembershipForAppInstanceUser,,yes,absent,0,0,,0,0,0,no source resources of this type were collected,2026-08-16T15:50:20+00:00
chime-sdk-messaging.channel_membership_for_app_instance_user,,chime-sdk-messaging,ChannelMembership.ChannelSummary.Name,dotted,chime-sdk-messaging.channel,,references,doc,medium,service-exact,describe_channel_membership_for_app_instance_user,chime-sdk-messaging.DescribeChannelMembershipForAppInstanceUser,,yes,absent,0,0,,0,0,0,no source resources of this type were collected,2026-08-16T15:50:20+00:00
chime-sdk-messaging.channel_membership_preference,,chime-sdk-messaging,ChannelArn,scalar,chime-sdk-messaging.channel,,references,doc,medium,service-exact,get_channel_membership_preferences,chime-sdk-messaging.GetChannelMembershipPreferences,,yes,absent,0,0,,0,0,0,no source resources of this type were collected,2026-08-16T15:50:20+00:00
chime-sdk-messaging.channel_memberships_for_app_instance_user,,chime-sdk-messaging,ChannelSummary.ChannelArn,dotted,chime-sdk-messaging.channel,,references,doc,medium,service-exact,list_channel_memberships_for_app_instance_user,chime-sdk-messaging.ListChannelMembershipsForAppInstanceUser,,yes,absent,0,0,,0,0,0,no source resources of this type were collected,2026-08-16T15:50:20+00:00
chime-sdk-messaging.channel_memberships_for_app_instance_user,,chime-sdk-messaging,ChannelSummary.Name,dotted,chime-sdk-messaging.channel,,references,doc,medium,service-exact,list_channel_memberships_for_app_instance_user,chime-sdk-messaging.ListChannelMembershipsForAppInstanceUser,,yes,absent,0,0,,0,0,0,no source resources of this type were collected,2026-08-16T15:50:20+00:00
chime-sdk-messaging.channel_message,,chime-sdk-messaging,ChannelArn,scalar,chime-sdk-messaging.channel,,references,doc,medium,service-exact,list_channel_messages,chime-sdk-messaging.ListChannelMessages,,yes,absent,0,0,,0,0,0,no source resources of this type were collected,2026-08-16T15:50:20+00:00
chime-sdk-messaging.channel_message,,chime-sdk-messaging,ChannelMessage.ChannelArn,dotted,chime-sdk-messaging.channel,,references,doc,medium,service-exact,get_channel_message,chime-sdk-messaging.GetChannelMessage,,yes,absent,0,0,,0,0,0,no source resources of this type were collected,2026-08-16T15:50:20+00:00
chime-sdk-messaging.channel_message,,chime-sdk-messaging,ChannelMessage.Target[].MemberArn,list_dict,chime-sdk-messaging.channel,,references,doc,medium,service-partial,get_channel_message,chime-sdk-messaging.GetChannelMessage,,yes,absent,0,0,,0,0,0,no source resources of this type were collected,2026-08-16T15:50:20+00:00
chime-sdk-messaging.channel_message,,chime-sdk-messaging,Target[].MemberArn,list_dict,chime-sdk-messaging.channel,,references,doc,medium,service-partial,list_channel_messages,chime-sdk-messaging.ListChannelMessages,,yes,absent,0,0,,0,0,0,no source resources of this type were collected,2026-08-16T15:50:20+00:00
chime-sdk-messaging.channel_message,,chime-sdk-messaging,ChannelMessage.SubChannelId,dotted,chime-sdk-messaging.sub_channel,,references,doc,medium,service-exact,get_channel_message,chime-sdk-messaging.GetChannelMessage,,yes,absent,0,0,,0,0,0,no source resources of this type were collected,2026-08-16T15:50:20+00:00
chime-sdk-messaging.channel_message,,chime-sdk-messaging,SubChannelId,scalar,chime-sdk-messaging.sub_channel,,references,doc,medium,service-exact,list_channel_messages,chime-sdk-messaging.ListChannelMessages,,yes,absent,0,0,,0,0,0,no source resources of this type were collected,2026-08-16T15:50:20+00:00
chime-sdk-messaging.channel_moderated_by_app_instance_user,,chime-sdk-messaging,Channel.ChannelSummary.ChannelArn,dotted,chime-sdk-messaging.channel,,references,doc,medium,service-exact,describe_channel_moderated_by_app_instance_user,chime-sdk-messaging.DescribeChannelModeratedByAppInstanceUser,,yes,absent,0,0,,0,0,0,no source resources of this type were collected,2026-08-16T15:50:20+00:00
chime-sdk-messaging.channel_moderated_by_app_instance_user,,chime-sdk-messaging,Channel.ChannelSummary.Name,dotted,chime-sdk-messaging.channel,,references,doc,medium,service-exact,describe_channel_moderated_by_app_instance_user,chime-sdk-messaging.DescribeChannelModeratedByAppInstanceUser,,yes,absent,0,0,,0,0,0,no source resources of this type were collected,2026-08-16T15:50:20+00:00
chime-sdk-messaging.channel_moderator,,chime-sdk-messaging,ChannelArn,scalar,chime-sdk-messaging.channel,,references,doc,medium,service-exact,list_channel_moderators,chime-sdk-messaging.ListChannelModerators,,yes,absent,0,0,,0,0,0,no source resources of this type were collected,2026-08-16T15:50:20+00:00
chime-sdk-messaging.channels_moderated_by_app_instance_user,,chime-sdk-messaging,ChannelSummary.ChannelArn,dotted,chime-sdk-messaging.channel,,references,doc,medium,service-exact,list_channels_moderated_by_app_instance_user,chime-sdk-messaging.ListChannelsModeratedByAppInstanceUser,,yes,absent,0,0,,0,0,0,no source resources of this type were collected,2026-08-16T15:50:20+00:00
chime-sdk-messaging.channels_moderated_by_app_instance_user,,chime-sdk-messaging,ChannelSummary.Name,dotted,chime-sdk-messaging.channel,,references,doc,medium,service-exact,list_channels_moderated_by_app_instance_user,chime-sdk-messaging.ListChannelsModeratedByAppInstanceUser,,yes,absent,0,0,,0,0,0,no source resources of this type were collected,2026-08-16T15:50:20+00:00
chime-sdk-voice.voice_profile_domain,,chime-sdk-voice,VoiceProfileDomain.ServerSideEncryptionConfiguration.KmsKeyArn,dotted,kms.key,kms-key,encrypted-by,doc,medium,leaf-hint,get_voice_profile_domain,chime-sdk-voice.GetVoiceProfileDomain,,yes,absent,0,0,,0,0,0,no source resources of this type were collected,2026-08-16T15:50:20+00:00
chime-sdk-voice.voice_profile_domain,,chime-sdk-voice,Name,scalar,polly.voice,,references,doc,medium,global-exact,list_voice_profile_domains,chime-sdk-voice.ListVoiceProfileDomains,,yes,absent,0,0,,0,0,0,no source resources of this type were collected,2026-08-16T15:50:20+00:00
chime-sdk-voice.voice_profile_domain,,chime-sdk-voice,VoiceProfileDomainId,scalar,polly.voice,,references,doc,medium,global-exact,list_voice_profile_domains,chime-sdk-voice.ListVoiceProfileDomains,,yes,absent,0,0,,0,0,0,no source resources of this type were collected,2026-08-16T15:50:20+00:00
chime.app_instance_user,,chime,AppInstanceArn,scalar,chime.app_instance,,references,doc,medium,service-exact,list_app_instance_users,chime.ListAppInstanceUsers,,no,absent,0,0,,0,0,0,no source resources of this type were collected,2026-08-16T15:50:20+00:00
chime.phone_number_setting,,chime,CallingName,scalar,chime.account,,references,doc,medium,service-exact,get_phone_number_settings,chime.GetPhoneNumberSettings,,yes,absent,0,0,,0,0,0,no source resources of this type were collected,2026-08-16T15:50:20+00:00
chime.user,,chime,AlexaForBusinessMetadata.AlexaForBusinessRoomArn,dotted,chime.room,,references,doc,medium,service-exact,list_users,chime.ListUsers,,yes,absent,0,0,,0,0,0,no source resources of this type were collected,2026-08-16T15:50:20+00:00
chime.user,,chime,User.AlexaForBusinessMetadata.AlexaForBusinessRoomArn,dotted,chime.room,,references,doc,medium,service-exact,get_user,chime.GetUser,,yes,absent,0,0,,0,0,0,no source resources of this type were collected,2026-08-16T15:50:20+00:00
cleanrooms.collaboration_privacy_budget,,cleanrooms,privacyBudgetTemplateArn,scalar,cleanrooms.collaboration_privacy_budget_template,,references,doc,medium,service-exact,list_collaboration_privacy_budgets,cleanrooms.ListCollaborationPrivacyBudgets,,yes,absent,0,0,,0,0,0,no source resources of this type were collected,2026-08-16T15:50:20+00:00
cleanrooms.collaboration_privacy_budget,,cleanrooms,privacyBudgetTemplateId,scalar,cleanrooms.collaboration_privacy_budget_template,,references,doc,medium,service-exact,list_collaboration_privacy_budgets,cleanrooms.ListCollaborationPrivacyBudgets,,yes,absent,0,0,,0,0,0,no source resources of this type were collected,2026-08-16T15:50:20+00:00
cleanrooms.configured_table,,cleanrooms,configuredTable.tableReference.glue.tableName,dotted,glue.table,glue-table,references,doc,medium,global-exact,get_configured_table,cleanrooms.GetConfiguredTable,,yes,absent,0,0,,0,0,0,no source resources of this type were collected,2026-08-16T15:50:20+00:00
cleanrooms.configured_table_analysis_rule,,cleanrooms,analysisRule.configuredTableArn,dotted,cleanrooms.configured_table,,references,doc,medium,service-exact,get_configured_table_analysis_rule,cleanrooms.GetConfiguredTableAnalysisRule,,yes,absent,0,0,,0,0,0,no source resources of this type were collected,2026-08-16T15:50:20+00:00
cleanrooms.configured_table_analysis_rule,,cleanrooms,analysisRule.configuredTableId,dotted,cleanrooms.configured_table,,references,doc,medium,service-exact,get_configured_table_analysis_rule,cleanrooms.GetConfiguredTableAnalysisRule,,yes,absent,0,0,,0,0,0,no source resources of this type were collected,2026-08-16T15:50:20+00:00
cleanrooms.privacy_budget,,cleanrooms,privacyBudgetTemplateArn,scalar,cleanrooms.privacy_budget_template,,references,doc,medium,service-exact,list_privacy_budgets,cleanrooms.ListPrivacyBudgets,,yes,absent,0,0,,0,0,0,no source resources of this type were collected,2026-08-16T15:50:20+00:00
cleanrooms.privacy_budget,,cleanrooms,privacyBudgetTemplateId,scalar,cleanrooms.privacy_budget_template,,references,doc,medium,service-exact,list_privacy_budgets,cleanrooms.ListPrivacyBudgets,,yes,absent,0,0,,0,0,0,no source resources of this type were collected,2026-08-16T15:50:20+00:00
cleanrooms.protected_query,,cleanrooms,membershipArn,scalar,cleanrooms.membership,,references,doc,medium,service-exact,list_protected_queries,cleanrooms.ListProtectedQueries,,yes,absent,0,0,,0,0,0,no source resources of this type were collected,2026-08-16T15:50:20+00:00
cleanrooms.protected_query,,cleanrooms,membershipId,scalar,cleanrooms.membership,,references,doc,medium,service-exact,list_protected_queries,cleanrooms.ListProtectedQueries,,yes,absent,0,0,,0,0,0,no source resources of this type were collected,2026-08-16T15:50:20+00:00
cleanrooms.protected_query,,cleanrooms,protectedQuery.membershipArn,dotted,cleanrooms.membership,,references,doc,medium,service-exact,get_protected_query,cleanrooms.GetProtectedQuery,,yes,absent,0,0,,0,0,0,no source resources of this type were collected,2026-08-16T15:50:20+00:00
cleanrooms.protected_query,,cleanrooms,protectedQuery.membershipId,dotted,cleanrooms.membership,,references,doc,medium,service-exact,get_protected_query,cleanrooms.GetProtectedQuery,,yes,absent,0,0,,0,0,0,no source resources of this type were collected,2026-08-16T15:50:20+00:00
cleanrooms.schema,,cleanrooms,collaborationArn,scalar,cleanrooms.collaboration,,references,doc,medium,service-exact,list_schemas,cleanrooms.ListSchemas,,yes,absent,0,0,,0,0,0,no source resources of this type were collected,2026-08-16T15:50:20+00:00
cleanrooms.schema,,cleanrooms,collaborationId,scalar,cleanrooms.collaboration,,references,doc,medium,service-exact,list_schemas,cleanrooms.ListSchemas,,yes,absent,0,0,,0,0,0,no source resources of this type were collected,2026-08-16T15:50:20+00:00
cleanrooms.schema,,cleanrooms,schema.collaborationArn,dotted,cleanrooms.collaboration,,references,doc,medium,service-exact,get_schema,cleanrooms.GetSchema,,yes,absent,0,0,,0,0,0,no source resources of this type were collected,2026-08-16T15:50:20+00:00
cleanrooms.schema,,cleanrooms,schema.collaborationId,dotted,cleanrooms.collaboration,,references,doc,medium,service-exact,get_schema,cleanrooms.GetSchema,,yes,absent,0,0,,0,0,0,no source resources of this type were collected,2026-08-16T15:50:20+00:00
cleanrooms.schema,,cleanrooms,schemas[].collaborationArn,list_dict,cleanrooms.collaboration,,references,doc,medium,service-exact,batch_get_schema,cleanrooms.BatchGetSchema,,yes,absent,0,0,,0,0,0,no source resources of this type were collected,2026-08-16T15:50:20+00:00
cleanrooms.schema,,cleanrooms,schemas[].collaborationId,list_dict,cleanrooms.collaboration,,references,doc,medium,service-exact,batch_get_schema,cleanrooms.BatchGetSchema,,yes,absent,0,0,,0,0,0,no source resources of this type were collected,2026-08-16T15:50:20+00:00
cleanrooms.schema_analysis_rule,,cleanrooms,analysisRule.collaborationId,dotted,cleanrooms.collaboration,,references,doc,medium,service-partial,get_schema_analysis_rule,cleanrooms.GetSchemaAnalysisRule,,yes,absent,0,0,,0,0,0,no source resources of this type were collected,2026-08-16T15:50:20+00:00
cleanroomsml.configured_audience_model,,cleanroomsml,outputConfig.roleArn,dotted,iam.role,iam-role,assumes,doc,medium,well-known,get_configured_audience_model,cleanroomsml.GetConfiguredAudienceModel,,yes,absent,0,0,,0,0,0,no source resources of this type were collected,2026-08-16T15:50:20+00:00
cloud9.environment_membership,,cloud9,environmentId,scalar,cloud9.environment,,references,doc,medium,service-exact,describe_environment_memberships,cloud9.DescribeEnvironmentMemberships,,yes,absent,0,0,,0,0,0,no source resources of this type were collected,2026-08-16T15:50:20+00:00
cloudcontrol.resource_request,,cloudcontrol,Identifier,scalar,cloudcontrol.resource,,references,doc,medium,service-exact,list_resource_requests,cloudcontrol.ListResourceRequests,,yes,absent,0,0,,0,0,0,no source resources of this type were collected,2026-08-16T15:50:20+00:00
cloudcontrol.resource_request,,cloudcontrol,TypeName,scalar,cloudcontrol.resource,,references,doc,medium,service-exact,list_resource_requests,cloudcontrol.ListResourceRequests,,yes,absent,0,0,,0,0,0,no source resources of this type were collected,2026-08-16T15:50:20+00:00
cloudcontrol.resource_request_status,,cloudcontrol,ProgressEvent.Identifier,dotted,cloudcontrol.resource,,references,doc,medium,service-exact,get_resource_request_status,cloudcontrol.GetResourceRequestStatus,,yes,absent,0,0,,0,0,0,no source resources of this type were collected,2026-08-16T15:50:20+00:00
cloudcontrol.resource_request_status,,cloudcontrol,ProgressEvent.TypeName,dotted,cloudcontrol.resource,,references,doc,medium,service-exact,get_resource_request_status,cloudcontrol.GetResourceRequestStatus,,yes,absent,0,0,,0,0,0,no source resources of this type were collected,2026-08-16T15:50:20+00:00
clouddirectory.attached_indice,,clouddirectory,IndexedAttributes[].Key.FacetName,list_dict,clouddirectory.facet,,references,doc,medium,service-exact,list_attached_indices,clouddirectory.ListAttachedIndices,,yes,absent,0,0,,0,0,0,no source resources of this type were collected,2026-08-16T15:50:20+00:00
clouddirectory.attached_indice,,clouddirectory,IndexedAttributes[].Key.Name,list_dict,sdb.attribute,,references,doc,medium,global-exact,list_attached_indices,clouddirectory.ListAttachedIndices,,yes,absent,0,0,,0,0,0,no source resources of this type were collected,2026-08-16T15:50:20+00:00
clouddirectory.index,,clouddirectory,IndexedAttributes[].Key.FacetName,list_dict,clouddirectory.facet,,references,doc,medium,service-exact,list_index,clouddirectory.ListIndex,,yes,absent,0,0,,0,0,0,no source resources of this type were collected,2026-08-16T15:50:20+00:00
clouddirectory.index,,clouddirectory,IndexedAttributes[].Key.Name,list_dict,sdb.attribute,,references,doc,medium,global-exact,list_index,clouddirectory.ListIndex,,yes,absent,0,0,,0,0,0,no source resources of this type were collected,2026-08-16T15:50:20+00:00
clouddirectory.link_attribute,,clouddirectory,Key.FacetName,dotted,clouddirectory.facet,,references,doc,medium,service-exact,get_link_attributes,clouddirectory.GetLinkAttributes,,yes,absent,0,0,,0,0,0,no source resources of this type were collected,2026-08-16T15:50:20+00:00
clouddirectory.link_attribute,,clouddirectory,Key.Name,dotted,sdb.attribute,,references,doc,medium,global-exact,get_link_attributes,clouddirectory.GetLinkAttributes,,yes,absent,0,0,,0,0,0,no source resources of this type were collected,2026-08-16T15:50:20+00:00
clouddirectory.object_attribute,,clouddirectory,Key.FacetName,dotted,clouddirectory.facet,,references,doc,medium,service-exact,get_object_attributes,clouddirectory.GetObjectAttributes,,yes,absent,0,0,,0,0,0,no source resources of this type were collected,2026-08-16T15:50:20+00:00
clouddirectory.object_attribute,,clouddirectory,Key.Name,dotted,sdb.attribute,,references,doc,medium,global-exact,get_object_attributes,clouddirectory.GetObjectAttributes,,yes,absent,0,0,,0,0,0,no source resources of this type were collected,2026-08-16T15:50:20+00:00
clouddirectory.object_information,,clouddirectory,FacetName,scalar,clouddirectory.facet,,references,doc,medium,service-exact,get_object_information,clouddirectory.GetObjectInformation,,yes,absent,0,0,,0,0,0,no source resources of this type were collected,2026-08-16T15:50:20+00:00
clouddirectory.typed_link_facet_attribute,,clouddirectory,Name,scalar,clouddirectory.link_attribute,,references,doc,medium,service-partial,list_typed_link_facet_attributes,clouddirectory.ListTypedLinkFacetAttributes,,no,absent,0,0,,0,0,0,no source resources of this type were collected,2026-08-16T15:50:20+00:00
cloudformation.stack,cfn,cloudformation,StackSetOperation.StackSetId,dotted,cloudformation.stack_set,,references,doc,medium,service-exact,describe_stack_set_operation,cloudformation.DescribeStackSetOperation,,yes,absent,4,0,0.00,0,0,0,path never populated across 4 resource(s),2026-08-16T15:50:20+00:00
cloudformation.stack_event,,cloudformation,StackId,scalar,ec2.instance,ec2,references,doc,medium,well-known,describe_stack_events,cloudformation.DescribeStackEvents,,yes,absent,0,0,,0,0,0,no source resources of this type were collected,2026-08-16T15:50:20+00:00
cloudformation.stack_resource,,cloudformation,StackId,scalar,cloudformation.stack,cfn,references,doc,medium,service-exact,describe_stack_resources,cloudformation.DescribeStackResources,,yes,absent,0,0,,0,0,0,no source resources of this type were collected,2026-08-16T15:50:20+00:00
cloudformation.stack_resource,,cloudformation,StackResourceDetail.StackId,dotted,cloudformation.stack,cfn,references,doc,medium,service-exact,describe_stack_resource,cloudformation.DescribeStackResource,,yes,absent,0,0,,0,0,0,no source resources of this type were collected,2026-08-16T15:50:20+00:00
cloudformation.type,,cloudformation,TypeName,scalar,appconfig.extension,,references,doc,medium,global-exact,describe_type,cloudformation.DescribeType,,yes,absent,0,0,,0,0,0,no source resources of this type were collected,2026-08-16T15:50:20+00:00
cloudformation.type,,cloudformation,PublisherId,scalar,cloudformation.publisher,,references,doc,medium,service-partial,describe_type,cloudformation.DescribeType,,yes,absent,0,0,,0,0,0,no source resources of this type were collected,2026-08-16T15:50:20+00:00
cloudfront.distribution,distribution,cloudfront,Distribution.DistributionConfig.ViewerCertificate.IAMCertificateId,dotted,iam.iam_certificate,iam-certificate,references,doc,medium,global-exact,get_distribution,cloudfront.GetDistribution,,yes,absent,2,0,0.00,0,0,0,path never populated across 2 resource(s),2026-08-16T15:50:20+00:00
cloudfront.distribution,distribution,cloudfront,DistributionList.Items[].ViewerCertificate.IAMCertificateId,list_dict,iam.iam_certificate,iam-certificate,references,doc,medium,global-exact,list_distributions_by_realtime_log_config,cloudfront.ListDistributionsByRealtimeLogConfig,,yes,absent,2,0,0.00,0,0,0,path never populated across 2 resource(s),2026-08-16T15:50:20+00:00
cloudfront.distribution,distribution,cloudfront,ViewerCertificate.IAMCertificateId,dotted,iam.iam_certificate,iam-certificate,references,doc,medium,global-exact,list_distributions,cloudfront.ListDistributions,,yes,absent,2,0,0.00,0,0,0,path never populated across 2 resource(s),2026-08-16T15:50:20+00:00
cloudfront.distribution_config,,cloudfront,DistributionConfig.ViewerCertificate.IAMCertificateId,dotted,iam.iam_certificate,iam-certificate,references,doc,medium,global-exact,get_distribution_config,cloudfront.GetDistributionConfig,,yes,absent,0,0,,0,0,0,no source resources of this type were collected,2026-08-16T15:50:20+00:00
cloudfront.streaming_distribution,streaming-distribution,cloudfront,StreamingDistribution.Id,dotted,cloudfront.distribution,distribution,references,doc,medium,service-partial,get_streaming_distribution,cloudfront.GetStreamingDistribution,,yes,absent,1,0,0.00,0,0,0,path never populated across 1 resource(s),2026-08-16T15:50:20+00:00
cloudfront.streaming_distribution,streaming-distribution,cloudfront,StreamingDistributionList.Items[].Id,list_dict,cloudfront.distribution,distribution,references,doc,medium,service-exact,list_streaming_distributions,cloudfront.ListStreamingDistributions,,yes,absent,1,0,0.00,0,0,0,path never populated across 1 resource(s),2026-08-16T15:50:20+00:00
cloudhsm.hsm,hsm,cloudhsm,EniId,scalar,ec2.network_interface,eni,attached-to,doc,medium,well-known,describe_hsm,cloudhsm.DescribeHsm,,yes,absent,0,0,,0,0,0,no source resources of this type were collected,2026-08-16T15:50:20+00:00
cloudhsm.hsm,hsm,cloudhsm,SubnetId,scalar,ec2.subnet,subnet,contained-in,doc,medium,leaf-hint,describe_hsm,cloudhsm.DescribeHsm,,yes,absent,0,0,,0,0,0,no source resources of this type were collected,2026-08-16T15:50:20+00:00
cloudhsm.hsm,hsm,cloudhsm,VpcId,scalar,ec2.vpc,vpc,contained-in,doc,medium,leaf-hint,describe_hsm,cloudhsm.DescribeHsm,,yes,absent,0,0,,0,0,0,no source resources of this type were collected,2026-08-16T15:50:20+00:00
cloudhsm.hsm,hsm,cloudhsm,IamRoleArn,scalar,iam.role,iam-role,assumes,doc,medium,well-known,describe_hsm,cloudhsm.DescribeHsm,,yes,absent,0,0,,0,0,0,no source resources of this type were collected,2026-08-16T15:50:20+00:00
cloudhsmv2.cloudhsm_cluster,cloudhsm-cluster,cloudhsmv2,,,ec2.subnet,subnet,contained-in,c7n,declared-no-path,curated,describe_clusters,aws.cloudhsm-cluster.filters.subnet,,yes,absent,0,0,,0,0,0,no source resources of this type were collected,2026-08-16T15:50:20+00:00
cloudhsmv2.cloudhsm_cluster,cloudhsm-cluster,cloudhsmv2,Hsms[].SubnetId,list_dict,ec2.subnet,subnet,contained-in,doc,medium,leaf-hint,describe_clusters,cloudhsmv2.DescribeClusters,,yes,absent,0,0,,0,0,0,no source resources of this type were collected,2026-08-16T15:50:20+00:00
cloudhsmv2.cloudhsm_cluster,cloudhsm-cluster,cloudhsmv2,VpcId,scalar,ec2.vpc,vpc,contained-in,doc,medium,leaf-hint,describe_clusters,cloudhsmv2.DescribeClusters,,yes,absent,0,0,,0,0,0,no source resources of this type were collected,2026-08-16T15:50:20+00:00
cloudtrail.event_data_store,,cloudtrail,KmsKeyId,scalar,kms.key,kms-key,encrypted-by,doc,medium,leaf-hint,get_event_data_store,cloudtrail.GetEventDataStore,,yes,absent,0,0,,0,0,0,no source resources of this type were collected,2026-08-16T15:50:20+00:00
cloudtrail.trail,cloudtrail,cloudtrail,KmsKeyId,scalar,kms.key,kms-key,encrypted-by,doc,medium,leaf-hint,describe_trails,cloudtrail.DescribeTrails,,yes,absent,1,0,0.00,0,0,0,path never populated across 1 resource(s),2026-08-16T15:50:20+00:00
cloudtrail.trail,cloudtrail,cloudtrail,Trail.KmsKeyId,dotted,kms.key,kms-key,encrypted-by,doc,medium,leaf-hint,get_trail,cloudtrail.GetTrail,,yes,absent,1,0,0.00,0,0,0,path never populated across 1 resource(s),2026-08-16T15:50:20+00:00
cloudwatch.alarm,alarm,cloudwatch,MetricAlarms[].Dimensions[].Name,list_nested,iot.dimension,,references,doc,medium,global-exact,describe_alarms,cloudwatch.DescribeAlarms,,yes,absent,1,0,0.00,0,0,0,path never populated across 1 resource(s),2026-08-16T15:50:20+00:00
cloudwatch.alarm,alarm,cloudwatch,MetricAlarms[].Metrics[].MetricStat.Metric.Dimensions[].Name,list_nested,iot.dimension,,references,doc,medium,global-exact,describe_alarms,cloudwatch.DescribeAlarms,,yes,absent,1,0,0.00,0,0,0,path never populated across 1 resource(s),2026-08-16T15:50:20+00:00
cloudwatch.alarm_history,,cloudwatch,AlarmName,scalar,cloudwatch.alarm,alarm,references,doc,medium,service-exact,describe_alarm_history,cloudwatch.DescribeAlarmHistory,,yes,absent,0,0,,0,0,0,no source resources of this type were collected,2026-08-16T15:50:20+00:00
cloudwatch.alarms_for_metric,,cloudwatch,AlarmName,scalar,cloudwatch.alarm,alarm,references,doc,medium,service-exact,describe_alarms_for_metric,cloudwatch.DescribeAlarmsForMetric,,yes,absent,0,0,,0,0,0,no source resources of this type were collected,2026-08-16T15:50:20+00:00
cloudwatch.alarms_for_metric,,cloudwatch,Dimensions[].Name,list_dict,iot.dimension,,references,doc,medium,global-exact,describe_alarms_for_metric,cloudwatch.DescribeAlarmsForMetric,,yes,absent,0,0,,0,0,0,no source resources of this type were collected,2026-08-16T15:50:20+00:00
cloudwatch.alarms_for_metric,,cloudwatch,Metrics[].MetricStat.Metric.Dimensions[].Name,list_nested,iot.dimension,,references,doc,medium,global-exact,describe_alarms_for_metric,cloudwatch.DescribeAlarmsForMetric,,yes,absent,0,0,,0,0,0,no source resources of this type were collected,2026-08-16T15:50:20+00:00
cloudwatch.anomaly_detector,,cloudwatch,Dimensions[].Name,list_dict,iot.dimension,,references,doc,medium,global-exact,describe_anomaly_detectors,cloudwatch.DescribeAnomalyDetectors,,yes,absent,0,0,,0,0,0,no source resources of this type were collected,2026-08-16T15:50:20+00:00
cloudwatch.anomaly_detector,,cloudwatch,MetricMathAnomalyDetector.MetricDataQueries[].MetricStat.Metric.Dimensions[].Name,list_nested,iot.dimension,,references,doc,medium,global-exact,describe_anomaly_detectors,cloudwatch.DescribeAnomalyDetectors,,yes,absent,0,0,,0,0,0,no source resources of this type were collected,2026-08-16T15:50:20+00:00
cloudwatch.anomaly_detector,,cloudwatch,SingleMetricAnomalyDetector.Dimensions[].Name,list_dict,iot.dimension,,references,doc,medium,global-exact,describe_anomaly_detectors,cloudwatch.DescribeAnomalyDetectors,,yes,absent,0,0,,0,0,0,no source resources of this type were collected,2026-08-16T15:50:20+00:00
cloudwatch.metric_stream,,cloudwatch,RoleArn,scalar,iam.role,iam-role,assumes,doc,medium,well-known,get_metric_stream,cloudwatch.GetMetricStream,,yes,absent,0,0,,0,0,0,no source resources of this type were collected,2026-08-16T15:50:20+00:00
codeartifact.repository,artifact-repo,codeartifact,domainName,scalar,codeartifact.domain,artifact-domain,references,doc,medium,service-exact,list_repositories,codeartifact.ListRepositories,,yes,absent,0,0,,0,0,0,no source resources of this type were collected,2026-08-16T15:50:20+00:00
codeartifact.repository,artifact-repo,codeartifact,repository.domainName,dotted,codeartifact.domain,artifact-domain,references,doc,medium,service-exact,describe_repository,codeartifact.DescribeRepository,,yes,absent,0,0,,0,0,0,no source resources of this type were collected,2026-08-16T15:50:20+00:00
codebuild.project,codebuild,codebuild,vpcConfig.securityGroupIds[],list_scalar,ec2.security_group,security-group,protected-by,c7n,high,curated,list_projects,aws.codebuild.filters.security-group,,yes,absent,0,0,,0,0,0,no source resources of this type were collected,2026-08-16T15:50:20+00:00
codebuild.project,codebuild,codebuild,vpcConfig.subnets[],list_scalar,ec2.subnet,subnet,contained-in,c7n,high,curated,list_projects,aws.codebuild.filters.subnet,,yes,absent,0,0,,0,0,0,no source resources of this type were collected,2026-08-16T15:50:20+00:00
codebuild.project,codebuild,codebuild,VpcConfig.VpcId,dotted,ec2.vpc,vpc,contained-in,asff,medium,curated,list_projects,securityhub.GetFindings: 'VPC',,yes,absent,0,0,,0,0,0,no source resources of this type were collected,2026-08-16T15:50:20+00:00
codebuild.project,codebuild,codebuild,projects[].vpcConfig.vpcId,list_dict,ec2.vpc,vpc,contained-in,doc,medium,leaf-hint,batch_get_projects,codebuild.BatchGetProjects,,yes,absent,0,0,,0,0,0,no source resources of this type were collected,2026-08-16T15:50:20+00:00
codebuild.project,codebuild,codebuild,vpcConfig.vpcId,dotted,ec2.vpc,vpc,contained-in,c7n,high,curated,list_projects,aws.codebuild.filters.vpc,,yes,absent,0,0,,0,0,0,no source resources of this type were collected,2026-08-16T15:50:20+00:00
codebuild.report_group,,codebuild,reports[].executionId,list_dict,gamelift.build,gamelift-build,references,doc,medium,global-exact,batch_get_reports,codebuild.BatchGetReports,,yes,absent,0,0,,0,0,0,no source resources of this type were collected,2026-08-16T15:50:20+00:00
codecatalyst.dev_environment,,codecatalyst,projectName,scalar,codecatalyst.project,,references,doc,medium,service-exact,get_dev_environment,codecatalyst.GetDevEnvironment,,yes,absent,0,0,,0,0,0,no source resources of this type were collected,2026-08-16T15:50:20+00:00
codecatalyst.dev_environment,,codecatalyst,repositories[].repositoryName,list_dict,codecatalyst.source_repository,,references,doc,medium,service-exact,list_dev_environments,codecatalyst.ListDevEnvironments,,yes,absent,0,0,,0,0,0,no source resources of this type were collected,2026-08-16T15:50:20+00:00
codecatalyst.dev_environment,,codecatalyst,repositoryName,scalar,codecatalyst.source_repository,,references,doc,medium,service-exact,get_dev_environment,codecatalyst.GetDevEnvironment,,yes,absent,0,0,,0,0,0,no source resources of this type were collected,2026-08-16T15:50:20+00:00
codecatalyst.dev_environment,,codecatalyst,spaceName,scalar,codecatalyst.space,,references,doc,medium,service-exact,get_dev_environment,codecatalyst.GetDevEnvironment,,yes,absent,0,0,,0,0,0,no source resources of this type were collected,2026-08-16T15:50:20+00:00
codecatalyst.dev_environment_session,,codecatalyst,devEnvironmentId,scalar,codecatalyst.dev_environment,,references,doc,medium,service-exact,list_dev_environment_sessions,codecatalyst.ListDevEnvironmentSessions,,yes,absent,0,0,,0,0,0,no source resources of this type were collected,2026-08-16T15:50:20+00:00
codecatalyst.dev_environment_session,,codecatalyst,projectName,scalar,codecatalyst.project,,references,doc,medium,service-exact,list_dev_environment_sessions,codecatalyst.ListDevEnvironmentSessions,,yes,absent,0,0,,0,0,0,no source resources of this type were collected,2026-08-16T15:50:20+00:00
codecatalyst.dev_environment_session,,codecatalyst,spaceName,scalar,codecatalyst.space,,references,doc,medium,service-exact,list_dev_environment_sessions,codecatalyst.ListDevEnvironmentSessions,,yes,absent,0,0,,0,0,0,no source resources of this type were collected,2026-08-16T15:50:20+00:00
codecatalyst.event_log,,codecatalyst,projectInformation.projectId,dotted,codecatalyst.project,,references,doc,medium,service-exact,list_event_logs,codecatalyst.ListEventLogs,,yes,absent,0,0,,0,0,0,no source resources of this type were collected,2026-08-16T15:50:20+00:00
codecatalyst.project,,codecatalyst,spaceName,scalar,codecatalyst.space,,references,doc,medium,service-exact,get_project,codecatalyst.GetProject,,yes,absent,0,0,,0,0,0,no source resources of this type were collected,2026-08-16T15:50:20+00:00
codecatalyst.source_repository,,codecatalyst,projectName,scalar,codecatalyst.project,,references,doc,medium,service-exact,get_source_repository,codecatalyst.GetSourceRepository,,yes,absent,0,0,,0,0,0,no source resources of this type were collected,2026-08-16T15:50:20+00:00
codecatalyst.source_repository,,codecatalyst,spaceName,scalar,codecatalyst.space,,references,doc,medium,service-exact,get_source_repository,codecatalyst.GetSourceRepository,,yes,absent,0,0,,0,0,0,no source resources of this type were collected,2026-08-16T15:50:20+00:00
codecatalyst.workflow,,codecatalyst,projectName,scalar,codecatalyst.project,,references,doc,medium,service-exact,get_workflow,codecatalyst.GetWorkflow,,yes,absent,0,0,,0,0,0,no source resources of this type were collected,2026-08-16T15:50:20+00:00
codecatalyst.workflow,,codecatalyst,spaceName,scalar,codecatalyst.space,,references,doc,medium,service-exact,get_workflow,codecatalyst.GetWorkflow,,yes,absent,0,0,,0,0,0,no source resources of this type were collected,2026-08-16T15:50:20+00:00
codecatalyst.workflow_run,,codecatalyst,projectName,scalar,codecatalyst.project,,references,doc,medium,service-exact,get_workflow_run,codecatalyst.GetWorkflowRun,,yes,absent,0,0,,0,0,0,no source resources of this type were collected,2026-08-16T15:50:20+00:00
codecatalyst.workflow_run,,codecatalyst,spaceName,scalar,codecatalyst.space,,references,doc,medium,service-exact,get_workflow_run,codecatalyst.GetWorkflowRun,,yes,absent,0,0,,0,0,0,no source resources of this type were collected,2026-08-16T15:50:20+00:00
codecatalyst.workflow_run,,codecatalyst,workflowId,scalar,codecatalyst.workflow,,references,doc,medium,service-exact,get_workflow_run,codecatalyst.GetWorkflowRun,,yes,absent,0,0,,0,0,0,no source resources of this type were collected,2026-08-16T15:50:20+00:00
codecatalyst.workflow_run,,codecatalyst,workflowName,scalar,codecatalyst.workflow,,references,doc,medium,service-exact,list_workflow_runs,codecatalyst.ListWorkflowRuns,,yes,absent,0,0,,0,0,0,no source resources of this type were collected,2026-08-16T15:50:20+00:00
codecommit.comments_for_compared_commit,,codecommit,repositoryName,scalar,codecommit.repository,codecommit,references,doc,medium,service-exact,get_comments_for_compared_commit,codecommit.GetCommentsForComparedCommit,,yes,absent,0,0,,0,0,0,no source resources of this type were collected,2026-08-16T15:50:20+00:00
codecommit.comments_for_pull_request,,codecommit,repositoryName,scalar,codecommit.repository,codecommit,references,doc,medium,service-exact,get_comments_for_pull_request,codecommit.GetCommentsForPullRequest,,yes,absent,0,0,,0,0,0,no source resources of this type were collected,2026-08-16T15:50:20+00:00
codecommit.difference,,codecommit,afterBlob.blobId,dotted,codecommit.blob,,references,doc,medium,service-exact,get_differences,codecommit.GetDifferences,,no,absent,0,0,,0,0,0,no source resources of this type were collected,2026-08-16T15:50:20+00:00
codecommit.difference,,codecommit,beforeBlob.blobId,dotted,codecommit.blob,,references,doc,medium,service-exact,get_differences,codecommit.GetDifferences,,no,absent,0,0,,0,0,0,no source resources of this type were collected,2026-08-16T15:50:20+00:00
codecommit.file_commit_history,,codecommit,commit.commitId,dotted,codecommit.commit,,references,doc,medium,service-partial,list_file_commit_history,codecommit.ListFileCommitHistory,,yes,absent,0,0,,0,0,0,no source resources of this type were collected,2026-08-16T15:50:20+00:00
codecommit.pull_request,,codecommit,pullRequest.approvalRules[].approvalRuleId,list_dict,codecommit.approval_rule_template,,references,doc,medium,service-partial,get_pull_request,codecommit.GetPullRequest,,yes,absent,0,0,,0,0,0,no source resources of this type were collected,2026-08-16T15:50:20+00:00
codecommit.pull_request,,codecommit,pullRequest.approvalRules[].approvalRuleName,list_dict,codecommit.approval_rule_template,,references,doc,medium,service-partial,get_pull_request,codecommit.GetPullRequest,,yes,absent,0,0,,0,0,0,no source resources of this type were collected,2026-08-16T15:50:20+00:00
codecommit.pull_request,,codecommit,pullRequest.pullRequestTargets[].mergeMetadata.mergeCommitId,list_dict,codecommit.merge_commit,,references,doc,medium,service-exact,get_pull_request,codecommit.GetPullRequest,,no,absent,0,0,,0,0,0,no source resources of this type were collected,2026-08-16T15:50:20+00:00
codecommit.pull_request_event,,codecommit,approvalRuleEventMetadata.approvalRuleId,dotted,codecommit.approval_rule_template,,references,doc,medium,service-partial,describe_pull_request_events,codecommit.DescribePullRequestEvents,,yes,absent,0,0,,0,0,0,no source resources of this type were collected,2026-08-16T15:50:20+00:00
codecommit.pull_request_event,,codecommit,approvalRuleEventMetadata.approvalRuleName,dotted,codecommit.approval_rule_template,,references,doc,medium,service-partial,describe_pull_request_events,codecommit.DescribePullRequestEvents,,yes,absent,0,0,,0,0,0,no source resources of this type were collected,2026-08-16T15:50:20+00:00
codecommit.pull_request_event,,codecommit,pullRequestMergedStateChangedEventMetadata.mergeMetadata.mergeCommitId,dotted,codecommit.merge_commit,,references,doc,medium,service-exact,describe_pull_request_events,codecommit.DescribePullRequestEvents,,no,absent,0,0,,0,0,0,no source resources of this type were collected,2026-08-16T15:50:20+00:00
codecommit.pull_request_event,,codecommit,approvalRuleOverriddenEventMetadata.revisionId,dotted,codecommit.pull_request,,references,doc,medium,service-partial,describe_pull_request_events,codecommit.DescribePullRequestEvents,,yes,absent,0,0,,0,0,0,no source resources of this type were collected,2026-08-16T15:50:20+00:00
codecommit.pull_request_event,,codecommit,approvalStateChangedEventMetadata.revisionId,dotted,codecommit.pull_request,,references,doc,medium,service-partial,describe_pull_request_events,codecommit.DescribePullRequestEvents,,yes,absent,0,0,,0,0,0,no source resources of this type were collected,2026-08-16T15:50:20+00:00
codecommit.pull_request_event,,codecommit,pullRequestCreatedEventMetadata.repositoryName,dotted,codecommit.repository,codecommit,references,doc,medium,service-exact,describe_pull_request_events,codecommit.DescribePullRequestEvents,,yes,absent,0,0,,0,0,0,no source resources of this type were collected,2026-08-16T15:50:20+00:00
codecommit.pull_request_event,,codecommit,pullRequestMergedStateChangedEventMetadata.repositoryName,dotted,codecommit.repository,codecommit,references,doc,medium,service-exact,describe_pull_request_events,codecommit.DescribePullRequestEvents,,yes,absent,0,0,,0,0,0,no source resources of this type were collected,2026-08-16T15:50:20+00:00
codecommit.pull_request_event,,codecommit,pullRequestSourceReferenceUpdatedEventMetadata.repositoryName,dotted,codecommit.repository,codecommit,references,doc,medium,service-exact,describe_pull_request_events,codecommit.DescribePullRequestEvents,,yes,absent,0,0,,0,0,0,no source resources of this type were collected,2026-08-16T15:50:20+00:00
codedeploy.application_revision,,codedeploy,applicationName,scalar,codedeploy.application,codedeploy-app,references,doc,medium,service-exact,batch_get_application_revisions,codedeploy.BatchGetApplicationRevisions,,yes,absent,0,0,,0,0,0,no source resources of this type were collected,2026-08-16T15:50:20+00:00
codedeploy.deployment_group,codedeploy-group,codedeploy,applicationName,scalar,codedeploy.application,codedeploy-app,contained-in,parent_spec,high,declared,,c7n parent_spec of codedeploy-group,,yes,absent,0,0,,0,0,0,no source resources of this type were collected,2026-08-16T15:50:20+00:00
codedeploy.deployment_instance,,codedeploy,instanceSummary.lifecycleEvents[].diagnostics.scriptName,list_dict,gamelift.script,,references,doc,medium,global-exact,get_deployment_instance,codedeploy.GetDeploymentInstance,,yes,absent,0,0,,0,0,0,no source resources of this type were collected,2026-08-16T15:50:20+00:00
codedeploy.deployment_instance,,codedeploy,lifecycleEvents[].diagnostics.scriptName,list_dict,gamelift.script,,references,doc,medium,global-exact,batch_get_deployment_instances,codedeploy.BatchGetDeploymentInstances,,yes,absent,0,0,,0,0,0,no source resources of this type were collected,2026-08-16T15:50:20+00:00
codedeploy.deployment_target,,codedeploy,cloudFormationTarget.lifecycleEvents[].diagnostics.scriptName,list_dict,gamelift.script,,references,doc,medium,global-exact,batch_get_deployment_targets,codedeploy.BatchGetDeploymentTargets,,yes,absent,0,0,,0,0,0,no source resources of this type were collected,2026-08-16T15:50:20+00:00
codedeploy.deployment_target,,codedeploy,deploymentTarget.cloudFormationTarget.lifecycleEvents[].diagnostics.scriptName,list_dict,gamelift.script,,references,doc,medium,global-exact,get_deployment_target,codedeploy.GetDeploymentTarget,,yes,absent,0,0,,0,0,0,no source resources of this type were collected,2026-08-16T15:50:20+00:00
codedeploy.deployment_target,,codedeploy,deploymentTarget.ecsTarget.lifecycleEvents[].diagnostics.scriptName,list_dict,gamelift.script,,references,doc,medium,global-exact,get_deployment_target,codedeploy.GetDeploymentTarget,,yes,absent,0,0,,0,0,0,no source resources of this type were collected,2026-08-16T15:50:20+00:00
codedeploy.deployment_target,,codedeploy,deploymentTarget.instanceTarget.lifecycleEvents[].diagnostics.scriptName,list_dict,gamelift.script,,references,doc,medium,global-exact,get_deployment_target,codedeploy.GetDeploymentTarget,,yes,absent,0,0,,0,0,0,no source resources of this type were collected,2026-08-16T15:50:20+00:00
codedeploy.deployment_target,,codedeploy,deploymentTarget.lambdaTarget.lifecycleEvents[].diagnostics.scriptName,list_dict,gamelift.script,,references,doc,medium,global-exact,get_deployment_target,codedeploy.GetDeploymentTarget,,yes,absent,0,0,,0,0,0,no source resources of this type were collected,2026-08-16T15:50:20+00:00
codedeploy.deployment_target,,codedeploy,ecsTarget.lifecycleEvents[].diagnostics.scriptName,list_dict,gamelift.script,,references,doc,medium,global-exact,batch_get_deployment_targets,codedeploy.BatchGetDeploymentTargets,,yes,absent,0,0,,0,0,0,no source resources of this type were collected,2026-08-16T15:50:20+00:00
codedeploy.deployment_target,,codedeploy,instanceTarget.lifecycleEvents[].diagnostics.scriptName,list_dict,gamelift.script,,references,doc,medium,global-exact,batch_get_deployment_targets,codedeploy.BatchGetDeploymentTargets,,yes,absent,0,0,,0,0,0,no source resources of this type were collected,2026-08-16T15:50:20+00:00
codedeploy.deployment_target,,codedeploy,lambdaTarget.lifecycleEvents[].diagnostics.scriptName,list_dict,gamelift.script,,references,doc,medium,global-exact,batch_get_deployment_targets,codedeploy.BatchGetDeploymentTargets,,yes,absent,0,0,,0,0,0,no source resources of this type were collected,2026-08-16T15:50:20+00:00
codeguru-reviewer.code_review,,codeguru-reviewer,CodeReview.RepositoryName,dotted,codeguru-reviewer.repository_association,,references,doc,medium,service-partial,describe_code_review,codeguru-reviewer.DescribeCodeReview,,yes,absent,0,0,,0,0,0,no source resources of this type were collected,2026-08-16T15:50:20+00:00
codeguru-reviewer.code_review,,codeguru-reviewer,RepositoryName,scalar,codeguru-reviewer.repository_association,,references,doc,medium,service-partial,list_code_reviews,codeguru-reviewer.ListCodeReviews,,yes,absent,0,0,,0,0,0,no source resources of this type were collected,2026-08-16T15:50:20+00:00
codeguru-security.finding,,codeguru-security,failedFindings[].scanName,list_dict,codeguru-security.scan,,references,doc,medium,service-exact,batch_get_findings,codeguru-security.BatchGetFindings,,yes,absent,0,0,,0,0,0,no source resources of this type were collected,2026-08-16T15:50:20+00:00
codeguru-security.metrics_summary,,codeguru-security,metricsSummary.categoriesWithMostFindings[].categoryName,list_dict,codeguru-security.finding,,references,doc,medium,service-exact,get_metrics_summary,codeguru-security.GetMetricsSummary,,yes,absent,0,0,,0,0,0,no source resources of this type were collected,2026-08-16T15:50:20+00:00
codeguru-security.metrics_summary,,codeguru-security,metricsSummary.scansWithMostOpenCriticalFindings[].scanName,list_dict,codeguru-security.scan,,references,doc,medium,service-exact,get_metrics_summary,codeguru-security.GetMetricsSummary,,yes,absent,0,0,,0,0,0,no source resources of this type were collected,2026-08-16T15:50:20+00:00
codeguru-security.metrics_summary,,codeguru-security,metricsSummary.scansWithMostOpenFindings[].scanName,list_dict,codeguru-security.scan,,references,doc,medium,service-exact,get_metrics_summary,codeguru-security.GetMetricsSummary,,yes,absent,0,0,,0,0,0,no source resources of this type were collected,2026-08-16T15:50:20+00:00
codeguruprofiler.recommendation,,codeguruprofiler,profilingGroupName,scalar,codeguruprofiler.profiling_group,,references,doc,medium,service-partial,get_recommendations,codeguruprofiler.GetRecommendations,,yes,absent,0,0,,0,0,0,no source resources of this type were collected,2026-08-16T15:50:20+00:00
codepipeline.job_detail,,codepipeline,jobDetails.data.pipelineContext.pipelineExecutionId,dotted,codepipeline.pipeline,codepipeline,references,doc,medium,service-exact,get_job_details,codepipeline.GetJobDetails,,yes,absent,0,0,,0,0,0,no source resources of this type were collected,2026-08-16T15:50:20+00:00
codepipeline.job_detail,,codepipeline,jobDetails.data.pipelineContext.pipelineName,dotted,codepipeline.pipeline,codepipeline,references,doc,medium,service-exact,get_job_details,codepipeline.GetJobDetails,,yes,absent,0,0,,0,0,0,no source resources of this type were collected,2026-08-16T15:50:20+00:00
codepipeline.job_detail,,codepipeline,jobDetails.data.inputArtifacts[].location.s3Location.bucketName,list_dict,s3.bucket,s3,references,doc,medium,well-known,get_job_details,codepipeline.GetJobDetails,,yes,absent,0,0,,0,0,0,no source resources of this type were collected,2026-08-16T15:50:20+00:00
codepipeline.job_detail,,codepipeline,jobDetails.data.outputArtifacts[].location.s3Location.bucketName,list_dict,s3.bucket,s3,references,doc,medium,well-known,get_job_details,codepipeline.GetJobDetails,,yes,absent,0,0,,0,0,0,no source resources of this type were collected,2026-08-16T15:50:20+00:00
codepipeline.pipeline_state,,codepipeline,inboundExecution.pipelineExecutionId,dotted,codepipeline.pipeline,codepipeline,references,doc,medium,service-exact,get_pipeline_state,codepipeline.GetPipelineState,,yes,absent,0,0,,0,0,0,no source resources of this type were collected,2026-08-16T15:50:20+00:00
codepipeline.pipeline_state,,codepipeline,inboundExecutions[].pipelineExecutionId,list_dict,codepipeline.pipeline,codepipeline,references,doc,medium,service-exact,get_pipeline_state,codepipeline.GetPipelineState,,yes,absent,0,0,,0,0,0,no source resources of this type were collected,2026-08-16T15:50:20+00:00
codepipeline.pipeline_state,,codepipeline,latestExecution.pipelineExecutionId,dotted,codepipeline.pipeline,codepipeline,references,doc,medium,service-exact,get_pipeline_state,codepipeline.GetPipelineState,,yes,absent,0,0,,0,0,0,no source resources of this type were collected,2026-08-16T15:50:20+00:00
codepipeline.pipeline_state,,codepipeline,pipelineName,scalar,codepipeline.pipeline,codepipeline,references,doc,medium,service-exact,get_pipeline_state,codepipeline.GetPipelineState,,yes,absent,0,0,,0,0,0,no source resources of this type were collected,2026-08-16T15:50:20+00:00
codepipeline.third_party_job_detail,,codepipeline,jobDetails.data.pipelineContext.pipelineExecutionId,dotted,codepipeline.pipeline,codepipeline,references,doc,medium,service-exact,get_third_party_job_details,codepipeline.GetThirdPartyJobDetails,,yes,absent,0,0,,0,0,0,no source resources of this type were collected,2026-08-16T15:50:20+00:00
codepipeline.third_party_job_detail,,codepipeline,jobDetails.data.pipelineContext.pipelineName,dotted,codepipeline.pipeline,codepipeline,references,doc,medium,service-exact,get_third_party_job_details,codepipeline.GetThirdPartyJobDetails,,yes,absent,0,0,,0,0,0,no source resources of this type were collected,2026-08-16T15:50:20+00:00
codepipeline.third_party_job_detail,,codepipeline,jobDetails.data.inputArtifacts[].location.s3Location.bucketName,list_dict,s3.bucket,s3,references,doc,medium,well-known,get_third_party_job_details,codepipeline.GetThirdPartyJobDetails,,yes,absent,0,0,,0,0,0,no source resources of this type were collected,2026-08-16T15:50:20+00:00
codepipeline.third_party_job_detail,,codepipeline,jobDetails.data.outputArtifacts[].location.s3Location.bucketName,list_dict,s3.bucket,s3,references,doc,medium,well-known,get_third_party_job_details,codepipeline.GetThirdPartyJobDetails,,yes,absent,0,0,,0,0,0,no source resources of this type were collected,2026-08-16T15:50:20+00:00
codestar-connections.host,,codestar-connections,VpcConfiguration.VpcId,dotted,ec2.vpc,vpc,contained-in,doc,medium,leaf-hint,get_host,codestar-connections.GetHost,,yes,absent,0,0,,0,0,0,no source resources of this type were collected,2026-08-16T15:50:20+00:00
codestar-notifications.notification_rule,,codestar-notifications,EventTypeId,scalar,codestar-notifications.event_type,,references,doc,medium,service-partial,describe_notification_rule,codestar-notifications.DescribeNotificationRule,,no,absent,0,0,,0,0,0,no source resources of this type were collected,2026-08-16T15:50:20+00:00
codestar-notifications.notification_rule,,codestar-notifications,EventTypeName,scalar,codestar-notifications.event_type,,references,doc,medium,service-partial,describe_notification_rule,codestar-notifications.DescribeNotificationRule,,no,absent,0,0,,0,0,0,no source resources of this type were collected,2026-08-16T15:50:20+00:00
cognito-identity.identity_pool,identity-pool,cognito-identity,CognitoIdentityProviders[].ClientId,list_dict,cognito-identity.user_pool,user-pool,references,doc,medium,service-partial,describe_identity_pool,cognito-identity.DescribeIdentityPool,,yes,absent,0,0,,0,0,0,no source resources of this type were collected,2026-08-16T15:50:20+00:00
cognito-idp.device,,cognito-idp,Device.DeviceAttributes[].Name,list_dict,cognito-idp.user_attribute_verification_code,,references,doc,medium,service-partial,get_device,cognito-idp.GetDevice,,no,absent,0,0,,0,0,0,no source resources of this type were collected,2026-08-16T15:50:20+00:00
cognito-idp.device,,cognito-idp,DeviceAttributes[].Name,list_dict,cognito-idp.user_attribute_verification_code,,references,doc,medium,service-partial,list_devices,cognito-idp.ListDevices,,no,absent,0,0,,0,0,0,no source resources of this type were collected,2026-08-16T15:50:20+00:00
cognito-idp.group,,cognito-idp,Group.UserPoolId,dotted,cognito-idp.user_pool,,references,doc,medium,service-exact,get_group,cognito-idp.GetGroup,,yes,absent,0,0,,0,0,0,no source resources of this type were collected,2026-08-16T15:50:20+00:00
cognito-idp.group,,cognito-idp,UserPoolId,scalar,cognito-idp.user_pool,,references,doc,medium,service-exact,list_groups,cognito-idp.ListGroups,,yes,absent,0,0,,0,0,0,no source resources of this type were collected,2026-08-16T15:50:20+00:00
cognito-idp.resource_server,,cognito-idp,ResourceServer.UserPoolId,dotted,cognito-idp.user,,references,doc,medium,service-exact,describe_resource_server,cognito-idp.DescribeResourceServer,,yes,absent,0,0,,0,0,0,no source resources of this type were collected,2026-08-16T15:50:20+00:00
cognito-idp.resource_server,,cognito-idp,UserPoolId,scalar,cognito-idp.user,,references,doc,medium,service-exact,list_resource_servers,cognito-idp.ListResourceServers,,yes,absent,0,0,,0,0,0,no source resources of this type were collected,2026-08-16T15:50:20+00:00
cognito-idp.resource_server,,cognito-idp,ResourceServer.Scopes[].ScopeName,list_dict,networkflowmonitor.scope,,references,doc,medium,global-exact,describe_resource_server,cognito-idp.DescribeResourceServer,,yes,absent,0,0,,0,0,0,no source resources of this type were collected,2026-08-16T15:50:20+00:00
cognito-idp.resource_server,,cognito-idp,Scopes[].ScopeName,list_dict,networkflowmonitor.scope,,references,doc,medium,global-exact,list_resource_servers,cognito-idp.ListResourceServers,,yes,absent,0,0,,0,0,0,no source resources of this type were collected,2026-08-16T15:50:20+00:00
cognito-idp.ui_customization,,cognito-idp,UICustomization.UserPoolId,dotted,cognito-idp.user_pool,,references,doc,medium,service-exact,get_ui_customization,cognito-idp.GetUICustomization,,yes,absent,0,0,,0,0,0,no source resources of this type were collected,2026-08-16T15:50:20+00:00
cognito-idp.user,,cognito-idp,Attributes[].Name,list_dict,cognito-idp.user_attribute_verification_code,,references,doc,medium,service-partial,list_users,cognito-idp.ListUsers,,no,absent,0,0,,0,0,0,no source resources of this type were collected,2026-08-16T15:50:20+00:00
cognito-idp.user,,cognito-idp,Name,scalar,cognito-idp.user_attribute_verification_code,,references,doc,medium,service-partial,get_user,cognito-idp.GetUser,,no,absent,0,0,,0,0,0,no source resources of this type were collected,2026-08-16T15:50:20+00:00
cognito-idp.users_in_group,,cognito-idp,Attributes[].Name,list_dict,cognito-idp.user_attribute_verification_code,,references,doc,medium,service-partial,list_users_in_group,cognito-idp.ListUsersInGroup,,no,absent,0,0,,0,0,0,no source resources of this type were collected,2026-08-16T15:50:20+00:00
comprehend.document_classification_job,,comprehend,DocumentClassificationJobProperties.OutputDataConfig.KmsKeyId,dotted,kms.key,kms-key,encrypted-by,doc,medium,leaf-hint,describe_document_classification_job,comprehend.DescribeDocumentClassificationJob,,yes,absent,0,0,,0,0,0,no source resources of this type were collected,2026-08-16T15:50:20+00:00
comprehend.document_classification_job,,comprehend,OutputDataConfig.KmsKeyId,dotted,kms.key,kms-key,encrypted-by,doc,medium,leaf-hint,list_document_classification_jobs,comprehend.ListDocumentClassificationJobs,,yes,absent,0,0,,0,0,0,no source resources of this type were collected,2026-08-16T15:50:20+00:00
comprehend.document_classifier,,comprehend,DocumentClassifierProperties.OutputDataConfig.KmsKeyId,dotted,kms.key,kms-key,encrypted-by,doc,medium,leaf-hint,describe_document_classifier,comprehend.DescribeDocumentClassifier,,yes,absent,0,0,,0,0,0,no source resources of this type were collected,2026-08-16T15:50:20+00:00
comprehend.document_classifier,,comprehend,OutputDataConfig.KmsKeyId,dotted,kms.key,kms-key,encrypted-by,doc,medium,leaf-hint,list_document_classifiers,comprehend.ListDocumentClassifiers,,yes,absent,0,0,,0,0,0,no source resources of this type were collected,2026-08-16T15:50:20+00:00
comprehend.dominant_language_detection_job,,comprehend,DominantLanguageDetectionJobProperties.OutputDataConfig.KmsKeyId,dotted,kms.key,kms-key,encrypted-by,doc,medium,leaf-hint,describe_dominant_language_detection_job,comprehend.DescribeDominantLanguageDetectionJob,,yes,absent,0,0,,0,0,0,no source resources of this type were collected,2026-08-16T15:50:20+00:00
comprehend.dominant_language_detection_job,,comprehend,OutputDataConfig.KmsKeyId,dotted,kms.key,kms-key,encrypted-by,doc,medium,leaf-hint,list_dominant_language_detection_jobs,comprehend.ListDominantLanguageDetectionJobs,,yes,absent,0,0,,0,0,0,no source resources of this type were collected,2026-08-16T15:50:20+00:00
comprehend.entities_detection_job,,comprehend,EntitiesDetectionJobProperties.OutputDataConfig.KmsKeyId,dotted,kms.key,kms-key,encrypted-by,doc,medium,leaf-hint,describe_entities_detection_job,comprehend.DescribeEntitiesDetectionJob,,yes,absent,0,0,,0,0,0,no source resources of this type were collected,2026-08-16T15:50:20+00:00
comprehend.entities_detection_job,,comprehend,OutputDataConfig.KmsKeyId,dotted,kms.key,kms-key,encrypted-by,doc,medium,leaf-hint,list_entities_detection_jobs,comprehend.ListEntitiesDetectionJobs,,yes,absent,0,0,,0,0,0,no source resources of this type were collected,2026-08-16T15:50:20+00:00
comprehend.events_detection_job,,comprehend,EventsDetectionJobProperties.OutputDataConfig.KmsKeyId,dotted,kms.key,kms-key,encrypted-by,doc,medium,leaf-hint,describe_events_detection_job,comprehend.DescribeEventsDetectionJob,,yes,absent,0,0,,0,0,0,no source resources of this type were collected,2026-08-16T15:50:20+00:00
comprehend.events_detection_job,,comprehend,OutputDataConfig.KmsKeyId,dotted,kms.key,kms-key,encrypted-by,doc,medium,leaf-hint,list_events_detection_jobs,comprehend.ListEventsDetectionJobs,,yes,absent,0,0,,0,0,0,no source resources of this type were collected,2026-08-16T15:50:20+00:00
comprehend.key_phrases_detection_job,,comprehend,KeyPhrasesDetectionJobProperties.OutputDataConfig.KmsKeyId,dotted,kms.key,kms-key,encrypted-by,doc,medium,leaf-hint,describe_key_phrases_detection_job,comprehend.DescribeKeyPhrasesDetectionJob,,yes,absent,0,0,,0,0,0,no source resources of this type were collected,2026-08-16T15:50:20+00:00
comprehend.key_phrases_detection_job,,comprehend,OutputDataConfig.KmsKeyId,dotted,kms.key,kms-key,encrypted-by,doc,medium,leaf-hint,list_key_phrases_detection_jobs,comprehend.ListKeyPhrasesDetectionJobs,,yes,absent,0,0,,0,0,0,no source resources of this type were collected,2026-08-16T15:50:20+00:00
comprehend.pii_entities_detection_job,,comprehend,OutputDataConfig.KmsKeyId,dotted,kms.key,kms-key,encrypted-by,doc,medium,leaf-hint,list_pii_entities_detection_jobs,comprehend.ListPiiEntitiesDetectionJobs,,yes,absent,0,0,,0,0,0,no source resources of this type were collected,2026-08-16T15:50:20+00:00
comprehend.pii_entities_detection_job,,comprehend,PiiEntitiesDetectionJobProperties.OutputDataConfig.KmsKeyId,dotted,kms.key,kms-key,encrypted-by,doc,medium,leaf-hint,describe_pii_entities_detection_job,comprehend.DescribePiiEntitiesDetectionJob,,yes,absent,0,0,,0,0,0,no source resources of this type were collected,2026-08-16T15:50:20+00:00
comprehend.sentiment_detection_job,,comprehend,OutputDataConfig.KmsKeyId,dotted,kms.key,kms-key,encrypted-by,doc,medium,leaf-hint,list_sentiment_detection_jobs,comprehend.ListSentimentDetectionJobs,,yes,absent,0,0,,0,0,0,no source resources of this type were collected,2026-08-16T15:50:20+00:00
comprehend.sentiment_detection_job,,comprehend,SentimentDetectionJobProperties.OutputDataConfig.KmsKeyId,dotted,kms.key,kms-key,encrypted-by,doc,medium,leaf-hint,describe_sentiment_detection_job,comprehend.DescribeSentimentDetectionJob,,yes,absent,0,0,,0,0,0,no source resources of this type were collected,2026-08-16T15:50:20+00:00
comprehend.targeted_sentiment_detection_job,,comprehend,OutputDataConfig.KmsKeyId,dotted,kms.key,kms-key,encrypted-by,doc,medium,leaf-hint,list_targeted_sentiment_detection_jobs,comprehend.ListTargetedSentimentDetectionJobs,,yes,absent,0,0,,0,0,0,no source resources of this type were collected,2026-08-16T15:50:20+00:00
comprehend.targeted_sentiment_detection_job,,comprehend,TargetedSentimentDetectionJobProperties.OutputDataConfig.KmsKeyId,dotted,kms.key,kms-key,encrypted-by,doc,medium,leaf-hint,describe_targeted_sentiment_detection_job,comprehend.DescribeTargetedSentimentDetectionJob,,yes,absent,0,0,,0,0,0,no source resources of this type were collected,2026-08-16T15:50:20+00:00
comprehend.topics_detection_job,,comprehend,OutputDataConfig.KmsKeyId,dotted,kms.key,kms-key,encrypted-by,doc,medium,leaf-hint,list_topics_detection_jobs,comprehend.ListTopicsDetectionJobs,,yes,absent,0,0,,0,0,0,no source resources of this type were collected,2026-08-16T15:50:20+00:00
comprehend.topics_detection_job,,comprehend,TopicsDetectionJobProperties.OutputDataConfig.KmsKeyId,dotted,kms.key,kms-key,encrypted-by,doc,medium,leaf-hint,describe_topics_detection_job,comprehend.DescribeTopicsDetectionJob,,yes,absent,0,0,,0,0,0,no source resources of this type were collected,2026-08-16T15:50:20+00:00
config.config_rule_evaluation_status,,config,ConfigRuleId,scalar,config.config_rule,config-rule,references,doc,medium,service-exact,describe_config_rule_evaluation_status,config.DescribeConfigRuleEvaluationStatus,,yes,absent,0,0,,0,0,0,no source resources of this type were collected,2026-08-16T15:50:20+00:00
config.config_rule_evaluation_status,,config,ConfigRuleName,scalar,config.config_rule,config-rule,references,doc,medium,service-exact,describe_config_rule_evaluation_status,config.DescribeConfigRuleEvaluationStatus,,yes,absent,0,0,,0,0,0,no source resources of this type were collected,2026-08-16T15:50:20+00:00
config.conformance_pack,,config,ConfigRuleName,scalar,config.config_rule,config-rule,references,doc,medium,service-exact,describe_conformance_pack_compliance,config.DescribeConformancePackCompliance,,yes,absent,0,0,,0,0,0,no source resources of this type were collected,2026-08-16T15:50:20+00:00
config.conformance_pack,,config,EvaluationResultIdentifier.EvaluationResultQualifier.ConfigRuleName,dotted,config.config_rule,config-rule,references,doc,medium,service-partial,get_conformance_pack_compliance_details,config.GetConformancePackComplianceDetails,,yes,absent,0,0,,0,0,0,no source resources of this type were collected,2026-08-16T15:50:20+00:00
config.conformance_pack_status,,config,ConformancePackId,scalar,config.conformance_pack,,references,doc,medium,service-exact,describe_conformance_pack_status,config.DescribeConformancePackStatus,,yes,absent,0,0,,0,0,0,no source resources of this type were collected,2026-08-16T15:50:20+00:00
config.conformance_pack_status,,config,ConformancePackName,scalar,config.conformance_pack,,references,doc,medium,service-exact,describe_conformance_pack_status,config.DescribeConformancePackStatus,,yes,absent,0,0,,0,0,0,no source resources of this type were collected,2026-08-16T15:50:20+00:00
config.remediation_configuration,,config,ConfigRuleName,scalar,config.config_rule,config-rule,references,doc,medium,service-exact,describe_remediation_configurations,config.DescribeRemediationConfigurations,,yes,absent,0,0,,0,0,0,no source resources of this type were collected,2026-08-16T15:50:20+00:00
connect-contact-lens.realtime_contact_analysis_segment,,connect-contact-lens,Transcript.Id,dotted,connectparticipant.transcript,,references,doc,medium,global-exact,list_realtime_contact_analysis_segments,connect-contact-lens.ListRealtimeContactAnalysisSegments,,yes,absent,0,0,,0,0,0,no source resources of this type were collected,2026-08-16T15:50:20+00:00
connect-contact-lens.realtime_contact_analysis_segment,,connect-contact-lens,Transcript.ParticipantId,dotted,ivs-realtime.participant,,references,doc,medium,global-exact,list_realtime_contact_analysis_segments,connect-contact-lens.ListRealtimeContactAnalysisSegments,,yes,absent,0,0,,0,0,0,no source resources of this type were collected,2026-08-16T15:50:20+00:00
connect.analytics_data_association,,connect,DataSetId,scalar,connect.analytics_data_lake_data_set,,references,doc,medium,service-partial,list_analytics_data_associations,connect.ListAnalyticsDataAssociations,,no,absent,0,0,,0,0,0,no source resources of this type were collected,2026-08-16T15:50:20+00:00
connect.contact,,connect,Contact.QueueInfo.Id,dotted,connect.queue,,references,doc,medium,service-exact,describe_contact,connect.DescribeContact,,yes,absent,0,0,,0,0,0,no source resources of this type were collected,2026-08-16T15:50:20+00:00
connect.contact_evaluation,,connect,Evaluation.Metadata.ContactAgentId,dotted,connect.contact,,references,doc,medium,service-partial,describe_contact_evaluation,connect.DescribeContactEvaluation,,yes,absent,0,0,,0,0,0,no source resources of this type were collected,2026-08-16T15:50:20+00:00
connect.contact_evaluation,,connect,Evaluation.Metadata.ContactId,dotted,connect.contact,,references,doc,medium,service-exact,describe_contact_evaluation,connect.DescribeContactEvaluation,,yes,absent,0,0,,0,0,0,no source resources of this type were collected,2026-08-16T15:50:20+00:00
connect.contact_evaluation,,connect,EvaluationForm.EvaluationFormId,dotted,connect.evaluation_form,,references,doc,medium,service-exact,describe_contact_evaluation,connect.DescribeContactEvaluation,,yes,absent,0,0,,0,0,0,no source resources of this type were collected,2026-08-16T15:50:20+00:00
connect.contact_evaluation,,connect,EvaluationFormId,scalar,connect.evaluation_form,,references,doc,medium,service-exact,list_contact_evaluations,connect.ListContactEvaluations,,yes,absent,0,0,,0,0,0,no source resources of this type were collected,2026-08-16T15:50:20+00:00
connect.contact_reference,,connect,Url.Name,dotted,lambda.url,,references,doc,medium,global-exact,list_contact_references,connect.ListContactReferences,,no,absent,0,0,,0,0,0,no source resources of this type were collected,2026-08-16T15:50:20+00:00
connect.current_metric_data,,connect,Dimensions.Queue.Id,dotted,connect.queue,,references,doc,medium,service-exact,get_current_metric_data,connect.GetCurrentMetricData,,yes,absent,0,0,,0,0,0,no source resources of this type were collected,2026-08-16T15:50:20+00:00
connect.current_metric_data,,connect,Dimensions.RoutingProfile.Id,dotted,connect.routing_profile,,references,doc,medium,service-exact,get_current_metric_data,connect.GetCurrentMetricData,,yes,absent,0,0,,0,0,0,no source resources of this type were collected,2026-08-16T15:50:20+00:00
connect.current_user_data,,connect,Status.StatusName,dotted,connect.agent_status,,references,doc,medium,service-exact,get_current_user_data,connect.GetCurrentUserData,,yes,absent,0,0,,0,0,0,no source resources of this type were collected,2026-08-16T15:50:20+00:00
connect.current_user_data,,connect,Contacts[].ContactId,list_dict,connect.contact,,references,doc,medium,service-exact,get_current_user_data,connect.GetCurrentUserData,,yes,absent,0,0,,0,0,0,no source resources of this type were collected,2026-08-16T15:50:20+00:00
connect.current_user_data,,connect,Contacts[].Queue.Id,list_dict,connect.queue,,references,doc,medium,service-exact,get_current_user_data,connect.GetCurrentUserData,,yes,absent,0,0,,0,0,0,no source resources of this type were collected,2026-08-16T15:50:20+00:00
connect.current_user_data,,connect,RoutingProfile.Id,dotted,connect.routing_profile,,references,doc,medium,service-exact,get_current_user_data,connect.GetCurrentUserData,,yes,absent,0,0,,0,0,0,no source resources of this type were collected,2026-08-16T15:50:20+00:00
connect.current_user_data,,connect,User.Id,dotted,connect.user,,references,doc,medium,service-exact,get_current_user_data,connect.GetCurrentUserData,,yes,absent,0,0,,0,0,0,no source resources of this type were collected,2026-08-16T15:50:20+00:00
connect.default_vocabulary,,connect,VocabularyId,scalar,connect.vocabulary,,references,doc,medium,service-partial,list_default_vocabularies,connect.ListDefaultVocabularies,,yes,absent,0,0,,0,0,0,no source resources of this type were collected,2026-08-16T15:50:20+00:00
connect.default_vocabulary,,connect,VocabularyName,scalar,connect.vocabulary,,references,doc,medium,service-partial,list_default_vocabularies,connect.ListDefaultVocabularies,,yes,absent,0,0,,0,0,0,no source resources of this type were collected,2026-08-16T15:50:20+00:00
connect.default_vocabulary,,connect,InstanceId,scalar,ec2.instance,ec2,references,doc,medium,leaf-hint,list_default_vocabularies,connect.ListDefaultVocabularies,,yes,absent,0,0,,0,0,0,no source resources of this type were collected,2026-08-16T15:50:20+00:00
connect.evaluation_form_version,,connect,EvaluationFormId,scalar,connect.evaluation_form,,references,doc,medium,service-exact,list_evaluation_form_versions,connect.ListEvaluationFormVersions,,yes,absent,0,0,,0,0,0,no source resources of this type were collected,2026-08-16T15:50:20+00:00
connect.federation_token,,connect,UserId,scalar,connect.user,,references,doc,medium,service-exact,get_federation_token,connect.GetFederationToken,,yes,absent,0,0,,0,0,0,no source resources of this type were collected,2026-08-16T15:50:20+00:00
connect.flow_association,,connect,ResourceId,scalar,connect.tags_for_resource,,references,doc,medium,service-partial,batch_get_flow_association,connect.BatchGetFlowAssociation,,no,absent,0,0,,0,0,0,no source resources of this type were collected,2026-08-16T15:50:20+00:00
connect.instance,,connect,Id,scalar,ec2.instance,ec2,references,doc,medium,well-known,list_instances,connect.ListInstances,,yes,absent,0,0,,0,0,0,no source resources of this type were collected,2026-08-16T15:50:20+00:00
connect.integration_association,,connect,InstanceId,scalar,ec2.instance,ec2,references,doc,medium,leaf-hint,list_integration_associations,connect.ListIntegrationAssociations,,yes,absent,0,0,,0,0,0,no source resources of this type were collected,2026-08-16T15:50:20+00:00
connect.metric_data,,connect,Dimensions.Queue.Id,dotted,connect.queue,,references,doc,medium,service-exact,get_metric_data,connect.GetMetricData,,yes,absent,0,0,,0,0,0,no source resources of this type were collected,2026-08-16T15:50:20+00:00
connect.metric_data,,connect,Dimensions.RoutingProfile.Id,dotted,connect.routing_profile,,references,doc,medium,service-exact,get_metric_data,connect.GetMetricData,,yes,absent,0,0,,0,0,0,no source resources of this type were collected,2026-08-16T15:50:20+00:00
connect.phone_number,,connect,ClaimedPhoneNumberSummary.InstanceId,dotted,ec2.instance,ec2,references,doc,medium,leaf-hint,describe_phone_number,connect.DescribePhoneNumber,,yes,absent,0,0,,0,0,0,no source resources of this type were collected,2026-08-16T15:50:20+00:00
connect.phone_numbers_v2,,connect,PhoneNumberId,scalar,connect.phone_number,,references,doc,medium,service-exact,list_phone_numbers_v2,connect.ListPhoneNumbersV2,,yes,absent,0,0,,0,0,0,no source resources of this type were collected,2026-08-16T15:50:20+00:00
connect.phone_numbers_v2,,connect,InstanceId,scalar,ec2.instance,ec2,references,doc,medium,leaf-hint,list_phone_numbers_v2,connect.ListPhoneNumbersV2,,yes,absent,0,0,,0,0,0,no source resources of this type were collected,2026-08-16T15:50:20+00:00
connect.queue,,connect,Queue.HoursOfOperationId,dotted,connect.hours_of_operation,,references,doc,medium,service-exact,describe_queue,connect.DescribeQueue,,yes,absent,0,0,,0,0,0,no source resources of this type were collected,2026-08-16T15:50:20+00:00
connect.queue_quick_connect,,connect,Id,scalar,connect.quick_connect,,references,doc,medium,service-exact,list_queue_quick_connects,connect.ListQueueQuickConnects,,yes,absent,0,0,,0,0,0,no source resources of this type were collected,2026-08-16T15:50:20+00:00
connect.queue_quick_connect,,connect,Name,scalar,connect.quick_connect,,references,doc,medium,service-exact,list_queue_quick_connects,connect.ListQueueQuickConnects,,yes,absent,0,0,,0,0,0,no source resources of this type were collected,2026-08-16T15:50:20+00:00
connect.quick_connect,,connect,QuickConnect.QuickConnectConfig.QueueConfig.QueueId,dotted,connect.queue,,references,doc,medium,service-exact,describe_quick_connect,connect.DescribeQuickConnect,,yes,absent,0,0,,0,0,0,no source resources of this type were collected,2026-08-16T15:50:20+00:00
connect.quick_connect,,connect,QuickConnect.QuickConnectConfig.UserConfig.UserId,dotted,connect.user,,references,doc,medium,service-exact,describe_quick_connect,connect.DescribeQuickConnect,,yes,absent,0,0,,0,0,0,no source resources of this type were collected,2026-08-16T15:50:20+00:00
connect.realtime_contact_analysis_segments_v2,,connect,Event.Id,dotted,connect.contact,,references,doc,medium,service-exact,list_realtime_contact_analysis_segments_v2,connect.ListRealtimeContactAnalysisSegmentsV2,,yes,absent,0,0,,0,0,0,no source resources of this type were collected,2026-08-16T15:50:20+00:00
connect.realtime_contact_analysis_segments_v2,,connect,Transcript.Id,dotted,connectparticipant.transcript,,references,doc,medium,global-exact,list_realtime_contact_analysis_segments_v2,connect.ListRealtimeContactAnalysisSegmentsV2,,yes,absent,0,0,,0,0,0,no source resources of this type were collected,2026-08-16T15:50:20+00:00
connect.realtime_contact_analysis_segments_v2,,connect,Attachments.ParticipantId,dotted,ivs-realtime.participant,,references,doc,medium,global-exact,list_realtime_contact_analysis_segments_v2,connect.ListRealtimeContactAnalysisSegmentsV2,,yes,absent,0,0,,0,0,0,no source resources of this type were collected,2026-08-16T15:50:20+00:00
connect.realtime_contact_analysis_segments_v2,,connect,Event.ParticipantId,dotted,ivs-realtime.participant,,references,doc,medium,global-exact,list_realtime_contact_analysis_segments_v2,connect.ListRealtimeContactAnalysisSegmentsV2,,yes,absent,0,0,,0,0,0,no source resources of this type were collected,2026-08-16T15:50:20+00:00
connect.realtime_contact_analysis_segments_v2,,connect,Transcript.ParticipantId,dotted,ivs-realtime.participant,,references,doc,medium,global-exact,list_realtime_contact_analysis_segments_v2,connect.ListRealtimeContactAnalysisSegmentsV2,,yes,absent,0,0,,0,0,0,no source resources of this type were collected,2026-08-16T15:50:20+00:00
connect.routing_profile,,connect,RoutingProfile.InstanceId,dotted,ec2.instance,ec2,references,doc,medium,leaf-hint,describe_routing_profile,connect.DescribeRoutingProfile,,yes,absent,0,0,,0,0,0,no source resources of this type were collected,2026-08-16T15:50:20+00:00
connect.routing_profile_queue,,connect,QueueId,scalar,connect.queue,,references,doc,medium,service-exact,list_routing_profile_queues,connect.ListRoutingProfileQueues,,yes,absent,0,0,,0,0,0,no source resources of this type were collected,2026-08-16T15:50:20+00:00
connect.routing_profile_queue,,connect,QueueName,scalar,connect.queue,,references,doc,medium,service-exact,list_routing_profile_queues,connect.ListRoutingProfileQueues,,yes,absent,0,0,,0,0,0,no source resources of this type were collected,2026-08-16T15:50:20+00:00
connect.rule,,connect,Rule.TriggerEventSource.IntegrationAssociationId,dotted,connect.integration_association,,references,doc,medium,service-exact,describe_rule,connect.DescribeRule,,yes,absent,0,0,,0,0,0,no source resources of this type were collected,2026-08-16T15:50:20+00:00
connect.rule,,connect,EventSourceName,scalar,events.event_source,,references,doc,medium,global-exact,list_rules,connect.ListRules,,yes,absent,0,0,,0,0,0,no source resources of this type were collected,2026-08-16T15:50:20+00:00
connect.rule,,connect,Rule.TriggerEventSource.EventSourceName,dotted,events.event_source,,references,doc,medium,global-exact,describe_rule,connect.DescribeRule,,yes,absent,0,0,,0,0,0,no source resources of this type were collected,2026-08-16T15:50:20+00:00
connect.task_template,,connect,InstanceId,scalar,ec2.instance,ec2,references,doc,medium,leaf-hint,get_task_template,connect.GetTaskTemplate,,yes,absent,0,0,,0,0,0,no source resources of this type were collected,2026-08-16T15:50:20+00:00
connect.traffic_distribution,,connect,Id,scalar,connect.traffic_distribution_group,,references,doc,medium,service-exact,get_traffic_distribution,connect.GetTrafficDistribution,,yes,absent,0,0,,0,0,0,no source resources of this type were collected,2026-08-16T15:50:20+00:00
connect.traffic_distribution_group_user,,connect,UserId,scalar,connect.user,,references,doc,medium,service-exact,list_traffic_distribution_group_users,connect.ListTrafficDistributionGroupUsers,,yes,absent,0,0,,0,0,0,no source resources of this type were collected,2026-08-16T15:50:20+00:00
connectcases.cases_for_contact,,connectcases,caseId,scalar,connectcases.case,,references,doc,medium,service-exact,list_cases_for_contact,connectcases.ListCasesForContact,,no,absent,0,0,,0,0,0,no source resources of this type were collected,2026-08-16T15:50:20+00:00
connectparticipant.transcript,,connectparticipant,Attachments[].AttachmentId,list_dict,connectparticipant.attachment,,references,doc,medium,service-exact,get_transcript,connectparticipant.GetTranscript,,no,absent,0,0,,0,0,0,no source resources of this type were collected,2026-08-16T15:50:20+00:00
connectparticipant.transcript,,connectparticipant,Attachments[].AttachmentName,list_dict,connectparticipant.attachment,,references,doc,medium,service-exact,get_transcript,connectparticipant.GetTranscript,,no,absent,0,0,,0,0,0,no source resources of this type were collected,2026-08-16T15:50:20+00:00
connectparticipant.transcript,,connectparticipant,Id,scalar,mediastore-data.item,,references,doc,medium,global-exact,get_transcript,connectparticipant.GetTranscript,,yes,absent,0,0,,0,0,0,no source resources of this type were collected,2026-08-16T15:50:20+00:00
controltower.enabled_baseline,,controltower,enabledBaselineDetails.statusSummary.lastOperationIdentifier,dotted,controltower.enabled_control,,references,doc,medium,service-exact,get_enabled_baseline,controltower.GetEnabledBaseline,,yes,absent,0,0,,0,0,0,no source resources of this type were collected,2026-08-16T15:50:20+00:00
controltower.enabled_baseline,,controltower,statusSummary.lastOperationIdentifier,dotted,controltower.enabled_control,,references,doc,medium,service-exact,list_enabled_baselines,controltower.ListEnabledBaselines,,yes,absent,0,0,,0,0,0,no source resources of this type were collected,2026-08-16T15:50:20+00:00
controltower.enabled_control,,controltower,enabledControlDetails.targetIdentifier,dotted,organizations.organizational_unit,,references,doc,medium,global-exact,get_enabled_control,controltower.GetEnabledControl,,no,absent,0,0,,0,0,0,no source resources of this type were collected,2026-08-16T15:50:20+00:00
controltower.enabled_control,,controltower,targetIdentifier,scalar,organizations.organizational_unit,,references,doc,medium,global-exact,list_enabled_controls,controltower.ListEnabledControls,,no,absent,0,0,,0,0,0,no source resources of this type were collected,2026-08-16T15:50:20+00:00
cur.report_definition,,cur,ReportName,scalar,artifact.report,,references,doc,medium,global-exact,describe_report_definitions,cur.DescribeReportDefinitions,,no,absent,0,0,,0,0,0,no source resources of this type were collected,2026-08-16T15:50:20+00:00
cur.report_definition,,cur,BillingViewArn,scalar,billing.billing_view,,references,doc,medium,global-exact,describe_report_definitions,cur.DescribeReportDefinitions,,yes,absent,0,0,,0,0,0,no source resources of this type were collected,2026-08-16T15:50:20+00:00
customer-profiles.account_integration,,customer-profiles,DomainName,scalar,customer-profiles.domain,,references,doc,medium,service-exact,list_account_integrations,customer-profiles.ListAccountIntegrations,,yes,absent,0,0,,0,0,0,no source resources of this type were collected,2026-08-16T15:50:20+00:00
customer-profiles.account_integration,,customer-profiles,ObjectTypeName,scalar,customer-profiles.profile_object_type,,references,doc,medium,service-exact,list_account_integrations,customer-profiles.ListAccountIntegrations,,no,absent,0,0,,0,0,0,no source resources of this type were collected,2026-08-16T15:50:20+00:00
customer-profiles.account_integration,,customer-profiles,WorkflowId,scalar,customer-profiles.workflow,,references,doc,medium,service-exact,list_account_integrations,customer-profiles.ListAccountIntegrations,,yes,absent,0,0,,0,0,0,no source resources of this type were collected,2026-08-16T15:50:20+00:00
customer-profiles.auto_merging_preview,,customer-profiles,DomainName,scalar,customer-profiles.domain,,references,doc,medium,service-exact,get_auto_merging_preview,customer-profiles.GetAutoMergingPreview,,yes,absent,0,0,,0,0,0,no source resources of this type were collected,2026-08-16T15:50:20+00:00
customer-profiles.event_stream,,customer-profiles,DomainName,scalar,customer-profiles.domain,,references,doc,medium,service-exact,get_event_stream,customer-profiles.GetEventStream,,no,absent,0,0,,0,0,0,no source resources of this type were collected,2026-08-16T15:50:20+00:00
customer-profiles.identity_resolution_job,,customer-profiles,DomainName,scalar,customer-profiles.domain,,references,doc,medium,service-exact,get_identity_resolution_job,customer-profiles.GetIdentityResolutionJob,,yes,absent,0,0,,0,0,0,no source resources of this type were collected,2026-08-16T15:50:20+00:00
customer-profiles.integration,,customer-profiles,DomainName,scalar,customer-profiles.domain,,references,doc,medium,service-exact,get_integration,customer-profiles.GetIntegration,,no,absent,0,0,,0,0,0,no source resources of this type were collected,2026-08-16T15:50:20+00:00
customer-profiles.integration,,customer-profiles,ObjectTypeName,scalar,customer-profiles.profile_object_type,,references,doc,medium,service-exact,get_integration,customer-profiles.GetIntegration,,no,absent,0,0,,0,0,0,no source resources of this type were collected,2026-08-16T15:50:20+00:00
customer-profiles.integration,,customer-profiles,WorkflowId,scalar,customer-profiles.workflow,,references,doc,medium,service-exact,get_integration,customer-profiles.GetIntegration,,no,absent,0,0,,0,0,0,no source resources of this type were collected,2026-08-16T15:50:20+00:00
customer-profiles.workflow_step,,customer-profiles,WorkflowId,scalar,customer-profiles.workflow,,references,doc,medium,service-exact,get_workflow_steps,customer-profiles.GetWorkflowSteps,,yes,absent,0,0,,0,0,0,no source resources of this type were collected,2026-08-16T15:50:20+00:00
databrew.job,,databrew,ProjectName,scalar,databrew.project,,references,doc,medium,service-exact,list_jobs,databrew.ListJobs,,yes,absent,0,0,,0,0,0,no source resources of this type were collected,2026-08-16T15:50:20+00:00
databrew.job,,databrew,RecipeReference.Name,dotted,databrew.recipe,,references,doc,medium,service-exact,describe_job,databrew.DescribeJob,,yes,absent,0,0,,0,0,0,no source resources of this type were collected,2026-08-16T15:50:20+00:00
databrew.job_run,,databrew,DatasetName,scalar,databrew.dataset,,references,doc,medium,service-exact,describe_job_run,databrew.DescribeJobRun,,yes,absent,0,0,,0,0,0,no source resources of this type were collected,2026-08-16T15:50:20+00:00
databrew.job_run,,databrew,JobName,scalar,databrew.job,,references,doc,medium,service-exact,describe_job_run,databrew.DescribeJobRun,,yes,absent,0,0,,0,0,0,no source resources of this type were collected,2026-08-16T15:50:20+00:00
databrew.job_run,,databrew,RecipeReference.Name,dotted,databrew.recipe,,references,doc,medium,service-exact,describe_job_run,databrew.DescribeJobRun,,yes,absent,0,0,,0,0,0,no source resources of this type were collected,2026-08-16T15:50:20+00:00
databrew.recipe,,databrew,ProjectName,scalar,databrew.project,,references,doc,medium,service-exact,describe_recipe,databrew.DescribeRecipe,,yes,absent,0,0,,0,0,0,no source resources of this type were collected,2026-08-16T15:50:20+00:00
databrew.recipe_version,,databrew,ProjectName,scalar,databrew.project,,references,doc,medium,service-exact,list_recipe_versions,databrew.ListRecipeVersions,,yes,absent,0,0,,0,0,0,no source resources of this type were collected,2026-08-16T15:50:20+00:00
databrew.recipe_version,,databrew,Name,scalar,databrew.recipe,,references,doc,medium,service-exact,list_recipe_versions,databrew.ListRecipeVersions,,yes,absent,0,0,,0,0,0,no source resources of this type were collected,2026-08-16T15:50:20+00:00
dataexchange.asset,,dataexchange,RevisionId,scalar,dataexchange.revision,,references,doc,medium,service-exact,get_asset,dataexchange.GetAsset,,yes,absent,0,0,,0,0,0,no source resources of this type were collected,2026-08-16T15:50:20+00:00
dataexchange.asset,,dataexchange,AssetDetails.S3DataAccessAsset.KmsKeysToGrant[].KmsKeyArn,list_dict,kms.key,kms-key,encrypted-by,doc,medium,leaf-hint,get_asset,dataexchange.GetAsset,,yes,absent,0,0,,0,0,0,no source resources of this type were collected,2026-08-16T15:50:20+00:00
dataexchange.data_set_revision,,dataexchange,Arn,scalar,dataexchange.revision,,references,doc,medium,service-exact,list_data_set_revisions,dataexchange.ListDataSetRevisions,,yes,absent,0,0,,0,0,0,no source resources of this type were collected,2026-08-16T15:50:20+00:00
dataexchange.data_set_revision,,dataexchange,Id,scalar,dataexchange.revision,,references,doc,medium,service-exact,list_data_set_revisions,dataexchange.ListDataSetRevisions,,yes,absent,0,0,,0,0,0,no source resources of this type were collected,2026-08-16T15:50:20+00:00
dataexchange.event_action,,dataexchange,Event.RevisionPublished.DataSetId,dotted,dataexchange.revision,,references,doc,medium,service-partial,get_event_action,dataexchange.GetEventAction,,yes,absent,0,0,,0,0,0,no source resources of this type were collected,2026-08-16T15:50:20+00:00
dataexchange.event_action,,dataexchange,Action.ExportRevisionToS3.Encryption.KmsKeyArn,dotted,kms.key,kms-key,encrypted-by,doc,medium,leaf-hint,get_event_action,dataexchange.GetEventAction,,yes,absent,0,0,,0,0,0,no source resources of this type were collected,2026-08-16T15:50:20+00:00
dataexchange.job,,dataexchange,Details.ExportAssetToSignedUrl.AssetId,dotted,dataexchange.asset,,references,doc,medium,service-exact,get_job,dataexchange.GetJob,,no,absent,0,0,,0,0,0,no source resources of this type were collected,2026-08-16T15:50:20+00:00
dataexchange.job,,dataexchange,Details.ExportAssetsToS3.AssetDestinations[].AssetId,list_dict,dataexchange.asset,,references,doc,medium,service-exact,get_job,dataexchange.GetJob,,no,absent,0,0,,0,0,0,no source resources of this type were collected,2026-08-16T15:50:20+00:00
dataexchange.job,,dataexchange,Details.ImportAssetFromSignedUrl.AssetName,dotted,dataexchange.asset,,references,doc,medium,service-exact,get_job,dataexchange.GetJob,,no,absent,0,0,,0,0,0,no source resources of this type were collected,2026-08-16T15:50:20+00:00
dataexchange.job,,dataexchange,Details.CreateS3DataAccessFromS3Bucket.RevisionId,dotted,dataexchange.revision,,references,doc,medium,service-exact,get_job,dataexchange.GetJob,,yes,absent,0,0,,0,0,0,no source resources of this type were collected,2026-08-16T15:50:20+00:00
dataexchange.job,,dataexchange,Details.ExportAssetToSignedUrl.RevisionId,dotted,dataexchange.revision,,references,doc,medium,service-exact,get_job,dataexchange.GetJob,,yes,absent,0,0,,0,0,0,no source resources of this type were collected,2026-08-16T15:50:20+00:00
dataexchange.job,,dataexchange,Details.ExportAssetsToS3.RevisionId,dotted,dataexchange.revision,,references,doc,medium,service-exact,get_job,dataexchange.GetJob,,yes,absent,0,0,,0,0,0,no source resources of this type were collected,2026-08-16T15:50:20+00:00
dataexchange.job,,dataexchange,Details.ExportRevisionsToS3.RevisionDestinations[].RevisionId,list_dict,dataexchange.revision,,references,doc,medium,service-exact,get_job,dataexchange.GetJob,,yes,absent,0,0,,0,0,0,no source resources of this type were collected,2026-08-16T15:50:20+00:00
dataexchange.job,,dataexchange,Details.ImportAssetFromSignedUrl.RevisionId,dotted,dataexchange.revision,,references,doc,medium,service-exact,get_job,dataexchange.GetJob,,yes,absent,0,0,,0,0,0,no source resources of this type were collected,2026-08-16T15:50:20+00:00
dataexchange.job,,dataexchange,Details.ImportAssetsFromLakeFormationTagPolicy.RevisionId,dotted,dataexchange.revision,,references,doc,medium,service-exact,get_job,dataexchange.GetJob,,yes,absent,0,0,,0,0,0,no source resources of this type were collected,2026-08-16T15:50:20+00:00
dataexchange.job,,dataexchange,Details.ImportAssetsFromRedshiftDataShares.RevisionId,dotted,dataexchange.revision,,references,doc,medium,service-exact,get_job,dataexchange.GetJob,,yes,absent,0,0,,0,0,0,no source resources of this type were collected,2026-08-16T15:50:20+00:00
dataexchange.job,,dataexchange,Details.ImportAssetsFromS3.RevisionId,dotted,dataexchange.revision,,references,doc,medium,service-exact,get_job,dataexchange.GetJob,,yes,absent,0,0,,0,0,0,no source resources of this type were collected,2026-08-16T15:50:20+00:00
dataexchange.job,,dataexchange,Errors[].LimitName,list_dict,deadline.limit,,references,doc,medium,global-exact,list_jobs,dataexchange.ListJobs,,yes,absent,0,0,,0,0,0,no source resources of this type were collected,2026-08-16T15:50:20+00:00
dataexchange.job,,dataexchange,LimitName,scalar,deadline.limit,,references,doc,medium,global-exact,get_job,dataexchange.GetJob,,yes,absent,0,0,,0,0,0,no source resources of this type were collected,2026-08-16T15:50:20+00:00
dataexchange.job,,dataexchange,Details.CreateS3DataAccessFromS3Bucket.AssetSource.KmsKeysToGrant[].KmsKeyArn,list_dict,kms.key,kms-key,encrypted-by,doc,medium,leaf-hint,get_job,dataexchange.GetJob,,yes,absent,0,0,,0,0,0,no source resources of this type were collected,2026-08-16T15:50:20+00:00
dataexchange.job,,dataexchange,Details.ExportAssetsToS3.Encryption.KmsKeyArn,dotted,kms.key,kms-key,encrypted-by,doc,medium,leaf-hint,get_job,dataexchange.GetJob,,yes,absent,0,0,,0,0,0,no source resources of this type were collected,2026-08-16T15:50:20+00:00
dataexchange.job,,dataexchange,Details.ExportRevisionsToS3.Encryption.KmsKeyArn,dotted,kms.key,kms-key,encrypted-by,doc,medium,leaf-hint,get_job,dataexchange.GetJob,,yes,absent,0,0,,0,0,0,no source resources of this type were collected,2026-08-16T15:50:20+00:00
dataexchange.revision_asset,,dataexchange,Arn,scalar,dataexchange.asset,,references,doc,medium,service-exact,list_revision_assets,dataexchange.ListRevisionAssets,,no,absent,0,0,,0,0,0,no source resources of this type were collected,2026-08-16T15:50:20+00:00
dataexchange.revision_asset,,dataexchange,AssetDetails.ApiGatewayApiAsset.ApiId,dotted,dataexchange.asset,,references,doc,medium,service-partial,list_revision_assets,dataexchange.ListRevisionAssets,,no,absent,0,0,,0,0,0,no source resources of this type were collected,2026-08-16T15:50:20+00:00
dataexchange.revision_asset,,dataexchange,AssetDetails.ApiGatewayApiAsset.ApiName,dotted,dataexchange.asset,,references,doc,medium,service-partial,list_revision_assets,dataexchange.ListRevisionAssets,,no,absent,0,0,,0,0,0,no source resources of this type were collected,2026-08-16T15:50:20+00:00
dataexchange.revision_asset,,dataexchange,Id,scalar,dataexchange.asset,,references,doc,medium,service-exact,list_revision_assets,dataexchange.ListRevisionAssets,,no,absent,0,0,,0,0,0,no source resources of this type were collected,2026-08-16T15:50:20+00:00
dataexchange.revision_asset,,dataexchange,Name,scalar,dataexchange.asset,,references,doc,medium,service-exact,list_revision_assets,dataexchange.ListRevisionAssets,,no,absent,0,0,,0,0,0,no source resources of this type were collected,2026-08-16T15:50:20+00:00
dataexchange.revision_asset,,dataexchange,RevisionId,scalar,dataexchange.revision,,references,doc,medium,service-exact,list_revision_assets,dataexchange.ListRevisionAssets,,yes,absent,0,0,,0,0,0,no source resources of this type were collected,2026-08-16T15:50:20+00:00
dataexchange.revision_asset,,dataexchange,AssetDetails.S3DataAccessAsset.KmsKeysToGrant[].KmsKeyArn,list_dict,kms.key,kms-key,encrypted-by,doc,medium,leaf-hint,list_revision_assets,dataexchange.ListRevisionAssets,,yes,absent,0,0,,0,0,0,no source resources of this type were collected,2026-08-16T15:50:20+00:00
datasync.agent,datasync-agent,datasync,PrivateLinkConfig.VpcEndpointId,dotted,ec2.vpc,vpc,contained-in,doc,medium,well-known,describe_agent,datasync.DescribeAgent,,yes,absent,0,0,,0,0,0,no source resources of this type were collected,2026-08-16T15:50:20+00:00
datasync.location_efs,,datasync,LocationArn,scalar,datasync.location,,references,doc,medium,service-partial,describe_location_efs,datasync.DescribeLocationEfs,,no,absent,0,0,,0,0,0,no source resources of this type were collected,2026-08-16T15:50:20+00:00
datasync.location_f_sx_ontap,,datasync,LocationArn,scalar,datasync.location,,references,doc,medium,service-partial,describe_location_fsx_ontap,datasync.DescribeLocationFsxOntap,,no,absent,0,0,,0,0,0,no source resources of this type were collected,2026-08-16T15:50:20+00:00
datasync.location_f_sx_ontap,,datasync,StorageVirtualMachineArn,scalar,fsx.storage_virtual_machine,,references,doc,medium,global-exact,describe_location_fsx_ontap,datasync.DescribeLocationFsxOntap,,no,absent,0,0,,0,0,0,no source resources of this type were collected,2026-08-16T15:50:20+00:00
datasync.location_f_sx_open_zfs,,datasync,LocationArn,scalar,datasync.location,,references,doc,medium,service-partial,describe_location_fsx_open_zfs,datasync.DescribeLocationFsxOpenZfs,,no,absent,0,0,,0,0,0,no source resources of this type were collected,2026-08-16T15:50:20+00:00
datasync.location_f_sx_windows,,datasync,LocationArn,scalar,datasync.location,,references,doc,medium,service-partial,describe_location_fsx_windows,datasync.DescribeLocationFsxWindows,,no,absent,0,0,,0,0,0,no source resources of this type were collected,2026-08-16T15:50:20+00:00
datasync.location_hdfs,,datasync,LocationArn,scalar,datasync.location,,references,doc,medium,service-partial,describe_location_hdfs,datasync.DescribeLocationHdfs,,no,absent,0,0,,0,0,0,no source resources of this type were collected,2026-08-16T15:50:20+00:00
datasync.location_nfs,,datasync,LocationArn,scalar,datasync.location,,references,doc,medium,service-partial,describe_location_nfs,datasync.DescribeLocationNfs,,no,absent,0,0,,0,0,0,no source resources of this type were collected,2026-08-16T15:50:20+00:00
datasync.location_object_storage,,datasync,LocationArn,scalar,datasync.location,,references,doc,medium,service-partial,describe_location_object_storage,datasync.DescribeLocationObjectStorage,,no,absent,0,0,,0,0,0,no source resources of this type were collected,2026-08-16T15:50:20+00:00
datasync.location_s3,,datasync,LocationArn,scalar,datasync.location,,references,doc,medium,service-partial,describe_location_s3,datasync.DescribeLocationS3,,no,absent,0,0,,0,0,0,no source resources of this type were collected,2026-08-16T15:50:20+00:00
datasync.location_smb,,datasync,LocationArn,scalar,datasync.location,,references,doc,medium,service-partial,describe_location_smb,datasync.DescribeLocationSmb,,no,absent,0,0,,0,0,0,no source resources of this type were collected,2026-08-16T15:50:20+00:00
datasync.task,datasync-task,datasync,TaskReportConfig.Destination.S3.S3BucketArn,dotted,s3.bucket,s3,references,doc,medium,well-known,describe_task,datasync.DescribeTask,,yes,absent,0,0,,0,0,0,no source resources of this type were collected,2026-08-16T15:50:20+00:00
datasync.task_execution,,datasync,TaskReportConfig.Destination.S3.S3BucketArn,dotted,s3.bucket,s3,references,doc,medium,well-known,describe_task_execution,datasync.DescribeTaskExecution,,yes,absent,0,0,,0,0,0,no source resources of this type were collected,2026-08-16T15:50:20+00:00
datazone.asset,,datazone,formName,scalar,amplifyuibuilder.metadata,,references,doc,medium,global-exact,get_asset,datazone.GetAsset,,no,absent,0,0,,0,0,0,no source resources of this type were collected,2026-08-16T15:50:20+00:00
datazone.asset,,datazone,readOnlyFormsOutput[].formName,list_dict,amplifyuibuilder.metadata,,references,doc,medium,global-exact,get_asset,datazone.GetAsset,,no,absent,0,0,,0,0,0,no source resources of this type were collected,2026-08-16T15:50:20+00:00
datazone.asset,,datazone,typeIdentifier,scalar,datazone.asset_type,,references,doc,medium,service-exact,get_asset,datazone.GetAsset,,yes,absent,0,0,,0,0,0,no source resources of this type were collected,2026-08-16T15:50:20+00:00
datazone.asset,,datazone,readOnlyFormsOutput[].typeName,list_dict,datazone.form_type,,references,doc,medium,service-partial,get_asset,datazone.GetAsset,,yes,absent,0,0,,0,0,0,no source resources of this type were collected,2026-08-16T15:50:20+00:00
datazone.asset,,datazone,typeName,scalar,datazone.form_type,,references,doc,medium,service-partial,get_asset,datazone.GetAsset,,yes,absent,0,0,,0,0,0,no source resources of this type were collected,2026-08-16T15:50:20+00:00
datazone.asset,,datazone,owningProjectId,scalar,datazone.project,,references,doc,medium,service-exact,get_asset,datazone.GetAsset,,yes,absent,0,0,,0,0,0,no source resources of this type were collected,2026-08-16T15:50:20+00:00
datazone.data_source,,datazone,formName,scalar,amplifyuibuilder.metadata,,references,doc,medium,global-exact,get_data_source,datazone.GetDataSource,,no,absent,0,0,,0,0,0,no source resources of this type were collected,2026-08-16T15:50:20+00:00
datazone.data_source,,datazone,environmentId,scalar,datazone.environment,,references,doc,medium,service-exact,list_data_sources,datazone.ListDataSources,,yes,absent,0,0,,0,0,0,no source resources of this type were collected,2026-08-16T15:50:20+00:00
datazone.data_source,,datazone,typeName,scalar,datazone.form_type,,references,doc,medium,service-partial,get_data_source,datazone.GetDataSource,,yes,absent,0,0,,0,0,0,no source resources of this type were collected,2026-08-16T15:50:20+00:00
datazone.data_source_run,,datazone,projectId,scalar,datazone.project,,references,doc,medium,service-exact,get_data_source_run,datazone.GetDataSourceRun,,yes,absent,0,0,,0,0,0,no source resources of this type were collected,2026-08-16T15:50:20+00:00
datazone.environment,,datazone,projectId,scalar,datazone.project,,references,doc,medium,service-exact,list_environments,datazone.ListEnvironments,,yes,absent,0,0,,0,0,0,no source resources of this type were collected,2026-08-16T15:50:20+00:00
datazone.environment_blueprint_configuration,,datazone,environmentBlueprintId,scalar,datazone.environment_blueprint,,references,doc,medium,service-exact,list_environment_blueprint_configurations,datazone.ListEnvironmentBlueprintConfigurations,,yes,absent,0,0,,0,0,0,no source resources of this type were collected,2026-08-16T15:50:20+00:00
datazone.form_type,,datazone,owningProjectId,scalar,datazone.project,,references,doc,medium,service-exact,get_form_type,datazone.GetFormType,,yes,absent,0,0,,0,0,0,no source resources of this type were collected,2026-08-16T15:50:20+00:00
datazone.glossary,,datazone,owningProjectId,scalar,datazone.project,,references,doc,medium,service-exact,get_glossary,datazone.GetGlossary,,yes,absent,0,0,,0,0,0,no source resources of this type were collected,2026-08-16T15:50:20+00:00
datazone.glossary_term,,datazone,glossaryId,scalar,datazone.glossary,,references,doc,medium,service-partial,get_glossary_term,datazone.GetGlossaryTerm,,yes,absent,0,0,,0,0,0,no source resources of this type were collected,2026-08-16T15:50:20+00:00
datazone.iam_portal_login_url,,datazone,userProfileId,scalar,datazone.user_profile,,references,doc,medium,service-exact,get_iam_portal_login_url,datazone.GetIamPortalLoginUrl,,yes,absent,0,0,,0,0,0,no source resources of this type were collected,2026-08-16T15:50:20+00:00
datazone.subscription_grant,,datazone,subscriptionId,scalar,datazone.subscription,,references,doc,medium,service-exact,get_subscription_grant,datazone.GetSubscriptionGrant,,yes,absent,0,0,,0,0,0,no source resources of this type were collected,2026-08-16T15:50:20+00:00
datazone.subscription_request,,datazone,reviewerId,scalar,datazone.subscription,,references,doc,medium,service-exact,list_subscription_requests,datazone.ListSubscriptionRequests,,yes,absent,0,0,,0,0,0,no source resources of this type were collected,2026-08-16T15:50:20+00:00
datazone.subscription_target,,datazone,environmentId,scalar,datazone.environment,,references,doc,medium,service-exact,list_subscription_targets,datazone.ListSubscriptionTargets,,yes,absent,0,0,,0,0,0,no source resources of this type were collected,2026-08-16T15:50:20+00:00
datazone.subscription_target,,datazone,projectId,scalar,datazone.project,,references,doc,medium,service-exact,list_subscription_targets,datazone.ListSubscriptionTargets,,yes,absent,0,0,,0,0,0,no source resources of this type were collected,2026-08-16T15:50:20+00:00
dax.cluster,dax,dax,ParameterGroup.ParameterGroupName,dotted,dax.parameter_group,,references,doc,medium,service-exact,describe_clusters,dax.DescribeClusters,,yes,absent,0,0,,0,0,0,no source resources of this type were collected,2026-08-16T15:50:20+00:00
dax.cluster,dax,dax,SecurityGroups[].SecurityGroupIdentifier,list_dict,ec2.security_group,security-group,protected-by,c7n,high,curated,describe_clusters,aws.dax.filters.security-group,,yes,absent,0,0,,0,0,0,no source resources of this type were collected,2026-08-16T15:50:20+00:00
dax.cluster,dax,dax,,,ec2.subnet,subnet,contained-in,c7n,declared-no-path,curated,describe_clusters,aws.dax.filters.subnet,,yes,absent,0,0,,0,0,0,no source resources of this type were collected,2026-08-16T15:50:20+00:00
dax.subnet_group,,dax,SubnetGroupName,scalar,ec2.subnet,subnet,contained-in,doc,medium,well-known,describe_subnet_groups,dax.DescribeSubnetGroups,,yes,absent,0,0,,0,0,0,no source resources of this type were collected,2026-08-16T15:50:20+00:00
dax.subnet_group,,dax,Subnets[].SubnetIdentifier,list_dict,ec2.subnet,subnet,contained-in,doc,medium,well-known,describe_subnet_groups,dax.DescribeSubnetGroups,,yes,absent,0,0,,0,0,0,no source resources of this type were collected,2026-08-16T15:50:20+00:00
dax.subnet_group,,dax,VpcId,scalar,ec2.vpc,vpc,contained-in,doc,medium,leaf-hint,describe_subnet_groups,dax.DescribeSubnetGroups,,yes,absent,0,0,,0,0,0,no source resources of this type were collected,2026-08-16T15:50:20+00:00
detective.invitation,,detective,AdministratorId,scalar,detective.graph,,references,doc,medium,service-partial,list_invitations,detective.ListInvitations,,yes,absent,0,0,,0,0,0,no source resources of this type were collected,2026-08-16T15:50:20+00:00
detective.invitation,,detective,GraphArn,scalar,detective.graph,,references,doc,medium,service-partial,list_invitations,detective.ListInvitations,,yes,absent,0,0,,0,0,0,no source resources of this type were collected,2026-08-16T15:50:20+00:00
detective.invitation,,detective,MasterId,scalar,detective.graph,,references,doc,medium,service-partial,list_invitations,detective.ListInvitations,,yes,absent,0,0,,0,0,0,no source resources of this type were collected,2026-08-16T15:50:20+00:00
detective.member,,detective,AdministratorId,scalar,detective.graph,,references,doc,medium,service-partial,list_members,detective.ListMembers,,yes,absent,0,0,,0,0,0,no source resources of this type were collected,2026-08-16T15:50:20+00:00
detective.member,,detective,GraphArn,scalar,detective.graph,,references,doc,medium,service-partial,list_members,detective.ListMembers,,yes,absent,0,0,,0,0,0,no source resources of this type were collected,2026-08-16T15:50:20+00:00
detective.member,,detective,MasterId,scalar,detective.graph,,references,doc,medium,service-partial,list_members,detective.ListMembers,,yes,absent,0,0,,0,0,0,no source resources of this type were collected,2026-08-16T15:50:20+00:00
detective.member,,detective,MemberDetails[].AdministratorId,list_dict,detective.graph,,references,doc,medium,service-partial,get_members,detective.GetMembers,,yes,absent,0,0,,0,0,0,no source resources of this type were collected,2026-08-16T15:50:20+00:00
detective.member,,detective,MemberDetails[].GraphArn,list_dict,detective.graph,,references,doc,medium,service-partial,get_members,detective.GetMembers,,yes,absent,0,0,,0,0,0,no source resources of this type were collected,2026-08-16T15:50:20+00:00
detective.member,,detective,MemberDetails[].MasterId,list_dict,detective.graph,,references,doc,medium,service-partial,get_members,detective.GetMembers,,yes,absent,0,0,,0,0,0,no source resources of this type were collected,2026-08-16T15:50:20+00:00
detective.member,,detective,MembershipDatasources[].GraphArn,list_dict,detective.graph,,references,doc,medium,service-partial,batch_get_membership_datasources,detective.BatchGetMembershipDatasources,,yes,absent,0,0,,0,0,0,no source resources of this type were collected,2026-08-16T15:50:20+00:00
detective.member,,detective,UnprocessedGraphs[].GraphArn,list_dict,detective.graph,,references,doc,medium,service-partial,batch_get_membership_datasources,detective.BatchGetMembershipDatasources,,yes,absent,0,0,,0,0,0,no source resources of this type were collected,2026-08-16T15:50:20+00:00
detective.organization_admin,,detective,GraphArn,scalar,detective.graph,,references,doc,medium,service-partial,list_organization_admin_accounts,detective.ListOrganizationAdminAccounts,,no,absent,0,0,,0,0,0,no source resources of this type were collected,2026-08-16T15:50:20+00:00
devicefarm.device_instance,,devicefarm,deviceArn,scalar,devicefarm.device,,references,doc,medium,service-exact,list_device_instances,devicefarm.ListDeviceInstances,,yes,absent,0,0,,0,0,0,no source resources of this type were collected,2026-08-16T15:50:20+00:00
devicefarm.device_instance,,devicefarm,deviceInstance.deviceArn,dotted,devicefarm.device,,references,doc,medium,service-exact,get_device_instance,devicefarm.GetDeviceInstance,,yes,absent,0,0,,0,0,0,no source resources of this type were collected,2026-08-16T15:50:20+00:00
devicefarm.device_pool_compatibility,,devicefarm,device.fleetName,dotted,devicefarm.device,,references,doc,medium,service-partial,get_device_pool_compatibility,devicefarm.GetDevicePoolCompatibility,,yes,absent,0,0,,0,0,0,no source resources of this type were collected,2026-08-16T15:50:20+00:00
devicefarm.device_pool_compatibility,,devicefarm,device.instances[].deviceArn,list_dict,devicefarm.device,,references,doc,medium,service-exact,get_device_pool_compatibility,devicefarm.GetDevicePoolCompatibility,,yes,absent,0,0,,0,0,0,no source resources of this type were collected,2026-08-16T15:50:20+00:00
devicefarm.device_pool_compatibility,,devicefarm,incompatibleDevices[].device.fleetName,list_dict,devicefarm.device,,references,doc,medium,service-partial,get_device_pool_compatibility,devicefarm.GetDevicePoolCompatibility,,yes,absent,0,0,,0,0,0,no source resources of this type were collected,2026-08-16T15:50:20+00:00
devicefarm.device_pool_compatibility,,devicefarm,incompatibleDevices[].device.instances[].deviceArn,list_nested,devicefarm.device,,references,doc,medium,service-exact,get_device_pool_compatibility,devicefarm.GetDevicePoolCompatibility,,yes,absent,0,0,,0,0,0,no source resources of this type were collected,2026-08-16T15:50:20+00:00
devicefarm.devicefarm_project,devicefarm-project,devicefarm,vpcConfig.vpcId,dotted,ec2.vpc,vpc,contained-in,doc,medium,curated,list_projects,devicefarm.ListProjects: 'Amazon VPC',,yes,absent,0,0,,0,0,0,no source resources of this type were collected,2026-08-16T15:50:20+00:00
devicefarm.job,,devicefarm,device.fleetName,dotted,devicefarm.device,,references,doc,medium,service-partial,list_jobs,devicefarm.ListJobs,,yes,absent,0,0,,0,0,0,no source resources of this type were collected,2026-08-16T15:50:20+00:00
devicefarm.job,,devicefarm,device.instances[].deviceArn,list_dict,devicefarm.device,,references,doc,medium,service-exact,list_jobs,devicefarm.ListJobs,,yes,absent,0,0,,0,0,0,no source resources of this type were collected,2026-08-16T15:50:20+00:00
devicefarm.job,,devicefarm,job.device.fleetName,dotted,devicefarm.device,,references,doc,medium,service-partial,get_job,devicefarm.GetJob,,yes,absent,0,0,,0,0,0,no source resources of this type were collected,2026-08-16T15:50:20+00:00
devicefarm.job,,devicefarm,job.device.instances[].deviceArn,list_dict,devicefarm.device,,references,doc,medium,service-exact,get_job,devicefarm.GetJob,,yes,absent,0,0,,0,0,0,no source resources of this type were collected,2026-08-16T15:50:20+00:00
devicefarm.job,,devicefarm,instanceArn,scalar,ec2.instance,ec2,references,doc,medium,well-known,list_jobs,devicefarm.ListJobs,,yes,absent,0,0,,0,0,0,no source resources of this type were collected,2026-08-16T15:50:20+00:00
devicefarm.job,,devicefarm,job.instanceArn,dotted,ec2.instance,ec2,references,doc,medium,well-known,get_job,devicefarm.GetJob,,yes,absent,0,0,,0,0,0,no source resources of this type were collected,2026-08-16T15:50:20+00:00
devicefarm.project,,devicefarm,project.vpcConfig.vpcId,dotted,ec2.vpc,vpc,contained-in,doc,medium,leaf-hint,get_project,devicefarm.GetProject,,yes,absent,0,0,,0,0,0,no source resources of this type were collected,2026-08-16T15:50:20+00:00
devicefarm.project,,devicefarm,vpcConfig.vpcId,dotted,ec2.vpc,vpc,contained-in,doc,medium,leaf-hint,list_projects,devicefarm.ListProjects,,yes,absent,0,0,,0,0,0,no source resources of this type were collected,2026-08-16T15:50:20+00:00
devicefarm.remote_access_session,,devicefarm,device.fleetName,dotted,devicefarm.device,,references,doc,medium,service-partial,list_remote_access_sessions,devicefarm.ListRemoteAccessSessions,,yes,absent,0,0,,0,0,0,no source resources of this type were collected,2026-08-16T15:50:20+00:00
devicefarm.remote_access_session,,devicefarm,device.instances[].deviceArn,list_dict,devicefarm.device,,references,doc,medium,service-exact,list_remote_access_sessions,devicefarm.ListRemoteAccessSessions,,yes,absent,0,0,,0,0,0,no source resources of this type were collected,2026-08-16T15:50:20+00:00
devicefarm.remote_access_session,,devicefarm,remoteAccessSession.device.fleetName,dotted,devicefarm.device,,references,doc,medium,service-partial,get_remote_access_session,devicefarm.GetRemoteAccessSession,,yes,absent,0,0,,0,0,0,no source resources of this type were collected,2026-08-16T15:50:20+00:00
devicefarm.remote_access_session,,devicefarm,remoteAccessSession.device.instances[].deviceArn,list_dict,devicefarm.device,,references,doc,medium,service-exact,get_remote_access_session,devicefarm.GetRemoteAccessSession,,yes,absent,0,0,,0,0,0,no source resources of this type were collected,2026-08-16T15:50:20+00:00
devicefarm.remote_access_session,,devicefarm,instanceArn,scalar,ec2.instance,ec2,references,doc,medium,well-known,list_remote_access_sessions,devicefarm.ListRemoteAccessSessions,,yes,absent,0,0,,0,0,0,no source resources of this type were collected,2026-08-16T15:50:20+00:00
devicefarm.remote_access_session,,devicefarm,remoteAccessSession.instanceArn,dotted,ec2.instance,ec2,references,doc,medium,well-known,get_remote_access_session,devicefarm.GetRemoteAccessSession,,yes,absent,0,0,,0,0,0,no source resources of this type were collected,2026-08-16T15:50:20+00:00
devicefarm.remote_access_session,,devicefarm,remoteAccessSession.vpcConfig.vpcId,dotted,ec2.vpc,vpc,contained-in,doc,medium,leaf-hint,get_remote_access_session,devicefarm.GetRemoteAccessSession,,yes,absent,0,0,,0,0,0,no source resources of this type were collected,2026-08-16T15:50:20+00:00
devicefarm.remote_access_session,,devicefarm,vpcConfig.vpcId,dotted,ec2.vpc,vpc,contained-in,doc,medium,leaf-hint,list_remote_access_sessions,devicefarm.ListRemoteAccessSessions,,yes,absent,0,0,,0,0,0,no source resources of this type were collected,2026-08-16T15:50:20+00:00
devicefarm.run,,devicefarm,devicePoolArn,scalar,devicefarm.device,,references,doc,medium,service-exact,list_runs,devicefarm.ListRuns,,yes,absent,0,0,,0,0,0,no source resources of this type were collected,2026-08-16T15:50:20+00:00
devicefarm.run,,devicefarm,run.devicePoolArn,dotted,devicefarm.device,,references,doc,medium,service-exact,get_run,devicefarm.GetRun,,yes,absent,0,0,,0,0,0,no source resources of this type were collected,2026-08-16T15:50:20+00:00
devicefarm.run,,devicefarm,run.vpcConfig.vpcId,dotted,ec2.vpc,vpc,contained-in,doc,medium,leaf-hint,get_run,devicefarm.GetRun,,yes,absent,0,0,,0,0,0,no source resources of this type were collected,2026-08-16T15:50:20+00:00
devicefarm.run,,devicefarm,vpcConfig.vpcId,dotted,ec2.vpc,vpc,contained-in,doc,medium,leaf-hint,list_runs,devicefarm.ListRuns,,yes,absent,0,0,,0,0,0,no source resources of this type were collected,2026-08-16T15:50:20+00:00
devicefarm.test_grid_project,,devicefarm,testGridProject.vpcConfig.vpcId,dotted,ec2.vpc,vpc,contained-in,doc,medium,leaf-hint,get_test_grid_project,devicefarm.GetTestGridProject,,yes,absent,0,0,,0,0,0,no source resources of this type were collected,2026-08-16T15:50:20+00:00
devicefarm.test_grid_project,,devicefarm,vpcConfig.vpcId,dotted,ec2.vpc,vpc,contained-in,doc,medium,leaf-hint,list_test_grid_projects,devicefarm.ListTestGridProjects,,yes,absent,0,0,,0,0,0,no source resources of this type were collected,2026-08-16T15:50:20+00:00
devops-guru.anomalies_for_insight,,devops-guru,Id,scalar,devops-guru.anomaly,,references,doc,medium,service-exact,list_anomalies_for_insight,devops-guru.ListAnomaliesForInsight,,yes,absent,0,0,,0,0,0,no source resources of this type were collected,2026-08-16T15:50:20+00:00
devops-guru.anomalies_for_insight,,devops-guru,ReactiveAnomalies[].Id,list_dict,devops-guru.anomaly,,references,doc,medium,service-partial,list_anomalies_for_insight,devops-guru.ListAnomaliesForInsight,,yes,absent,0,0,,0,0,0,no source resources of this type were collected,2026-08-16T15:50:20+00:00
devops-guru.anomalies_for_insight,,devops-guru,ReactiveAnomalies[].Name,list_dict,devops-guru.anomaly,,references,doc,medium,service-partial,list_anomalies_for_insight,devops-guru.ListAnomaliesForInsight,,yes,absent,0,0,,0,0,0,no source resources of this type were collected,2026-08-16T15:50:20+00:00
devops-guru.anomalies_for_insight,,devops-guru,AssociatedInsightId,scalar,devops-guru.insight,,references,doc,medium,service-exact,list_anomalies_for_insight,devops-guru.ListAnomaliesForInsight,,yes,absent,0,0,,0,0,0,no source resources of this type were collected,2026-08-16T15:50:20+00:00
devops-guru.anomalies_for_insight,,devops-guru,ReactiveAnomalies[].AssociatedInsightId,list_dict,devops-guru.insight,,references,doc,medium,service-exact,list_anomalies_for_insight,devops-guru.ListAnomaliesForInsight,,yes,absent,0,0,,0,0,0,no source resources of this type were collected,2026-08-16T15:50:20+00:00
devops-guru.anomalies_for_insight,,devops-guru,ReactiveAnomalies[].SourceDetails.PerformanceInsightsMetrics[].ReferenceData[].Name,list_nested,omics.reference,,references,doc,medium,global-exact,list_anomalies_for_insight,devops-guru.ListAnomaliesForInsight,,no,absent,0,0,,0,0,0,no source resources of this type were collected,2026-08-16T15:50:20+00:00
devops-guru.anomalies_for_insight,,devops-guru,SourceDetails.PerformanceInsightsMetrics[].ReferenceData[].Name,list_nested,omics.reference,,references,doc,medium,global-exact,list_anomalies_for_insight,devops-guru.ListAnomaliesForInsight,,no,absent,0,0,,0,0,0,no source resources of this type were collected,2026-08-16T15:50:20+00:00
devops-guru.anomalous_log_group,,devops-guru,LogAnomalyShowcases[].LogAnomalyClasses[].LogEventId,list_nested,devops-guru.event,,references,doc,medium,service-partial,list_anomalous_log_groups,devops-guru.ListAnomalousLogGroups,,no,absent,0,0,,0,0,0,no source resources of this type were collected,2026-08-16T15:50:20+00:00
devops-guru.anomalous_log_group,,devops-guru,InsightId,scalar,devops-guru.insight,,references,doc,medium,service-exact,list_anomalous_log_groups,devops-guru.ListAnomalousLogGroups,,yes,absent,0,0,,0,0,0,no source resources of this type were collected,2026-08-16T15:50:20+00:00
devops-guru.anomaly,,devops-guru,ProactiveAnomaly.AssociatedInsightId,dotted,devops-guru.insight,,references,doc,medium,service-exact,describe_anomaly,devops-guru.DescribeAnomaly,,yes,absent,0,0,,0,0,0,no source resources of this type were collected,2026-08-16T15:50:20+00:00
devops-guru.anomaly,,devops-guru,ReactiveAnomaly.AssociatedInsightId,dotted,devops-guru.insight,,references,doc,medium,service-exact,describe_anomaly,devops-guru.DescribeAnomaly,,yes,absent,0,0,,0,0,0,no source resources of this type were collected,2026-08-16T15:50:20+00:00
devops-guru.anomaly,,devops-guru,ProactiveAnomaly.SourceDetails.PerformanceInsightsMetrics[].ReferenceData[].Name,list_nested,omics.reference,,references,doc,medium,global-exact,describe_anomaly,devops-guru.DescribeAnomaly,,no,absent,0,0,,0,0,0,no source resources of this type were collected,2026-08-16T15:50:20+00:00
devops-guru.anomaly,,devops-guru,ReactiveAnomaly.SourceDetails.PerformanceInsightsMetrics[].ReferenceData[].Name,list_nested,omics.reference,,references,doc,medium,global-exact,describe_anomaly,devops-guru.DescribeAnomaly,,no,absent,0,0,,0,0,0,no source resources of this type were collected,2026-08-16T15:50:20+00:00
devops-guru.organization_insight,,devops-guru,Id,scalar,devops-guru.insight,,references,doc,medium,service-exact,list_organization_insights,devops-guru.ListOrganizationInsights,,yes,absent,0,0,,0,0,0,no source resources of this type were collected,2026-08-16T15:50:20+00:00
devops-guru.organization_insight,,devops-guru,Name,scalar,devops-guru.insight,,references,doc,medium,service-exact,list_organization_insights,devops-guru.ListOrganizationInsights,,yes,absent,0,0,,0,0,0,no source resources of this type were collected,2026-08-16T15:50:20+00:00
devops-guru.organization_insight,,devops-guru,ReactiveInsights[].Id,list_dict,devops-guru.insight,,references,doc,medium,service-exact,list_organization_insights,devops-guru.ListOrganizationInsights,,yes,absent,0,0,,0,0,0,no source resources of this type were collected,2026-08-16T15:50:20+00:00
devops-guru.organization_insight,,devops-guru,ReactiveInsights[].Name,list_dict,devops-guru.insight,,references,doc,medium,service-exact,list_organization_insights,devops-guru.ListOrganizationInsights,,yes,absent,0,0,,0,0,0,no source resources of this type were collected,2026-08-16T15:50:20+00:00
devops-guru.organization_insight,,devops-guru,OrganizationalUnitId,scalar,organizations.organizational_unit,,references,doc,medium,global-exact,list_organization_insights,devops-guru.ListOrganizationInsights,,no,absent,0,0,,0,0,0,no source resources of this type were collected,2026-08-16T15:50:20+00:00
devops-guru.organization_insight,,devops-guru,ReactiveInsights[].OrganizationalUnitId,list_dict,organizations.organizational_unit,,references,doc,medium,global-exact,list_organization_insights,devops-guru.ListOrganizationInsights,,no,absent,0,0,,0,0,0,no source resources of this type were collected,2026-08-16T15:50:20+00:00
devops-guru.recommendation,,devops-guru,RelatedEvents[].Name,list_dict,devops-guru.event,,references,doc,medium,service-exact,list_recommendations,devops-guru.ListRecommendations,,no,absent,0,0,,0,0,0,no source resources of this type were collected,2026-08-16T15:50:20+00:00
devops-guru.recommendation,,devops-guru,RelatedEvents[].Resources[].Name,list_nested,devops-guru.event,,references,doc,medium,service-partial,list_recommendations,devops-guru.ListRecommendations,,no,absent,0,0,,0,0,0,no source resources of this type were collected,2026-08-16T15:50:20+00:00
directconnect.connection,,directconnect,lagId,scalar,directconnect.lag,,references,doc,medium,service-exact,describe_connections,directconnect.DescribeConnections,,yes,absent,0,0,,0,0,0,no source resources of this type were collected,2026-08-16T15:50:20+00:00
directconnect.direct_connect_gateway_association,,directconnect,directConnectGatewayId,scalar,directconnect.direct_connect_gateway,,references,doc,medium,service-exact,describe_direct_connect_gateway_associations,directconnect.DescribeDirectConnectGatewayAssociations,,yes,absent,0,0,,0,0,0,no source resources of this type were collected,2026-08-16T15:50:20+00:00
directconnect.lag,,directconnect,connections[].connectionId,list_dict,directconnect.connection,,references,doc,medium,service-exact,describe_lags,directconnect.DescribeLags,,yes,absent,0,0,,0,0,0,no source resources of this type were collected,2026-08-16T15:50:20+00:00
directconnect.lag,,directconnect,connections[].connectionName,list_dict,directconnect.connection,,references,doc,medium,service-exact,describe_lags,directconnect.DescribeLags,,yes,absent,0,0,,0,0,0,no source resources of this type were collected,2026-08-16T15:50:20+00:00
directconnect.virtual_interface,,directconnect,connectionId,scalar,directconnect.connection,,references,doc,medium,service-exact,describe_virtual_interfaces,directconnect.DescribeVirtualInterfaces,,yes,absent,0,0,,0,0,0,no source resources of this type were collected,2026-08-16T15:50:20+00:00
directconnect.virtual_interface,,directconnect,directConnectGatewayId,scalar,directconnect.direct_connect_gateway,,references,doc,medium,service-exact,describe_virtual_interfaces,directconnect.DescribeVirtualInterfaces,,yes,absent,0,0,,0,0,0,no source resources of this type were collected,2026-08-16T15:50:20+00:00
directconnect.virtual_interface_test_history,,directconnect,testId,scalar,directconnect.virtual_interface,,references,doc,medium,service-partial,list_virtual_interface_test_history,directconnect.ListVirtualInterfaceTestHistory,,yes,absent,0,0,,0,0,0,no source resources of this type were collected,2026-08-16T15:50:20+00:00
directconnect.virtual_interface_test_history,,directconnect,virtualInterfaceId,scalar,directconnect.virtual_interface,,references,doc,medium,service-partial,list_virtual_interface_test_history,directconnect.ListVirtualInterfaceTestHistory,,yes,absent,0,0,,0,0,0,no source resources of this type were collected,2026-08-16T15:50:20+00:00
discovery.batch_delete_configuration_task,,discovery,task.deletionWarnings[].configurationId,list_dict,discovery.configuration,,references,doc,medium,service-exact,describe_batch_delete_configuration_task,discovery.DescribeBatchDeleteConfigurationTask,,no,absent,0,0,,0,0,0,no source resources of this type were collected,2026-08-16T15:50:20+00:00
discovery.batch_delete_configuration_task,,discovery,task.failedConfigurations[].configurationId,list_dict,discovery.configuration,,references,doc,medium,service-exact,describe_batch_delete_configuration_task,discovery.DescribeBatchDeleteConfigurationTask,,no,absent,0,0,,0,0,0,no source resources of this type were collected,2026-08-16T15:50:20+00:00
dms.endpoint,dms-endpoint,dms,DocDbSettings.KmsKeyId,dotted,kms.key,kms-key,encrypted-by,doc,medium,leaf-hint,describe_endpoints,dms.DescribeEndpoints,,yes,absent,0,0,,0,0,0,no source resources of this type were collected,2026-08-16T15:50:20+00:00
dms.endpoint,dms-endpoint,dms,KmsKeyId,scalar,kms.key,kms-key,encrypted-by,doc,medium,leaf-hint,describe_endpoints,dms.DescribeEndpoints,,yes,absent,0,0,,0,0,0,no source resources of this type were collected,2026-08-16T15:50:20+00:00
dms.endpoint,dms-endpoint,dms,MongoDbSettings.KmsKeyId,dotted,kms.key,kms-key,encrypted-by,doc,medium,leaf-hint,describe_endpoints,dms.DescribeEndpoints,,yes,absent,0,0,,0,0,0,no source resources of this type were collected,2026-08-16T15:50:20+00:00
dms.endpoint,dms-endpoint,dms,DmsTransferSettings.BucketName,dotted,s3.bucket,s3,references,doc,medium,well-known,describe_endpoints,dms.DescribeEndpoints,,yes,absent,0,0,,0,0,0,no source resources of this type were collected,2026-08-16T15:50:20+00:00
dms.endpoint,dms-endpoint,dms,S3Settings.BucketName,dotted,s3.bucket,s3,references,doc,medium,well-known,describe_endpoints,dms.DescribeEndpoints,,yes,absent,0,0,,0,0,0,no source resources of this type were collected,2026-08-16T15:50:20+00:00
dms.instance_profile,,dms,KmsKeyArn,scalar,kms.key,kms-key,encrypted-by,doc,medium,leaf-hint,describe_instance_profiles,dms.DescribeInstanceProfiles,,yes,absent,0,0,,0,0,0,no source resources of this type were collected,2026-08-16T15:50:20+00:00
dms.migration_project,,dms,SourceDataProviderDescriptors[].DataProviderName,list_dict,dms.data_provider,,references,doc,medium,service-exact,describe_migration_projects,dms.DescribeMigrationProjects,,yes,absent,0,0,,0,0,0,no source resources of this type were collected,2026-08-16T15:50:20+00:00
dms.migration_project,,dms,TargetDataProviderDescriptors[].DataProviderName,list_dict,dms.data_provider,,references,doc,medium,service-exact,describe_migration_projects,dms.DescribeMigrationProjects,,yes,absent,0,0,,0,0,0,no source resources of this type were collected,2026-08-16T15:50:20+00:00
dms.replication,,dms,ReplicationConfigArn,scalar,dms.replication_config,,references,doc,medium,service-exact,describe_replication_table_statistics,dms.DescribeReplicationTableStatistics,,yes,absent,0,0,,0,0,0,no source resources of this type were collected,2026-08-16T15:50:20+00:00
dms.replication,,dms,ReplicationTaskName,scalar,dms.replication_task,dms-replication-task,references,doc,medium,service-exact,describe_replication_instance_task_logs,dms.DescribeReplicationInstanceTaskLogs,,yes,absent,0,0,,0,0,0,no source resources of this type were collected,2026-08-16T15:50:20+00:00
dms.replication_config,,dms,ComputeConfig.KmsKeyId,dotted,kms.key,kms-key,encrypted-by,doc,medium,leaf-hint,describe_replication_configs,dms.DescribeReplicationConfigs,,yes,absent,0,0,,0,0,0,no source resources of this type were collected,2026-08-16T15:50:20+00:00
dms.replication_instance,dms-instance,dms,ReplicationSubnetGroup.ReplicationSubnetGroupIdentifier,dotted,dms.replication,,references,doc,medium,service-exact,describe_replication_instances,dms.DescribeReplicationInstances,,no,absent,0,0,,0,0,0,no source resources of this type were collected,2026-08-16T15:50:20+00:00
dms.replication_instance,dms-instance,dms,VpcSecurityGroups[].VpcSecurityGroupId,list_dict,ec2.security_group,security-group,protected-by,c7n,high,curated,describe_replication_instances,aws.dms-instance.filters.security-group,,yes,absent,0,0,,0,0,0,no source resources of this type were collected,2026-08-16T15:50:20+00:00
dms.replication_instance,dms-instance,dms,ReplicationSubnetGroup.Subnets[].SubnetIdentifier,list_dict,ec2.subnet,subnet,contained-in,c7n,high,curated,describe_replication_instances,aws.dms-instance.filters.subnet,,yes,absent,0,0,,0,0,0,no source resources of this type were collected,2026-08-16T15:50:20+00:00
dms.replication_instance,dms-instance,dms,ReplicationSubnetGroup.VpcId,dotted,ec2.vpc,vpc,contained-in,c7n,high,curated,describe_replication_instances,aws.dms-instance.filters.vpc,doc,yes,absent,0,0,,0,0,0,no source resources of this type were collected,2026-08-16T15:50:20+00:00
dms.replication_instance,dms-instance,dms,KmsKeyId,scalar,kms.key,kms-key,encrypted-by,c7n,high,curated,describe_replication_instances,aws.dms-instance.filters.kms-key,doc,yes,absent,0,0,,0,0,0,no source resources of this type were collected,2026-08-16T15:50:20+00:00
dms.replication_subnet_group,,dms,ReplicationSubnetGroupIdentifier,scalar,dms.replication,,references,doc,medium,service-exact,describe_replication_subnet_groups,dms.DescribeReplicationSubnetGroups,,no,absent,0,0,,0,0,0,no source resources of this type were collected,2026-08-16T15:50:20+00:00
dms.replication_subnet_group,,dms,VpcId,scalar,ec2.vpc,vpc,contained-in,doc,medium,leaf-hint,describe_replication_subnet_groups,dms.DescribeReplicationSubnetGroups,,yes,absent,0,0,,0,0,0,no source resources of this type were collected,2026-08-16T15:50:20+00:00
dms.replication_task,dms-replication-task,dms,ReplicationInstanceArn,scalar,dms.replication_instance,dms-instance,references,doc,medium,service-exact,describe_replication_tasks,dms.DescribeReplicationTasks,,yes,absent,0,0,,0,0,0,no source resources of this type were collected,2026-08-16T15:50:20+00:00
docdb-elastic.cluster_snapshot,,docdb-elastic,clusterArn,scalar,docdb-elastic.cluster,,references,doc,medium,service-partial,list_cluster_snapshots,docdb-elastic.ListClusterSnapshots,,no,absent,0,0,,0,0,0,no source resources of this type were collected,2026-08-16T15:50:20+00:00
docdb-elastic.cluster_snapshot,,docdb-elastic,snapshot.clusterArn,dotted,docdb-elastic.cluster,,references,doc,medium,service-partial,get_cluster_snapshot,docdb-elastic.GetClusterSnapshot,,no,absent,0,0,,0,0,0,no source resources of this type were collected,2026-08-16T15:50:20+00:00
docdb.db_cluster,,docdb,VpcSecurityGroups[].VpcSecurityGroupId,list_dict,ec2.security_group,security-group,protected-by,doc,medium,well-known,describe_db_clusters,docdb.DescribeDBClusters,,yes,absent,0,0,,0,0,0,no source resources of this type were collected,2026-08-16T15:50:20+00:00
docdb.db_cluster,,docdb,KmsKeyId,scalar,kms.key,kms-key,encrypted-by,doc,medium,leaf-hint,describe_db_clusters,docdb.DescribeDBClusters,,yes,absent,0,0,,0,0,0,no source resources of this type were collected,2026-08-16T15:50:20+00:00
docdb.db_cluster_snapshot,,docdb,VpcId,scalar,ec2.vpc,vpc,contained-in,doc,medium,leaf-hint,describe_db_cluster_snapshots,docdb.DescribeDBClusterSnapshots,,yes,absent,0,0,,0,0,0,no source resources of this type were collected,2026-08-16T15:50:20+00:00
docdb.db_cluster_snapshot,,docdb,KmsKeyId,scalar,kms.key,kms-key,encrypted-by,doc,medium,leaf-hint,describe_db_cluster_snapshots,docdb.DescribeDBClusterSnapshots,,yes,absent,0,0,,0,0,0,no source resources of this type were collected,2026-08-16T15:50:20+00:00
docdb.db_instance,,docdb,PendingModifiedValues.CACertificateIdentifier,dotted,docdb.certificate,,references,doc,medium,service-exact,describe_db_instances,docdb.DescribeDBInstances,,yes,absent,0,0,,0,0,0,no source resources of this type were collected,2026-08-16T15:50:20+00:00
docdb.db_instance,,docdb,DbiResourceId,scalar,ec2.instance,ec2,references,doc,medium,well-known,describe_db_instances,docdb.DescribeDBInstances,,yes,absent,0,0,,0,0,0,no source resources of this type were collected,2026-08-16T15:50:20+00:00
docdb.db_instance,,docdb,VpcSecurityGroups[].VpcSecurityGroupId,list_dict,ec2.security_group,security-group,protected-by,doc,medium,well-known,describe_db_instances,docdb.DescribeDBInstances,,yes,absent,0,0,,0,0,0,no source resources of this type were collected,2026-08-16T15:50:20+00:00
docdb.db_instance,,docdb,DBSubnetGroup.DBSubnetGroupName,dotted,ec2.subnet,subnet,contained-in,doc,medium,well-known,describe_db_instances,docdb.DescribeDBInstances,,yes,absent,0,0,,0,0,0,no source resources of this type were collected,2026-08-16T15:50:20+00:00
docdb.db_instance,,docdb,DBSubnetGroup.Subnets[].SubnetIdentifier,list_dict,ec2.subnet,subnet,contained-in,doc,medium,well-known,describe_db_instances,docdb.DescribeDBInstances,,yes,absent,0,0,,0,0,0,no source resources of this type were collected,2026-08-16T15:50:20+00:00
docdb.db_instance,,docdb,DBSubnetGroup.VpcId,dotted,ec2.vpc,vpc,contained-in,doc,medium,leaf-hint,describe_db_instances,docdb.DescribeDBInstances,,yes,absent,0,0,,0,0,0,no source resources of this type were collected,2026-08-16T15:50:20+00:00
docdb.db_instance,,docdb,KmsKeyId,scalar,kms.key,kms-key,encrypted-by,doc,medium,leaf-hint,describe_db_instances,docdb.DescribeDBInstances,,yes,absent,0,0,,0,0,0,no source resources of this type were collected,2026-08-16T15:50:20+00:00
docdb.db_subnet_group,,docdb,DBSubnetGroupName,scalar,ec2.subnet,subnet,contained-in,doc,medium,well-known,describe_db_subnet_groups,docdb.DescribeDBSubnetGroups,,yes,absent,0,0,,0,0,0,no source resources of this type were collected,2026-08-16T15:50:20+00:00
docdb.db_subnet_group,,docdb,Subnets[].SubnetIdentifier,list_dict,ec2.subnet,subnet,contained-in,doc,medium,well-known,describe_db_subnet_groups,docdb.DescribeDBSubnetGroups,,yes,absent,0,0,,0,0,0,no source resources of this type were collected,2026-08-16T15:50:20+00:00
docdb.db_subnet_group,,docdb,VpcId,scalar,ec2.vpc,vpc,contained-in,doc,medium,leaf-hint,describe_db_subnet_groups,docdb.DescribeDBSubnetGroups,,yes,absent,0,0,,0,0,0,no source resources of this type were collected,2026-08-16T15:50:20+00:00
ds.directory,directory,ds,VpcSettings.SecurityGroupId,dotted,ec2.security_group,security-group,protected-by,c7n,high,curated,describe_directories,aws.directory.filters.security-group,,yes,absent,0,0,,0,0,0,no source resources of this type were collected,2026-08-16T15:50:20+00:00
ds.directory,directory,ds,VpcSettings.SubnetIds,dotted,ec2.subnet,subnet,contained-in,c7n,high,curated,describe_directories,aws.directory.filters.subnet,,yes,absent,0,0,,0,0,0,no source resources of this type were collected,2026-08-16T15:50:20+00:00
ds.directory,directory,ds,ConnectSettings.VpcId,dotted,ec2.vpc,vpc,contained-in,doc,medium,curated,describe_directories,ds.DescribeDirectories: 'VPC that the AD Connector is in',,yes,absent,0,0,,0,0,0,no source resources of this type were collected,2026-08-16T15:50:20+00:00
ds.directory,directory,ds,OwnerDirectoryDescription.VpcSettings.VpcId,dotted,ec2.vpc,vpc,contained-in,doc,medium,curated,describe_directories,ds.DescribeDirectories: 'VPC that the directory is in',,yes,absent,0,0,,0,0,0,no source resources of this type were collected,2026-08-16T15:50:20+00:00
ds.directory,directory,ds,VpcSettings.VpcId,dotted,ec2.vpc,vpc,contained-in,c7n,high,curated,describe_directories,aws.directory.filters.vpc,doc,yes,absent,0,0,,0,0,0,no source resources of this type were collected,2026-08-16T15:50:20+00:00
ds.domain_controller,,ds,DirectoryId,scalar,ds.directory,directory,references,doc,medium,service-exact,describe_domain_controllers,ds.DescribeDomainControllers,,yes,absent,0,0,,0,0,0,no source resources of this type were collected,2026-08-16T15:50:20+00:00
ds.domain_controller,,ds,SubnetId,scalar,ec2.subnet,subnet,contained-in,doc,medium,leaf-hint,describe_domain_controllers,ds.DescribeDomainControllers,,yes,absent,0,0,,0,0,0,no source resources of this type were collected,2026-08-16T15:50:20+00:00
ds.domain_controller,,ds,VpcId,scalar,ec2.vpc,vpc,contained-in,doc,medium,leaf-hint,describe_domain_controllers,ds.DescribeDomainControllers,,yes,absent,0,0,,0,0,0,no source resources of this type were collected,2026-08-16T15:50:20+00:00
ds.log_subscription,,ds,LogGroupName,scalar,logs.log_group,log-group,references,doc,medium,well-known,list_log_subscriptions,ds.ListLogSubscriptions,,yes,absent,0,0,,0,0,0,no source resources of this type were collected,2026-08-16T15:50:20+00:00
ds.region,,ds,DirectoryId,scalar,ds.directory,directory,references,doc,medium,service-exact,describe_regions,ds.DescribeRegions,,yes,absent,0,0,,0,0,0,no source resources of this type were collected,2026-08-16T15:50:20+00:00
ds.region,,ds,VpcSettings.VpcId,dotted,ec2.vpc,vpc,contained-in,doc,medium,leaf-hint,describe_regions,ds.DescribeRegions,,yes,absent,0,0,,0,0,0,no source resources of this type were collected,2026-08-16T15:50:20+00:00
ds.setting,,ds,DirectoryId,scalar,ds.directory,directory,references,doc,medium,service-exact,describe_settings,ds.DescribeSettings,,yes,absent,0,0,,0,0,0,no source resources of this type were collected,2026-08-16T15:50:20+00:00
ds.setting,,ds,Name,scalar,ds.directory,directory,references,doc,medium,service-exact,describe_settings,ds.DescribeSettings,,yes,absent,0,0,,0,0,0,no source resources of this type were collected,2026-08-16T15:50:20+00:00
ds.shared_directory,,ds,OwnerDirectoryId,scalar,ds.directory,directory,references,doc,medium,service-exact,describe_shared_directories,ds.DescribeSharedDirectories,,yes,absent,0,0,,0,0,0,no source resources of this type were collected,2026-08-16T15:50:20+00:00
dynamodb.export,,dynamodb,ExportDescription.TableId,dotted,dynamodb.table,dynamodb-table,references,doc,medium,service-exact,describe_export,dynamodb.DescribeExport,,yes,absent,0,0,,0,0,0,no source resources of this type were collected,2026-08-16T15:50:20+00:00
dynamodb.import,,dynamodb,ImportTableDescription.TableCreationParameters.TableName,dotted,dynamodb.table,dynamodb-table,references,doc,medium,service-exact,describe_import,dynamodb.DescribeImport,,yes,absent,0,0,,0,0,0,no source resources of this type were collected,2026-08-16T15:50:20+00:00
dynamodb.table,dynamodb-table,dynamodb,definitions.SSESpecificationKMSMasterKeyId.anyOf[2],dotted,kms.alias,kms,references,cfn,high,curated,list_tables,AWS::DynamoDB::Table/definitions/SSESpecification/properties/KMSMasterKeyId/anyOf[2],,yes,absent,7,0,0.00,0,0,0,path never populated across 7 resource(s),2026-08-16T15:50:20+00:00
dynamodb.table,dynamodb-table,dynamodb,SSEDescription.KMSMasterKeyArn,dotted,kms.key,kms-key,encrypted-by,c7n,high,curated,list_tables,aws.dynamodb-table.filters.kms-key,,yes,absent,7,0,0.00,0,0,0,path never populated across 7 resource(s),2026-08-16T15:50:20+00:00
dynamodb.table,dynamodb-table,dynamodb,SseDescription.KmsMasterKeyArn,dotted,kms.key,kms-key,encrypted-by,asff,medium,curated,list_tables,securityhub.GetFindings: 'KMS key that is used for the KMS encryption',,yes,absent,7,0,0.00,0,0,0,path never populated across 7 resource(s),2026-08-16T15:50:20+00:00
dynamodb.table,dynamodb-table,dynamodb,definitions.SSESpecificationKMSMasterKeyId.anyOf[0],dotted,kms.key,kms-key,encrypted-by,cfn,high,curated,list_tables,AWS::DynamoDB::Table/definitions/SSESpecification/properties/KMSMasterKeyId/anyOf[0],,yes,absent,7,0,0.00,0,0,0,path never populated across 7 resource(s),2026-08-16T15:50:20+00:00
dynamodb.table,dynamodb-table,dynamodb,definitions.SSESpecificationKMSMasterKeyId.anyOf[1],dotted,kms.key,kms-key,encrypted-by,cfn,high,curated,list_tables,AWS::DynamoDB::Table/definitions/SSESpecification/properties/KMSMasterKeyId/anyOf[1],,yes,absent,7,0,0.00,0,0,0,path never populated across 7 resource(s),2026-08-16T15:50:20+00:00
dynamodb.table_replica_auto_scaling,,dynamodb,TableAutoScalingDescription.TableName,dotted,dynamodb.table,dynamodb-table,references,doc,medium,service-exact,describe_table_replica_auto_scaling,dynamodb.DescribeTableReplicaAutoScaling,,yes,absent,0,0,,0,0,0,no source resources of this type were collected,2026-08-16T15:50:20+00:00
dynamodbstreams.stream,,dynamodbstreams,LastEvaluatedStreamArn,scalar,mediastore-data.item,,references,doc,medium,global-exact,list_streams,dynamodbstreams.ListStreams,,yes,absent,0,0,,0,0,0,no source resources of this type were collected,2026-08-16T15:50:20+00:00
dynamodbstreams.stream,,dynamodbstreams,StreamDescription.LastEvaluatedShardId,dotted,mediastore-data.item,,references,doc,medium,global-exact,describe_stream,dynamodbstreams.DescribeStream,,yes,absent,0,0,,0,0,0,no source resources of this type were collected,2026-08-16T15:50:20+00:00
ec2.address_transfer,,ec2,InstanceId,scalar,ec2.instance,ec2,references,doc,medium,leaf-hint,describe_addresses,ec2.DescribeAddresses,,yes,absent,0,0,,0,0,0,no source resources of this type were collected,2026-08-16T15:50:20+00:00
ec2.address_transfer,,ec2,NetworkInterfaceId,scalar,ec2.network_interface,eni,attached-to,doc,medium,leaf-hint,describe_addresses,ec2.DescribeAddresses,,yes,absent,0,0,,0,0,0,no source resources of this type were collected,2026-08-16T15:50:20+00:00
ec2.ami,ami,ec2,BlockDeviceMappings[].Ebs.SnapshotId,list_dict,ec2.ebs_snapshot,ebs-snapshot,created-from,doc,medium,curated,describe_images,ec2.DescribeImages: 'snapshot',,yes,confirmed,1,1,1.00,1,0,0,all 1 resource(s) populated the path and 1 target(s) resolved,2026-08-16T15:50:20+00:00
ec2.capacity_reservation,ec2-capacity-reservation,ec2,GroupArn,scalar,inspector.resource_group,,references,doc,medium,global-exact,get_groups_for_capacity_reservation,ec2.GetGroupsForCapacityReservation,,no,absent,0,0,,0,0,0,no source resources of this type were collected,2026-08-16T15:50:20+00:00
ec2.capacity_reservation_fleet,,ec2,InstanceTypeSpecifications[].CapacityReservationId,list_dict,ec2.capacity_reservation,ec2-capacity-reservation,references,doc,medium,service-exact,describe_capacity_reservation_fleets,ec2.DescribeCapacityReservationFleets,,yes,absent,0,0,,0,0,0,no source resources of this type were collected,2026-08-16T15:50:20+00:00
ec2.carrier_gateway,,ec2,VpcId,scalar,ec2.vpc,vpc,contained-in,doc,medium,leaf-hint,describe_carrier_gateways,ec2.DescribeCarrierGateways,,yes,absent,0,0,,0,0,0,no source resources of this type were collected,2026-08-16T15:50:20+00:00
ec2.classic_link_instance,,ec2,InstanceId,scalar,ec2.instance,ec2,references,doc,medium,leaf-hint,describe_classic_link_instances,ec2.DescribeClassicLinkInstances,,yes,absent,0,0,,0,0,0,no source resources of this type were collected,2026-08-16T15:50:20+00:00
ec2.classic_link_instance,,ec2,Groups[].GroupId,list_dict,ec2.security_group,security-group,protected-by,doc,medium,well-known,describe_classic_link_instances,ec2.DescribeClassicLinkInstances,,yes,absent,0,0,,0,0,0,no source resources of this type were collected,2026-08-16T15:50:20+00:00
ec2.classic_link_instance,,ec2,Groups[].GroupName,list_dict,ec2.security_group,security-group,protected-by,doc,medium,well-known,describe_classic_link_instances,ec2.DescribeClassicLinkInstances,,yes,absent,0,0,,0,0,0,no source resources of this type were collected,2026-08-16T15:50:20+00:00
ec2.classic_link_instance,,ec2,VpcId,scalar,ec2.vpc,vpc,contained-in,doc,medium,leaf-hint,describe_classic_link_instances,ec2.DescribeClassicLinkInstances,,yes,absent,0,0,,0,0,0,no source resources of this type were collected,2026-08-16T15:50:20+00:00
ec2.client_vpn_endpoint,,ec2,AssociatedTargetNetworks[].NetworkId,list_dict,ec2.subnet,subnet,contained-in,doc,medium,well-known,describe_client_vpn_endpoints,ec2.DescribeClientVpnEndpoints,,yes,absent,0,0,,0,0,0,no source resources of this type were collected,2026-08-16T15:50:20+00:00
ec2.client_vpn_endpoint,,ec2,VpcId,scalar,ec2.vpc,vpc,contained-in,doc,medium,leaf-hint,describe_client_vpn_endpoints,ec2.DescribeClientVpnEndpoints,,yes,absent,0,0,,0,0,0,no source resources of this type were collected,2026-08-16T15:50:20+00:00
ec2.client_vpn_endpoint,,ec2,ServerCertificateArn,scalar,iam.iam_certificate,,references,doc,medium,global-exact,describe_client_vpn_endpoints,ec2.DescribeClientVpnEndpoints,,yes,absent,0,0,,0,0,0,no source resources of this type were collected,2026-08-16T15:50:20+00:00
ec2.client_vpn_target_network_association,,ec2,TargetNetworkId,scalar,ec2.subnet,subnet,contained-in,doc,medium,well-known,describe_client_vpn_target_networks,ec2.DescribeClientVpnTargetNetworks,,no,absent,0,0,,0,0,0,no source resources of this type were collected,2026-08-16T15:50:20+00:00
ec2.client_vpn_target_network_association,,ec2,VpcId,scalar,ec2.vpc,vpc,contained-in,doc,medium,leaf-hint,describe_client_vpn_target_networks,ec2.DescribeClientVpnTargetNetworks,,no,absent,0,0,,0,0,0,no source resources of this type were collected,2026-08-16T15:50:20+00:00
ec2.coip_pool,,ec2,AllocationId,scalar,ec2.address_transfer,,references,doc,medium,service-partial,get_coip_pool_usage,ec2.GetCoipPoolUsage,,no,absent,0,0,,0,0,0,no source resources of this type were collected,2026-08-16T15:50:20+00:00
ec2.coip_pool,,ec2,LocalGatewayRouteTableId,scalar,ec2.local_gateway_route_table,,references,doc,medium,service-exact,describe_coip_pools,ec2.DescribeCoipPools,,yes,absent,0,0,,0,0,0,no source resources of this type were collected,2026-08-16T15:50:20+00:00
ec2.ebs_snapshot,ebs-snapshot,ec2,VolumeId,scalar,ec2.volume,ebs,attached-to,c7n,high,curated,describe_snapshots,aws.ebs-snapshot.filters.volume,doc,yes,refuted,1,1,1.00,0,1,0,all 1 value(s) resolved to nothing in the target inventory,2026-08-16T15:50:20+00:00
ec2.egress_only_internet_gateway,,ec2,Attachments[].VpcId,list_dict,ec2.vpc,vpc,contained-in,doc,medium,leaf-hint,describe_egress_only_internet_gateways,ec2.DescribeEgressOnlyInternetGateways,,yes,absent,0,0,,0,0,0,no source resources of this type were collected,2026-08-16T15:50:20+00:00
ec2.eip,elastic-ip,ec2,InstanceId,scalar,ec2.instance,ec2,references,asff,high,curated,describe_addresses,securityhub.GetFindings: 'EC2 instance',doc,yes,absent,0,0,,0,0,0,no source resources of this type were collected,2026-08-16T15:50:20+00:00
ec2.eip,elastic-ip,ec2,NetworkInterfaceId,scalar,ec2.network_interface,eni,attached-to,asff,high,curated,describe_addresses,securityhub.GetFindings: 'network interface',doc,yes,absent,0,0,,0,0,0,no source resources of this type were collected,2026-08-16T15:50:20+00:00
ec2.flow_log,flow-log,ec2,ResourceId,scalar,ec2.subnet,subnet,contained-in,hand,high,curated,describe_flow_logs,a flow log can be scoped to a subnet instead of a VPC,,yes,refuted,1,1,1.00,0,1,1,1/1 values failed the type condition (wrong id_prefix or ARN service),2026-08-16T15:50:20+00:00
ec2.flow_log,flow-log,ec2,ResourceId,scalar,ec2.vpc,vpc,contained-in,hand,high,curated,describe_flow_logs,DescribeFlowLogs.ResourceId names the VPC the log observes,,yes,confirmed,1,1,1.00,1,0,0,all 1 resource(s) populated the path and 1 target(s) resolved,2026-08-16T15:50:20+00:00
ec2.host,ec2-host,ec2,Instances[].InstanceId,list_dict,ec2.instance,ec2,references,doc,medium,leaf-hint,describe_hosts,ec2.DescribeHosts,,yes,absent,0,0,,0,0,0,no source resources of this type were collected,2026-08-16T15:50:20+00:00
ec2.iam_instance_profile_association,,ec2,IamInstanceProfile.Id,dotted,ec2.instance,ec2,references,doc,medium,well-known,describe_iam_instance_profile_associations,ec2.DescribeIamInstanceProfileAssociations,,yes,absent,0,0,,0,0,0,no source resources of this type were collected,2026-08-16T15:50:20+00:00
ec2.iam_instance_profile_association,,ec2,InstanceId,scalar,ec2.instance,ec2,references,doc,medium,leaf-hint,describe_iam_instance_profile_associations,ec2.DescribeIamInstanceProfileAssociations,,yes,absent,0,0,,0,0,0,no source resources of this type were collected,2026-08-16T15:50:20+00:00
ec2.import_image_task,,ec2,KmsKeyId,scalar,kms.key,kms-key,encrypted-by,doc,medium,leaf-hint,describe_import_image_tasks,ec2.DescribeImportImageTasks,,yes,absent,0,0,,0,0,0,no source resources of this type were collected,2026-08-16T15:50:20+00:00
ec2.instance,ec2,ec2,ImageId,scalar,ec2.ami,ami,launched-from,hand,high,curated,describe_instances,hand-authored from API response shape,"asff,doc",yes,refuted,3,3,1.00,0,3,0,all 3 value(s) resolved to nothing in the target inventory,2026-08-16T15:50:20+00:00
ec2.instance,ec2,ec2,CapacityReservationId,scalar,ec2.capacity_reservation,ec2-capacity-reservation,references,doc,medium,service-exact,describe_instances,ec2.DescribeInstances,,yes,absent,3,0,0.00,0,0,0,path never populated across 3 resource(s),2026-08-16T15:50:20+00:00
ec2.instance,ec2,ec2,CapacityReservationSpecification.CapacityReservationTarget.CapacityReservationId,dotted,ec2.capacity_reservation,ec2-capacity-reservation,references,doc,medium,service-partial,describe_instances,ec2.DescribeInstances,,yes,absent,3,0,0.00,0,0,0,path never populated across 3 resource(s),2026-08-16T15:50:20+00:00
ec2.instance,ec2,ec2,CapacityReservationSpecification.CapacityReservationTarget.CapacityReservationResourceGroupArn,dotted,ec2.capacity_reservation,ec2-capacity-reservation,references,doc,medium,service-partial,describe_instances,ec2.DescribeInstances,,yes,absent,3,0,0.00,0,0,0,path never populated across 3 resource(s),2026-08-16T15:50:20+00:00
ec2.instance,ec2,ec2,FleetId,scalar,ec2.ec2_fleet,,references,doc,medium,service-exact,describe_fleet_instances,ec2.DescribeFleetInstances,,no,absent,3,0,0.00,0,0,0,path never populated across 3 resource(s),2026-08-16T15:50:20+00:00
ec2.instance,ec2,ec2,KeyName,scalar,ec2.key_pair,,references,doc,medium,well-known,describe_instances,ec2.DescribeInstances,,yes,absent,3,0,0.00,0,0,0,path never populated across 3 resource(s),2026-08-16T15:50:20+00:00
ec2.instance,ec2,ec2,NetworkInterfaces[].Attachment.AttachmentId,list_dict,ec2.network_interface,eni,attached-to,doc,medium,curated,describe_instances,ec2.DescribeInstances: 'network interface attachment',,yes,refuted,3,3,1.00,0,8,0,all 8 value(s) resolved to nothing in the target inventory,2026-08-16T15:50:20+00:00
ec2.instance,ec2,ec2,NetworkInterfaces[].NetworkInterfaceId,list_dict,ec2.network_interface,eni,attached-to,hand,high,curated,describe_instances,hand-authored from API response shape,"asff,doc",yes,confirmed,3,3,1.00,8,0,0,all 3 resource(s) populated the path and 8 target(s) resolved,2026-08-16T15:50:20+00:00
ec2.instance,ec2,ec2,GroupName,scalar,ec2.placement_group,,references,doc,medium,well-known,describe_instance_topology,ec2.DescribeInstanceTopology,,yes,absent,3,0,0.00,0,0,0,path never populated across 3 resource(s),2026-08-16T15:50:20+00:00
ec2.instance,ec2,ec2,Placement.GroupId,dotted,ec2.placement_group,,references,doc,medium,well-known,describe_instances,ec2.DescribeInstances,,yes,absent,3,0,0.00,0,0,0,path never populated across 3 resource(s),2026-08-16T15:50:20+00:00
ec2.instance,ec2,ec2,Placement.GroupName,dotted,ec2.placement_group,,references,doc,medium,well-known,describe_instances,ec2.DescribeInstances,,yes,absent,3,0,0.00,0,0,0,path never populated across 3 resource(s),2026-08-16T15:50:20+00:00
ec2.instance,ec2,ec2,Groups[].GroupId,list_dict,ec2.security_group,security-group,protected-by,doc,medium,curated,describe_instances,ec2.DescribeInstances: 'security group',,yes,absent,3,0,0.00,0,0,0,path never populated across 3 resource(s),2026-08-16T15:50:20+00:00
ec2.instance,ec2,ec2,Groups[].GroupName,list_dict,ec2.security_group,security-group,protected-by,doc,medium,curated,describe_instances,ec2.DescribeInstances: 'security group',,yes,absent,3,0,0.00,0,0,0,path never populated across 3 resource(s),2026-08-16T15:50:20+00:00
ec2.instance,ec2,ec2,NetworkInterfaces[].Groups[].GroupId,list_nested,ec2.security_group,security-group,protected-by,c7n,high,curated,describe_instances,aws.ec2.filters.security-group,doc,yes,confirmed,3,3,1.00,8,0,0,all 3 resource(s) populated the path and 8 target(s) resolved,2026-08-16T15:50:20+00:00
ec2.instance,ec2,ec2,NetworkInterfaces[].Groups[].GroupName,list_nested,ec2.security_group,security-group,protected-by,doc,medium,curated,describe_instances,ec2.DescribeInstances: 'security group',,yes,confirmed,3,3,1.00,8,0,0,all 3 resource(s) populated the path and 8 target(s) resolved,2026-08-16T15:50:20+00:00
ec2.instance,ec2,ec2,SecurityGroups[].GroupId,list_dict,ec2.security_group,security-group,protected-by,doc,medium,curated,describe_instances,ec2.DescribeInstances: 'security group',,yes,confirmed,3,3,1.00,3,0,0,all 3 resource(s) populated the path and 3 target(s) resolved,2026-08-16T15:50:20+00:00
ec2.instance,ec2,ec2,SecurityGroups[].GroupName,list_dict,ec2.security_group,security-group,protected-by,doc,medium,curated,describe_instances,ec2.DescribeInstances: 'security group',,yes,confirmed,3,3,1.00,3,0,0,all 3 resource(s) populated the path and 3 target(s) resolved,2026-08-16T15:50:20+00:00
ec2.instance,ec2,ec2,NetworkInterfaces[].SubnetId,list_dict,ec2.subnet,subnet,contained-in,c7n,high,curated,describe_instances,aws.ec2.filters.subnet,doc,yes,confirmed,3,3,1.00,8,0,0,all 3 resource(s) populated the path and 8 target(s) resolved,2026-08-16T15:50:20+00:00
ec2.instance,ec2,ec2,SubnetId,scalar,ec2.subnet,subnet,contained-in,asff,high,curated,describe_instances,securityhub.GetFindings: 'subnet that the instance was launched in',doc,yes,confirmed,3,3,1.00,3,0,0,all 3 resource(s) populated the path and 3 target(s) resolved,2026-08-16T15:50:20+00:00
ec2.instance,ec2,ec2,BlockDeviceMappings[].Ebs.VolumeId,list_dict,ec2.volume,ebs,attached-to,hand,high,curated,describe_instances,hand-authored from API response shape,doc,yes,confirmed,3,3,1.00,3,0,0,all 3 resource(s) populated the path and 3 target(s) resolved,2026-08-16T15:50:20+00:00
ec2.instance,ec2,ec2,NetworkInterfaces[].VpcId,list_dict,ec2.vpc,vpc,contained-in,doc,medium,curated,describe_instances,ec2.DescribeInstances: 'VPC',,yes,confirmed,3,3,1.00,8,0,0,all 3 resource(s) populated the path and 8 target(s) resolved,2026-08-16T15:50:20+00:00
ec2.instance,ec2,ec2,VpcId,scalar,ec2.vpc,vpc,contained-in,c7n,high,curated,describe_instances,aws.ec2.filters.vpc,"asff,doc",yes,confirmed,3,3,1.00,3,0,0,all 3 resource(s) populated the path and 3 target(s) resolved,2026-08-16T15:50:20+00:00
ec2.instance,ec2,ec2,IamInstanceProfile.Arn,dotted,iam.instance_profile,iam-profile,assumes,hand,high,curated,describe_instances,hand-authored from API response shape,,yes,confirmed,3,3,1.00,3,0,0,all 3 resource(s) populated the path and 3 target(s) resolved,2026-08-16T15:50:20+00:00
ec2.instance_connect_endpoint,,ec2,InstanceConnectEndpointId,scalar,ec2.instance,ec2,references,doc,medium,well-known,describe_instance_connect_endpoints,ec2.DescribeInstanceConnectEndpoints,,yes,absent,0,0,,0,0,0,no source resources of this type were collected,2026-08-16T15:50:20+00:00
ec2.instance_connect_endpoint,,ec2,SubnetId,scalar,ec2.subnet,subnet,contained-in,doc,medium,leaf-hint,describe_instance_connect_endpoints,ec2.DescribeInstanceConnectEndpoints,,yes,absent,0,0,,0,0,0,no source resources of this type were collected,2026-08-16T15:50:20+00:00
ec2.instance_connect_endpoint,,ec2,VpcId,scalar,ec2.vpc,vpc,contained-in,doc,medium,leaf-hint,describe_instance_connect_endpoints,ec2.DescribeInstanceConnectEndpoints,,yes,absent,0,0,,0,0,0,no source resources of this type were collected,2026-08-16T15:50:20+00:00
ec2.instance_status,,ec2,InstanceId,scalar,ec2.instance,ec2,references,doc,medium,leaf-hint,describe_instance_status,ec2.DescribeInstanceStatus,,yes,absent,0,0,,0,0,0,no source resources of this type were collected,2026-08-16T15:50:20+00:00
ec2.internet_gateway,internet-gateway,ec2,Attachments[].VpcId,list_dict,ec2.vpc,vpc,attached-to,hand,high,curated,describe_internet_gateways,hand-authored from API response shape,doc,yes,partial,2,1,0.50,1,0,0,"1/2 resources populated the path; 1 target(s) resolved, 0 dangled",2026-08-16T15:50:20+00:00
ec2.ipam,,ec2,AddressAllocationId,scalar,ec2.eip,elastic-ip,references,doc,medium,service-partial,get_ipam_discovered_public_addresses,ec2.GetIpamDiscoveredPublicAddresses,,yes,absent,0,0,,0,0,0,no source resources of this type were collected,2026-08-16T15:50:20+00:00
ec2.ipam,,ec2,InstanceId,scalar,ec2.instance,ec2,references,doc,medium,leaf-hint,get_ipam_discovered_public_addresses,ec2.GetIpamDiscoveredPublicAddresses,,yes,absent,0,0,,0,0,0,no source resources of this type were collected,2026-08-16T15:50:20+00:00
ec2.ipam,,ec2,NetworkInterfaceId,scalar,ec2.network_interface,eni,attached-to,doc,medium,leaf-hint,get_ipam_discovered_public_addresses,ec2.GetIpamDiscoveredPublicAddresses,,yes,absent,0,0,,0,0,0,no source resources of this type were collected,2026-08-16T15:50:20+00:00
ec2.ipam,,ec2,SubnetId,scalar,ec2.subnet,subnet,contained-in,doc,medium,leaf-hint,get_ipam_discovered_public_addresses,ec2.GetIpamDiscoveredPublicAddresses,,yes,absent,0,0,,0,0,0,no source resources of this type were collected,2026-08-16T15:50:20+00:00
ec2.ipam,,ec2,VpcId,scalar,ec2.vpc,vpc,contained-in,doc,medium,leaf-hint,get_ipam_address_history,ec2.GetIpamAddressHistory,,yes,absent,0,0,,0,0,0,no source resources of this type were collected,2026-08-16T15:50:20+00:00
ec2.ipam_pool,,ec2,IpamArn,scalar,ec2.ipam,,references,doc,medium,service-exact,describe_ipam_pools,ec2.DescribeIpamPools,,yes,absent,0,0,,0,0,0,no source resources of this type were collected,2026-08-16T15:50:20+00:00
ec2.ipam_pool,,ec2,IpamScopeArn,scalar,networkflowmonitor.scope,,references,doc,medium,global-exact,describe_ipam_pools,ec2.DescribeIpamPools,,yes,absent,0,0,,0,0,0,no source resources of this type were collected,2026-08-16T15:50:20+00:00
ec2.ipam_scope,,ec2,IpamArn,scalar,ec2.ipam,,references,doc,medium,service-exact,describe_ipam_scopes,ec2.DescribeIpamScopes,,yes,absent,0,0,,0,0,0,no source resources of this type were collected,2026-08-16T15:50:20+00:00
ec2.ipam_scope,,ec2,IpamScopeId,scalar,networkflowmonitor.scope,,references,doc,medium,global-exact,describe_ipam_scopes,ec2.DescribeIpamScopes,,yes,absent,0,0,,0,0,0,no source resources of this type were collected,2026-08-16T15:50:20+00:00
ec2.launch_template_data,,ec2,LaunchTemplateData.CapacityReservationSpecification.CapacityReservationTarget.CapacityReservationId,dotted,ec2.capacity_reservation,ec2-capacity-reservation,references,doc,medium,service-partial,get_launch_template_data,ec2.GetLaunchTemplateData,,yes,absent,0,0,,0,0,0,no source resources of this type were collected,2026-08-16T15:50:20+00:00
ec2.launch_template_data,,ec2,LaunchTemplateData.CapacityReservationSpecification.CapacityReservationTarget.CapacityReservationResourceGroupArn,dotted,ec2.capacity_reservation,ec2-capacity-reservation,references,doc,medium,service-partial,get_launch_template_data,ec2.GetLaunchTemplateData,,yes,absent,0,0,,0,0,0,no source resources of this type were collected,2026-08-16T15:50:20+00:00
ec2.launch_template_data,,ec2,LaunchTemplateData.IamInstanceProfile.Name,dotted,ec2.instance,ec2,references,doc,medium,well-known,get_launch_template_data,ec2.GetLaunchTemplateData,,yes,absent,0,0,,0,0,0,no source resources of this type were collected,2026-08-16T15:50:20+00:00
ec2.launch_template_data,,ec2,LaunchTemplateData.KeyName,dotted,ec2.key_pair,,references,doc,medium,well-known,get_launch_template_data,ec2.GetLaunchTemplateData,,yes,absent,0,0,,0,0,0,no source resources of this type were collected,2026-08-16T15:50:20+00:00
ec2.launch_template_data,,ec2,LaunchTemplateData.NetworkInterfaces[].NetworkInterfaceId,list_dict,ec2.network_interface,eni,attached-to,doc,medium,leaf-hint,get_launch_template_data,ec2.GetLaunchTemplateData,,yes,absent,0,0,,0,0,0,no source resources of this type were collected,2026-08-16T15:50:20+00:00
ec2.launch_template_data,,ec2,LaunchTemplateData.Placement.GroupId,dotted,ec2.placement_group,,references,doc,medium,well-known,get_launch_template_data,ec2.GetLaunchTemplateData,,yes,absent,0,0,,0,0,0,no source resources of this type were collected,2026-08-16T15:50:20+00:00
ec2.launch_template_data,,ec2,LaunchTemplateData.Placement.GroupName,dotted,ec2.placement_group,,references,doc,medium,well-known,get_launch_template_data,ec2.GetLaunchTemplateData,,yes,absent,0,0,,0,0,0,no source resources of this type were collected,2026-08-16T15:50:20+00:00
ec2.launch_template_data,,ec2,LaunchTemplateData.NetworkInterfaces[].SubnetId,list_dict,ec2.subnet,subnet,contained-in,doc,medium,leaf-hint,get_launch_template_data,ec2.GetLaunchTemplateData,,yes,absent,0,0,,0,0,0,no source resources of this type were collected,2026-08-16T15:50:20+00:00
ec2.launch_template_data,,ec2,LaunchTemplateData.BlockDeviceMappings[].Ebs.KmsKeyId,list_dict,kms.key,kms-key,encrypted-by,doc,medium,leaf-hint,get_launch_template_data,ec2.GetLaunchTemplateData,,yes,absent,0,0,,0,0,0,no source resources of this type were collected,2026-08-16T15:50:20+00:00
ec2.launch_template_version,,ec2,LaunchTemplateData.CapacityReservationSpecification.CapacityReservationTarget.CapacityReservationId,dotted,ec2.capacity_reservation,ec2-capacity-reservation,references,doc,medium,service-partial,describe_launch_template_versions,ec2.DescribeLaunchTemplateVersions,,yes,absent,0,0,,0,0,0,no source resources of this type were collected,2026-08-16T15:50:20+00:00
ec2.launch_template_version,,ec2,LaunchTemplateData.CapacityReservationSpecification.CapacityReservationTarget.CapacityReservationResourceGroupArn,dotted,ec2.capacity_reservation,ec2-capacity-reservation,references,doc,medium,service-partial,describe_launch_template_versions,ec2.DescribeLaunchTemplateVersions,,yes,absent,0,0,,0,0,0,no source resources of this type were collected,2026-08-16T15:50:20+00:00
ec2.launch_template_version,,ec2,LaunchTemplateData.IamInstanceProfile.Name,dotted,ec2.instance,ec2,references,doc,medium,well-known,describe_launch_template_versions,ec2.DescribeLaunchTemplateVersions,,yes,absent,0,0,,0,0,0,no source resources of this type were collected,2026-08-16T15:50:20+00:00
ec2.launch_template_version,,ec2,LaunchTemplateData.KeyName,dotted,ec2.key_pair,,references,doc,medium,well-known,describe_launch_template_versions,ec2.DescribeLaunchTemplateVersions,,yes,absent,0,0,,0,0,0,no source resources of this type were collected,2026-08-16T15:50:20+00:00
ec2.launch_template_version,,ec2,LaunchTemplateId,scalar,ec2.launch_template,launch-template-version,references,doc,medium,service-exact,describe_launch_template_versions,ec2.DescribeLaunchTemplateVersions,,yes,absent,0,0,,0,0,0,no source resources of this type were collected,2026-08-16T15:50:20+00:00
ec2.launch_template_version,,ec2,LaunchTemplateName,scalar,ec2.launch_template,launch-template-version,references,doc,medium,service-exact,describe_launch_template_versions,ec2.DescribeLaunchTemplateVersions,,yes,absent,0,0,,0,0,0,no source resources of this type were collected,2026-08-16T15:50:20+00:00
ec2.launch_template_version,,ec2,LaunchTemplateData.NetworkInterfaces[].NetworkInterfaceId,list_dict,ec2.network_interface,eni,attached-to,doc,medium,leaf-hint,describe_launch_template_versions,ec2.DescribeLaunchTemplateVersions,,yes,absent,0,0,,0,0,0,no source resources of this type were collected,2026-08-16T15:50:20+00:00
ec2.launch_template_version,,ec2,LaunchTemplateData.Placement.GroupId,dotted,ec2.placement_group,,references,doc,medium,well-known,describe_launch_template_versions,ec2.DescribeLaunchTemplateVersions,,yes,absent,0,0,,0,0,0,no source resources of this type were collected,2026-08-16T15:50:20+00:00
ec2.launch_template_version,,ec2,LaunchTemplateData.Placement.GroupName,dotted,ec2.placement_group,,references,doc,medium,well-known,describe_launch_template_versions,ec2.DescribeLaunchTemplateVersions,,yes,absent,0,0,,0,0,0,no source resources of this type were collected,2026-08-16T15:50:20+00:00
ec2.launch_template_version,,ec2,LaunchTemplateData.NetworkInterfaces[].SubnetId,list_dict,ec2.subnet,subnet,contained-in,doc,medium,leaf-hint,describe_launch_template_versions,ec2.DescribeLaunchTemplateVersions,,yes,absent,0,0,,0,0,0,no source resources of this type were collected,2026-08-16T15:50:20+00:00
ec2.launch_template_version,,ec2,LaunchTemplateData.BlockDeviceMappings[].Ebs.KmsKeyId,list_dict,kms.key,kms-key,encrypted-by,doc,medium,leaf-hint,describe_launch_template_versions,ec2.DescribeLaunchTemplateVersions,,yes,absent,0,0,,0,0,0,no source resources of this type were collected,2026-08-16T15:50:20+00:00
ec2.local_gateway_route_table,,ec2,LocalGatewayId,scalar,ec2.local_gateway,,references,doc,medium,service-exact,describe_local_gateway_route_tables,ec2.DescribeLocalGatewayRouteTables,,yes,absent,0,0,,0,0,0,no source resources of this type were collected,2026-08-16T15:50:20+00:00
ec2.local_gateway_route_table_virtual_interface_group_association,,ec2,LocalGatewayId,scalar,ec2.local_gateway,,references,doc,medium,service-exact,describe_local_gateway_route_table_virtual_interface_group_associations,ec2.DescribeLocalGatewayRouteTableVirtualInterfaceGroupAssociations,,yes,absent,0,0,,0,0,0,no source resources of this type were collected,2026-08-16T15:50:20+00:00
ec2.local_gateway_route_table_virtual_interface_group_association,,ec2,LocalGatewayRouteTableId,scalar,ec2.local_gateway_route_table,,references,doc,medium,service-exact,describe_local_gateway_route_table_virtual_interface_group_associations,ec2.DescribeLocalGatewayRouteTableVirtualInterfaceGroupAssociations,,yes,absent,0,0,,0,0,0,no source resources of this type were collected,2026-08-16T15:50:20+00:00
ec2.local_gateway_route_table_vpc_association,,ec2,LocalGatewayId,scalar,ec2.local_gateway,,references,doc,medium,service-exact,describe_local_gateway_route_table_vpc_associations,ec2.DescribeLocalGatewayRouteTableVpcAssociations,,yes,absent,0,0,,0,0,0,no source resources of this type were collected,2026-08-16T15:50:20+00:00
ec2.local_gateway_route_table_vpc_association,,ec2,LocalGatewayRouteTableId,scalar,ec2.local_gateway_route_table,,references,doc,medium,service-exact,describe_local_gateway_route_table_vpc_associations,ec2.DescribeLocalGatewayRouteTableVpcAssociations,,yes,absent,0,0,,0,0,0,no source resources of this type were collected,2026-08-16T15:50:20+00:00
ec2.local_gateway_route_table_vpc_association,,ec2,VpcId,scalar,ec2.vpc,vpc,contained-in,doc,medium,leaf-hint,describe_local_gateway_route_table_vpc_associations,ec2.DescribeLocalGatewayRouteTableVpcAssociations,,yes,absent,0,0,,0,0,0,no source resources of this type were collected,2026-08-16T15:50:20+00:00
ec2.local_gateway_virtual_interface,,ec2,LocalGatewayVirtualInterfaceId,scalar,directconnect.virtual_interface,,references,doc,medium,global-exact,describe_local_gateway_virtual_interfaces,ec2.DescribeLocalGatewayVirtualInterfaces,,yes,absent,0,0,,0,0,0,no source resources of this type were collected,2026-08-16T15:50:20+00:00
ec2.local_gateway_virtual_interface,,ec2,LocalGatewayId,scalar,ec2.local_gateway,,references,doc,medium,service-exact,describe_local_gateway_virtual_interfaces,ec2.DescribeLocalGatewayVirtualInterfaces,,yes,absent,0,0,,0,0,0,no source resources of this type were collected,2026-08-16T15:50:20+00:00
ec2.local_gateway_virtual_interface_group,,ec2,LocalGatewayId,scalar,ec2.local_gateway,,references,doc,medium,service-exact,describe_local_gateway_virtual_interface_groups,ec2.DescribeLocalGatewayVirtualInterfaceGroups,,yes,absent,0,0,,0,0,0,no source resources of this type were collected,2026-08-16T15:50:20+00:00
ec2.nat_gateway,nat-gateway,ec2,NatGatewayAddresses[].NetworkInterfaceId,list_dict,ec2.network_interface,eni,attached-to,doc,medium,leaf-hint,describe_nat_gateways,ec2.DescribeNatGateways,,yes,absent,0,0,,0,0,0,no source resources of this type were collected,2026-08-16T15:50:20+00:00
ec2.nat_gateway,nat-gateway,ec2,SubnetId,scalar,ec2.subnet,subnet,contained-in,hand,high,curated,describe_nat_gateways,hand-authored from API response shape,doc,yes,absent,0,0,,0,0,0,no source resources of this type were collected,2026-08-16T15:50:20+00:00
ec2.nat_gateway,nat-gateway,ec2,VpcId,scalar,ec2.vpc,vpc,contained-in,doc,medium,curated,describe_nat_gateways,ec2.DescribeNatGateways: 'VPC in which the NAT gateway is located',,yes,absent,0,0,,0,0,0,no source resources of this type were collected,2026-08-16T15:50:20+00:00
ec2.network_acl,network-acl,ec2,Associations[].SubnetId,list_dict,ec2.subnet,subnet,contained-in,c7n,high,curated,describe_network_acls,aws.network-acl.filters.subnet,doc,yes,confirmed,1,1,1.00,4,0,0,all 1 resource(s) populated the path and 4 target(s) resolved,2026-08-16T15:50:20+00:00
ec2.network_acl,network-acl,ec2,VpcId,scalar,ec2.vpc,vpc,contained-in,asff,high,curated,describe_network_acls,securityhub.GetFindings: 'VPC for the network ACL',doc,yes,confirmed,1,1,1.00,1,0,0,all 1 resource(s) populated the path and 1 target(s) resolved,2026-08-16T15:50:20+00:00
ec2.network_interface,eni,ec2,Attachment.InstanceId,dotted,ec2.instance,ec2,attached-to,hand,high,curated,describe_network_interfaces,hand-authored from API response shape,"asff,doc",yes,partial,18,8,0.44,8,0,0,"8/18 resources populated the path; 8 target(s) resolved, 0 dangled",2026-08-16T15:50:20+00:00
ec2.network_interface,eni,ec2,GroupId,scalar,ec2.security_group,security-group,protected-by,doc,medium,well-known,describe_network_interface_attribute,ec2.DescribeNetworkInterfaceAttribute,,yes,absent,18,0,0.00,0,0,0,path never populated across 18 resource(s),2026-08-16T15:50:20+00:00
ec2.network_interface,eni,ec2,GroupName,scalar,ec2.security_group,security-group,protected-by,doc,medium,well-known,describe_network_interface_attribute,ec2.DescribeNetworkInterfaceAttribute,,yes,absent,18,0,0.00,0,0,0,path never populated across 18 resource(s),2026-08-16T15:50:20+00:00
ec2.network_interface,eni,ec2,Groups[].GroupId,list_dict,ec2.security_group,security-group,protected-by,c7n,high,curated,describe_network_interfaces,aws.eni.filters.security-group,doc,yes,partial,18,15,0.83,15,0,0,"15/18 resources populated the path; 15 target(s) resolved, 0 dangled",2026-08-16T15:50:20+00:00
ec2.network_interface,eni,ec2,Groups[].GroupName,list_dict,ec2.security_group,security-group,protected-by,doc,medium,curated,describe_network_interfaces,ec2.DescribeNetworkInterfaces: 'security group',,yes,partial,18,15,0.83,15,0,0,"15/18 resources populated the path; 15 target(s) resolved, 0 dangled",2026-08-16T15:50:20+00:00
ec2.network_interface,eni,ec2,SecurityGroups[].GroupId,list_dict,ec2.security_group,security-group,protected-by,asff,medium,curated,describe_network_interfaces,securityhub.GetFindings: 'security group',,yes,absent,18,0,0.00,0,0,0,path never populated across 18 resource(s),2026-08-16T15:50:20+00:00
ec2.network_interface,eni,ec2,SecurityGroups[].GroupName,list_dict,ec2.security_group,security-group,protected-by,asff,medium,curated,describe_network_interfaces,securityhub.GetFindings: 'security group',,yes,absent,18,0,0.00,0,0,0,path never populated across 18 resource(s),2026-08-16T15:50:20+00:00
ec2.network_interface,eni,ec2,SubnetId,scalar,ec2.subnet,subnet,contained-in,c7n,high,curated,describe_network_interfaces,aws.eni.filters.subnet,doc,yes,confirmed,18,18,1.00,18,0,0,all 18 resource(s) populated the path and 18 target(s) resolved,2026-08-16T15:50:20+00:00
ec2.network_interface,eni,ec2,VpcId,scalar,ec2.vpc,vpc,contained-in,c7n,high,curated,describe_network_interfaces,aws.eni.filters.vpc,doc,yes,confirmed,18,18,1.00,18,0,0,all 18 resource(s) populated the path and 18 target(s) resolved,2026-08-16T15:50:20+00:00
ec2.network_interface_permission,,ec2,NetworkInterfaceId,scalar,ec2.network_interface,eni,attached-to,doc,medium,leaf-hint,describe_network_interface_permissions,ec2.DescribeNetworkInterfacePermissions,,yes,absent,0,0,,0,0,0,no source resources of this type were collected,2026-08-16T15:50:20+00:00
ec2.network_interface_permission,,ec2,NetworkInterfacePermissionId,scalar,ec2.network_interface,eni,attached-to,doc,medium,well-known,describe_network_interface_permissions,ec2.DescribeNetworkInterfacePermissions,,yes,absent,0,0,,0,0,0,no source resources of this type were collected,2026-08-16T15:50:20+00:00
ec2.route_table,route-table,ec2,Routes[].CarrierGatewayId,list_dict,ec2.carrier_gateway,,references,doc,medium,service-exact,describe_route_tables,ec2.DescribeRouteTables,,yes,absent,1,0,0.00,0,0,0,path never populated across 1 resource(s),2026-08-16T15:50:20+00:00
ec2.route_table,route-table,ec2,Routes[].EgressOnlyInternetGatewayId,list_dict,ec2.egress_only_internet_gateway,,references,doc,medium,service-exact,describe_route_tables,ec2.DescribeRouteTables,,yes,absent,1,0,0.00,0,0,0,path never populated across 1 resource(s),2026-08-16T15:50:20+00:00
ec2.route_table,route-table,ec2,Routes[].InstanceId,list_dict,ec2.instance,ec2,references,doc,medium,leaf-hint,describe_route_tables,ec2.DescribeRouteTables,,yes,absent,1,0,0.00,0,0,0,path never populated across 1 resource(s),2026-08-16T15:50:20+00:00
ec2.route_table,route-table,ec2,AssociationSet[].GatewayId,list_dict,ec2.internet_gateway,internet-gateway,references,asff,medium,curated,describe_route_tables,securityhub.GetFindings: 'internet gateway or virtual private gateway',,yes,absent,1,0,0.00,0,0,0,path never populated across 1 resource(s),2026-08-16T15:50:20+00:00
ec2.route_table,route-table,ec2,Associations[].GatewayId,list_dict,ec2.internet_gateway,internet-gateway,references,doc,medium,curated,describe_route_tables,ec2.DescribeRouteTables: 'internet gateway or virtual private gateway',,yes,absent,1,0,0.00,0,0,0,path never populated across 1 resource(s),2026-08-16T15:50:20+00:00
ec2.route_table,route-table,ec2,Routes[].LocalGatewayId,list_dict,ec2.local_gateway,,references,doc,medium,service-exact,describe_route_tables,ec2.DescribeRouteTables,,yes,absent,1,0,0.00,0,0,0,path never populated across 1 resource(s),2026-08-16T15:50:20+00:00
ec2.route_table,route-table,ec2,Routes[].NatGatewayId,list_dict,ec2.nat_gateway,nat-gateway,references,doc,medium,leaf-hint,describe_route_tables,ec2.DescribeRouteTables,,yes,absent,1,0,0.00,0,0,0,path never populated across 1 resource(s),2026-08-16T15:50:20+00:00
ec2.route_table,route-table,ec2,RouteSet[].NetworkInterfaceId,list_dict,ec2.network_interface,eni,attached-to,asff,medium,curated,describe_route_tables,securityhub.GetFindings: 'network interface',,yes,absent,1,0,0.00,0,0,0,path never populated across 1 resource(s),2026-08-16T15:50:20+00:00
ec2.route_table,route-table,ec2,Routes[].NetworkInterfaceId,list_dict,ec2.network_interface,eni,attached-to,doc,medium,curated,describe_route_tables,ec2.DescribeRouteTables: 'network interface',,yes,absent,1,0,0.00,0,0,0,path never populated across 1 resource(s),2026-08-16T15:50:20+00:00
ec2.route_table,route-table,ec2,AssociationSet[].SubnetId,list_dict,ec2.subnet,subnet,contained-in,asff,medium,curated,describe_route_tables,securityhub.GetFindings: 'subnet',,yes,absent,1,0,0.00,0,0,0,path never populated across 1 resource(s),2026-08-16T15:50:20+00:00
ec2.route_table,route-table,ec2,Associations[].SubnetId,list_dict,ec2.subnet,subnet,contained-in,c7n,high,curated,describe_route_tables,aws.route-table.filters.subnet,doc,yes,absent,1,0,0.00,0,0,0,path never populated across 1 resource(s),2026-08-16T15:50:20+00:00
ec2.route_table,route-table,ec2,VpcId,scalar,ec2.vpc,vpc,contained-in,c7n,high,curated,describe_route_tables,aws.route-table.filters.vpc,"asff,doc",yes,confirmed,1,1,1.00,1,0,0,all 1 resource(s) populated the path and 1 target(s) resolved,2026-08-16T15:50:20+00:00
ec2.route_table,route-table,ec2,Routes[].VpcPeeringConnectionId,list_dict,ec2.vpc_peering_connection,peering-connection,references,doc,medium,leaf-hint,describe_route_tables,ec2.DescribeRouteTables,,yes,absent,1,0,0.00,0,0,0,path never populated across 1 resource(s),2026-08-16T15:50:20+00:00
ec2.security_group,security-group,ec2,TransitGatewayId,scalar,ec2.transit_gateway,transit-gateway,references,doc,medium,service-exact,describe_security_group_references,ec2.DescribeSecurityGroupReferences,,yes,absent,31,0,0.00,0,0,0,path never populated across 31 resource(s),2026-08-16T15:50:20+00:00
ec2.security_group,security-group,ec2,IpPermissionsEgress[].UserIdGroupPairs[].VpcId,list_nested,ec2.vpc,vpc,contained-in,asff,high,curated,describe_security_groups,securityhub.GetFindings: 'VPC for the referenced security group',doc,yes,absent,31,0,0.00,0,0,0,path never populated across 31 resource(s),2026-08-16T15:50:20+00:00
ec2.security_group,security-group,ec2,IpPermissions[].UserIdGroupPairs[].VpcId,list_nested,ec2.vpc,vpc,contained-in,asff,high,curated,describe_security_groups,securityhub.GetFindings: 'VPC for the referenced security group',doc,yes,absent,31,0,0.00,0,0,0,path never populated across 31 resource(s),2026-08-16T15:50:20+00:00
ec2.security_group,security-group,ec2,ReferencingVpcId,scalar,ec2.vpc,vpc,contained-in,doc,medium,well-known,describe_security_group_references,ec2.DescribeSecurityGroupReferences,,yes,absent,31,0,0.00,0,0,0,path never populated across 31 resource(s),2026-08-16T15:50:20+00:00
ec2.security_group,security-group,ec2,StaleIpPermissionsEgress[].UserIdGroupPairs[].VpcId,list_nested,ec2.vpc,vpc,contained-in,doc,medium,leaf-hint,describe_stale_security_groups,ec2.DescribeStaleSecurityGroups,,yes,absent,31,0,0.00,0,0,0,path never populated across 31 resource(s),2026-08-16T15:50:20+00:00
ec2.security_group,security-group,ec2,StaleIpPermissions[].UserIdGroupPairs[].VpcId,list_nested,ec2.vpc,vpc,contained-in,doc,medium,leaf-hint,describe_stale_security_groups,ec2.DescribeStaleSecurityGroups,,yes,absent,31,0,0.00,0,0,0,path never populated across 31 resource(s),2026-08-16T15:50:20+00:00
ec2.security_group,security-group,ec2,VpcId,scalar,ec2.vpc,vpc,contained-in,hand,high,curated,describe_security_groups,hand-authored from API response shape,"asff,doc",yes,confirmed,31,31,1.00,31,0,0,all 31 resource(s) populated the path and 31 target(s) resolved,2026-08-16T15:50:20+00:00
ec2.security_group,security-group,ec2,IpPermissionsEgress[].UserIdGroupPairs[].VpcPeeringConnectionId,list_nested,ec2.vpc_peering_connection,peering-connection,references,asff,high,curated,describe_security_groups,securityhub.GetFindings: 'VPC peering connection',doc,yes,absent,31,0,0.00,0,0,0,path never populated across 31 resource(s),2026-08-16T15:50:20+00:00
ec2.security_group,security-group,ec2,IpPermissions[].UserIdGroupPairs[].VpcPeeringConnectionId,list_nested,ec2.vpc_peering_connection,peering-connection,references,asff,high,curated,describe_security_groups,securityhub.GetFindings: 'VPC peering connection',doc,yes,absent,31,0,0.00,0,0,0,path never populated across 31 resource(s),2026-08-16T15:50:20+00:00
ec2.security_group,security-group,ec2,StaleIpPermissionsEgress[].UserIdGroupPairs[].VpcPeeringConnectionId,list_nested,ec2.vpc_peering_connection,peering-connection,references,doc,medium,leaf-hint,describe_stale_security_groups,ec2.DescribeStaleSecurityGroups,,yes,absent,31,0,0.00,0,0,0,path never populated across 31 resource(s),2026-08-16T15:50:20+00:00
ec2.security_group,security-group,ec2,StaleIpPermissions[].UserIdGroupPairs[].VpcPeeringConnectionId,list_nested,ec2.vpc_peering_connection,peering-connection,references,doc,medium,leaf-hint,describe_stale_security_groups,ec2.DescribeStaleSecurityGroups,,yes,absent,31,0,0.00,0,0,0,path never populated across 31 resource(s),2026-08-16T15:50:20+00:00
ec2.security_group,security-group,ec2,VpcPeeringConnectionId,scalar,ec2.vpc_peering_connection,peering-connection,references,doc,medium,leaf-hint,describe_security_group_references,ec2.DescribeSecurityGroupReferences,,yes,absent,31,0,0.00,0,0,0,path never populated across 31 resource(s),2026-08-16T15:50:20+00:00
ec2.security_group_rule,,ec2,PrefixListId,scalar,ec2.prefix_list,prefix-list,references,doc,medium,service-exact,describe_security_group_rules,ec2.DescribeSecurityGroupRules,,yes,absent,228,0,0.00,0,0,0,path never populated across 228 resource(s),2026-08-16T15:50:20+00:00
ec2.security_group_rule,,ec2,GroupId,scalar,ec2.security_group,security-group,protected-by,doc,medium,well-known,describe_security_group_rules,ec2.DescribeSecurityGroupRules,,yes,confirmed,228,228,1.00,228,0,0,all 228 resource(s) populated the path and 228 target(s) resolved,2026-08-16T15:50:20+00:00
ec2.security_group_rule,,ec2,ReferencedGroupInfo.GroupId,dotted,ec2.security_group,security-group,protected-by,doc,medium,well-known,describe_security_group_rules,ec2.DescribeSecurityGroupRules,,yes,partial,228,128,0.56,128,0,0,"128/228 resources populated the path; 128 target(s) resolved, 0 dangled",2026-08-16T15:50:20+00:00
ec2.security_group_rule,,ec2,SecurityGroupRuleId,scalar,ec2.security_group,security-group,protected-by,doc,medium,well-known,describe_security_group_rules,ec2.DescribeSecurityGroupRules,,yes,refuted,228,228,1.00,0,228,228,228/228 values failed the type condition (wrong id_prefix or ARN service),2026-08-16T15:50:20+00:00
ec2.security_group_rule,,ec2,ReferencedGroupInfo.VpcId,dotted,ec2.vpc,vpc,contained-in,doc,medium,leaf-hint,describe_security_group_rules,ec2.DescribeSecurityGroupRules,,yes,absent,228,0,0.00,0,0,0,path never populated across 228 resource(s),2026-08-16T15:50:20+00:00
ec2.security_group_rule,,ec2,ReferencedGroupInfo.VpcPeeringConnectionId,dotted,ec2.vpc_peering_connection,peering-connection,references,doc,medium,leaf-hint,describe_security_group_rules,ec2.DescribeSecurityGroupRules,,yes,absent,228,0,0.00,0,0,0,path never populated across 228 resource(s),2026-08-16T15:50:20+00:00
ec2.snapshots_in_recycle_bin,,ec2,VolumeId,scalar,ec2.volume,ebs,attached-to,doc,medium,leaf-hint,list_snapshots_in_recycle_bin,ec2.ListSnapshotsInRecycleBin,,yes,absent,0,0,,0,0,0,no source resources of this type were collected,2026-08-16T15:50:20+00:00
ec2.spot_fleet,ec2-spot-fleet-request,ec2,SpotFleetRequestConfig.LaunchSpecifications[].ImageId,list_dict,ec2.ami,ami,launched-from,doc,medium,curated,,ec2.DescribeSpotFleetRequests: 'AMI',,no,absent,0,0,,0,0,0,no source resources of this type were collected,2026-08-16T15:50:20+00:00
ec2.spot_fleet,ec2-spot-fleet-request,ec2,SpotFleetRequestConfig.LaunchSpecifications[].BlockDeviceMappings[].Ebs.SnapshotId,list_nested,ec2.ebs_snapshot,ebs-snapshot,created-from,doc,medium,curated,,ec2.DescribeSpotFleetRequests: 'snapshot',,no,absent,0,0,,0,0,0,no source resources of this type were collected,2026-08-16T15:50:20+00:00
ec2.spot_fleet,ec2-spot-fleet-request,ec2,EventInformation.InstanceId,dotted,ec2.instance,ec2,references,doc,medium,leaf-hint,describe_spot_fleet_request_history,ec2.DescribeSpotFleetRequestHistory,,no,absent,0,0,,0,0,0,no source resources of this type were collected,2026-08-16T15:50:20+00:00
ec2.spot_fleet,ec2-spot-fleet-request,ec2,SpotFleetRequestConfig.LaunchSpecifications[].IamInstanceProfile.Name,list_dict,ec2.instance,ec2,references,doc,medium,well-known,describe_spot_fleet_requests,ec2.DescribeSpotFleetRequests,,no,absent,0,0,,0,0,0,no source resources of this type were collected,2026-08-16T15:50:20+00:00
ec2.spot_fleet,ec2-spot-fleet-request,ec2,SpotFleetRequestConfig.LaunchSpecifications[].KeyName,list_dict,ec2.key_pair,,references,doc,medium,well-known,describe_spot_fleet_requests,ec2.DescribeSpotFleetRequests,,no,absent,0,0,,0,0,0,no source resources of this type were collected,2026-08-16T15:50:20+00:00
ec2.spot_fleet,ec2-spot-fleet-request,ec2,SpotFleetRequestConfig.LaunchTemplateConfigs[].LaunchTemplateSpecification.LaunchTemplateId,list_dict,ec2.launch_template,launch-template-version,references,doc,medium,service-exact,describe_spot_fleet_requests,ec2.DescribeSpotFleetRequests,,no,absent,0,0,,0,0,0,no source resources of this type were collected,2026-08-16T15:50:20+00:00
ec2.spot_fleet,ec2-spot-fleet-request,ec2,SpotFleetRequestConfig.LaunchTemplateConfigs[].LaunchTemplateSpecification.LaunchTemplateName,list_dict,ec2.launch_template,launch-template-version,references,doc,medium,service-exact,describe_spot_fleet_requests,ec2.DescribeSpotFleetRequests,,no,absent,0,0,,0,0,0,no source resources of this type were collected,2026-08-16T15:50:20+00:00
ec2.spot_fleet,ec2-spot-fleet-request,ec2,SpotFleetRequestConfig.LaunchSpecifications[].NetworkInterfaces[].NetworkInterfaceId,list_nested,ec2.network_interface,eni,attached-to,doc,medium,curated,,ec2.DescribeSpotFleetRequests: 'network interface',,no,absent,0,0,,0,0,0,no source resources of this type were collected,2026-08-16T15:50:20+00:00
ec2.spot_fleet,ec2-spot-fleet-request,ec2,SpotFleetRequestConfig.LaunchSpecifications[].Placement.GroupName,list_dict,ec2.placement_group,,references,doc,medium,well-known,describe_spot_fleet_requests,ec2.DescribeSpotFleetRequests,,no,absent,0,0,,0,0,0,no source resources of this type were collected,2026-08-16T15:50:20+00:00
ec2.spot_fleet,ec2-spot-fleet-request,ec2,SpotFleetRequestConfig.LaunchSpecifications[].SecurityGroups[].GroupId,list_nested,ec2.security_group,security-group,protected-by,doc,medium,curated,,ec2.DescribeSpotFleetRequests: 'security group',,no,absent,0,0,,0,0,0,no source resources of this type were collected,2026-08-16T15:50:20+00:00
ec2.spot_fleet,ec2-spot-fleet-request,ec2,SpotFleetRequestConfig.LaunchSpecifications[].SecurityGroups[].GroupName,list_nested,ec2.security_group,security-group,protected-by,doc,medium,curated,,ec2.DescribeSpotFleetRequests: 'security group',,no,absent,0,0,,0,0,0,no source resources of this type were collected,2026-08-16T15:50:20+00:00
ec2.spot_fleet,ec2-spot-fleet-request,ec2,SpotFleetRequestConfig.LaunchSpecifications[].NetworkInterfaces[].SubnetId,list_nested,ec2.subnet,subnet,contained-in,doc,medium,curated,,ec2.DescribeSpotFleetRequests: 'subnet associated with the network interface',,no,absent,0,0,,0,0,0,no source resources of this type were collected,2026-08-16T15:50:20+00:00
ec2.spot_fleet,ec2-spot-fleet-request,ec2,SpotFleetRequestConfig.LaunchSpecifications[].SubnetId,list_dict,ec2.subnet,subnet,contained-in,doc,medium,curated,,ec2.DescribeSpotFleetRequests: 'subnets in which to launch the instances',,no,absent,0,0,,0,0,0,no source resources of this type were collected,2026-08-16T15:50:20+00:00
ec2.spot_fleet,ec2-spot-fleet-request,ec2,SpotFleetRequestConfig.LaunchTemplateConfigs[].Overrides[].SubnetId,list_nested,ec2.subnet,subnet,contained-in,doc,medium,curated,,ec2.DescribeSpotFleetRequests: 'subnet in which to launch the instances',,no,absent,0,0,,0,0,0,no source resources of this type were collected,2026-08-16T15:50:20+00:00
ec2.spot_fleet,ec2-spot-fleet-request,ec2,SpotFleetRequestConfig.LaunchSpecifications[].BlockDeviceMappings[].Ebs.KmsKeyId,list_nested,kms.key,kms-key,encrypted-by,doc,medium,leaf-hint,describe_spot_fleet_requests,ec2.DescribeSpotFleetRequests,,no,absent,0,0,,0,0,0,no source resources of this type were collected,2026-08-16T15:50:20+00:00
ec2.spot_fleet,ec2-spot-fleet-request,ec2,SpotFleetRequestConfig.LaunchSpecifications[].BlockDeviceMappings[].Ebs.OutpostArn,list_nested,outposts.outpost,,references,doc,medium,global-exact,describe_spot_fleet_requests,ec2.DescribeSpotFleetRequests,,no,absent,0,0,,0,0,0,no source resources of this type were collected,2026-08-16T15:50:20+00:00
ec2.spot_instance_request,,ec2,InstanceId,scalar,ec2.instance,ec2,references,doc,medium,leaf-hint,describe_spot_instance_requests,ec2.DescribeSpotInstanceRequests,,yes,confirmed,1,1,1.00,1,0,0,all 1 resource(s) populated the path and 1 target(s) resolved,2026-08-16T15:50:20+00:00
ec2.spot_instance_request,,ec2,LaunchSpecification.IamInstanceProfile.Name,dotted,ec2.instance,ec2,references,doc,medium,well-known,describe_spot_instance_requests,ec2.DescribeSpotInstanceRequests,,yes,refuted,1,1,1.00,0,1,1,1/1 values failed the type condition (wrong id_prefix or ARN service),2026-08-16T15:50:20+00:00
ec2.spot_instance_request,,ec2,LaunchSpecification.KeyName,dotted,ec2.key_pair,,references,doc,medium,well-known,describe_spot_instance_requests,ec2.DescribeSpotInstanceRequests,,yes,absent,1,0,0.00,0,0,0,path never populated across 1 resource(s),2026-08-16T15:50:20+00:00
ec2.spot_instance_request,,ec2,LaunchSpecification.NetworkInterfaces[].NetworkInterfaceId,list_dict,ec2.network_interface,eni,attached-to,doc,medium,leaf-hint,describe_spot_instance_requests,ec2.DescribeSpotInstanceRequests,,yes,absent,1,0,0.00,0,0,0,path never populated across 1 resource(s),2026-08-16T15:50:20+00:00
ec2.spot_instance_request,,ec2,LaunchSpecification.Placement.GroupName,dotted,ec2.placement_group,,references,doc,medium,well-known,describe_spot_instance_requests,ec2.DescribeSpotInstanceRequests,,yes,absent,1,0,0.00,0,0,0,path never populated across 1 resource(s),2026-08-16T15:50:20+00:00
ec2.spot_instance_request,,ec2,LaunchSpecification.SecurityGroups[].GroupId,list_dict,ec2.security_group,security-group,protected-by,doc,medium,well-known,describe_spot_instance_requests,ec2.DescribeSpotInstanceRequests,,yes,confirmed,1,1,1.00,1,0,0,all 1 resource(s) populated the path and 1 target(s) resolved,2026-08-16T15:50:20+00:00
ec2.spot_instance_request,,ec2,LaunchSpecification.SecurityGroups[].GroupName,list_dict,ec2.security_group,security-group,protected-by,doc,medium,well-known,describe_spot_instance_requests,ec2.DescribeSpotInstanceRequests,,yes,confirmed,1,1,1.00,1,0,0,all 1 resource(s) populated the path and 1 target(s) resolved,2026-08-16T15:50:20+00:00
ec2.spot_instance_request,,ec2,LaunchSpecification.NetworkInterfaces[].SubnetId,list_dict,ec2.subnet,subnet,contained-in,doc,medium,leaf-hint,describe_spot_instance_requests,ec2.DescribeSpotInstanceRequests,,yes,confirmed,1,1,1.00,1,0,0,all 1 resource(s) populated the path and 1 target(s) resolved,2026-08-16T15:50:20+00:00
ec2.spot_instance_request,,ec2,LaunchSpecification.SubnetId,dotted,ec2.subnet,subnet,contained-in,doc,medium,leaf-hint,describe_spot_instance_requests,ec2.DescribeSpotInstanceRequests,,yes,absent,1,0,0.00,0,0,0,path never populated across 1 resource(s),2026-08-16T15:50:20+00:00
ec2.spot_instance_request,,ec2,LaunchSpecification.BlockDeviceMappings[].Ebs.KmsKeyId,list_dict,kms.key,kms-key,encrypted-by,doc,medium,leaf-hint,describe_spot_instance_requests,ec2.DescribeSpotInstanceRequests,,yes,absent,1,0,0.00,0,0,0,path never populated across 1 resource(s),2026-08-16T15:50:20+00:00
ec2.spot_instance_request,,ec2,LaunchSpecification.BlockDeviceMappings[].Ebs.OutpostArn,list_dict,outposts.outpost,,references,doc,medium,global-exact,describe_spot_instance_requests,ec2.DescribeSpotInstanceRequests,,yes,absent,1,0,0.00,0,0,0,path never populated across 1 resource(s),2026-08-16T15:50:20+00:00
ec2.subnet,subnet,ec2,VpcId,scalar,ec2.vpc,vpc,contained-in,c7n,high,curated,describe_subnets,aws.subnet.filters.vpc,"asff,doc,hand",yes,confirmed,4,4,1.00,4,0,0,all 4 resource(s) populated the path and 4 target(s) resolved,2026-08-16T15:50:20+00:00
ec2.subnet,subnet,ec2,SubnetId,scalar,ec2.vpc_endpoint,vpc-endpoint,references,c7n,high,curated,describe_subnets,aws.subnet.filters.vpc-endpoint,,yes,refuted,4,4,1.00,0,4,4,4/4 values failed the type condition (wrong id_prefix or ARN service),2026-08-16T15:50:20+00:00
ec2.traffic_mirror_session,mirror-session,ec2,NetworkInterfaceId,scalar,ec2.network_interface,eni,attached-to,doc,medium,leaf-hint,describe_traffic_mirror_sessions,ec2.DescribeTrafficMirrorSessions,,yes,absent,0,0,,0,0,0,no source resources of this type were collected,2026-08-16T15:50:20+00:00
ec2.traffic_mirror_session,mirror-session,ec2,TrafficMirrorFilterId,scalar,ec2.traffic_mirror_filter,,references,doc,medium,service-exact,describe_traffic_mirror_sessions,ec2.DescribeTrafficMirrorSessions,,yes,absent,0,0,,0,0,0,no source resources of this type were collected,2026-08-16T15:50:20+00:00
ec2.traffic_mirror_session,mirror-session,ec2,TrafficMirrorTargetId,scalar,ec2.traffic_mirror_target,mirror-target,references,doc,medium,service-exact,describe_traffic_mirror_sessions,ec2.DescribeTrafficMirrorSessions,,yes,absent,0,0,,0,0,0,no source resources of this type were collected,2026-08-16T15:50:20+00:00
ec2.traffic_mirror_target,mirror-target,ec2,NetworkInterfaceId,scalar,ec2.network_interface,eni,attached-to,doc,medium,leaf-hint,describe_traffic_mirror_targets,ec2.DescribeTrafficMirrorTargets,,yes,absent,0,0,,0,0,0,no source resources of this type were collected,2026-08-16T15:50:20+00:00
ec2.transit_gateway_attachment,transit-attachment,ec2,Association.TransitGatewayRouteTableId,dotted,ec2.route_table,route-table,references,doc,medium,curated,describe_transit_gateway_attachments,ec2.DescribeTransitGatewayAttachments: 'route table for the transit gateway',,yes,absent,0,0,,0,0,0,no source resources of this type were collected,2026-08-16T15:50:20+00:00
ec2.transit_gateway_attachment,transit-attachment,ec2,SubnetIds.items,dotted,ec2.subnet,subnet,contained-in,cfn,high,curated,describe_transit_gateway_attachments,AWS::EC2::TransitGatewayAttachment/properties/SubnetIds/items,,yes,absent,0,0,,0,0,0,no source resources of this type were collected,2026-08-16T15:50:20+00:00
ec2.transit_gateway_attachment,transit-attachment,ec2,TransitGatewayId,scalar,ec2.transit_gateway,transit-gateway,references,doc,medium,service-exact,describe_transit_gateway_attachments,ec2.DescribeTransitGatewayAttachments,,yes,absent,0,0,,0,0,0,no source resources of this type were collected,2026-08-16T15:50:20+00:00
ec2.transit_gateway_attachment,transit-attachment,ec2,transit-gateway-id,scalar,ec2.transit_gateway,transit-gateway,contained-in,parent_spec,high,declared,,c7n parent_spec of transit-attachment,,yes,absent,0,0,,0,0,0,no source resources of this type were collected,2026-08-16T15:50:20+00:00
ec2.transit_gateway_connect,,ec2,TransitGatewayId,scalar,ec2.transit_gateway,transit-gateway,references,doc,medium,service-exact,describe_transit_gateway_connects,ec2.DescribeTransitGatewayConnects,,yes,absent,0,0,,0,0,0,no source resources of this type were collected,2026-08-16T15:50:20+00:00
ec2.transit_gateway_connect,,ec2,TransitGatewayAttachmentId,scalar,networkmanager.connect_attachment,,references,doc,medium,global-exact,describe_transit_gateway_connects,ec2.DescribeTransitGatewayConnects,,yes,absent,0,0,,0,0,0,no source resources of this type were collected,2026-08-16T15:50:20+00:00
ec2.transit_gateway_connect_peer,,ec2,TransitGatewayAttachmentId,scalar,networkmanager.connect_attachment,,references,doc,medium,global-exact,describe_transit_gateway_connect_peers,ec2.DescribeTransitGatewayConnectPeers,,yes,absent,0,0,,0,0,0,no source resources of this type were collected,2026-08-16T15:50:20+00:00
ec2.transit_gateway_multicast_domain,,ec2,TransitGatewayId,scalar,ec2.transit_gateway,transit-gateway,references,doc,medium,service-exact,describe_transit_gateway_multicast_domains,ec2.DescribeTransitGatewayMulticastDomains,,yes,absent,0,0,,0,0,0,no source resources of this type were collected,2026-08-16T15:50:20+00:00
ec2.transit_gateway_multicast_domain_association,,ec2,Subnet.SubnetId,dotted,ec2.subnet,subnet,contained-in,doc,medium,leaf-hint,get_transit_gateway_multicast_domain_associations,ec2.GetTransitGatewayMulticastDomainAssociations,,no,absent,0,0,,0,0,0,no source resources of this type were collected,2026-08-16T15:50:20+00:00
ec2.transit_gateway_multicast_domain_association,,ec2,TransitGatewayAttachmentId,scalar,ec2.transit_gateway_attachment,transit-attachment,references,doc,medium,service-exact,get_transit_gateway_multicast_domain_associations,ec2.GetTransitGatewayMulticastDomainAssociations,,no,absent,0,0,,0,0,0,no source resources of this type were collected,2026-08-16T15:50:20+00:00
ec2.transit_gateway_peering_attachment,,ec2,AccepterTgwInfo.TransitGatewayId,dotted,ec2.transit_gateway,transit-gateway,references,doc,medium,service-exact,describe_transit_gateway_peering_attachments,ec2.DescribeTransitGatewayPeeringAttachments,,yes,absent,0,0,,0,0,0,no source resources of this type were collected,2026-08-16T15:50:20+00:00
ec2.transit_gateway_peering_attachment,,ec2,RequesterTgwInfo.TransitGatewayId,dotted,ec2.transit_gateway,transit-gateway,references,doc,medium,service-exact,describe_transit_gateway_peering_attachments,ec2.DescribeTransitGatewayPeeringAttachments,,yes,absent,0,0,,0,0,0,no source resources of this type were collected,2026-08-16T15:50:20+00:00
ec2.transit_gateway_policy_table,,ec2,TransitGatewayId,scalar,ec2.transit_gateway,transit-gateway,references,doc,medium,service-exact,describe_transit_gateway_policy_tables,ec2.DescribeTransitGatewayPolicyTables,,yes,absent,0,0,,0,0,0,no source resources of this type were collected,2026-08-16T15:50:20+00:00
ec2.transit_gateway_policy_table_association,,ec2,ResourceId,scalar,ec2.transit_gateway_attachment,transit-attachment,references,doc,medium,service-exact,get_transit_gateway_policy_table_associations,ec2.GetTransitGatewayPolicyTableAssociations,,no,absent,0,0,,0,0,0,no source resources of this type were collected,2026-08-16T15:50:20+00:00
ec2.transit_gateway_policy_table_association,,ec2,TransitGatewayAttachmentId,scalar,ec2.transit_gateway_attachment,transit-attachment,references,doc,medium,service-exact,get_transit_gateway_policy_table_associations,ec2.GetTransitGatewayPolicyTableAssociations,,no,absent,0,0,,0,0,0,no source resources of this type were collected,2026-08-16T15:50:20+00:00
ec2.transit_gateway_policy_table_association,,ec2,TransitGatewayPolicyTableId,scalar,ec2.transit_gateway_policy_table,,references,doc,medium,service-exact,get_transit_gateway_policy_table_associations,ec2.GetTransitGatewayPolicyTableAssociations,,no,absent,0,0,,0,0,0,no source resources of this type were collected,2026-08-16T15:50:20+00:00
ec2.transit_gateway_route_table,,ec2,TransitGatewayId,scalar,ec2.transit_gateway,transit-gateway,references,doc,medium,service-exact,describe_transit_gateway_route_tables,ec2.DescribeTransitGatewayRouteTables,,yes,confirmed,1,1,1.00,1,0,0,all 1 resource(s) populated the path and 1 target(s) resolved,2026-08-16T15:50:20+00:00
ec2.transit_gateway_vpc_attachment,,ec2,TransitGatewayId,scalar,ec2.transit_gateway,transit-gateway,references,doc,medium,service-exact,describe_transit_gateway_vpc_attachments,ec2.DescribeTransitGatewayVpcAttachments,,yes,absent,0,0,,0,0,0,no source resources of this type were collected,2026-08-16T15:50:20+00:00
ec2.transit_gateway_vpc_attachment,,ec2,VpcId,scalar,ec2.vpc,vpc,contained-in,doc,medium,leaf-hint,describe_transit_gateway_vpc_attachments,ec2.DescribeTransitGatewayVpcAttachments,,yes,absent,0,0,,0,0,0,no source resources of this type were collected,2026-08-16T15:50:20+00:00
ec2.verified_access_endpoint,,ec2,NetworkInterfaceOptions.NetworkInterfaceId,dotted,ec2.network_interface,eni,attached-to,doc,medium,leaf-hint,describe_verified_access_endpoints,ec2.DescribeVerifiedAccessEndpoints,,yes,absent,0,0,,0,0,0,no source resources of this type were collected,2026-08-16T15:50:20+00:00
ec2.verified_access_endpoint,,ec2,VerifiedAccessGroupId,scalar,ec2.verified_access_group,,references,doc,medium,service-partial,describe_verified_access_endpoints,ec2.DescribeVerifiedAccessEndpoints,,yes,absent,0,0,,0,0,0,no source resources of this type were collected,2026-08-16T15:50:20+00:00
ec2.verified_access_endpoint,,ec2,SseSpecification.KmsKeyArn,dotted,kms.key,kms-key,encrypted-by,doc,medium,leaf-hint,describe_verified_access_endpoints,ec2.DescribeVerifiedAccessEndpoints,,yes,absent,0,0,,0,0,0,no source resources of this type were collected,2026-08-16T15:50:20+00:00
ec2.verified_access_group,,ec2,SseSpecification.KmsKeyArn,dotted,kms.key,kms-key,encrypted-by,doc,medium,leaf-hint,describe_verified_access_groups,ec2.DescribeVerifiedAccessGroups,,yes,absent,0,0,,0,0,0,no source resources of this type were collected,2026-08-16T15:50:20+00:00
ec2.verified_access_instance,,ec2,VerifiedAccessTrustProviders[].VerifiedAccessTrustProviderId,list_dict,ec2.verified_access_trust_provider,,references,doc,medium,service-partial,describe_verified_access_instances,ec2.DescribeVerifiedAccessInstances,,yes,absent,1,0,0.00,0,0,0,path never populated across 1 resource(s),2026-08-16T15:50:20+00:00
ec2.verified_access_trust_provider,,ec2,SseSpecification.KmsKeyArn,dotted,kms.key,kms-key,encrypted-by,doc,medium,leaf-hint,describe_verified_access_trust_providers,ec2.DescribeVerifiedAccessTrustProviders,,yes,absent,0,0,,0,0,0,no source resources of this type were collected,2026-08-16T15:50:20+00:00
ec2.volume,ebs,ec2,SnapshotId,scalar,ec2.ebs_snapshot,ebs-snapshot,created-from,hand,high,curated,describe_volumes,hand-authored from API response shape,,yes,refuted,3,3,1.00,0,3,0,all 3 value(s) resolved to nothing in the target inventory,2026-08-16T15:50:20+00:00
ec2.volume,ebs,ec2,Attachments[].InstanceId,list_dict,ec2.instance,ec2,attached-to,hand,high,curated,describe_volumes,hand-authored from API response shape,"asff,doc",yes,confirmed,3,3,1.00,3,0,0,all 3 resource(s) populated the path and 3 target(s) resolved,2026-08-16T15:50:20+00:00
ec2.volume,ebs,ec2,InstanceId,scalar,ec2.instance,ec2,references,doc,medium,leaf-hint,describe_replace_root_volume_tasks,ec2.DescribeReplaceRootVolumeTasks,,yes,absent,3,0,0.00,0,0,0,path never populated across 3 resource(s),2026-08-16T15:50:20+00:00
ec2.volume,ebs,ec2,KmsKeyId,scalar,kms.key,kms-key,encrypted-by,hand,high,curated,describe_volumes,hand-authored from API response shape,doc,yes,confirmed,3,3,1.00,3,0,0,all 3 resource(s) populated the path and 3 target(s) resolved,2026-08-16T15:50:20+00:00
ec2.volume_status,,ec2,AttachmentStatuses[].InstanceId,list_dict,ec2.instance,ec2,references,doc,medium,leaf-hint,describe_volume_status,ec2.DescribeVolumeStatus,,yes,absent,0,0,,0,0,0,no source resources of this type were collected,2026-08-16T15:50:20+00:00
ec2.volume_status,,ec2,Events[].InstanceId,list_dict,ec2.instance,ec2,references,doc,medium,leaf-hint,describe_volume_status,ec2.DescribeVolumeStatus,,yes,absent,0,0,,0,0,0,no source resources of this type were collected,2026-08-16T15:50:20+00:00
ec2.volume_status,,ec2,VolumeId,scalar,ec2.volume,ebs,attached-to,doc,medium,leaf-hint,describe_volume_status,ec2.DescribeVolumeStatus,,yes,absent,0,0,,0,0,0,no source resources of this type were collected,2026-08-16T15:50:20+00:00
ec2.volume_status,,ec2,VolumeStatus.Details[].Name,list_dict,ec2.volume,ebs,attached-to,doc,medium,well-known,describe_volume_status,ec2.DescribeVolumeStatus,,yes,absent,0,0,,0,0,0,no source resources of this type were collected,2026-08-16T15:50:20+00:00
ec2.vpc,vpc,ec2,[InternetGateways][].InternetGatewayId,list_dict,ec2.internet_gateway,internet-gateway,references,c7n,high,curated,describe_vpcs,aws.vpc.filters.internet-gateway,,yes,absent,1,0,0.00,0,0,0,path never populated across 1 resource(s),2026-08-16T15:50:20+00:00
ec2.vpc,vpc,ec2,[NatGateways][].NatGatewayId,list_dict,ec2.nat_gateway,nat-gateway,references,c7n,high,curated,describe_vpcs,aws.vpc.filters.nat-gateway,,yes,absent,1,0,0.00,0,0,0,path never populated across 1 resource(s),2026-08-16T15:50:20+00:00
ec2.vpc,vpc,ec2,[SecurityGroups][].GroupId,list_dict,ec2.security_group,security-group,protected-by,c7n,high,curated,describe_vpcs,aws.vpc.filters.security-group,,yes,absent,1,0,0.00,0,0,0,path never populated across 1 resource(s),2026-08-16T15:50:20+00:00
ec2.vpc,vpc,ec2,[Subnets][].SubnetId,list_dict,ec2.subnet,subnet,contained-in,c7n,high,curated,describe_vpcs,aws.vpc.filters.subnet,,yes,absent,1,0,0.00,0,0,0,path never populated across 1 resource(s),2026-08-16T15:50:20+00:00
ec2.vpc,vpc,ec2,VpcId,scalar,ec2.vpc_endpoint,vpc-endpoint,references,c7n,high,curated,describe_vpcs,aws.vpc.filters.vpc-endpoint,,yes,refuted,1,1,1.00,0,1,1,1/1 values failed the type condition (wrong id_prefix or ARN service),2026-08-16T15:50:20+00:00
ec2.vpc_endpoint,vpc-endpoint,ec2,DnsEntries[].HostedZoneId,list_dict,ec2.host,ec2-host,references,doc,medium,service-partial,describe_vpc_endpoints,ec2.DescribeVpcEndpoints,,yes,absent,1,0,0.00,0,0,0,path never populated across 1 resource(s),2026-08-16T15:50:20+00:00
ec2.vpc_endpoint,vpc-endpoint,ec2,RouteTableIds.items,dotted,ec2.route_table,route-table,references,cfn,high,curated,describe_vpc_endpoints,AWS::EC2::VPCEndpoint/properties/RouteTableIds/items,,yes,absent,1,0,0.00,0,0,0,path never populated across 1 resource(s),2026-08-16T15:50:20+00:00
ec2.vpc_endpoint,vpc-endpoint,ec2,Groups[].GroupId,list_dict,ec2.security_group,security-group,protected-by,c7n,high,curated,describe_vpc_endpoints,aws.vpc-endpoint.filters.security-group,doc,yes,absent,1,0,0.00,0,0,0,path never populated across 1 resource(s),2026-08-16T15:50:20+00:00
ec2.vpc_endpoint,vpc-endpoint,ec2,Groups[].GroupName,list_dict,ec2.security_group,security-group,protected-by,doc,medium,curated,describe_vpc_endpoints,ec2.DescribeVpcEndpoints: 'security group',,yes,absent,1,0,0.00,0,0,0,path never populated across 1 resource(s),2026-08-16T15:50:20+00:00
ec2.vpc_endpoint,vpc-endpoint,ec2,SecurityGroupIds.items.anyOf[0],dotted,ec2.security_group,security-group,protected-by,cfn,high,curated,describe_vpc_endpoints,AWS::EC2::VPCEndpoint/properties/SecurityGroupIds/items/anyOf[0],,yes,absent,1,0,0.00,0,0,0,path never populated across 1 resource(s),2026-08-16T15:50:20+00:00
ec2.vpc_endpoint,vpc-endpoint,ec2,SecurityGroupIds.items.anyOf[1],dotted,ec2.security_group,security-group,protected-by,cfn,high,curated,describe_vpc_endpoints,AWS::EC2::VPCEndpoint/properties/SecurityGroupIds/items/anyOf[1],,yes,absent,1,0,0.00,0,0,0,path never populated across 1 resource(s),2026-08-16T15:50:20+00:00
ec2.vpc_endpoint,vpc-endpoint,ec2,SubnetIds.items,dotted,ec2.subnet,subnet,contained-in,cfn,high,curated,describe_vpc_endpoints,AWS::EC2::VPCEndpoint/properties/SubnetIds/items,,yes,absent,1,0,0.00,0,0,0,path never populated across 1 resource(s),2026-08-16T15:50:20+00:00
ec2.vpc_endpoint,vpc-endpoint,ec2,SubnetIds[],list_scalar,ec2.subnet,subnet,contained-in,c7n,high,curated,describe_vpc_endpoints,aws.vpc-endpoint.filters.subnet,,yes,absent,1,0,0.00,0,0,0,path never populated across 1 resource(s),2026-08-16T15:50:20+00:00
ec2.vpc_endpoint,vpc-endpoint,ec2,SecurityGroupIds.items.anyOf[2],dotted,ec2.vpc,vpc,contained-in,cfn,high,curated,describe_vpc_endpoints,AWS::EC2::VPCEndpoint/properties/SecurityGroupIds/items/anyOf[2],,yes,absent,1,0,0.00,0,0,0,path never populated across 1 resource(s),2026-08-16T15:50:20+00:00
ec2.vpc_endpoint,vpc-endpoint,ec2,VpcId,scalar,ec2.vpc,vpc,contained-in,c7n,high,curated,describe_vpc_endpoints,aws.vpc-endpoint.filters.vpc,doc,yes,confirmed,1,1,1.00,1,0,0,all 1 resource(s) populated the path and 1 target(s) resolved,2026-08-16T15:50:20+00:00
ec2.vpc_endpoint_connection,,ec2,DnsEntries[].HostedZoneId,list_dict,ec2.host,ec2-host,references,doc,medium,service-partial,describe_vpc_endpoint_connections,ec2.DescribeVpcEndpointConnections,,yes,absent,0,0,,0,0,0,no source resources of this type were collected,2026-08-16T15:50:20+00:00
ec2.vpc_endpoint_connection,,ec2,VpcEndpointConnectionId,scalar,ec2.vpc,vpc,contained-in,doc,medium,well-known,describe_vpc_endpoint_connections,ec2.DescribeVpcEndpointConnections,,yes,absent,0,0,,0,0,0,no source resources of this type were collected,2026-08-16T15:50:20+00:00
ec2.vpc_endpoint_connection,,ec2,VpcEndpointId,scalar,ec2.vpc,vpc,contained-in,doc,medium,well-known,describe_vpc_endpoint_connections,ec2.DescribeVpcEndpointConnections,,yes,absent,0,0,,0,0,0,no source resources of this type were collected,2026-08-16T15:50:20+00:00
ec2.vpc_endpoint_connection_notification,,ec2,VpcEndpointId,scalar,ec2.vpc,vpc,contained-in,doc,medium,well-known,describe_vpc_endpoint_connection_notifications,ec2.DescribeVpcEndpointConnectionNotifications,,yes,absent,0,0,,0,0,0,no source resources of this type were collected,2026-08-16T15:50:20+00:00
ec2.vpc_peering_connection,peering-connection,ec2,AccepterVpcInfo.VpcId,dotted,ec2.vpc,vpc,contained-in,asff,high,curated,describe_vpc_peering_connections,securityhub.GetFindings: 'VPC',doc,yes,absent,0,0,,0,0,0,no source resources of this type were collected,2026-08-16T15:50:20+00:00
ec2.vpc_peering_connection,peering-connection,ec2,RequesterVpcInfo.VpcId,dotted,ec2.vpc,vpc,contained-in,asff,high,curated,describe_vpc_peering_connections,securityhub.GetFindings: 'VPC',doc,yes,absent,0,0,,0,0,0,no source resources of this type were collected,2026-08-16T15:50:20+00:00
ec2.vpn_connection,vpn-connection,ec2,CommonName,scalar,apigateway.client_certificate,rest-client-certificate,references,doc,medium,global-exact,describe_client_vpn_connections,ec2.DescribeClientVpnConnections,,yes,absent,0,0,,0,0,0,no source resources of this type were collected,2026-08-16T15:50:20+00:00
ec2.vpn_connection,vpn-connection,ec2,CoreNetworkArn,scalar,networkmanager.core_network,,references,doc,medium,global-exact,describe_vpn_connections,ec2.DescribeVpnConnections,,yes,absent,0,0,,0,0,0,no source resources of this type were collected,2026-08-16T15:50:20+00:00
ec2.vpn_gateway,vpn-gateway,ec2,VpcAttachments[].VpcId,list_dict,ec2.vpc,vpc,contained-in,doc,medium,curated,describe_vpn_gateways,ec2.DescribeVpnGateways: 'VPC',,yes,absent,0,0,,0,0,0,no source resources of this type were collected,2026-08-16T15:50:20+00:00
ecr-public.image,,ecr-public,repositoryName,scalar,ecr-public.repository,,references,doc,medium,service-exact,describe_images,ecr-public.DescribeImages,,yes,absent,0,0,,0,0,0,no source resources of this type were collected,2026-08-16T15:50:20+00:00
ecr.ecr_image,ecr-image,ecr,images[].repositoryName,list_dict,ecr.repository,ecr,references,doc,medium,service-exact,batch_get_image,ecr.BatchGetImage,,no,absent,0,0,,0,0,0,no source resources of this type were collected,2026-08-16T15:50:20+00:00
ecr.ecr_image,ecr-image,ecr,repositoryName,scalar,ecr.repository,ecr,contained-in,parent_spec,high,declared,,c7n parent_spec of ecr-image,,no,absent,0,0,,0,0,0,no source resources of this type were collected,2026-08-16T15:50:20+00:00
ecr.registry_policy,,ecr,registryId,scalar,ecr.registry,,references,doc,medium,service-exact,get_registry_policy,ecr.GetRegistryPolicy,,yes,absent,0,0,,0,0,0,no source resources of this type were collected,2026-08-16T15:50:20+00:00
ecr.registry_scanning_configuration,,ecr,registryId,scalar,ecr.registry,,references,doc,medium,service-exact,get_registry_scanning_configuration,ecr.GetRegistryScanningConfiguration,,yes,absent,0,0,,0,0,0,no source resources of this type were collected,2026-08-16T15:50:20+00:00
ecs.account_setting,,ecs,principalArn,scalar,ram.principal,,references,doc,medium,global-exact,list_account_settings,ecs.ListAccountSettings,,yes,absent,0,0,,0,0,0,no source resources of this type were collected,2026-08-16T15:50:20+00:00
ecs.cluster,ecs,ecs,configuration.executeCommandConfiguration.logConfiguration.s3BucketName,dotted,s3.bucket,s3,references,doc,medium,well-known,describe_clusters,ecs.DescribeClusters,,yes,absent,1,0,0.00,0,0,0,path never populated across 1 resource(s),2026-08-16T15:50:20+00:00
ecs.ecs_container_instance,ecs-container-instance,ecs,attributes[?name == 'ecs.subnet-id'].value[],list_scalar,ec2.subnet,subnet,contained-in,c7n,high,curated,,aws.ecs-container-instance.filters.subnet,,no,absent,0,0,,0,0,0,no source resources of this type were collected,2026-08-16T15:50:20+00:00
ecs.ecs_container_instance,ecs-container-instance,ecs,cluster,scalar,ecs.cluster,ecs,contained-in,parent_spec,high,declared,,c7n parent_spec of ecs-container-instance,,no,absent,0,0,,0,0,0,no source resources of this type were collected,2026-08-16T15:50:20+00:00
ecs.service,ecs-service,ecs,,,ec2.security_group,security-group,protected-by,c7n,declared-no-path,curated,list_services,aws.ecs-service.filters.security-group,,yes,absent,0,0,,0,0,0,no source resources of this type were collected,2026-08-16T15:50:20+00:00
ecs.service,ecs-service,ecs,,,ec2.subnet,subnet,contained-in,c7n,declared-no-path,curated,list_services,aws.ecs-service.filters.subnet,,yes,absent,0,0,,0,0,0,no source resources of this type were collected,2026-08-16T15:50:20+00:00
ecs.service,ecs-service,ecs,cluster,scalar,ecs.cluster,ecs,contained-in,parent_spec,high,declared,,c7n parent_spec of ecs-service,,yes,absent,0,0,,0,0,0,no source resources of this type were collected,2026-08-16T15:50:20+00:00
ecs.service,ecs-service,ecs,loadBalancers[].containerName,list_dict,ecs.ecs_container_instance,ecs-container-instance,references,doc,medium,service-partial,describe_services,ecs.DescribeServices,,no,absent,0,0,,0,0,0,no source resources of this type were collected,2026-08-16T15:50:20+00:00
ecs.service,ecs-service,ecs,taskSets[].loadBalancers[].containerName,list_nested,ecs.ecs_container_instance,ecs-container-instance,references,doc,medium,service-partial,describe_services,ecs.DescribeServices,,no,absent,0,0,,0,0,0,no source resources of this type were collected,2026-08-16T15:50:20+00:00
ecs.service,ecs-service,ecs,deployments[].volumeConfigurations[].managedEBSVolume.roleArn,list_nested,iam.role,iam-role,assumes,doc,medium,well-known,describe_services,ecs.DescribeServices,,yes,absent,0,0,,0,0,0,no source resources of this type were collected,2026-08-16T15:50:20+00:00
ecs.task_set,ecs-task,ecs,,,ec2.security_group,security-group,protected-by,c7n,declared-no-path,curated,,aws.ecs-task.filters.security-group,,no,absent,0,0,,0,0,0,no source resources of this type were collected,2026-08-16T15:50:20+00:00
ecs.task_set,ecs-task,ecs,attachments[].details[?name == 'subnetId'].value[],list_nested,ec2.subnet,subnet,contained-in,c7n,high,curated,,aws.ecs-task.filters.subnet,,no,absent,0,0,,0,0,0,no source resources of this type were collected,2026-08-16T15:50:20+00:00
ecs.task_set,ecs-task,ecs,cluster,scalar,ecs.cluster,ecs,contained-in,parent_spec,high,declared,,c7n parent_spec of ecs-task,,no,absent,0,0,,0,0,0,no source resources of this type were collected,2026-08-16T15:50:20+00:00
ecs.task_set,ecs-task,ecs,taskSets[].loadBalancers[].containerName,list_nested,ecs.ecs_container_instance,ecs-container-instance,references,doc,medium,service-partial,describe_task_sets,ecs.DescribeTaskSets,,no,absent,0,0,,0,0,0,no source resources of this type were collected,2026-08-16T15:50:20+00:00
efs.file_system,efs,efs,KmsKeyId,scalar,kms.key,kms-key,encrypted-by,c7n,high,curated,describe_file_systems,aws.efs.filters.kms-key,doc,yes,absent,1,0,0.00,0,0,0,path never populated across 1 resource(s),2026-08-16T15:50:20+00:00
efs.mount_target,efs-mount-target,efs,NetworkInterfaceId,scalar,ec2.network_interface,eni,attached-to,doc,medium,leaf-hint,describe_mount_targets,efs.DescribeMountTargets,,yes,absent,0,0,,0,0,0,no source resources of this type were collected,2026-08-16T15:50:20+00:00
efs.mount_target,efs-mount-target,efs,,,ec2.security_group,security-group,protected-by,c7n,declared-no-path,curated,describe_mount_targets,aws.efs-mount-target.filters.security-group,,yes,absent,0,0,,0,0,0,no source resources of this type were collected,2026-08-16T15:50:20+00:00
efs.mount_target,efs-mount-target,efs,SubnetId,scalar,ec2.subnet,subnet,contained-in,c7n,high,curated,describe_mount_targets,aws.efs-mount-target.filters.subnet,doc,yes,absent,0,0,,0,0,0,no source resources of this type were collected,2026-08-16T15:50:20+00:00
efs.mount_target,efs-mount-target,efs,VpcId,scalar,ec2.vpc,vpc,contained-in,doc,medium,leaf-hint,describe_mount_targets,efs.DescribeMountTargets,,yes,absent,0,0,,0,0,0,no source resources of this type were collected,2026-08-16T15:50:20+00:00
efs.mount_target,efs-mount-target,efs,FileSystemId,scalar,efs.file_system,efs,contained-in,parent_spec,high,declared,,c7n parent_spec of efs-mount-target,,yes,absent,0,0,,0,0,0,no source resources of this type were collected,2026-08-16T15:50:20+00:00
efs.replication_configuration,,efs,Destinations[].FileSystemId,list_dict,efs.file_system,efs,references,doc,medium,service-partial,describe_replication_configurations,efs.DescribeReplicationConfigurations,,yes,absent,0,0,,0,0,0,no source resources of this type were collected,2026-08-16T15:50:20+00:00
eks.access_policy,,eks,principalArn,scalar,eks.access_entry,,references,doc,medium,service-partial,list_associated_access_policies,eks.ListAssociatedAccessPolicies,,yes,absent,0,0,,0,0,0,no source resources of this type were collected,2026-08-16T15:50:20+00:00
eks.cluster,eks,eks,resourcesVpcConfig.securityGroupIds[],list_scalar,ec2.security_group,security-group,protected-by,c7n,high,curated,list_clusters,aws.eks.filters.security-group,,yes,absent,1,0,0.00,0,0,0,path never populated across 1 resource(s),2026-08-16T15:50:20+00:00
eks.cluster,eks,eks,resourcesVpcConfig.subnetIds[],list_scalar,ec2.subnet,subnet,contained-in,c7n,high,curated,list_clusters,aws.eks.filters.subnet,,yes,confirmed,1,1,1.00,3,0,0,all 1 resource(s) populated the path and 3 target(s) resolved,2026-08-16T15:50:20+00:00
eks.cluster,eks,eks,cluster.resourcesVpcConfig.vpcId,dotted,ec2.vpc,vpc,contained-in,doc,medium,leaf-hint,describe_cluster,eks.DescribeCluster,,yes,absent,1,0,0.00,0,0,0,path never populated across 1 resource(s),2026-08-16T15:50:20+00:00
eks.cluster,eks,eks,resourcesVpcConfig.vpcId,dotted,ec2.vpc,vpc,contained-in,c7n,high,curated,list_clusters,aws.eks.filters.vpc,,yes,confirmed,1,1,1.00,1,0,0,all 1 resource(s) populated the path and 1 target(s) resolved,2026-08-16T15:50:20+00:00
eks.cluster,eks,eks,encryptionConfig[].provider.keyArn,list_dict,kms.key,kms-key,encrypted-by,c7n,high,curated,list_clusters,aws.eks.filters.kms-key,,yes,absent,1,0,0.00,0,0,0,path never populated across 1 resource(s),2026-08-16T15:50:20+00:00
eks.nodegroup,eks-nodegroup,eks,resources.autoScalingGroups[].name,list_dict,autoscaling.auto_scaling_group,asg,references,hand,high,curated,list_nodegroups,eks.DescribeNodegroup: the scaling group EKS created to hold this pool's instances - the only collected link between a cluster and the EC2 that runs it,,yes,confirmed,2,2,1.00,2,0,0,all 2 resource(s) populated the path and 2 target(s) resolved,2026-08-16T15:50:20+00:00
eks.nodegroup,eks-nodegroup,eks,subnets[],list_scalar,ec2.subnet,subnet,contained-in,hand,high,curated,list_nodegroups,"eks.DescribeNodegroup: the subnets this node pool launches into, which is what makes a cluster span zones",,yes,confirmed,2,2,1.00,6,0,0,all 2 resource(s) populated the path and 6 target(s) resolved,2026-08-16T15:50:20+00:00
eks.nodegroup,eks-nodegroup,eks,clusterName,scalar,eks.cluster,eks,contained-in,hand,high,curated,list_nodegroups,eks.DescribeNodegroup: the cluster this node pool belongs to,parent_spec,yes,confirmed,2,2,1.00,2,0,0,all 2 resource(s) populated the path and 2 target(s) resolved,2026-08-16T15:50:20+00:00
eks.nodegroup,eks-nodegroup,eks,nodeRole,scalar,iam.role,iam-role,assumes,hand,high,curated,list_nodegroups,eks.DescribeNodegroup: the role every node in this pool assumes,,yes,confirmed,2,2,1.00,2,0,0,all 2 resource(s) populated the path and 2 target(s) resolved,2026-08-16T15:50:20+00:00
eks.pod_identity_association,,eks,association.clusterName,dotted,eks.cluster,eks,references,doc,medium,service-exact,describe_pod_identity_association,eks.DescribePodIdentityAssociation,,no,absent,0,0,,0,0,0,no source resources of this type were collected,2026-08-16T15:50:20+00:00
eks.pod_identity_association,,eks,clusterName,scalar,eks.cluster,eks,references,doc,medium,service-exact,list_pod_identity_associations,eks.ListPodIdentityAssociations,,no,absent,0,0,,0,0,0,no source resources of this type were collected,2026-08-16T15:50:20+00:00
elasticache.cache_cluster,cache-cluster,elasticache,SecurityGroups[].SecurityGroupId,list_dict,ec2.security_group,security-group,protected-by,c7n,high,curated,describe_cache_clusters,aws.cache-cluster.filters.security-group,,yes,absent,0,0,,0,0,0,no source resources of this type were collected,2026-08-16T15:50:20+00:00
elasticache.cache_cluster,cache-cluster,elasticache,,,ec2.subnet,subnet,contained-in,c7n,declared-no-path,curated,describe_cache_clusters,aws.cache-cluster.filters.subnet,,yes,absent,0,0,,0,0,0,no source resources of this type were collected,2026-08-16T15:50:20+00:00
elasticache.cache_cluster,cache-cluster,elasticache,CacheParameterGroup.CacheParameterGroupName,dotted,elasticache.cache_parameter_group,,references,doc,medium,service-exact,describe_cache_clusters,elasticache.DescribeCacheClusters,,yes,absent,0,0,,0,0,0,no source resources of this type were collected,2026-08-16T15:50:20+00:00
elasticache.cache_cluster,cache-cluster,elasticache,CacheNodes[].CustomerOutpostArn,list_dict,elasticache.reserved_cache_node,,references,doc,medium,service-partial,describe_cache_clusters,elasticache.DescribeCacheClusters,,yes,absent,0,0,,0,0,0,no source resources of this type were collected,2026-08-16T15:50:20+00:00
elasticache.cache_cluster,cache-cluster,elasticache,CacheSecurityGroups[].CacheSecurityGroupName,list_dict,elasticache.security_group,,references,doc,medium,service-partial,describe_cache_clusters,elasticache.DescribeCacheClusters,,no,absent,0,0,,0,0,0,no source resources of this type were collected,2026-08-16T15:50:20+00:00
elasticache.cache_cluster,cache-cluster,elasticache,SecurityGroups[].SecurityGroupId,list_dict,elasticache.security_group,,references,doc,medium,service-partial,describe_cache_clusters,elasticache.DescribeCacheClusters,,no,absent,0,0,,0,0,0,no source resources of this type were collected,2026-08-16T15:50:20+00:00
elasticache.cache_snapshot,cache-snapshot,elasticache,VpcId,scalar,ec2.vpc,vpc,contained-in,doc,medium,leaf-hint,describe_snapshots,elasticache.DescribeSnapshots,,yes,absent,0,0,,0,0,0,no source resources of this type were collected,2026-08-16T15:50:20+00:00
elasticache.cache_snapshot,cache-snapshot,elasticache,ReplicationGroupId,scalar,elasticache.replication_group,elasticache-group,references,doc,medium,service-partial,describe_snapshots,elasticache.DescribeSnapshots,,yes,absent,0,0,,0,0,0,no source resources of this type were collected,2026-08-16T15:50:20+00:00
elasticache.cache_snapshot,cache-snapshot,elasticache,KmsKeyId,scalar,kms.key,kms-key,encrypted-by,doc,medium,curated,describe_snapshots,elasticache.DescribeSnapshots: 'KMS key used to encrypt the snapshot',,yes,absent,0,0,,0,0,0,no source resources of this type were collected,2026-08-16T15:50:20+00:00
elasticache.replication_group,elasticache-group,elasticache,NodeGroups[].NodeGroupId,list_dict,eks.nodegroup,,references,doc,medium,global-exact,describe_replication_groups,elasticache.DescribeReplicationGroups,,yes,absent,0,0,,0,0,0,no source resources of this type were collected,2026-08-16T15:50:20+00:00
elasticache.replication_group,elasticache-group,elasticache,KmsKeyId,scalar,kms.key,kms-key,encrypted-by,c7n,high,curated,describe_replication_groups,aws.elasticache-group.filters.kms-key,doc,yes,absent,0,0,,0,0,0,no source resources of this type were collected,2026-08-16T15:50:20+00:00
elasticache.serverless_cache,,elasticache,KmsKeyId,scalar,kms.key,kms-key,encrypted-by,doc,medium,leaf-hint,describe_serverless_caches,elasticache.DescribeServerlessCaches,,no,absent,0,0,,0,0,0,no source resources of this type were collected,2026-08-16T15:50:20+00:00
elasticache.subnet_group,cache-subnet-group,elasticache,Subnets[].SubnetIdentifier,list_dict,ec2.subnet,subnet,contained-in,doc,medium,curated,describe_cache_subnet_groups,elasticache.DescribeCacheSubnetGroups: 'subnet',,yes,absent,0,0,,0,0,0,no source resources of this type were collected,2026-08-16T15:50:20+00:00
elasticache.subnet_group,cache-subnet-group,elasticache,Subnets[].SubnetOutpost.SubnetOutpostArn,list_dict,ec2.subnet,subnet,contained-in,doc,medium,curated,describe_cache_subnet_groups,elasticache.DescribeCacheSubnetGroups: 'subnet',,yes,absent,0,0,,0,0,0,no source resources of this type were collected,2026-08-16T15:50:20+00:00
elasticache.subnet_group,cache-subnet-group,elasticache,VpcId,scalar,ec2.vpc,vpc,contained-in,doc,medium,leaf-hint,describe_cache_subnet_groups,elasticache.DescribeCacheSubnetGroups,,yes,absent,0,0,,0,0,0,no source resources of this type were collected,2026-08-16T15:50:20+00:00
elasticbeanstalk.configuration_setting,,elasticbeanstalk,EnvironmentName,scalar,elasticbeanstalk.environment,elasticbeanstalk-environment,references,doc,medium,service-exact,describe_configuration_settings,elasticbeanstalk.DescribeConfigurationSettings,,yes,absent,0,0,,0,0,0,no source resources of this type were collected,2026-08-16T15:50:20+00:00
elasticbeanstalk.environment,elasticbeanstalk-environment,elasticbeanstalk,EnvironmentResources.AutoScalingGroups[].Name,list_dict,autoscaling.auto_scaling_group,asg,references,doc,medium,global-exact,describe_environment_resources,elasticbeanstalk.DescribeEnvironmentResources,,yes,absent,0,0,,0,0,0,no source resources of this type were collected,2026-08-16T15:50:20+00:00
elasticbeanstalk.environment,elasticbeanstalk-environment,elasticbeanstalk,EnvironmentResources.LaunchTemplates[].Id,list_dict,ec2.launch_template,launch-template-version,references,doc,medium,global-exact,describe_environment_resources,elasticbeanstalk.DescribeEnvironmentResources,,yes,absent,0,0,,0,0,0,no source resources of this type were collected,2026-08-16T15:50:20+00:00
elasticbeanstalk.environment,elasticbeanstalk-environment,elasticbeanstalk,ApplicationName,scalar,elasticbeanstalk.application,elasticbeanstalk,references,doc,medium,service-exact,describe_environments,elasticbeanstalk.DescribeEnvironments,,yes,absent,0,0,,0,0,0,no source resources of this type were collected,2026-08-16T15:50:20+00:00
elasticbeanstalk.environment,elasticbeanstalk-environment,elasticbeanstalk,EnvironmentResources.LaunchConfigurations[].Name,list_dict,evidently.launch,,references,doc,medium,global-exact,describe_environment_resources,elasticbeanstalk.DescribeEnvironmentResources,,yes,absent,0,0,,0,0,0,no source resources of this type were collected,2026-08-16T15:50:20+00:00
elasticbeanstalk.environment,elasticbeanstalk-environment,elasticbeanstalk,EnvironmentResources.Triggers[].Name,list_dict,glue.trigger,glue-trigger,references,doc,medium,global-exact,describe_environment_resources,elasticbeanstalk.DescribeEnvironmentResources,,yes,absent,0,0,,0,0,0,no source resources of this type were collected,2026-08-16T15:50:20+00:00
elb.load_balancer,elb,elb,Instances[].InstanceId,list_dict,ec2.instance,ec2,references,doc,medium,leaf-hint,describe_load_balancers,elb.DescribeLoadBalancers,,yes,confirmed,1,1,1.00,3,0,0,all 1 resource(s) populated the path and 3 target(s) resolved,2026-08-16T15:50:20+00:00
elb.load_balancer,elb,elb,SecurityGroups[],list_scalar,ec2.security_group,security-group,protected-by,c7n,high,curated,describe_load_balancers,aws.elb.filters.security-group,,yes,confirmed,1,1,1.00,1,0,0,all 1 resource(s) populated the path and 1 target(s) resolved,2026-08-16T15:50:20+00:00
elb.load_balancer,elb,elb,SourceSecurityGroup.GroupName,dotted,ec2.security_group,security-group,protected-by,asff,high,curated,describe_load_balancers,securityhub.GetFindings: 'security group',doc,yes,confirmed,1,1,1.00,1,0,0,all 1 resource(s) populated the path and 1 target(s) resolved,2026-08-16T15:50:20+00:00
elb.load_balancer,elb,elb,Subnets[],list_scalar,ec2.subnet,subnet,contained-in,c7n,high,curated,describe_load_balancers,aws.elb.filters.subnet,,yes,confirmed,1,1,1.00,3,0,0,all 1 resource(s) populated the path and 3 target(s) resolved,2026-08-16T15:50:20+00:00
elb.load_balancer,elb,elb,VPCId,scalar,ec2.vpc,vpc,contained-in,c7n,high,curated,describe_load_balancers,aws.elb.filters.vpc,doc,yes,confirmed,1,1,1.00,1,0,0,all 1 resource(s) populated the path and 1 target(s) resolved,2026-08-16T15:50:20+00:00
elb.load_balancer,elb,elb,VpcId,scalar,ec2.vpc,vpc,contained-in,asff,medium,curated,describe_load_balancers,securityhub.GetFindings: 'VPC for the load balancer',,yes,absent,1,0,0.00,0,0,0,path never populated across 1 resource(s),2026-08-16T15:50:20+00:00
elbv2.listener,elbv2-listener,elbv2,LoadBalancerArn,scalar,elbv2.load_balancer,app-elb,attached-to,hand,high,curated,describe_listeners,elbv2.DescribeListeners: a listener belongs to exactly one load balancer and says which in its own payload,,yes,confirmed,2,2,1.00,2,0,0,all 2 resource(s) populated the path and 2 target(s) resolved,2026-08-16T15:50:20+00:00
elbv2.load_balancer,app-elb,elbv2,SecurityGroups[],list_scalar,ec2.security_group,security-group,protected-by,c7n,high,curated,describe_load_balancers,aws.app-elb.filters.security-group,,yes,absent,1,0,0.00,0,0,0,path never populated across 1 resource(s),2026-08-16T15:50:20+00:00
elbv2.load_balancer,app-elb,elbv2,AvailabilityZones[].SubnetId,list_dict,ec2.subnet,subnet,contained-in,c7n,high,curated,describe_load_balancers,aws.app-elb.filters.subnet,"asff,doc",yes,confirmed,1,1,1.00,3,0,0,all 1 resource(s) populated the path and 3 target(s) resolved,2026-08-16T15:50:20+00:00
elbv2.load_balancer,app-elb,elbv2,VpcId,scalar,ec2.vpc,vpc,contained-in,c7n,high,curated,describe_load_balancers,aws.app-elb.filters.vpc,"asff,doc",yes,confirmed,1,1,1.00,1,0,0,all 1 resource(s) populated the path and 1 target(s) resolved,2026-08-16T15:50:20+00:00
elbv2.load_balancer,app-elb,elbv2,AvailabilityZones[].OutpostId,list_dict,outposts.outpost,,references,doc,medium,global-exact,describe_load_balancers,elbv2.DescribeLoadBalancers,,yes,absent,1,0,0.00,0,0,0,path never populated across 1 resource(s),2026-08-16T15:50:20+00:00
elbv2.target_group,app-elb-target-group,elbv2,VpcId,scalar,ec2.vpc,vpc,contained-in,doc,medium,curated,describe_target_groups,elbv2.DescribeTargetGroups: 'VPC for the targets',,yes,confirmed,2,2,1.00,2,0,0,all 2 resource(s) populated the path and 2 target(s) resolved,2026-08-16T15:50:20+00:00
emr-containers.job_run,,emr-containers,configurationOverrides.monitoringConfiguration.cloudWatchMonitoringConfiguration.logGroupName,dotted,logs.log_group,log-group,references,doc,medium,well-known,list_job_runs,emr-containers.ListJobRuns,,yes,absent,0,0,,0,0,0,no source resources of this type were collected,2026-08-16T15:50:20+00:00
emr-containers.job_run,,emr-containers,jobRun.configurationOverrides.monitoringConfiguration.cloudWatchMonitoringConfiguration.logGroupName,dotted,logs.log_group,log-group,references,doc,medium,well-known,describe_job_run,emr-containers.DescribeJobRun,,yes,absent,0,0,,0,0,0,no source resources of this type were collected,2026-08-16T15:50:20+00:00
emr-containers.job_template,,emr-containers,jobTemplate.jobTemplateData.executionRoleArn,dotted,emr-containers.job_run,,references,doc,medium,service-exact,describe_job_template,emr-containers.DescribeJobTemplate,,yes,absent,0,0,,0,0,0,no source resources of this type were collected,2026-08-16T15:50:20+00:00
emr-containers.job_template,,emr-containers,jobTemplateData.executionRoleArn,dotted,emr-containers.job_run,,references,doc,medium,service-exact,list_job_templates,emr-containers.ListJobTemplates,,yes,absent,0,0,,0,0,0,no source resources of this type were collected,2026-08-16T15:50:20+00:00
emr-containers.job_template,,emr-containers,jobTemplate.jobTemplateData.configurationOverrides.monitoringConfiguration.cloudWatchMonitoringConfiguration.logGroupName,dotted,logs.log_group,log-group,references,doc,medium,well-known,describe_job_template,emr-containers.DescribeJobTemplate,,yes,absent,0,0,,0,0,0,no source resources of this type were collected,2026-08-16T15:50:20+00:00
emr-containers.job_template,,emr-containers,jobTemplateData.configurationOverrides.monitoringConfiguration.cloudWatchMonitoringConfiguration.logGroupName,dotted,logs.log_group,log-group,references,doc,medium,well-known,list_job_templates,emr-containers.ListJobTemplates,,yes,absent,0,0,,0,0,0,no source resources of this type were collected,2026-08-16T15:50:20+00:00
emr-containers.managed_endpoint,,emr-containers,configurationOverrides.monitoringConfiguration.cloudWatchMonitoringConfiguration.logGroupName,dotted,logs.log_group,log-group,references,doc,medium,well-known,list_managed_endpoints,emr-containers.ListManagedEndpoints,,yes,absent,0,0,,0,0,0,no source resources of this type were collected,2026-08-16T15:50:20+00:00
emr-containers.managed_endpoint,,emr-containers,endpoint.configurationOverrides.monitoringConfiguration.cloudWatchMonitoringConfiguration.logGroupName,dotted,logs.log_group,log-group,references,doc,medium,well-known,describe_managed_endpoint,emr-containers.DescribeManagedEndpoint,,yes,absent,0,0,,0,0,0,no source resources of this type were collected,2026-08-16T15:50:20+00:00
emr-serverless.job_run,,emr-serverless,applicationId,scalar,emr-serverless.application,emr-serverless-app,references,doc,medium,service-exact,list_job_runs,emr-serverless.ListJobRuns,,yes,absent,0,0,,0,0,0,no source resources of this type were collected,2026-08-16T15:50:20+00:00
emr-serverless.job_run,,emr-serverless,jobRun.applicationId,dotted,emr-serverless.application,emr-serverless-app,references,doc,medium,service-exact,get_job_run,emr-serverless.GetJobRun,,yes,absent,0,0,,0,0,0,no source resources of this type were collected,2026-08-16T15:50:20+00:00
emr.cluster,emr,emr,,,ec2.security_group,security-group,protected-by,c7n,declared-no-path,curated,list_clusters,aws.emr.filters.security-group,,yes,absent,0,0,,0,0,0,no source resources of this type were collected,2026-08-16T15:50:20+00:00
emr.cluster,emr,emr,Ec2InstanceAttributes.RequestedEc2SubnetIds[],list_scalar,ec2.subnet,subnet,contained-in,c7n,high,curated,list_clusters,aws.emr.filters.subnet,,yes,absent,0,0,,0,0,0,no source resources of this type were collected,2026-08-16T15:50:20+00:00
emr.instance_fleet_config,,emr,Id,scalar,ec2.instance,ec2,references,doc,medium,well-known,list_instance_fleets,emr.ListInstanceFleets,,no,absent,0,0,,0,0,0,no source resources of this type were collected,2026-08-16T15:50:20+00:00
emr.instance_fleet_config,,emr,Name,scalar,ec2.instance,ec2,references,doc,medium,well-known,list_instance_fleets,emr.ListInstanceFleets,,no,absent,0,0,,0,0,0,no source resources of this type were collected,2026-08-16T15:50:20+00:00
emr.instance_group_config,,emr,Id,scalar,ec2.instance,ec2,references,doc,medium,well-known,list_instance_groups,emr.ListInstanceGroups,,no,absent,0,0,,0,0,0,no source resources of this type were collected,2026-08-16T15:50:20+00:00
emr.instance_group_config,,emr,Name,scalar,ec2.instance,ec2,references,doc,medium,well-known,list_instance_groups,emr.ListInstanceGroups,,no,absent,0,0,,0,0,0,no source resources of this type were collected,2026-08-16T15:50:20+00:00
emr.step,,emr,Id,scalar,emr.cluster,emr,references,doc,medium,service-exact,list_steps,emr.ListSteps,,yes,absent,0,0,,0,0,0,no source resources of this type were collected,2026-08-16T15:50:20+00:00
emr.step,,emr,Name,scalar,emr.cluster,emr,references,doc,medium,service-exact,list_steps,emr.ListSteps,,yes,absent,0,0,,0,0,0,no source resources of this type were collected,2026-08-16T15:50:20+00:00
emr.step,,emr,Step.Id,dotted,emr.cluster,emr,references,doc,medium,service-exact,describe_step,emr.DescribeStep,,yes,absent,0,0,,0,0,0,no source resources of this type were collected,2026-08-16T15:50:20+00:00
emr.step,,emr,Step.Name,dotted,emr.cluster,emr,references,doc,medium,service-exact,describe_step,emr.DescribeStep,,yes,absent,0,0,,0,0,0,no source resources of this type were collected,2026-08-16T15:50:20+00:00
emr.studio,,emr,Studio.VpcId,dotted,ec2.vpc,vpc,contained-in,doc,medium,leaf-hint,describe_studio,emr.DescribeStudio,,yes,absent,0,0,,0,0,0,no source resources of this type were collected,2026-08-16T15:50:20+00:00
emr.studio,,emr,VpcId,scalar,ec2.vpc,vpc,contained-in,doc,medium,leaf-hint,list_studios,emr.ListStudios,,yes,absent,0,0,,0,0,0,no source resources of this type were collected,2026-08-16T15:50:20+00:00
emr.studio_session_mapping,,emr,SessionMapping.StudioId,dotted,emr.studio,,references,doc,medium,service-partial,get_studio_session_mapping,emr.GetStudioSessionMapping,,yes,absent,0,0,,0,0,0,no source resources of this type were collected,2026-08-16T15:50:20+00:00
emr.studio_session_mapping,,emr,StudioId,scalar,emr.studio,,references,doc,medium,service-partial,list_studio_session_mappings,emr.ListStudioSessionMappings,,yes,absent,0,0,,0,0,0,no source resources of this type were collected,2026-08-16T15:50:20+00:00
entityresolution.id_mapping_workflow,,entityresolution,idMappingTechniques.providerProperties.providerServiceArn,dotted,entityresolution.provider_service,,references,doc,medium,service-exact,get_id_mapping_workflow,entityresolution.GetIdMappingWorkflow,,yes,absent,0,0,,0,0,0,no source resources of this type were collected,2026-08-16T15:50:20+00:00
entityresolution.matching_workflow,,entityresolution,resolutionTechniques.providerProperties.providerServiceArn,dotted,entityresolution.provider_service,,references,doc,medium,service-exact,get_matching_workflow,entityresolution.GetMatchingWorkflow,,yes,absent,0,0,,0,0,0,no source resources of this type were collected,2026-08-16T15:50:20+00:00
es.domain,elasticsearch,es,VPCOptions.SecurityGroupIds[],list_scalar,ec2.security_group,security-group,protected-by,c7n,high,curated,list_domain_names,aws.elasticsearch.filters.security-group,,yes,absent,0,0,,0,0,0,no source resources of this type were collected,2026-08-16T15:50:20+00:00
es.domain,elasticsearch,es,VPCOptions.SubnetIds[],list_scalar,ec2.subnet,subnet,contained-in,c7n,high,curated,list_domain_names,aws.elasticsearch.filters.subnet,,yes,absent,0,0,,0,0,0,no source resources of this type were collected,2026-08-16T15:50:20+00:00
es.domain,elasticsearch,es,VPCOptions.VPCId,dotted,ec2.vpc,vpc,contained-in,c7n,high,curated,list_domain_names,aws.elasticsearch.filters.vpc,asff,yes,absent,0,0,,0,0,0,no source resources of this type were collected,2026-08-16T15:50:20+00:00
es.domain,elasticsearch,es,PackageName,scalar,es.packages_for_domain,,references,doc,medium,service-partial,list_domains_for_package,es.ListDomainsForPackage,,no,absent,0,0,,0,0,0,no source resources of this type were collected,2026-08-16T15:50:20+00:00
es.domain,elasticsearch,es,EncryptionAtRestOptions.KmsKeyId,dotted,kms.key,kms-key,encrypted-by,c7n,high,curated,list_domain_names,aws.elasticsearch.filters.kms-key,,yes,absent,0,0,,0,0,0,no source resources of this type were collected,2026-08-16T15:50:20+00:00
es.domain_change_progress,,es,ChangeProgressStatus.ChangeProgressStages[].Name,list_dict,es.tag,,references,doc,medium,service-partial,describe_domain_change_progress,es.DescribeDomainChangeProgress,,no,absent,0,0,,0,0,0,no source resources of this type were collected,2026-08-16T15:50:20+00:00
es.elasticsearch_domain,,es,DomainStatus.VPCOptions.VPCId,dotted,ec2.vpc,vpc,contained-in,doc,medium,leaf-hint,describe_elasticsearch_domain,es.DescribeElasticsearchDomain,,yes,absent,0,0,,0,0,0,no source resources of this type were collected,2026-08-16T15:50:20+00:00
es.elasticsearch_domain,,es,VPCOptions.VPCId,dotted,ec2.vpc,vpc,contained-in,doc,medium,leaf-hint,describe_elasticsearch_domains,es.DescribeElasticsearchDomains,,yes,absent,0,0,,0,0,0,no source resources of this type were collected,2026-08-16T15:50:20+00:00
es.elasticsearch_domain,,es,DomainStatus.ModifyingProperties[].Name,list_dict,iottwinmaker.property,,references,doc,medium,global-exact,describe_elasticsearch_domain,es.DescribeElasticsearchDomain,,yes,absent,0,0,,0,0,0,no source resources of this type were collected,2026-08-16T15:50:20+00:00
es.elasticsearch_domain,,es,ModifyingProperties[].Name,list_dict,iottwinmaker.property,,references,doc,medium,global-exact,describe_elasticsearch_domains,es.DescribeElasticsearchDomains,,yes,absent,0,0,,0,0,0,no source resources of this type were collected,2026-08-16T15:50:20+00:00
es.elasticsearch_domain,,es,DomainStatus.EncryptionAtRestOptions.KmsKeyId,dotted,kms.key,kms-key,encrypted-by,doc,medium,leaf-hint,describe_elasticsearch_domain,es.DescribeElasticsearchDomain,,yes,absent,0,0,,0,0,0,no source resources of this type were collected,2026-08-16T15:50:20+00:00
es.elasticsearch_domain,,es,EncryptionAtRestOptions.KmsKeyId,dotted,kms.key,kms-key,encrypted-by,doc,medium,leaf-hint,describe_elasticsearch_domains,es.DescribeElasticsearchDomains,,yes,absent,0,0,,0,0,0,no source resources of this type were collected,2026-08-16T15:50:20+00:00
es.elasticsearch_domain_config,,es,DomainConfig.VPCOptions.Options.VPCId,dotted,ec2.vpc,vpc,contained-in,doc,medium,leaf-hint,describe_elasticsearch_domain_config,es.DescribeElasticsearchDomainConfig,,yes,absent,0,0,,0,0,0,no source resources of this type were collected,2026-08-16T15:50:20+00:00
es.elasticsearch_domain_config,,es,DomainConfig.ModifyingProperties[].Name,list_dict,iottwinmaker.property,,references,doc,medium,global-exact,describe_elasticsearch_domain_config,es.DescribeElasticsearchDomainConfig,,yes,absent,0,0,,0,0,0,no source resources of this type were collected,2026-08-16T15:50:20+00:00
es.elasticsearch_domain_config,,es,DomainConfig.EncryptionAtRestOptions.Options.KmsKeyId,dotted,kms.key,kms-key,encrypted-by,doc,medium,leaf-hint,describe_elasticsearch_domain_config,es.DescribeElasticsearchDomainConfig,,yes,absent,0,0,,0,0,0,no source resources of this type were collected,2026-08-16T15:50:20+00:00
es.vpc_endpoint,,es,VpcOptions.VPCId,dotted,ec2.vpc,vpc,contained-in,doc,medium,leaf-hint,describe_vpc_endpoints,es.DescribeVpcEndpoints,,yes,absent,0,0,,0,0,0,no source resources of this type were collected,2026-08-16T15:50:20+00:00
events.api_destination,,events,ConnectionArn,scalar,events.connection,,references,doc,medium,service-exact,list_api_destinations,events.ListApiDestinations,,yes,absent,0,0,,0,0,0,no source resources of this type were collected,2026-08-16T15:50:20+00:00
events.event_rule_target,event-rule-target,events,Rule,scalar,events.rule,event-rule,contained-in,parent_spec,high,declared,,c7n parent_spec of event-rule-target,,yes,absent,0,0,,0,0,0,no source resources of this type were collected,2026-08-16T15:50:20+00:00
events.event_source,,events,Arn,scalar,events.partner_event_source,,references,doc,medium,service-exact,describe_event_source,events.DescribeEventSource,,yes,absent,0,0,,0,0,0,no source resources of this type were collected,2026-08-16T15:50:20+00:00
events.event_source,,events,Name,scalar,events.partner_event_source,,references,doc,medium,service-exact,describe_event_source,events.DescribeEventSource,,yes,absent,0,0,,0,0,0,no source resources of this type were collected,2026-08-16T15:50:20+00:00
events.partner_event_source,,events,Arn,scalar,events.event_source,,references,doc,medium,service-exact,describe_partner_event_source,events.DescribePartnerEventSource,,yes,absent,0,0,,0,0,0,no source resources of this type were collected,2026-08-16T15:50:20+00:00
events.partner_event_source,,events,Name,scalar,events.event_source,,references,doc,medium,service-exact,describe_partner_event_source,events.DescribePartnerEventSource,,yes,absent,0,0,,0,0,0,no source resources of this type were collected,2026-08-16T15:50:20+00:00
events.replay,,events,EventSourceArn,scalar,events.archive,,references,doc,medium,service-exact,describe_replay,events.DescribeReplay,,yes,absent,0,0,,0,0,0,no source resources of this type were collected,2026-08-16T15:50:20+00:00
events.rule,event-rule,events,Name,scalar,events.event_rule_target,event-rule-target,references,c7n,high,curated,list_rules,aws.event-rule.filters.event-rule-target,,yes,unverifiable,4,4,1.00,0,4,0,"target type was not collected, so referential integrity is untested",2026-08-16T15:50:20+00:00
events.rule,event-rule,events,RedshiftDataParameters.SecretManagerArn,dotted,secretsmanager.secret,secrets-manager,references,doc,medium,global-exact,list_targets_by_rule,events.ListTargetsByRule,,yes,absent,4,0,0.00,0,0,0,path never populated across 4 resource(s),2026-08-16T15:50:20+00:00
finspace-data.data_view,,finspace-data,datasetId,scalar,finspace-data.dataset,,references,doc,medium,service-exact,get_data_view,finspace-data.GetDataView,,yes,absent,0,0,,0,0,0,no source resources of this type were collected,2026-08-16T15:50:20+00:00
finspace-data.permission_groups_by_user,,finspace-data,permissionGroupId,scalar,finspace-data.permission_group,,references,doc,medium,service-exact,list_permission_groups_by_user,finspace-data.ListPermissionGroupsByUser,,yes,absent,0,0,,0,0,0,no source resources of this type were collected,2026-08-16T15:50:20+00:00
finspace-data.users_by_permission_group,,finspace-data,firstName,scalar,finspace-data.user,,references,doc,medium,service-exact,list_users_by_permission_group,finspace-data.ListUsersByPermissionGroup,,yes,absent,0,0,,0,0,0,no source resources of this type were collected,2026-08-16T15:50:20+00:00
finspace-data.users_by_permission_group,,finspace-data,lastName,scalar,finspace-data.user,,references,doc,medium,service-exact,list_users_by_permission_group,finspace-data.ListUsersByPermissionGroup,,yes,absent,0,0,,0,0,0,no source resources of this type were collected,2026-08-16T15:50:20+00:00
finspace-data.users_by_permission_group,,finspace-data,userId,scalar,finspace-data.user,,references,doc,medium,service-exact,list_users_by_permission_group,finspace-data.ListUsersByPermissionGroup,,yes,absent,0,0,,0,0,0,no source resources of this type were collected,2026-08-16T15:50:20+00:00
finspace.kx_changeset,,finspace,environmentId,scalar,finspace.environment,,references,doc,medium,service-partial,get_kx_changeset,finspace.GetKxChangeset,,yes,absent,0,0,,0,0,0,no source resources of this type were collected,2026-08-16T15:50:20+00:00
finspace.kx_cluster,,finspace,databases[].dataviewConfiguration.segmentConfigurations[].volumeName,list_nested,ec2.volume,ebs,attached-to,doc,medium,well-known,get_kx_cluster,finspace.GetKxCluster,,yes,absent,0,0,,0,0,0,no source resources of this type were collected,2026-08-16T15:50:20+00:00
finspace.kx_cluster,,finspace,volumeName,scalar,ec2.volume,ebs,attached-to,doc,medium,well-known,get_kx_cluster,finspace.GetKxCluster,,yes,absent,0,0,,0,0,0,no source resources of this type were collected,2026-08-16T15:50:20+00:00
finspace.kx_cluster,,finspace,volumes[].volumeName,list_dict,ec2.volume,ebs,attached-to,doc,medium,well-known,list_kx_clusters,finspace.ListKxClusters,,yes,absent,0,0,,0,0,0,no source resources of this type were collected,2026-08-16T15:50:20+00:00
finspace.kx_cluster,,finspace,vpcConfiguration.vpcId,dotted,ec2.vpc,vpc,contained-in,doc,medium,leaf-hint,get_kx_cluster,finspace.GetKxCluster,,yes,absent,0,0,,0,0,0,no source resources of this type were collected,2026-08-16T15:50:20+00:00
finspace.kx_cluster,,finspace,databases[].dataviewConfiguration.changesetId,list_dict,finspace.kx_changeset,,references,doc,medium,service-partial,get_kx_cluster,finspace.GetKxCluster,,no,absent,0,0,,0,0,0,no source resources of this type were collected,2026-08-16T15:50:20+00:00
finspace.kx_cluster,,finspace,databases[].dataviewConfiguration.dataviewName,list_dict,finspace.kx_dataview,,references,doc,medium,service-partial,get_kx_cluster,finspace.GetKxCluster,,no,absent,0,0,,0,0,0,no source resources of this type were collected,2026-08-16T15:50:20+00:00
finspace.kx_database,,finspace,environmentId,scalar,finspace.environment,,references,doc,medium,service-partial,get_kx_database,finspace.GetKxDatabase,,yes,absent,0,0,,0,0,0,no source resources of this type were collected,2026-08-16T15:50:20+00:00
finspace.kx_database,,finspace,lastCompletedChangesetId,scalar,finspace.kx_changeset,,references,doc,medium,service-partial,get_kx_database,finspace.GetKxDatabase,,no,absent,0,0,,0,0,0,no source resources of this type were collected,2026-08-16T15:50:20+00:00
finspace.kx_dataview,,finspace,activeVersions[].segmentConfigurations[].volumeName,list_nested,ec2.volume,ebs,attached-to,doc,medium,well-known,get_kx_dataview,finspace.GetKxDataview,,yes,absent,0,0,,0,0,0,no source resources of this type were collected,2026-08-16T15:50:20+00:00
finspace.kx_dataview,,finspace,segmentConfigurations[].volumeName,list_dict,ec2.volume,ebs,attached-to,doc,medium,well-known,list_kx_dataviews,finspace.ListKxDataviews,,yes,absent,0,0,,0,0,0,no source resources of this type were collected,2026-08-16T15:50:20+00:00
finspace.kx_dataview,,finspace,volumeName,scalar,ec2.volume,ebs,attached-to,doc,medium,well-known,get_kx_dataview,finspace.GetKxDataview,,yes,absent,0,0,,0,0,0,no source resources of this type were collected,2026-08-16T15:50:20+00:00
finspace.kx_dataview,,finspace,environmentId,scalar,finspace.environment,,references,doc,medium,service-partial,get_kx_dataview,finspace.GetKxDataview,,yes,absent,0,0,,0,0,0,no source resources of this type were collected,2026-08-16T15:50:20+00:00
finspace.kx_dataview,,finspace,activeVersions[].changesetId,list_dict,finspace.kx_changeset,,references,doc,medium,service-partial,get_kx_dataview,finspace.GetKxDataview,,no,absent,0,0,,0,0,0,no source resources of this type were collected,2026-08-16T15:50:20+00:00
finspace.kx_dataview,,finspace,changesetId,scalar,finspace.kx_changeset,,references,doc,medium,service-partial,list_kx_dataviews,finspace.ListKxDataviews,,no,absent,0,0,,0,0,0,no source resources of this type were collected,2026-08-16T15:50:20+00:00
finspace.kx_dataview,,finspace,databaseName,scalar,finspace.kx_database,,references,doc,medium,service-partial,list_kx_dataviews,finspace.ListKxDataviews,,no,absent,0,0,,0,0,0,no source resources of this type were collected,2026-08-16T15:50:20+00:00
finspace.kx_environment,,finspace,environmentArn,scalar,finspace.environment,,references,doc,medium,service-exact,get_kx_environment,finspace.GetKxEnvironment,,yes,absent,0,0,,0,0,0,no source resources of this type were collected,2026-08-16T15:50:20+00:00
finspace.kx_environment,,finspace,environmentId,scalar,finspace.environment,,references,doc,medium,service-partial,get_kx_environment,finspace.GetKxEnvironment,,yes,absent,0,0,,0,0,0,no source resources of this type were collected,2026-08-16T15:50:20+00:00
finspace.kx_environment,,finspace,kmsKeyId,scalar,kms.key,kms-key,encrypted-by,doc,medium,well-known,list_kx_environments,finspace.ListKxEnvironments,,yes,absent,0,0,,0,0,0,no source resources of this type were collected,2026-08-16T15:50:20+00:00
finspace.kx_user,,finspace,environmentId,scalar,finspace.environment,,references,doc,medium,service-partial,get_kx_user,finspace.GetKxUser,,yes,absent,0,0,,0,0,0,no source resources of this type were collected,2026-08-16T15:50:20+00:00
finspace.kx_volume,,finspace,volumeArn,scalar,ec2.volume,ebs,attached-to,doc,medium,well-known,get_kx_volume,finspace.GetKxVolume,,yes,absent,0,0,,0,0,0,no source resources of this type were collected,2026-08-16T15:50:20+00:00
finspace.kx_volume,,finspace,volumeName,scalar,ec2.volume,ebs,attached-to,doc,medium,well-known,get_kx_volume,finspace.GetKxVolume,,yes,absent,0,0,,0,0,0,no source resources of this type were collected,2026-08-16T15:50:20+00:00
finspace.kx_volume,,finspace,environmentId,scalar,finspace.environment,,references,doc,medium,service-partial,get_kx_volume,finspace.GetKxVolume,,yes,absent,0,0,,0,0,0,no source resources of this type were collected,2026-08-16T15:50:20+00:00
firehose.delivery_stream,firehose,firehose,definitions.VpcConfigurationSecurityGroupIds.items,dotted,ec2.security_group,security-group,protected-by,cfn,high,curated,describe_delivery_stream,AWS::KinesisFirehose::DeliveryStream/definitions/VpcConfiguration/properties/SecurityGroupIds/items,,yes,absent,0,0,,0,0,0,no source resources of this type were collected,2026-08-16T15:50:20+00:00
firehose.delivery_stream,firehose,firehose,definitions.VpcConfigurationSubnetIds.items,dotted,ec2.subnet,subnet,contained-in,cfn,high,curated,describe_delivery_stream,AWS::KinesisFirehose::DeliveryStream/definitions/VpcConfiguration/properties/SubnetIds/items,,yes,absent,0,0,,0,0,0,no source resources of this type were collected,2026-08-16T15:50:20+00:00
firehose.delivery_stream,firehose,firehose,DeliveryStreamDescription.Destinations[].AmazonOpenSearchServerlessDestinationDescription.VpcConfigurationDescription.VpcId,list_dict,ec2.vpc,vpc,contained-in,doc,medium,leaf-hint,describe_delivery_stream,firehose.DescribeDeliveryStream,,yes,absent,0,0,,0,0,0,no source resources of this type were collected,2026-08-16T15:50:20+00:00
firehose.delivery_stream,firehose,firehose,DeliveryStreamDescription.Destinations[].AmazonopensearchserviceDestinationDescription.VpcConfigurationDescription.VpcId,list_dict,ec2.vpc,vpc,contained-in,doc,medium,leaf-hint,describe_delivery_stream,firehose.DescribeDeliveryStream,,yes,absent,0,0,,0,0,0,no source resources of this type were collected,2026-08-16T15:50:20+00:00
firehose.delivery_stream,firehose,firehose,DeliveryStreamDescription.Destinations[].ElasticsearchDestinationDescription.VpcConfigurationDescription.VpcId,list_dict,ec2.vpc,vpc,contained-in,doc,medium,leaf-hint,describe_delivery_stream,firehose.DescribeDeliveryStream,,yes,absent,0,0,,0,0,0,no source resources of this type were collected,2026-08-16T15:50:20+00:00
firehose.delivery_stream,firehose,firehose,definitions.ElasticsearchDestinationConfigurationDomainARN.anyOf[0],dotted,es.domain,elasticsearch,references,cfn,high,curated,describe_delivery_stream,AWS::KinesisFirehose::DeliveryStream/definitions/ElasticsearchDestinationConfiguration/properties/DomainARN/anyOf[0],,yes,absent,0,0,,0,0,0,no source resources of this type were collected,2026-08-16T15:50:20+00:00
firehose.delivery_stream,firehose,firehose,definitions.ProcessorParameterParameterValue.anyOf[1],dotted,iam.role,iam-role,assumes,cfn,high,curated,describe_delivery_stream,AWS::KinesisFirehose::DeliveryStream/definitions/ProcessorParameter/properties/ParameterValue/anyOf[1],,yes,absent,0,0,,0,0,0,no source resources of this type were collected,2026-08-16T15:50:20+00:00
firehose.delivery_stream,firehose,firehose,DeliveryStreamEncryptionConfiguration.KeyARN,dotted,kms.key,kms-key,encrypted-by,c7n,high,curated,describe_delivery_stream,aws.firehose.filters.kms-key,,yes,absent,0,0,,0,0,0,no source resources of this type were collected,2026-08-16T15:50:20+00:00
firehose.delivery_stream,firehose,firehose,definitions.ProcessorParameterParameterValue.anyOf[0],dotted,lambda.function,lambda,references,cfn,high,curated,describe_delivery_stream,AWS::KinesisFirehose::DeliveryStream/definitions/ProcessorParameter/properties/ParameterValue/anyOf[0],,yes,absent,0,0,,0,0,0,no source resources of this type were collected,2026-08-16T15:50:20+00:00
fis.experiment,,fis,experiment.experimentTemplateId,dotted,fis.experiment_template,fis-template,references,doc,medium,service-exact,get_experiment,fis.GetExperiment,,yes,absent,0,0,,0,0,0,no source resources of this type were collected,2026-08-16T15:50:20+00:00
fis.experiment,,fis,experimentTemplateId,scalar,fis.experiment_template,fis-template,references,doc,medium,service-exact,list_experiments,fis.ListExperiments,,yes,absent,0,0,,0,0,0,no source resources of this type were collected,2026-08-16T15:50:20+00:00
fms.compliance_detail,,fms,PolicyComplianceDetail.PolicyId,dotted,fms.policy,,references,doc,medium,service-partial,get_compliance_detail,fms.GetComplianceDetail,,yes,absent,0,0,,0,0,0,no source resources of this type were collected,2026-08-16T15:50:20+00:00
fms.compliance_status,,fms,PolicyId,scalar,fms.policy,,references,doc,medium,service-partial,list_compliance_status,fms.ListComplianceStatus,,yes,absent,0,0,,0,0,0,no source resources of this type were collected,2026-08-16T15:50:20+00:00
fms.compliance_status,,fms,PolicyName,scalar,fms.policy,,references,doc,medium,service-partial,list_compliance_status,fms.ListComplianceStatus,,yes,absent,0,0,,0,0,0,no source resources of this type were collected,2026-08-16T15:50:20+00:00
fms.third_party_firewall_firewall_policy,,fms,FirewallPolicyId,scalar,fms.policy,,references,doc,medium,service-partial,list_third_party_firewall_firewall_policies,fms.ListThirdPartyFirewallFirewallPolicies,,yes,absent,0,0,,0,0,0,no source resources of this type were collected,2026-08-16T15:50:20+00:00
fms.third_party_firewall_firewall_policy,,fms,FirewallPolicyName,scalar,fms.policy,,references,doc,medium,service-partial,list_third_party_firewall_firewall_policies,fms.ListThirdPartyFirewallFirewallPolicies,,yes,absent,0,0,,0,0,0,no source resources of this type were collected,2026-08-16T15:50:20+00:00
fms.violation_detail,,fms,ViolationDetail.ResourceViolations[].NetworkFirewallInternetTrafficNotInspectedViolation.InternetGatewayId,list_dict,ec2.internet_gateway,internet-gateway,references,doc,medium,leaf-hint,get_violation_details,fms.GetViolationDetails,,yes,absent,0,0,,0,0,0,no source resources of this type were collected,2026-08-16T15:50:20+00:00
fms.violation_detail,,fms,ViolationDetail.ResourceViolations[].NetworkFirewallInvalidRouteConfigurationViolation.InternetGatewayId,list_dict,ec2.internet_gateway,internet-gateway,references,doc,medium,leaf-hint,get_violation_details,fms.GetViolationDetails,,yes,absent,0,0,,0,0,0,no source resources of this type were collected,2026-08-16T15:50:20+00:00
fms.violation_detail,,fms,ViolationDetail.ResourceViolations[].RouteHasOutOfScopeEndpointViolation.InternetGatewayId,list_dict,ec2.internet_gateway,internet-gateway,references,doc,medium,leaf-hint,get_violation_details,fms.GetViolationDetails,,yes,absent,0,0,,0,0,0,no source resources of this type were collected,2026-08-16T15:50:20+00:00
fms.violation_detail,,fms,ViolationDetail.ResourceViolations[].NetworkFirewallBlackHoleRouteDetectedViolation.RouteTableId,list_dict,ec2.route_table,route-table,references,doc,medium,leaf-hint,get_violation_details,fms.GetViolationDetails,,yes,absent,0,0,,0,0,0,no source resources of this type were collected,2026-08-16T15:50:20+00:00
fms.violation_detail,,fms,ViolationDetail.ResourceViolations[].NetworkFirewallInternetTrafficNotInspectedViolation.ExpectedFirewallSubnetRoutes[].RouteTableId,list_nested,ec2.route_table,route-table,references,doc,medium,leaf-hint,get_violation_details,fms.GetViolationDetails,,yes,absent,0,0,,0,0,0,no source resources of this type were collected,2026-08-16T15:50:20+00:00
fms.violation_detail,,fms,ViolationDetail.ResourceViolations[].NetworkFirewallInternetTrafficNotInspectedViolation.ExpectedInternetGatewayRoutes[].RouteTableId,list_nested,ec2.route_table,route-table,references,doc,medium,leaf-hint,get_violation_details,fms.GetViolationDetails,,yes,absent,0,0,,0,0,0,no source resources of this type were collected,2026-08-16T15:50:20+00:00
fms.violation_detail,,fms,ViolationDetail.ResourceViolations[].NetworkFirewallInternetTrafficNotInspectedViolation.RouteTableId,list_dict,ec2.route_table,route-table,references,doc,medium,leaf-hint,get_violation_details,fms.GetViolationDetails,,yes,absent,0,0,,0,0,0,no source resources of this type were collected,2026-08-16T15:50:20+00:00
fms.violation_detail,,fms,ViolationDetail.ResourceViolations[].NetworkFirewallInvalidRouteConfigurationViolation.ExpectedFirewallSubnetRoutes[].RouteTableId,list_nested,ec2.route_table,route-table,references,doc,medium,leaf-hint,get_violation_details,fms.GetViolationDetails,,yes,absent,0,0,,0,0,0,no source resources of this type were collected,2026-08-16T15:50:20+00:00
fms.violation_detail,,fms,ViolationDetail.ResourceViolations[].NetworkFirewallInvalidRouteConfigurationViolation.ExpectedInternetGatewayRoutes[].RouteTableId,list_nested,ec2.route_table,route-table,references,doc,medium,leaf-hint,get_violation_details,fms.GetViolationDetails,,yes,absent,0,0,,0,0,0,no source resources of this type were collected,2026-08-16T15:50:20+00:00
fms.violation_detail,,fms,ViolationDetail.ResourceViolations[].NetworkFirewallInvalidRouteConfigurationViolation.RouteTableId,list_dict,ec2.route_table,route-table,references,doc,medium,leaf-hint,get_violation_details,fms.GetViolationDetails,,yes,absent,0,0,,0,0,0,no source resources of this type were collected,2026-08-16T15:50:20+00:00
fms.violation_detail,,fms,ViolationDetail.ResourceViolations[].NetworkFirewallMissingExpectedRoutesViolation.ExpectedRoutes[].RouteTableId,list_nested,ec2.route_table,route-table,references,doc,medium,leaf-hint,get_violation_details,fms.GetViolationDetails,,yes,absent,0,0,,0,0,0,no source resources of this type were collected,2026-08-16T15:50:20+00:00
fms.violation_detail,,fms,ViolationDetail.ResourceViolations[].NetworkFirewallUnexpectedFirewallRoutesViolation.RouteTableId,list_dict,ec2.route_table,route-table,references,doc,medium,leaf-hint,get_violation_details,fms.GetViolationDetails,,yes,absent,0,0,,0,0,0,no source resources of this type were collected,2026-08-16T15:50:20+00:00
fms.violation_detail,,fms,ViolationDetail.ResourceViolations[].NetworkFirewallUnexpectedGatewayRoutesViolation.RouteTableId,list_dict,ec2.route_table,route-table,references,doc,medium,leaf-hint,get_violation_details,fms.GetViolationDetails,,yes,absent,0,0,,0,0,0,no source resources of this type were collected,2026-08-16T15:50:20+00:00
fms.violation_detail,,fms,ViolationDetail.ResourceViolations[].RouteHasOutOfScopeEndpointViolation.RouteTableId,list_dict,ec2.route_table,route-table,references,doc,medium,leaf-hint,get_violation_details,fms.GetViolationDetails,,yes,absent,0,0,,0,0,0,no source resources of this type were collected,2026-08-16T15:50:20+00:00
fms.violation_detail,,fms,ViolationDetail.ResourceViolations[].NetworkFirewallInternetTrafficNotInspectedViolation.SubnetId,list_dict,ec2.subnet,subnet,contained-in,doc,medium,leaf-hint,get_violation_details,fms.GetViolationDetails,,yes,absent,0,0,,0,0,0,no source resources of this type were collected,2026-08-16T15:50:20+00:00
fms.violation_detail,,fms,ViolationDetail.ResourceViolations[].RouteHasOutOfScopeEndpointViolation.SubnetId,list_dict,ec2.subnet,subnet,contained-in,doc,medium,leaf-hint,get_violation_details,fms.GetViolationDetails,,yes,absent,0,0,,0,0,0,no source resources of this type were collected,2026-08-16T15:50:20+00:00
fms.violation_detail,,fms,ViolationDetail.ResourceViolations[].FirewallSubnetIsOutOfScopeViolation.VpcId,list_dict,ec2.vpc,vpc,contained-in,doc,medium,leaf-hint,get_violation_details,fms.GetViolationDetails,,yes,absent,0,0,,0,0,0,no source resources of this type were collected,2026-08-16T15:50:20+00:00
fms.violation_detail,,fms,ViolationDetail.ResourceViolations[].FirewallSubnetMissingVPCEndpointViolation.VpcId,list_dict,ec2.vpc,vpc,contained-in,doc,medium,leaf-hint,get_violation_details,fms.GetViolationDetails,,yes,absent,0,0,,0,0,0,no source resources of this type were collected,2026-08-16T15:50:20+00:00
fms.violation_detail,,fms,ViolationDetail.ResourceViolations[].NetworkFirewallBlackHoleRouteDetectedViolation.VpcId,list_dict,ec2.vpc,vpc,contained-in,doc,medium,leaf-hint,get_violation_details,fms.GetViolationDetails,,yes,absent,0,0,,0,0,0,no source resources of this type were collected,2026-08-16T15:50:20+00:00
fms.violation_detail,,fms,ViolationDetail.ResourceViolations[].NetworkFirewallInternetTrafficNotInspectedViolation.VpcId,list_dict,ec2.vpc,vpc,contained-in,doc,medium,leaf-hint,get_violation_details,fms.GetViolationDetails,,yes,absent,0,0,,0,0,0,no source resources of this type were collected,2026-08-16T15:50:20+00:00
fms.violation_detail,,fms,ViolationDetail.ResourceViolations[].NetworkFirewallInvalidRouteConfigurationViolation.VpcId,list_dict,ec2.vpc,vpc,contained-in,doc,medium,leaf-hint,get_violation_details,fms.GetViolationDetails,,yes,absent,0,0,,0,0,0,no source resources of this type were collected,2026-08-16T15:50:20+00:00
fms.violation_detail,,fms,ViolationDetail.ResourceViolations[].NetworkFirewallMissingExpectedRoutesViolation.VpcId,list_dict,ec2.vpc,vpc,contained-in,doc,medium,leaf-hint,get_violation_details,fms.GetViolationDetails,,yes,absent,0,0,,0,0,0,no source resources of this type were collected,2026-08-16T15:50:20+00:00
fms.violation_detail,,fms,ViolationDetail.ResourceViolations[].NetworkFirewallUnexpectedFirewallRoutesViolation.VpcId,list_dict,ec2.vpc,vpc,contained-in,doc,medium,leaf-hint,get_violation_details,fms.GetViolationDetails,,yes,absent,0,0,,0,0,0,no source resources of this type were collected,2026-08-16T15:50:20+00:00
fms.violation_detail,,fms,ViolationDetail.ResourceViolations[].NetworkFirewallUnexpectedGatewayRoutesViolation.VpcId,list_dict,ec2.vpc,vpc,contained-in,doc,medium,leaf-hint,get_violation_details,fms.GetViolationDetails,,yes,absent,0,0,,0,0,0,no source resources of this type were collected,2026-08-16T15:50:20+00:00
fms.violation_detail,,fms,ViolationDetail.ResourceViolations[].RouteHasOutOfScopeEndpointViolation.VpcId,list_dict,ec2.vpc,vpc,contained-in,doc,medium,leaf-hint,get_violation_details,fms.GetViolationDetails,,yes,absent,0,0,,0,0,0,no source resources of this type were collected,2026-08-16T15:50:20+00:00
forecast.dataset,,forecast,EncryptionConfig.KMSKeyArn,dotted,kms.key,kms-key,encrypted-by,doc,medium,leaf-hint,describe_dataset,forecast.DescribeDataset,,yes,absent,0,0,,0,0,0,no source resources of this type were collected,2026-08-16T15:50:20+00:00
forecast.dataset_import_job,,forecast,DataSource.S3Config.KMSKeyArn,dotted,kms.key,kms-key,encrypted-by,doc,medium,leaf-hint,describe_dataset_import_job,forecast.DescribeDatasetImportJob,,yes,absent,0,0,,0,0,0,no source resources of this type were collected,2026-08-16T15:50:20+00:00
forecast.explainability,,forecast,DataSource.S3Config.KMSKeyArn,dotted,kms.key,kms-key,encrypted-by,doc,medium,leaf-hint,describe_explainability,forecast.DescribeExplainability,,yes,absent,0,0,,0,0,0,no source resources of this type were collected,2026-08-16T15:50:20+00:00
forecast.explainability_export,,forecast,Destination.S3Config.KMSKeyArn,dotted,kms.key,kms-key,encrypted-by,doc,medium,leaf-hint,describe_explainability_export,forecast.DescribeExplainabilityExport,,yes,absent,0,0,,0,0,0,no source resources of this type were collected,2026-08-16T15:50:20+00:00
forecast.forecast,,forecast,PredictorArn,scalar,forecast.predictor,,references,doc,medium,service-exact,describe_forecast,forecast.DescribeForecast,,yes,absent,0,0,,0,0,0,no source resources of this type were collected,2026-08-16T15:50:20+00:00
forecast.forecast,,forecast,TimeSeriesSelector.TimeSeriesIdentifiers.DataSource.S3Config.KMSKeyArn,dotted,kms.key,kms-key,encrypted-by,doc,medium,leaf-hint,describe_forecast,forecast.DescribeForecast,,yes,absent,0,0,,0,0,0,no source resources of this type were collected,2026-08-16T15:50:20+00:00
forecast.forecast_export_job,,forecast,Destination.S3Config.KMSKeyArn,dotted,kms.key,kms-key,encrypted-by,doc,medium,leaf-hint,describe_forecast_export_job,forecast.DescribeForecastExportJob,,yes,absent,0,0,,0,0,0,no source resources of this type were collected,2026-08-16T15:50:20+00:00
forecast.predictor,,forecast,FeaturizationConfig.Featurizations[].FeaturizationPipeline[].FeaturizationMethodName,list_nested,apigateway.method,,references,doc,medium,global-exact,describe_predictor,forecast.DescribePredictor,,yes,absent,0,0,,0,0,0,no source resources of this type were collected,2026-08-16T15:50:20+00:00
forecast.predictor,,forecast,InputDataConfig.SupplementaryFeatures[].Name,list_dict,evidently.feature,,references,doc,medium,global-exact,describe_predictor,forecast.DescribePredictor,,yes,absent,0,0,,0,0,0,no source resources of this type were collected,2026-08-16T15:50:20+00:00
forecast.predictor,,forecast,DataConfig.AdditionalDatasets[].Name,list_dict,forecast.dataset,,references,doc,medium,service-partial,describe_auto_predictor,forecast.DescribeAutoPredictor,,yes,absent,0,0,,0,0,0,no source resources of this type were collected,2026-08-16T15:50:20+00:00
forecast.predictor,,forecast,DataConfig.DatasetGroupArn,dotted,forecast.dataset,,references,doc,medium,service-exact,describe_auto_predictor,forecast.DescribeAutoPredictor,,yes,absent,0,0,,0,0,0,no source resources of this type were collected,2026-08-16T15:50:20+00:00
forecast.predictor,,forecast,EncryptionConfig.KMSKeyArn,dotted,kms.key,kms-key,encrypted-by,doc,medium,leaf-hint,describe_auto_predictor,forecast.DescribeAutoPredictor,,yes,absent,0,0,,0,0,0,no source resources of this type were collected,2026-08-16T15:50:20+00:00
forecast.predictor_backtest_export_job,,forecast,Destination.S3Config.KMSKeyArn,dotted,kms.key,kms-key,encrypted-by,doc,medium,leaf-hint,describe_predictor_backtest_export_job,forecast.DescribePredictorBacktestExportJob,,yes,absent,0,0,,0,0,0,no source resources of this type were collected,2026-08-16T15:50:20+00:00
forecast.what_if_analys,,forecast,TimeSeriesSelector.TimeSeriesIdentifiers.DataSource.S3Config.KMSKeyArn,dotted,kms.key,kms-key,encrypted-by,doc,medium,leaf-hint,describe_what_if_analysis,forecast.DescribeWhatIfAnalysis,,yes,absent,0,0,,0,0,0,no source resources of this type were collected,2026-08-16T15:50:20+00:00
forecast.what_if_forecast,,forecast,TimeSeriesReplacementsDataSource.S3Config.KMSKeyArn,dotted,kms.key,kms-key,encrypted-by,doc,medium,leaf-hint,describe_what_if_forecast,forecast.DescribeWhatIfForecast,,yes,absent,0,0,,0,0,0,no source resources of this type were collected,2026-08-16T15:50:20+00:00
forecast.what_if_forecast_export,,forecast,Destination.S3Config.KMSKeyArn,dotted,kms.key,kms-key,encrypted-by,doc,medium,leaf-hint,describe_what_if_forecast_export,forecast.DescribeWhatIfForecastExport,,yes,absent,0,0,,0,0,0,no source resources of this type were collected,2026-08-16T15:50:20+00:00
frauddetector.batch_import_job,,frauddetector,eventTypeName,scalar,frauddetector.event_type,,references,doc,medium,service-exact,get_batch_import_jobs,frauddetector.GetBatchImportJobs,,yes,absent,0,0,,0,0,0,no source resources of this type were collected,2026-08-16T15:50:20+00:00
frauddetector.batch_import_job,,frauddetector,iamRoleArn,scalar,iam.role,iam-role,assumes,doc,medium,well-known,get_batch_import_jobs,frauddetector.GetBatchImportJobs,,yes,absent,0,0,,0,0,0,no source resources of this type were collected,2026-08-16T15:50:20+00:00
frauddetector.batch_prediction_job,,frauddetector,detectorName,scalar,frauddetector.detector,,references,doc,medium,service-exact,get_batch_prediction_jobs,frauddetector.GetBatchPredictionJobs,,yes,absent,0,0,,0,0,0,no source resources of this type were collected,2026-08-16T15:50:20+00:00
frauddetector.batch_prediction_job,,frauddetector,eventTypeName,scalar,frauddetector.event_type,,references,doc,medium,service-exact,get_batch_prediction_jobs,frauddetector.GetBatchPredictionJobs,,yes,absent,0,0,,0,0,0,no source resources of this type were collected,2026-08-16T15:50:20+00:00
frauddetector.batch_prediction_job,,frauddetector,iamRoleArn,scalar,iam.role,iam-role,assumes,doc,medium,well-known,get_batch_prediction_jobs,frauddetector.GetBatchPredictionJobs,,yes,absent,0,0,,0,0,0,no source resources of this type were collected,2026-08-16T15:50:20+00:00
frauddetector.detector,,frauddetector,eventTypeName,scalar,frauddetector.event_type,,references,doc,medium,service-exact,get_detectors,frauddetector.GetDetectors,,yes,absent,0,0,,0,0,0,no source resources of this type were collected,2026-08-16T15:50:20+00:00
frauddetector.model,,frauddetector,eventTypeName,scalar,frauddetector.event_type,,references,doc,medium,service-exact,get_models,frauddetector.GetModels,,yes,absent,0,0,,0,0,0,no source resources of this type were collected,2026-08-16T15:50:20+00:00
frauddetector.model_version,,frauddetector,trainingResult.variableImportanceMetrics.logOddsMetrics[].variableName,list_dict,frauddetector.variable,,references,doc,medium,service-exact,describe_model_versions,frauddetector.DescribeModelVersions,,yes,absent,0,0,,0,0,0,no source resources of this type were collected,2026-08-16T15:50:20+00:00
frauddetector.model_version,,frauddetector,trainingResultV2.variableImportanceMetrics.logOddsMetrics[].variableName,list_dict,frauddetector.variable,,references,doc,medium,service-exact,describe_model_versions,frauddetector.DescribeModelVersions,,yes,absent,0,0,,0,0,0,no source resources of this type were collected,2026-08-16T15:50:20+00:00
fsx.data_repository_association,,fsx,FileSystemId,scalar,fsx.file_system,fsx,references,doc,medium,service-exact,describe_data_repository_associations,fsx.DescribeDataRepositoryAssociations,,yes,absent,0,0,,0,0,0,no source resources of this type were collected,2026-08-16T15:50:20+00:00
fsx.file_system,fsx,fsx,AdministrativeActions[].TargetSnapshotValues.SnapshotId,list_dict,ec2.ebs_snapshot,ebs-snapshot,created-from,doc,medium,curated,describe_file_systems,fsx.DescribeFileSystems: 'snapshot',,yes,absent,0,0,,0,0,0,no source resources of this type were collected,2026-08-16T15:50:20+00:00
fsx.file_system,fsx,fsx,SubnetIds[],list_scalar,ec2.subnet,subnet,contained-in,c7n,high,curated,describe_file_systems,aws.fsx.filters.subnet,,yes,absent,0,0,,0,0,0,no source resources of this type were collected,2026-08-16T15:50:20+00:00
fsx.file_system,fsx,fsx,AdministrativeActions[].TargetSnapshotValues.VolumeId,list_dict,ec2.volume,ebs,attached-to,doc,medium,curated,describe_file_systems,fsx.DescribeFileSystems: 'volume that the snapshot is of',,yes,absent,0,0,,0,0,0,no source resources of this type were collected,2026-08-16T15:50:20+00:00
fsx.file_system,fsx,fsx,AdministrativeActions[].TargetVolumeValues.Name,list_dict,ec2.volume,ebs,attached-to,doc,medium,well-known,describe_file_systems,fsx.DescribeFileSystems,,yes,absent,0,0,,0,0,0,no source resources of this type were collected,2026-08-16T15:50:20+00:00
fsx.file_system,fsx,fsx,AdministrativeActions[].TargetVolumeValues.VolumeId,list_dict,ec2.volume,ebs,attached-to,doc,medium,curated,describe_file_systems,fsx.DescribeFileSystems: 'volume',,yes,absent,0,0,,0,0,0,no source resources of this type were collected,2026-08-16T15:50:20+00:00
fsx.file_system,fsx,fsx,AdministrativeActions[].TargetFileSystemValues.VpcId,list_dict,ec2.vpc,vpc,contained-in,doc,medium,curated,describe_file_systems,fsx.DescribeFileSystems: 'primary virtual private cloud',,yes,absent,0,0,,0,0,0,no source resources of this type were collected,2026-08-16T15:50:20+00:00
fsx.file_system,fsx,fsx,VpcId,scalar,ec2.vpc,vpc,contained-in,doc,medium,curated,describe_file_systems,fsx.DescribeFileSystems: 'primary virtual private cloud',,yes,absent,0,0,,0,0,0,no source resources of this type were collected,2026-08-16T15:50:20+00:00
fsx.file_system,fsx,fsx,AdministrativeActions[].TargetVolumeValues.OpenZFSConfiguration.ParentVolumeId,list_dict,fsx.volume,,references,doc,medium,service-partial,describe_file_systems,fsx.DescribeFileSystems,,yes,absent,0,0,,0,0,0,no source resources of this type were collected,2026-08-16T15:50:20+00:00
fsx.file_system,fsx,fsx,AdministrativeActions[].TargetFileSystemValues.KmsKeyId,list_dict,kms.key,kms-key,encrypted-by,doc,medium,curated,describe_file_systems,fsx.DescribeFileSystems: 'Key Management Service',,yes,absent,0,0,,0,0,0,no source resources of this type were collected,2026-08-16T15:50:20+00:00
fsx.file_system,fsx,fsx,KmsKeyId,scalar,kms.key,kms-key,encrypted-by,c7n,high,curated,describe_file_systems,aws.fsx.filters.kms-key,doc,yes,absent,0,0,,0,0,0,no source resources of this type were collected,2026-08-16T15:50:20+00:00
fsx.file_system,fsx,fsx,AdministrativeActions[].TargetFileSystemValues.OpenZFSConfiguration.RootVolumeId,list_dict,organizations.root,,references,doc,medium,global-exact,describe_file_systems,fsx.DescribeFileSystems,,yes,absent,0,0,,0,0,0,no source resources of this type were collected,2026-08-16T15:50:20+00:00
fsx.file_system,fsx,fsx,OpenZFSConfiguration.RootVolumeId,dotted,organizations.root,,references,doc,medium,global-exact,describe_file_systems,fsx.DescribeFileSystems,,yes,absent,0,0,,0,0,0,no source resources of this type were collected,2026-08-16T15:50:20+00:00
fsx.fsx_backup,fsx-backup,fsx,FileSystem.AdministrativeActions[].TargetSnapshotValues.SnapshotId,list_dict,ec2.ebs_snapshot,ebs-snapshot,created-from,doc,medium,curated,describe_backups,fsx.DescribeBackups: 'snapshot',,yes,absent,0,0,,0,0,0,no source resources of this type were collected,2026-08-16T15:50:20+00:00
fsx.fsx_backup,fsx-backup,fsx,Volume.AdministrativeActions[].TargetSnapshotValues.SnapshotId,list_dict,ec2.ebs_snapshot,ebs-snapshot,created-from,doc,medium,curated,describe_backups,fsx.DescribeBackups: 'snapshot',,yes,absent,0,0,,0,0,0,no source resources of this type were collected,2026-08-16T15:50:20+00:00
fsx.fsx_backup,fsx-backup,fsx,FileSystem.AdministrativeActions[].TargetSnapshotValues.VolumeId,list_dict,ec2.volume,ebs,attached-to,doc,medium,curated,describe_backups,fsx.DescribeBackups: 'volume that the snapshot is of',,yes,absent,0,0,,0,0,0,no source resources of this type were collected,2026-08-16T15:50:20+00:00
fsx.fsx_backup,fsx-backup,fsx,FileSystem.AdministrativeActions[].TargetVolumeValues.Name,list_dict,ec2.volume,ebs,attached-to,doc,medium,well-known,describe_backups,fsx.DescribeBackups,,yes,absent,0,0,,0,0,0,no source resources of this type were collected,2026-08-16T15:50:20+00:00
fsx.fsx_backup,fsx-backup,fsx,FileSystem.AdministrativeActions[].TargetVolumeValues.VolumeId,list_dict,ec2.volume,ebs,attached-to,doc,medium,curated,describe_backups,fsx.DescribeBackups: 'volume',,yes,absent,0,0,,0,0,0,no source resources of this type were collected,2026-08-16T15:50:20+00:00
fsx.fsx_backup,fsx-backup,fsx,Volume.AdministrativeActions[].TargetSnapshotValues.VolumeId,list_dict,ec2.volume,ebs,attached-to,doc,medium,curated,describe_backups,fsx.DescribeBackups: 'volume that the snapshot is of',,yes,absent,0,0,,0,0,0,no source resources of this type were collected,2026-08-16T15:50:20+00:00
fsx.fsx_backup,fsx-backup,fsx,Volume.AdministrativeActions[].TargetVolumeValues.Name,list_dict,ec2.volume,ebs,attached-to,doc,medium,well-known,describe_backups,fsx.DescribeBackups,,yes,absent,0,0,,0,0,0,no source resources of this type were collected,2026-08-16T15:50:20+00:00
fsx.fsx_backup,fsx-backup,fsx,Volume.AdministrativeActions[].TargetVolumeValues.VolumeId,list_dict,ec2.volume,ebs,attached-to,doc,medium,curated,describe_backups,fsx.DescribeBackups: 'volume',,yes,absent,0,0,,0,0,0,no source resources of this type were collected,2026-08-16T15:50:20+00:00
fsx.fsx_backup,fsx-backup,fsx,Volume.Name,dotted,ec2.volume,ebs,attached-to,doc,medium,well-known,describe_backups,fsx.DescribeBackups,,yes,absent,0,0,,0,0,0,no source resources of this type were collected,2026-08-16T15:50:20+00:00
fsx.fsx_backup,fsx-backup,fsx,Volume.VolumeId,dotted,ec2.volume,ebs,attached-to,doc,medium,curated,describe_backups,fsx.DescribeBackups: 'volume',,yes,absent,0,0,,0,0,0,no source resources of this type were collected,2026-08-16T15:50:20+00:00
fsx.fsx_backup,fsx-backup,fsx,FileSystem.AdministrativeActions[].TargetFileSystemValues.VpcId,list_dict,ec2.vpc,vpc,contained-in,doc,medium,curated,describe_backups,fsx.DescribeBackups: 'primary virtual private cloud',,yes,absent,0,0,,0,0,0,no source resources of this type were collected,2026-08-16T15:50:20+00:00
fsx.fsx_backup,fsx-backup,fsx,FileSystem.VpcId,dotted,ec2.vpc,vpc,contained-in,doc,medium,curated,describe_backups,fsx.DescribeBackups: 'primary virtual private cloud',,yes,absent,0,0,,0,0,0,no source resources of this type were collected,2026-08-16T15:50:20+00:00
fsx.fsx_backup,fsx-backup,fsx,Volume.AdministrativeActions[].TargetFileSystemValues.VpcId,list_dict,ec2.vpc,vpc,contained-in,doc,medium,curated,describe_backups,fsx.DescribeBackups: 'primary virtual private cloud',,yes,absent,0,0,,0,0,0,no source resources of this type were collected,2026-08-16T15:50:20+00:00
fsx.fsx_backup,fsx-backup,fsx,FileSystem.AdministrativeActions[].TargetFileSystemValues.FileSystemId,list_dict,fsx.file_system,fsx,references,doc,medium,service-exact,describe_backups,fsx.DescribeBackups,,yes,absent,0,0,,0,0,0,no source resources of this type were collected,2026-08-16T15:50:20+00:00
fsx.fsx_backup,fsx-backup,fsx,FileSystem.AdministrativeActions[].TargetVolumeValues.FileSystemId,list_dict,fsx.file_system,fsx,references,doc,medium,service-exact,describe_backups,fsx.DescribeBackups,,yes,absent,0,0,,0,0,0,no source resources of this type were collected,2026-08-16T15:50:20+00:00
fsx.fsx_backup,fsx-backup,fsx,FileSystem.FileSystemId,dotted,fsx.file_system,fsx,references,doc,medium,service-exact,describe_backups,fsx.DescribeBackups,,yes,absent,0,0,,0,0,0,no source resources of this type were collected,2026-08-16T15:50:20+00:00
fsx.fsx_backup,fsx-backup,fsx,Volume.AdministrativeActions[].TargetFileSystemValues.FileSystemId,list_dict,fsx.file_system,fsx,references,doc,medium,service-exact,describe_backups,fsx.DescribeBackups,,yes,absent,0,0,,0,0,0,no source resources of this type were collected,2026-08-16T15:50:20+00:00
fsx.fsx_backup,fsx-backup,fsx,Volume.AdministrativeActions[].TargetVolumeValues.FileSystemId,list_dict,fsx.file_system,fsx,references,doc,medium,service-exact,describe_backups,fsx.DescribeBackups,,yes,absent,0,0,,0,0,0,no source resources of this type were collected,2026-08-16T15:50:20+00:00
fsx.fsx_backup,fsx-backup,fsx,Volume.FileSystemId,dotted,fsx.file_system,fsx,references,doc,medium,service-exact,describe_backups,fsx.DescribeBackups,,yes,absent,0,0,,0,0,0,no source resources of this type were collected,2026-08-16T15:50:20+00:00
fsx.fsx_backup,fsx-backup,fsx,FileSystem.AdministrativeActions[].TargetVolumeValues.OpenZFSConfiguration.ParentVolumeId,list_dict,fsx.volume,,references,doc,medium,service-partial,describe_backups,fsx.DescribeBackups,,yes,absent,0,0,,0,0,0,no source resources of this type were collected,2026-08-16T15:50:20+00:00
fsx.fsx_backup,fsx-backup,fsx,Volume.AdministrativeActions[].TargetVolumeValues.OpenZFSConfiguration.ParentVolumeId,list_dict,fsx.volume,,references,doc,medium,service-partial,describe_backups,fsx.DescribeBackups,,yes,absent,0,0,,0,0,0,no source resources of this type were collected,2026-08-16T15:50:20+00:00
fsx.fsx_backup,fsx-backup,fsx,Volume.OpenZFSConfiguration.ParentVolumeId,dotted,fsx.volume,,references,doc,medium,service-partial,describe_backups,fsx.DescribeBackups,,yes,absent,0,0,,0,0,0,no source resources of this type were collected,2026-08-16T15:50:20+00:00
fsx.fsx_backup,fsx-backup,fsx,FileSystem.AdministrativeActions[].TargetFileSystemValues.KmsKeyId,list_dict,kms.key,kms-key,encrypted-by,doc,medium,curated,describe_backups,fsx.DescribeBackups: 'Key Management Service',,yes,absent,0,0,,0,0,0,no source resources of this type were collected,2026-08-16T15:50:20+00:00
fsx.fsx_backup,fsx-backup,fsx,FileSystem.KmsKeyId,dotted,kms.key,kms-key,encrypted-by,doc,medium,curated,describe_backups,fsx.DescribeBackups: 'Key Management Service',,yes,absent,0,0,,0,0,0,no source resources of this type were collected,2026-08-16T15:50:20+00:00
fsx.fsx_backup,fsx-backup,fsx,KmsKeyId,scalar,kms.key,kms-key,encrypted-by,c7n,high,curated,describe_backups,aws.fsx-backup.filters.kms-key,doc,yes,absent,0,0,,0,0,0,no source resources of this type were collected,2026-08-16T15:50:20+00:00
fsx.fsx_backup,fsx-backup,fsx,Volume.AdministrativeActions[].TargetFileSystemValues.KmsKeyId,list_dict,kms.key,kms-key,encrypted-by,doc,medium,curated,describe_backups,fsx.DescribeBackups: 'Key Management Service',,yes,absent,0,0,,0,0,0,no source resources of this type were collected,2026-08-16T15:50:20+00:00
fsx.fsx_backup,fsx-backup,fsx,FileSystem.AdministrativeActions[].TargetFileSystemValues.OpenZFSConfiguration.RootVolumeId,list_dict,organizations.root,,references,doc,medium,global-exact,describe_backups,fsx.DescribeBackups,,yes,absent,0,0,,0,0,0,no source resources of this type were collected,2026-08-16T15:50:20+00:00
fsx.fsx_backup,fsx-backup,fsx,FileSystem.OpenZFSConfiguration.RootVolumeId,dotted,organizations.root,,references,doc,medium,global-exact,describe_backups,fsx.DescribeBackups,,yes,absent,0,0,,0,0,0,no source resources of this type were collected,2026-08-16T15:50:20+00:00
fsx.fsx_backup,fsx-backup,fsx,Volume.AdministrativeActions[].TargetFileSystemValues.OpenZFSConfiguration.RootVolumeId,list_dict,organizations.root,,references,doc,medium,global-exact,describe_backups,fsx.DescribeBackups,,yes,absent,0,0,,0,0,0,no source resources of this type were collected,2026-08-16T15:50:20+00:00
fsx.snapshot,,fsx,AdministrativeActions[].TargetSnapshotValues.VolumeId,list_dict,ec2.volume,ebs,attached-to,doc,medium,leaf-hint,describe_snapshots,fsx.DescribeSnapshots,,yes,absent,0,0,,0,0,0,no source resources of this type were collected,2026-08-16T15:50:20+00:00
fsx.snapshot,,fsx,AdministrativeActions[].TargetVolumeValues.Name,list_dict,ec2.volume,ebs,attached-to,doc,medium,well-known,describe_snapshots,fsx.DescribeSnapshots,,yes,absent,0,0,,0,0,0,no source resources of this type were collected,2026-08-16T15:50:20+00:00
fsx.snapshot,,fsx,AdministrativeActions[].TargetVolumeValues.VolumeId,list_dict,ec2.volume,ebs,attached-to,doc,medium,leaf-hint,describe_snapshots,fsx.DescribeSnapshots,,yes,absent,0,0,,0,0,0,no source resources of this type were collected,2026-08-16T15:50:20+00:00
fsx.snapshot,,fsx,VolumeId,scalar,ec2.volume,ebs,attached-to,doc,medium,leaf-hint,describe_snapshots,fsx.DescribeSnapshots,,yes,absent,0,0,,0,0,0,no source resources of this type were collected,2026-08-16T15:50:20+00:00
fsx.snapshot,,fsx,AdministrativeActions[].TargetFileSystemValues.VpcId,list_dict,ec2.vpc,vpc,contained-in,doc,medium,leaf-hint,describe_snapshots,fsx.DescribeSnapshots,,yes,absent,0,0,,0,0,0,no source resources of this type were collected,2026-08-16T15:50:20+00:00
fsx.snapshot,,fsx,AdministrativeActions[].TargetFileSystemValues.FileSystemId,list_dict,fsx.file_system,fsx,references,doc,medium,service-exact,describe_snapshots,fsx.DescribeSnapshots,,yes,absent,0,0,,0,0,0,no source resources of this type were collected,2026-08-16T15:50:20+00:00
fsx.snapshot,,fsx,AdministrativeActions[].TargetVolumeValues.FileSystemId,list_dict,fsx.file_system,fsx,references,doc,medium,service-exact,describe_snapshots,fsx.DescribeSnapshots,,yes,absent,0,0,,0,0,0,no source resources of this type were collected,2026-08-16T15:50:20+00:00
fsx.snapshot,,fsx,AdministrativeActions[].TargetVolumeValues.OpenZFSConfiguration.ParentVolumeId,list_dict,fsx.volume,,references,doc,medium,service-partial,describe_snapshots,fsx.DescribeSnapshots,,yes,absent,0,0,,0,0,0,no source resources of this type were collected,2026-08-16T15:50:20+00:00
fsx.snapshot,,fsx,AdministrativeActions[].TargetFileSystemValues.KmsKeyId,list_dict,kms.key,kms-key,encrypted-by,doc,medium,leaf-hint,describe_snapshots,fsx.DescribeSnapshots,,yes,absent,0,0,,0,0,0,no source resources of this type were collected,2026-08-16T15:50:20+00:00
fsx.snapshot,,fsx,AdministrativeActions[].TargetFileSystemValues.OpenZFSConfiguration.RootVolumeId,list_dict,organizations.root,,references,doc,medium,global-exact,describe_snapshots,fsx.DescribeSnapshots,,yes,absent,0,0,,0,0,0,no source resources of this type were collected,2026-08-16T15:50:20+00:00
fsx.storage_virtual_machine,,fsx,FileSystemId,scalar,fsx.file_system,fsx,references,doc,medium,service-exact,describe_storage_virtual_machines,fsx.DescribeStorageVirtualMachines,,yes,absent,0,0,,0,0,0,no source resources of this type were collected,2026-08-16T15:50:20+00:00
fsx.volume,,fsx,AdministrativeActions[].TargetSnapshotValues.VolumeId,list_dict,ec2.volume,ebs,attached-to,doc,medium,leaf-hint,describe_volumes,fsx.DescribeVolumes,,yes,absent,0,0,,0,0,0,no source resources of this type were collected,2026-08-16T15:50:20+00:00
fsx.volume,,fsx,AdministrativeActions[].TargetVolumeValues.Name,list_dict,ec2.volume,ebs,attached-to,doc,medium,well-known,describe_volumes,fsx.DescribeVolumes,,yes,absent,0,0,,0,0,0,no source resources of this type were collected,2026-08-16T15:50:20+00:00
fsx.volume,,fsx,AdministrativeActions[].TargetVolumeValues.VolumeId,list_dict,ec2.volume,ebs,attached-to,doc,medium,leaf-hint,describe_volumes,fsx.DescribeVolumes,,yes,absent,0,0,,0,0,0,no source resources of this type were collected,2026-08-16T15:50:20+00:00
fsx.volume,,fsx,Name,scalar,ec2.volume,ebs,attached-to,doc,medium,well-known,describe_volumes,fsx.DescribeVolumes,,yes,absent,0,0,,0,0,0,no source resources of this type were collected,2026-08-16T15:50:20+00:00
fsx.volume,,fsx,VolumeId,scalar,ec2.volume,ebs,attached-to,doc,medium,leaf-hint,describe_volumes,fsx.DescribeVolumes,,yes,absent,0,0,,0,0,0,no source resources of this type were collected,2026-08-16T15:50:20+00:00
fsx.volume,,fsx,AdministrativeActions[].TargetFileSystemValues.VpcId,list_dict,ec2.vpc,vpc,contained-in,doc,medium,leaf-hint,describe_volumes,fsx.DescribeVolumes,,yes,absent,0,0,,0,0,0,no source resources of this type were collected,2026-08-16T15:50:20+00:00
fsx.volume,,fsx,AdministrativeActions[].TargetFileSystemValues.FileSystemId,list_dict,fsx.file_system,fsx,references,doc,medium,service-exact,describe_volumes,fsx.DescribeVolumes,,yes,absent,0,0,,0,0,0,no source resources of this type were collected,2026-08-16T15:50:20+00:00
fsx.volume,,fsx,AdministrativeActions[].TargetVolumeValues.FileSystemId,list_dict,fsx.file_system,fsx,references,doc,medium,service-exact,describe_volumes,fsx.DescribeVolumes,,yes,absent,0,0,,0,0,0,no source resources of this type were collected,2026-08-16T15:50:20+00:00
fsx.volume,,fsx,FileSystemId,scalar,fsx.file_system,fsx,references,doc,medium,service-exact,describe_volumes,fsx.DescribeVolumes,,yes,absent,0,0,,0,0,0,no source resources of this type were collected,2026-08-16T15:50:20+00:00
fsx.volume,,fsx,AdministrativeActions[].TargetFileSystemValues.KmsKeyId,list_dict,kms.key,kms-key,encrypted-by,doc,medium,leaf-hint,describe_volumes,fsx.DescribeVolumes,,yes,absent,0,0,,0,0,0,no source resources of this type were collected,2026-08-16T15:50:20+00:00
fsx.volume,,fsx,AdministrativeActions[].TargetFileSystemValues.OpenZFSConfiguration.RootVolumeId,list_dict,organizations.root,,references,doc,medium,global-exact,describe_volumes,fsx.DescribeVolumes,,yes,absent,0,0,,0,0,0,no source resources of this type were collected,2026-08-16T15:50:20+00:00
gamelift.alias,,gamelift,Alias.RoutingStrategy.FleetId,dotted,gamelift.fleet,gamelift-fleet,references,doc,medium,service-exact,describe_alias,gamelift.DescribeAlias,,yes,absent,0,0,,0,0,0,no source resources of this type were collected,2026-08-16T15:50:20+00:00
gamelift.alias,,gamelift,RoutingStrategy.FleetId,dotted,gamelift.fleet,gamelift-fleet,references,doc,medium,service-exact,list_aliases,gamelift.ListAliases,,yes,absent,0,0,,0,0,0,no source resources of this type were collected,2026-08-16T15:50:20+00:00
gamelift.compute,,gamelift,Compute.FleetId,dotted,gamelift.fleet,gamelift-fleet,references,doc,medium,service-exact,describe_compute,gamelift.DescribeCompute,,yes,absent,0,0,,0,0,0,no source resources of this type were collected,2026-08-16T15:50:20+00:00
gamelift.compute,,gamelift,FleetId,scalar,gamelift.fleet,gamelift-fleet,references,doc,medium,service-exact,list_compute,gamelift.ListCompute,,yes,absent,0,0,,0,0,0,no source resources of this type were collected,2026-08-16T15:50:20+00:00
gamelift.compute_access,,gamelift,ComputeName,scalar,gamelift.compute,,references,doc,medium,service-exact,get_compute_access,gamelift.GetComputeAccess,,yes,absent,0,0,,0,0,0,no source resources of this type were collected,2026-08-16T15:50:20+00:00
gamelift.compute_auth_token,,gamelift,FleetId,scalar,gamelift.fleet,gamelift-fleet,references,doc,medium,service-exact,get_compute_auth_token,gamelift.GetComputeAuthToken,,yes,absent,0,0,,0,0,0,no source resources of this type were collected,2026-08-16T15:50:20+00:00
gamelift.fleet_attribute,,gamelift,FleetId,scalar,gamelift.fleet,gamelift-fleet,references,doc,medium,service-exact,describe_fleet_attributes,gamelift.DescribeFleetAttributes,,yes,absent,0,0,,0,0,0,no source resources of this type were collected,2026-08-16T15:50:20+00:00
gamelift.fleet_capacity,,gamelift,FleetId,scalar,gamelift.fleet,gamelift-fleet,references,doc,medium,service-exact,describe_fleet_capacity,gamelift.DescribeFleetCapacity,,yes,absent,0,0,,0,0,0,no source resources of this type were collected,2026-08-16T15:50:20+00:00
gamelift.fleet_location_capacity,,gamelift,FleetCapacity.FleetId,dotted,gamelift.fleet,gamelift-fleet,references,doc,medium,service-exact,describe_fleet_location_capacity,gamelift.DescribeFleetLocationCapacity,,yes,absent,0,0,,0,0,0,no source resources of this type were collected,2026-08-16T15:50:20+00:00
gamelift.fleet_location_utilization,,gamelift,FleetUtilization.FleetId,dotted,gamelift.fleet,gamelift-fleet,references,doc,medium,service-exact,describe_fleet_location_utilization,gamelift.DescribeFleetLocationUtilization,,yes,absent,0,0,,0,0,0,no source resources of this type were collected,2026-08-16T15:50:20+00:00
gamelift.fleet_port_setting,,gamelift,FleetId,scalar,gamelift.fleet,gamelift-fleet,references,doc,medium,service-exact,describe_fleet_port_settings,gamelift.DescribeFleetPortSettings,,yes,absent,0,0,,0,0,0,no source resources of this type were collected,2026-08-16T15:50:20+00:00
gamelift.fleet_utilization,,gamelift,FleetId,scalar,gamelift.fleet,gamelift-fleet,references,doc,medium,service-exact,describe_fleet_utilization,gamelift.DescribeFleetUtilization,,yes,absent,0,0,,0,0,0,no source resources of this type were collected,2026-08-16T15:50:20+00:00
gamelift.game_server,,gamelift,GameServer.InstanceId,dotted,ec2.instance,ec2,references,doc,medium,leaf-hint,describe_game_server,gamelift.DescribeGameServer,,yes,absent,0,0,,0,0,0,no source resources of this type were collected,2026-08-16T15:50:20+00:00
gamelift.game_server,,gamelift,InstanceId,scalar,ec2.instance,ec2,references,doc,medium,leaf-hint,list_game_servers,gamelift.ListGameServers,,yes,absent,0,0,,0,0,0,no source resources of this type were collected,2026-08-16T15:50:20+00:00
gamelift.game_server_instance,,gamelift,InstanceId,scalar,ec2.instance,ec2,references,doc,medium,leaf-hint,describe_game_server_instances,gamelift.DescribeGameServerInstances,,yes,absent,0,0,,0,0,0,no source resources of this type were collected,2026-08-16T15:50:20+00:00
gamelift.game_session,,gamelift,FleetId,scalar,gamelift.fleet,gamelift-fleet,references,doc,medium,service-exact,describe_game_sessions,gamelift.DescribeGameSessions,,yes,absent,0,0,,0,0,0,no source resources of this type were collected,2026-08-16T15:50:20+00:00
gamelift.game_session_detail,,gamelift,GameSession.FleetId,dotted,gamelift.fleet,gamelift-fleet,references,doc,medium,service-exact,describe_game_session_details,gamelift.DescribeGameSessionDetails,,yes,absent,0,0,,0,0,0,no source resources of this type were collected,2026-08-16T15:50:20+00:00
gamelift.game_session_detail,,gamelift,GameSession.GameSessionId,dotted,gamelift.game_session,,references,doc,medium,service-exact,describe_game_session_details,gamelift.DescribeGameSessionDetails,,no,absent,0,0,,0,0,0,no source resources of this type were collected,2026-08-16T15:50:20+00:00
gamelift.game_session_placement,,gamelift,GameSessionPlacement.GameSessionId,dotted,gamelift.game_session,,references,doc,medium,service-exact,describe_game_session_placement,gamelift.DescribeGameSessionPlacement,,no,absent,0,0,,0,0,0,no source resources of this type were collected,2026-08-16T15:50:20+00:00
gamelift.instance,,gamelift,InstanceId,scalar,ec2.instance,ec2,references,doc,medium,leaf-hint,describe_instances,gamelift.DescribeInstances,,yes,absent,0,0,,0,0,0,no source resources of this type were collected,2026-08-16T15:50:20+00:00
gamelift.instance,,gamelift,FleetId,scalar,gamelift.fleet,gamelift-fleet,references,doc,medium,service-exact,describe_instances,gamelift.DescribeInstances,,yes,absent,0,0,,0,0,0,no source resources of this type were collected,2026-08-16T15:50:20+00:00
gamelift.instance_access,,gamelift,InstanceAccess.InstanceId,dotted,ec2.instance,ec2,references,doc,medium,leaf-hint,get_instance_access,gamelift.GetInstanceAccess,,yes,absent,0,0,,0,0,0,no source resources of this type were collected,2026-08-16T15:50:20+00:00
gamelift.instance_access,,gamelift,InstanceAccess.FleetId,dotted,gamelift.fleet,gamelift-fleet,references,doc,medium,service-exact,get_instance_access,gamelift.GetInstanceAccess,,yes,absent,0,0,,0,0,0,no source resources of this type were collected,2026-08-16T15:50:20+00:00
gamelift.matchmaking,,gamelift,GameSessionConnectionInfo.GameSessionArn,dotted,gamelift.game_session,,references,doc,medium,service-exact,describe_matchmaking,gamelift.DescribeMatchmaking,,no,absent,0,0,,0,0,0,no source resources of this type were collected,2026-08-16T15:50:20+00:00
gamelift.vpc_peering_connection,,gamelift,VpcPeeringConnectionId,scalar,ec2.vpc_peering_connection,peering-connection,references,doc,medium,leaf-hint,describe_vpc_peering_connections,gamelift.DescribeVpcPeeringConnections,,yes,absent,0,0,,0,0,0,no source resources of this type were collected,2026-08-16T15:50:20+00:00
gamelift.vpc_peering_connection,,gamelift,FleetId,scalar,gamelift.fleet,gamelift-fleet,references,doc,medium,service-exact,describe_vpc_peering_connections,gamelift.DescribeVpcPeeringConnections,,yes,absent,0,0,,0,0,0,no source resources of this type were collected,2026-08-16T15:50:20+00:00
globalaccelerator.cross_account_attachment,,globalaccelerator,CrossAccountAttachment.Resources[].EndpointId,list_dict,globalaccelerator.endpoint_group,,references,doc,medium,service-partial,describe_cross_account_attachment,globalaccelerator.DescribeCrossAccountAttachment,,no,absent,0,0,,0,0,0,no source resources of this type were collected,2026-08-16T15:50:20+00:00
globalaccelerator.cross_account_attachment,,globalaccelerator,Resources[].EndpointId,list_dict,globalaccelerator.endpoint_group,,references,doc,medium,service-partial,list_cross_account_attachments,globalaccelerator.ListCrossAccountAttachments,,no,absent,0,0,,0,0,0,no source resources of this type were collected,2026-08-16T15:50:20+00:00
glue.connection,glue-connection,glue,PhysicalConnectionRequirements.SecurityGroupIdList[],list_scalar,ec2.security_group,security-group,protected-by,c7n,high,curated,get_connections,aws.glue-connection.filters.security-group,,yes,absent,0,0,,0,0,0,no source resources of this type were collected,2026-08-16T15:50:20+00:00
glue.connection,glue-connection,glue,Connection.PhysicalConnectionRequirements.SubnetId,dotted,ec2.subnet,subnet,contained-in,doc,medium,leaf-hint,get_connection,glue.GetConnection,,yes,absent,0,0,,0,0,0,no source resources of this type were collected,2026-08-16T15:50:20+00:00
glue.connection,glue-connection,glue,PhysicalConnectionRequirements.SubnetId,dotted,ec2.subnet,subnet,contained-in,c7n,high,curated,get_connections,aws.glue-connection.filters.subnet,doc,yes,absent,0,0,,0,0,0,no source resources of this type were collected,2026-08-16T15:50:20+00:00
glue.crawler,glue-crawler,glue,Crawler.Targets.CatalogTargets[].DatabaseName,list_dict,glue.database,glue-database,references,doc,medium,service-exact,get_crawler,glue.GetCrawler,,yes,absent,0,0,,0,0,0,no source resources of this type were collected,2026-08-16T15:50:20+00:00
glue.crawler,glue-crawler,glue,Crawlers[].Targets.CatalogTargets[].DatabaseName,list_nested,glue.database,glue-database,references,doc,medium,service-exact,batch_get_crawlers,glue.BatchGetCrawlers,,yes,absent,0,0,,0,0,0,no source resources of this type were collected,2026-08-16T15:50:20+00:00
glue.crawler,glue-crawler,glue,Targets.CatalogTargets[].DatabaseName,list_dict,glue.database,glue-database,references,doc,medium,service-exact,get_crawlers,glue.GetCrawlers,,yes,absent,0,0,,0,0,0,no source resources of this type were collected,2026-08-16T15:50:20+00:00
glue.crawler,glue-crawler,glue,CrawlerSecurityConfiguration,scalar,glue.security_configuration,glue-security-configuration,references,c7n,high,curated,get_crawlers,aws.glue-crawler.filters.security-config,,yes,absent,0,0,,0,0,0,no source resources of this type were collected,2026-08-16T15:50:20+00:00
glue.data_catalog_encryption_settings,glue-catalog,glue,,,kms.key,kms-key,encrypted-by,c7n,declared-no-path,curated,get_data_catalog_encryption_settings,aws.glue-catalog.filters.kms-key,,yes,absent,0,0,,0,0,0,no source resources of this type were collected,2026-08-16T15:50:20+00:00
glue.data_catalog_encryption_settings,glue-catalog,glue,DataCatalogEncryptionSettings.EncryptionAtRest.SseAwsKmsKeyId,dotted,kms.key,kms-key,encrypted-by,doc,medium,well-known,get_data_catalog_encryption_settings,glue.GetDataCatalogEncryptionSettings,,yes,absent,0,0,,0,0,0,no source resources of this type were collected,2026-08-16T15:50:20+00:00
glue.data_quality_ruleset,,glue,DataSource.GlueTable.CatalogId,dotted,glue.catalog,,references,doc,medium,service-partial,get_data_quality_ruleset_evaluation_run,glue.GetDataQualityRulesetEvaluationRun,,yes,absent,0,0,,0,0,0,no source resources of this type were collected,2026-08-16T15:50:20+00:00
glue.data_quality_ruleset,,glue,DataSource.GlueTable.ConnectionName,dotted,glue.connection,glue-connection,references,doc,medium,service-exact,get_data_quality_ruleset_evaluation_run,glue.GetDataQualityRulesetEvaluationRun,,yes,absent,0,0,,0,0,0,no source resources of this type were collected,2026-08-16T15:50:20+00:00
glue.data_quality_ruleset,,glue,TargetTable.DatabaseName,dotted,glue.database,glue-database,references,doc,medium,service-exact,get_data_quality_ruleset,glue.GetDataQualityRuleset,,yes,absent,0,0,,0,0,0,no source resources of this type were collected,2026-08-16T15:50:20+00:00
glue.data_quality_ruleset,,glue,TargetTable.TableName,dotted,glue.table,glue-table,references,doc,medium,service-exact,get_data_quality_ruleset,glue.GetDataQualityRuleset,,yes,absent,0,0,,0,0,0,no source resources of this type were collected,2026-08-16T15:50:20+00:00
glue.database,glue-database,glue,Database.TargetDatabase.DatabaseName,dotted,glue.catalog,,references,doc,medium,service-exact,get_database,glue.GetDatabase,,yes,absent,0,0,,0,0,0,no source resources of this type were collected,2026-08-16T15:50:20+00:00
glue.database,glue-database,glue,TargetDatabase.DatabaseName,dotted,glue.catalog,,references,doc,medium,service-exact,get_databases,glue.GetDatabases,,yes,absent,0,0,,0,0,0,no source resources of this type were collected,2026-08-16T15:50:20+00:00
glue.database,glue-database,glue,Database.FederatedDatabase.ConnectionName,dotted,glue.connection,glue-connection,references,doc,medium,service-exact,get_database,glue.GetDatabase,,yes,absent,0,0,,0,0,0,no source resources of this type were collected,2026-08-16T15:50:20+00:00
glue.database,glue-database,glue,FederatedDatabase.ConnectionName,dotted,glue.connection,glue-connection,references,doc,medium,service-exact,get_databases,glue.GetDatabases,,yes,absent,0,0,,0,0,0,no source resources of this type were collected,2026-08-16T15:50:20+00:00
glue.dev_endpoint,glue-dev-endpoint,glue,DevEndpoint.SubnetId,dotted,ec2.subnet,subnet,contained-in,doc,medium,leaf-hint,get_dev_endpoint,glue.GetDevEndpoint,,yes,absent,0,0,,0,0,0,no source resources of this type were collected,2026-08-16T15:50:20+00:00
glue.dev_endpoint,glue-dev-endpoint,glue,DevEndpoints[].SubnetId,list_dict,ec2.subnet,subnet,contained-in,doc,medium,leaf-hint,batch_get_dev_endpoints,glue.BatchGetDevEndpoints,,yes,absent,0,0,,0,0,0,no source resources of this type were collected,2026-08-16T15:50:20+00:00
glue.dev_endpoint,glue-dev-endpoint,glue,SubnetId,scalar,ec2.subnet,subnet,contained-in,c7n,high,curated,get_dev_endpoints,aws.glue-dev-endpoint.filters.subnet,doc,yes,absent,0,0,,0,0,0,no source resources of this type were collected,2026-08-16T15:50:20+00:00
glue.dev_endpoint,glue-dev-endpoint,glue,DevEndpoint.VpcId,dotted,ec2.vpc,vpc,contained-in,doc,medium,leaf-hint,get_dev_endpoint,glue.GetDevEndpoint,,yes,absent,0,0,,0,0,0,no source resources of this type were collected,2026-08-16T15:50:20+00:00
glue.dev_endpoint,glue-dev-endpoint,glue,DevEndpoints[].VpcId,list_dict,ec2.vpc,vpc,contained-in,doc,medium,leaf-hint,batch_get_dev_endpoints,glue.BatchGetDevEndpoints,,yes,absent,0,0,,0,0,0,no source resources of this type were collected,2026-08-16T15:50:20+00:00
glue.dev_endpoint,glue-dev-endpoint,glue,VpcId,scalar,ec2.vpc,vpc,contained-in,doc,medium,curated,get_dev_endpoints,glue.GetDevEndpoints: 'virtual private cloud',,yes,absent,0,0,,0,0,0,no source resources of this type were collected,2026-08-16T15:50:20+00:00
glue.dev_endpoint,glue-dev-endpoint,glue,SecurityConfiguration,scalar,glue.security_configuration,glue-security-configuration,references,c7n,high,curated,get_dev_endpoints,aws.glue-dev-endpoint.filters.security-config,,yes,absent,0,0,,0,0,0,no source resources of this type were collected,2026-08-16T15:50:20+00:00
glue.job,glue-job,glue,SecurityConfiguration,scalar,glue.security_configuration,glue-security-configuration,references,c7n,high,curated,get_jobs,aws.glue-job.filters.security-config,,yes,absent,0,0,,0,0,0,no source resources of this type were collected,2026-08-16T15:50:20+00:00
glue.job,glue-job,glue,JobRun.TriggerName,dotted,glue.trigger,glue-trigger,references,doc,medium,service-exact,get_job_run,glue.GetJobRun,,yes,absent,0,0,,0,0,0,no source resources of this type were collected,2026-08-16T15:50:20+00:00
glue.job,glue-job,glue,TriggerName,scalar,glue.trigger,glue-trigger,references,doc,medium,service-exact,get_job_runs,glue.GetJobRuns,,yes,absent,0,0,,0,0,0,no source resources of this type were collected,2026-08-16T15:50:20+00:00
glue.ml_transform,glue-ml-transform,glue,InputRecordTables[].CatalogId,list_dict,glue.catalog,,references,doc,medium,service-partial,get_ml_transform,glue.GetMLTransform,,yes,absent,0,0,,0,0,0,no source resources of this type were collected,2026-08-16T15:50:20+00:00
glue.ml_transform,glue-ml-transform,glue,Schema[].Name,list_dict,glue.column_statistics_task_run,,references,doc,medium,service-partial,get_ml_transform,glue.GetMLTransform,,yes,absent,0,0,,0,0,0,no source resources of this type were collected,2026-08-16T15:50:20+00:00
glue.ml_transform,glue-ml-transform,glue,InputRecordTables[].ConnectionName,list_dict,glue.connection,glue-connection,references,doc,medium,service-exact,get_ml_transform,glue.GetMLTransform,,yes,absent,0,0,,0,0,0,no source resources of this type were collected,2026-08-16T15:50:20+00:00
glue.ml_transform,glue-ml-transform,glue,TransformEncryption.TaskRunSecurityConfigurationName,dotted,glue.security_configuration,glue-security-configuration,references,doc,medium,service-exact,get_ml_transform,glue.GetMLTransform,,yes,absent,0,0,,0,0,0,no source resources of this type were collected,2026-08-16T15:50:20+00:00
glue.ml_transform,glue-ml-transform,glue,TransformEncryption.MlUserDataEncryption.KmsKeyId,dotted,kms.key,kms-key,encrypted-by,doc,medium,curated,list_ml_transforms,glue.GetMLTransforms: 'customer-provided KMS key',,yes,absent,0,0,,0,0,0,no source resources of this type were collected,2026-08-16T15:50:20+00:00
glue.partition,,glue,Partition.StorageDescriptor.Columns[].Name,list_dict,glue.column_statistics_task_run,,references,doc,medium,service-partial,get_partition,glue.GetPartition,,no,absent,0,0,,0,0,0,no source resources of this type were collected,2026-08-16T15:50:20+00:00
glue.partition,,glue,Partitions[].StorageDescriptor.Columns[].Name,list_nested,glue.column_statistics_task_run,,references,doc,medium,service-partial,batch_get_partition,glue.BatchGetPartition,,no,absent,0,0,,0,0,0,no source resources of this type were collected,2026-08-16T15:50:20+00:00
glue.partition,,glue,StorageDescriptor.Columns[].Name,list_dict,glue.column_statistics_task_run,,references,doc,medium,service-partial,get_partitions,glue.GetPartitions,,no,absent,0,0,,0,0,0,no source resources of this type were collected,2026-08-16T15:50:20+00:00
glue.partition,,glue,Partition.StorageDescriptor.SchemaReference.SchemaId.RegistryName,dotted,glue.schema,,references,doc,medium,service-exact,get_partition,glue.GetPartition,,no,absent,0,0,,0,0,0,no source resources of this type were collected,2026-08-16T15:50:20+00:00
glue.partition,,glue,Partitions[].StorageDescriptor.SchemaReference.SchemaId.RegistryName,list_dict,glue.schema,,references,doc,medium,service-exact,batch_get_partition,glue.BatchGetPartition,,no,absent,0,0,,0,0,0,no source resources of this type were collected,2026-08-16T15:50:20+00:00
glue.partition,,glue,StorageDescriptor.SchemaReference.SchemaId.RegistryName,dotted,glue.schema,,references,doc,medium,service-exact,get_partitions,glue.GetPartitions,,no,absent,0,0,,0,0,0,no source resources of this type were collected,2026-08-16T15:50:20+00:00
glue.partition,,glue,Partition.StorageDescriptor.SerdeInfo.Name,dotted,glue.user_defined_function,,references,doc,medium,service-partial,get_partition,glue.GetPartition,,no,absent,0,0,,0,0,0,no source resources of this type were collected,2026-08-16T15:50:20+00:00
glue.partition,,glue,Partitions[].StorageDescriptor.SerdeInfo.Name,list_dict,glue.user_defined_function,,references,doc,medium,service-partial,batch_get_partition,glue.BatchGetPartition,,no,absent,0,0,,0,0,0,no source resources of this type were collected,2026-08-16T15:50:20+00:00
glue.partition,,glue,StorageDescriptor.SerdeInfo.Name,dotted,glue.user_defined_function,,references,doc,medium,service-partial,get_partitions,glue.GetPartitions,,no,absent,0,0,,0,0,0,no source resources of this type were collected,2026-08-16T15:50:20+00:00
glue.schema,,glue,RegistryName,scalar,glue.registry,,references,doc,medium,service-exact,get_schema,glue.GetSchema,,yes,absent,0,0,,0,0,0,no source resources of this type were collected,2026-08-16T15:50:20+00:00
glue.schema,,glue,SchemaVersionId,scalar,glue.schema_version,,references,doc,medium,service-exact,get_schema_by_definition,glue.GetSchemaByDefinition,,yes,absent,0,0,,0,0,0,no source resources of this type were collected,2026-08-16T15:50:20+00:00
glue.security_configuration,glue-security-configuration,glue,,,kms.key,kms-key,encrypted-by,c7n,declared-no-path,curated,get_security_configurations,aws.glue-security-configuration.filters.kms-key,,yes,absent,0,0,,0,0,0,no source resources of this type were collected,2026-08-16T15:50:20+00:00
glue.security_configuration,glue-security-configuration,glue,EncryptionConfiguration.CloudWatchEncryption.KmsKeyArn,dotted,kms.key,kms-key,encrypted-by,doc,medium,leaf-hint,get_security_configurations,glue.GetSecurityConfigurations,,yes,absent,0,0,,0,0,0,no source resources of this type were collected,2026-08-16T15:50:20+00:00
glue.security_configuration,glue-security-configuration,glue,EncryptionConfiguration.JobBookmarksEncryption.KmsKeyArn,dotted,kms.key,kms-key,encrypted-by,doc,medium,leaf-hint,get_security_configurations,glue.GetSecurityConfigurations,,yes,absent,0,0,,0,0,0,no source resources of this type were collected,2026-08-16T15:50:20+00:00
glue.security_configuration,glue-security-configuration,glue,EncryptionConfiguration.S3Encryption[].KmsKeyArn,list_dict,kms.key,kms-key,encrypted-by,doc,medium,leaf-hint,get_security_configurations,glue.GetSecurityConfigurations,,yes,absent,0,0,,0,0,0,no source resources of this type were collected,2026-08-16T15:50:20+00:00
glue.security_configuration,glue-security-configuration,glue,SecurityConfiguration.EncryptionConfiguration.CloudWatchEncryption.KmsKeyArn,dotted,kms.key,kms-key,encrypted-by,doc,medium,leaf-hint,get_security_configuration,glue.GetSecurityConfiguration,,yes,absent,0,0,,0,0,0,no source resources of this type were collected,2026-08-16T15:50:20+00:00
glue.security_configuration,glue-security-configuration,glue,SecurityConfiguration.EncryptionConfiguration.JobBookmarksEncryption.KmsKeyArn,dotted,kms.key,kms-key,encrypted-by,doc,medium,leaf-hint,get_security_configuration,glue.GetSecurityConfiguration,,yes,absent,0,0,,0,0,0,no source resources of this type were collected,2026-08-16T15:50:20+00:00
glue.security_configuration,glue-security-configuration,glue,SecurityConfiguration.EncryptionConfiguration.S3Encryption[].KmsKeyArn,list_dict,kms.key,kms-key,encrypted-by,doc,medium,leaf-hint,get_security_configuration,glue.GetSecurityConfiguration,,yes,absent,0,0,,0,0,0,no source resources of this type were collected,2026-08-16T15:50:20+00:00
glue.table,,glue,PartitionKeys[].Name,list_dict,glue.column_statistics_task_run,,references,doc,medium,service-partial,get_tables,glue.GetTables,,yes,absent,0,0,,0,0,0,no source resources of this type were collected,2026-08-16T15:50:20+00:00
glue.table,,glue,StorageDescriptor.Columns[].Name,list_dict,glue.column_statistics_task_run,,references,doc,medium,service-partial,get_tables,glue.GetTables,,yes,absent,0,0,,0,0,0,no source resources of this type were collected,2026-08-16T15:50:20+00:00
glue.table,,glue,Table.PartitionKeys[].Name,list_dict,glue.column_statistics_task_run,,references,doc,medium,service-partial,get_table,glue.GetTable,,yes,absent,0,0,,0,0,0,no source resources of this type were collected,2026-08-16T15:50:20+00:00
glue.table,,glue,Table.StorageDescriptor.Columns[].Name,list_dict,glue.column_statistics_task_run,,references,doc,medium,service-partial,get_table,glue.GetTable,,yes,absent,0,0,,0,0,0,no source resources of this type were collected,2026-08-16T15:50:20+00:00
glue.table,,glue,TableVersion.Table.PartitionKeys[].Name,list_dict,glue.column_statistics_task_run,,references,doc,medium,service-partial,get_table_version,glue.GetTableVersion,,yes,absent,0,0,,0,0,0,no source resources of this type were collected,2026-08-16T15:50:20+00:00
glue.table,,glue,TableVersion.Table.StorageDescriptor.Columns[].Name,list_dict,glue.column_statistics_task_run,,references,doc,medium,service-partial,get_table_version,glue.GetTableVersion,,yes,absent,0,0,,0,0,0,no source resources of this type were collected,2026-08-16T15:50:20+00:00
glue.table,,glue,FederatedTable.ConnectionName,dotted,glue.connection,glue-connection,references,doc,medium,service-exact,get_tables,glue.GetTables,,yes,absent,0,0,,0,0,0,no source resources of this type were collected,2026-08-16T15:50:20+00:00
glue.table,,glue,Table.FederatedTable.ConnectionName,dotted,glue.connection,glue-connection,references,doc,medium,service-exact,get_table,glue.GetTable,,yes,absent,0,0,,0,0,0,no source resources of this type were collected,2026-08-16T15:50:20+00:00
glue.table,,glue,TableVersion.Table.FederatedTable.ConnectionName,dotted,glue.connection,glue-connection,references,doc,medium,service-exact,get_table_version,glue.GetTableVersion,,yes,absent,0,0,,0,0,0,no source resources of this type were collected,2026-08-16T15:50:20+00:00
glue.table,glue-table,glue,DatabaseName,scalar,glue.database,glue-database,contained-in,parent_spec,high,declared,,c7n parent_spec of glue-table,doc,yes,absent,0,0,,0,0,0,no source resources of this type were collected,2026-08-16T15:50:20+00:00
glue.table,,glue,FederatedTable.DatabaseIdentifier,dotted,glue.database,glue-database,references,doc,medium,service-partial,get_tables,glue.GetTables,,yes,absent,0,0,,0,0,0,no source resources of this type were collected,2026-08-16T15:50:20+00:00
glue.table,,glue,Table.DatabaseName,dotted,glue.database,glue-database,references,doc,medium,service-exact,get_table,glue.GetTable,,yes,absent,0,0,,0,0,0,no source resources of this type were collected,2026-08-16T15:50:20+00:00
glue.table,,glue,Table.FederatedTable.DatabaseIdentifier,dotted,glue.database,glue-database,references,doc,medium,service-partial,get_table,glue.GetTable,,yes,absent,0,0,,0,0,0,no source resources of this type were collected,2026-08-16T15:50:20+00:00
glue.table,,glue,TableVersion.Table.DatabaseName,dotted,glue.database,glue-database,references,doc,medium,service-exact,get_table_version,glue.GetTableVersion,,yes,absent,0,0,,0,0,0,no source resources of this type were collected,2026-08-16T15:50:20+00:00
glue.table,,glue,TableVersion.Table.FederatedTable.DatabaseIdentifier,dotted,glue.database,glue-database,references,doc,medium,service-partial,get_table_version,glue.GetTableVersion,,yes,absent,0,0,,0,0,0,no source resources of this type were collected,2026-08-16T15:50:20+00:00
glue.table,,glue,StorageDescriptor.SchemaReference.SchemaId.RegistryName,dotted,glue.schema,,references,doc,medium,service-exact,get_tables,glue.GetTables,,yes,absent,0,0,,0,0,0,no source resources of this type were collected,2026-08-16T15:50:20+00:00
glue.table,,glue,Table.StorageDescriptor.SchemaReference.SchemaId.RegistryName,dotted,glue.schema,,references,doc,medium,service-exact,get_table,glue.GetTable,,yes,absent,0,0,,0,0,0,no source resources of this type were collected,2026-08-16T15:50:20+00:00
glue.table,,glue,TableVersion.Table.StorageDescriptor.SchemaReference.SchemaId.RegistryName,dotted,glue.schema,,references,doc,medium,service-exact,get_table_version,glue.GetTableVersion,,yes,absent,0,0,,0,0,0,no source resources of this type were collected,2026-08-16T15:50:20+00:00
glue.table,,glue,StorageDescriptor.SerdeInfo.Name,dotted,glue.user_defined_function,,references,doc,medium,service-partial,get_tables,glue.GetTables,,no,absent,0,0,,0,0,0,no source resources of this type were collected,2026-08-16T15:50:20+00:00
glue.table,,glue,Table.StorageDescriptor.SerdeInfo.Name,dotted,glue.user_defined_function,,references,doc,medium,service-partial,get_table,glue.GetTable,,no,absent,0,0,,0,0,0,no source resources of this type were collected,2026-08-16T15:50:20+00:00
glue.table,,glue,TableVersion.Table.StorageDescriptor.SerdeInfo.Name,dotted,glue.user_defined_function,,references,doc,medium,service-partial,get_table_version,glue.GetTableVersion,,no,absent,0,0,,0,0,0,no source resources of this type were collected,2026-08-16T15:50:20+00:00
glue.table_optimizer,,glue,CatalogId,scalar,glue.table,,references,doc,medium,service-exact,get_table_optimizer,glue.GetTableOptimizer,,no,absent,0,0,,0,0,0,no source resources of this type were collected,2026-08-16T15:50:20+00:00
glue.table_optimizer,,glue,Failures[].catalogId,list_dict,glue.table,,references,doc,medium,service-exact,batch_get_table_optimizer,glue.BatchGetTableOptimizer,,no,absent,0,0,,0,0,0,no source resources of this type were collected,2026-08-16T15:50:20+00:00
glue.table_optimizer,,glue,Failures[].tableName,list_dict,glue.table,,references,doc,medium,service-exact,batch_get_table_optimizer,glue.BatchGetTableOptimizer,,no,absent,0,0,,0,0,0,no source resources of this type were collected,2026-08-16T15:50:20+00:00
glue.table_optimizer,,glue,TableName,scalar,glue.table,,references,doc,medium,service-exact,get_table_optimizer,glue.GetTableOptimizer,,no,absent,0,0,,0,0,0,no source resources of this type were collected,2026-08-16T15:50:20+00:00
glue.table_optimizer,,glue,TableOptimizers[].catalogId,list_dict,glue.table,,references,doc,medium,service-exact,batch_get_table_optimizer,glue.BatchGetTableOptimizer,,no,absent,0,0,,0,0,0,no source resources of this type were collected,2026-08-16T15:50:20+00:00
glue.table_optimizer,,glue,TableOptimizers[].tableName,list_dict,glue.table,,references,doc,medium,service-exact,batch_get_table_optimizer,glue.BatchGetTableOptimizer,,no,absent,0,0,,0,0,0,no source resources of this type were collected,2026-08-16T15:50:20+00:00
glue.trigger,glue-trigger,glue,Actions[].CrawlerName,list_dict,glue.crawler,glue-crawler,references,doc,medium,service-exact,get_triggers,glue.GetTriggers,,yes,absent,0,0,,0,0,0,no source resources of this type were collected,2026-08-16T15:50:20+00:00
glue.trigger,glue-trigger,glue,Predicate.Conditions[].CrawlerName,list_dict,glue.crawler,glue-crawler,references,doc,medium,service-exact,get_triggers,glue.GetTriggers,,yes,absent,0,0,,0,0,0,no source resources of this type were collected,2026-08-16T15:50:20+00:00
glue.trigger,glue-trigger,glue,Trigger.Actions[].CrawlerName,list_dict,glue.crawler,glue-crawler,references,doc,medium,service-exact,get_trigger,glue.GetTrigger,,yes,absent,0,0,,0,0,0,no source resources of this type were collected,2026-08-16T15:50:20+00:00
glue.trigger,glue-trigger,glue,Trigger.Predicate.Conditions[].CrawlerName,list_dict,glue.crawler,glue-crawler,references,doc,medium,service-exact,get_trigger,glue.GetTrigger,,yes,absent,0,0,,0,0,0,no source resources of this type were collected,2026-08-16T15:50:20+00:00
glue.trigger,glue-trigger,glue,Triggers[].Actions[].CrawlerName,list_nested,glue.crawler,glue-crawler,references,doc,medium,service-exact,batch_get_triggers,glue.BatchGetTriggers,,yes,absent,0,0,,0,0,0,no source resources of this type were collected,2026-08-16T15:50:20+00:00
glue.trigger,glue-trigger,glue,Triggers[].Predicate.Conditions[].CrawlerName,list_nested,glue.crawler,glue-crawler,references,doc,medium,service-exact,batch_get_triggers,glue.BatchGetTriggers,,yes,absent,0,0,,0,0,0,no source resources of this type were collected,2026-08-16T15:50:20+00:00
glue.trigger,glue-trigger,glue,Predicate.Conditions[].JobName,list_dict,glue.job,glue-job,references,doc,medium,service-exact,get_triggers,glue.GetTriggers,,yes,absent,0,0,,0,0,0,no source resources of this type were collected,2026-08-16T15:50:20+00:00
glue.trigger,glue-trigger,glue,Trigger.Predicate.Conditions[].JobName,list_dict,glue.job,glue-job,references,doc,medium,service-exact,get_trigger,glue.GetTrigger,,yes,absent,0,0,,0,0,0,no source resources of this type were collected,2026-08-16T15:50:20+00:00
glue.trigger,glue-trigger,glue,Triggers[].Predicate.Conditions[].JobName,list_nested,glue.job,glue-job,references,doc,medium,service-exact,batch_get_triggers,glue.BatchGetTriggers,,yes,absent,0,0,,0,0,0,no source resources of this type were collected,2026-08-16T15:50:20+00:00
glue.trigger,glue-trigger,glue,Trigger.WorkflowName,dotted,glue.workflow,glue-workflow,references,doc,medium,service-exact,get_trigger,glue.GetTrigger,,yes,absent,0,0,,0,0,0,no source resources of this type were collected,2026-08-16T15:50:20+00:00
glue.trigger,glue-trigger,glue,Triggers[].WorkflowName,list_dict,glue.workflow,glue-workflow,references,doc,medium,service-exact,batch_get_triggers,glue.BatchGetTriggers,,yes,absent,0,0,,0,0,0,no source resources of this type were collected,2026-08-16T15:50:20+00:00
glue.trigger,glue-trigger,glue,WorkflowName,scalar,glue.workflow,glue-workflow,references,doc,medium,service-exact,get_triggers,glue.GetTriggers,,yes,absent,0,0,,0,0,0,no source resources of this type were collected,2026-08-16T15:50:20+00:00
glue.user_defined_function,,glue,CatalogId,scalar,glue.catalog,,references,doc,medium,service-partial,get_user_defined_functions,glue.GetUserDefinedFunctions,,no,absent,0,0,,0,0,0,no source resources of this type were collected,2026-08-16T15:50:20+00:00
glue.user_defined_function,,glue,DatabaseName,scalar,glue.catalog,,references,doc,medium,service-exact,get_user_defined_functions,glue.GetUserDefinedFunctions,,no,absent,0,0,,0,0,0,no source resources of this type were collected,2026-08-16T15:50:20+00:00
glue.user_defined_function,,glue,UserDefinedFunction.CatalogId,dotted,glue.catalog,,references,doc,medium,service-partial,get_user_defined_function,glue.GetUserDefinedFunction,,no,absent,0,0,,0,0,0,no source resources of this type were collected,2026-08-16T15:50:20+00:00
glue.user_defined_function,,glue,UserDefinedFunction.DatabaseName,dotted,glue.catalog,,references,doc,medium,service-exact,get_user_defined_function,glue.GetUserDefinedFunction,,no,absent,0,0,,0,0,0,no source resources of this type were collected,2026-08-16T15:50:20+00:00
glue.workflow,glue-workflow,glue,Workflow.BlueprintDetails.BlueprintName,dotted,glue.blueprint,,references,doc,medium,service-exact,get_workflow,glue.GetWorkflow,,yes,absent,0,0,,0,0,0,no source resources of this type were collected,2026-08-16T15:50:20+00:00
glue.workflow,glue-workflow,glue,Workflows[].BlueprintDetails.BlueprintName,list_dict,glue.blueprint,,references,doc,medium,service-exact,batch_get_workflows,glue.BatchGetWorkflows,,yes,absent,0,0,,0,0,0,no source resources of this type were collected,2026-08-16T15:50:20+00:00
glue.workflow,glue-workflow,glue,Graph.Nodes[].TriggerDetails.Trigger.Actions[].CrawlerName,list_nested,glue.crawler,glue-crawler,references,doc,medium,service-exact,get_workflow_runs,glue.GetWorkflowRuns,,yes,absent,0,0,,0,0,0,no source resources of this type were collected,2026-08-16T15:50:20+00:00
glue.workflow,glue-workflow,glue,Run.Graph.Nodes[].TriggerDetails.Trigger.Actions[].CrawlerName,list_nested,glue.crawler,glue-crawler,references,doc,medium,service-exact,get_workflow_run,glue.GetWorkflowRun,,yes,absent,0,0,,0,0,0,no source resources of this type were collected,2026-08-16T15:50:20+00:00
glue.workflow,glue-workflow,glue,Workflow.Graph.Nodes[].TriggerDetails.Trigger.Actions[].CrawlerName,list_nested,glue.crawler,glue-crawler,references,doc,medium,service-exact,get_workflow,glue.GetWorkflow,,yes,absent,0,0,,0,0,0,no source resources of this type were collected,2026-08-16T15:50:20+00:00
glue.workflow,glue-workflow,glue,Workflows[].Graph.Nodes[].TriggerDetails.Trigger.Actions[].CrawlerName,list_nested,glue.crawler,glue-crawler,references,doc,medium,service-exact,batch_get_workflows,glue.BatchGetWorkflows,,yes,absent,0,0,,0,0,0,no source resources of this type were collected,2026-08-16T15:50:20+00:00
glue.workflow,glue-workflow,glue,Graph.Nodes[].JobDetails.JobRuns[].JobName,list_nested,glue.job,glue-job,references,doc,medium,service-exact,get_workflow_runs,glue.GetWorkflowRuns,,yes,absent,0,0,,0,0,0,no source resources of this type were collected,2026-08-16T15:50:20+00:00
glue.workflow,glue-workflow,glue,Graph.Nodes[].JobDetails.JobRuns[].PredecessorRuns[].RunId,list_nested,glue.job,glue-job,references,doc,medium,service-partial,get_workflow_runs,glue.GetWorkflowRuns,,yes,absent,0,0,,0,0,0,no source resources of this type were collected,2026-08-16T15:50:20+00:00
glue.workflow,glue-workflow,glue,Graph.Nodes[].JobDetails.JobRuns[].PreviousRunId,list_nested,glue.job,glue-job,references,doc,medium,service-partial,get_workflow_runs,glue.GetWorkflowRuns,,yes,absent,0,0,,0,0,0,no source resources of this type were collected,2026-08-16T15:50:20+00:00
glue.workflow,glue-workflow,glue,Run.Graph.Nodes[].JobDetails.JobRuns[].JobName,list_nested,glue.job,glue-job,references,doc,medium,service-exact,get_workflow_run,glue.GetWorkflowRun,,yes,absent,0,0,,0,0,0,no source resources of this type were collected,2026-08-16T15:50:20+00:00
glue.workflow,glue-workflow,glue,Run.Graph.Nodes[].JobDetails.JobRuns[].PredecessorRuns[].RunId,list_nested,glue.job,glue-job,references,doc,medium,service-partial,get_workflow_run,glue.GetWorkflowRun,,yes,absent,0,0,,0,0,0,no source resources of this type were collected,2026-08-16T15:50:20+00:00
glue.workflow,glue-workflow,glue,Run.Graph.Nodes[].JobDetails.JobRuns[].PreviousRunId,list_nested,glue.job,glue-job,references,doc,medium,service-partial,get_workflow_run,glue.GetWorkflowRun,,yes,absent,0,0,,0,0,0,no source resources of this type were collected,2026-08-16T15:50:20+00:00
glue.workflow,glue-workflow,glue,Workflow.Graph.Nodes[].JobDetails.JobRuns[].JobName,list_nested,glue.job,glue-job,references,doc,medium,service-exact,get_workflow,glue.GetWorkflow,,yes,absent,0,0,,0,0,0,no source resources of this type were collected,2026-08-16T15:50:20+00:00
glue.workflow,glue-workflow,glue,Workflow.Graph.Nodes[].JobDetails.JobRuns[].PredecessorRuns[].RunId,list_nested,glue.job,glue-job,references,doc,medium,service-partial,get_workflow,glue.GetWorkflow,,yes,absent,0,0,,0,0,0,no source resources of this type were collected,2026-08-16T15:50:20+00:00
glue.workflow,glue-workflow,glue,Workflow.Graph.Nodes[].JobDetails.JobRuns[].PreviousRunId,list_nested,glue.job,glue-job,references,doc,medium,service-partial,get_workflow,glue.GetWorkflow,,yes,absent,0,0,,0,0,0,no source resources of this type were collected,2026-08-16T15:50:20+00:00
glue.workflow,glue-workflow,glue,Workflow.LastRun.Graph.Nodes[].JobDetails.JobRuns[].JobName,list_nested,glue.job,glue-job,references,doc,medium,service-exact,get_workflow,glue.GetWorkflow,,yes,absent,0,0,,0,0,0,no source resources of this type were collected,2026-08-16T15:50:20+00:00
glue.workflow,glue-workflow,glue,Workflow.LastRun.Graph.Nodes[].JobDetails.JobRuns[].PreviousRunId,list_nested,glue.job,glue-job,references,doc,medium,service-partial,get_workflow,glue.GetWorkflow,,yes,absent,0,0,,0,0,0,no source resources of this type were collected,2026-08-16T15:50:20+00:00
glue.workflow,glue-workflow,glue,Workflows[].Graph.Nodes[].JobDetails.JobRuns[].JobName,list_nested,glue.job,glue-job,references,doc,medium,service-exact,batch_get_workflows,glue.BatchGetWorkflows,,yes,absent,0,0,,0,0,0,no source resources of this type were collected,2026-08-16T15:50:20+00:00
glue.workflow,glue-workflow,glue,Workflows[].Graph.Nodes[].JobDetails.JobRuns[].PredecessorRuns[].RunId,list_nested,glue.job,glue-job,references,doc,medium,service-partial,batch_get_workflows,glue.BatchGetWorkflows,,yes,absent,0,0,,0,0,0,no source resources of this type were collected,2026-08-16T15:50:20+00:00
glue.workflow,glue-workflow,glue,Workflows[].Graph.Nodes[].JobDetails.JobRuns[].PreviousRunId,list_nested,glue.job,glue-job,references,doc,medium,service-partial,batch_get_workflows,glue.BatchGetWorkflows,,yes,absent,0,0,,0,0,0,no source resources of this type were collected,2026-08-16T15:50:20+00:00
glue.workflow,glue-workflow,glue,Workflows[].LastRun.Graph.Nodes[].JobDetails.JobRuns[].JobName,list_nested,glue.job,glue-job,references,doc,medium,service-exact,batch_get_workflows,glue.BatchGetWorkflows,,yes,absent,0,0,,0,0,0,no source resources of this type were collected,2026-08-16T15:50:20+00:00
glue.workflow,glue-workflow,glue,Workflows[].LastRun.Graph.Nodes[].JobDetails.JobRuns[].PreviousRunId,list_nested,glue.job,glue-job,references,doc,medium,service-partial,batch_get_workflows,glue.BatchGetWorkflows,,yes,absent,0,0,,0,0,0,no source resources of this type were collected,2026-08-16T15:50:20+00:00
glue.workflow,glue-workflow,glue,SecurityConfiguration,scalar,glue.security_configuration,glue-security-configuration,references,c7n,high,curated,list_workflows,aws.glue-workflow.filters.security-config,,yes,absent,0,0,,0,0,0,no source resources of this type were collected,2026-08-16T15:50:20+00:00
glue.workflow,glue-workflow,glue,Graph.Nodes[].JobDetails.JobRuns[].TriggerName,list_nested,glue.trigger,glue-trigger,references,doc,medium,service-exact,get_workflow_runs,glue.GetWorkflowRuns,,yes,absent,0,0,,0,0,0,no source resources of this type were collected,2026-08-16T15:50:20+00:00
glue.workflow,glue-workflow,glue,Graph.Nodes[].TriggerDetails.Trigger.Name,list_dict,glue.trigger,glue-trigger,references,doc,medium,service-exact,get_workflow_runs,glue.GetWorkflowRuns,,yes,absent,0,0,,0,0,0,no source resources of this type were collected,2026-08-16T15:50:20+00:00
glue.workflow,glue-workflow,glue,Run.Graph.Nodes[].JobDetails.JobRuns[].TriggerName,list_nested,glue.trigger,glue-trigger,references,doc,medium,service-exact,get_workflow_run,glue.GetWorkflowRun,,yes,absent,0,0,,0,0,0,no source resources of this type were collected,2026-08-16T15:50:20+00:00
glue.workflow,glue-workflow,glue,Run.Graph.Nodes[].TriggerDetails.Trigger.Name,list_dict,glue.trigger,glue-trigger,references,doc,medium,service-exact,get_workflow_run,glue.GetWorkflowRun,,yes,absent,0,0,,0,0,0,no source resources of this type were collected,2026-08-16T15:50:20+00:00
glue.workflow,glue-workflow,glue,Workflow.Graph.Nodes[].JobDetails.JobRuns[].TriggerName,list_nested,glue.trigger,glue-trigger,references,doc,medium,service-exact,get_workflow,glue.GetWorkflow,,yes,absent,0,0,,0,0,0,no source resources of this type were collected,2026-08-16T15:50:20+00:00
glue.workflow,glue-workflow,glue,Workflow.Graph.Nodes[].TriggerDetails.Trigger.Name,list_dict,glue.trigger,glue-trigger,references,doc,medium,service-exact,get_workflow,glue.GetWorkflow,,yes,absent,0,0,,0,0,0,no source resources of this type were collected,2026-08-16T15:50:20+00:00
glue.workflow,glue-workflow,glue,Workflow.LastRun.Graph.Nodes[].JobDetails.JobRuns[].TriggerName,list_nested,glue.trigger,glue-trigger,references,doc,medium,service-exact,get_workflow,glue.GetWorkflow,,yes,absent,0,0,,0,0,0,no source resources of this type were collected,2026-08-16T15:50:20+00:00
glue.workflow,glue-workflow,glue,Workflow.LastRun.Graph.Nodes[].TriggerDetails.Trigger.Name,list_dict,glue.trigger,glue-trigger,references,doc,medium,service-exact,get_workflow,glue.GetWorkflow,,yes,absent,0,0,,0,0,0,no source resources of this type were collected,2026-08-16T15:50:20+00:00
glue.workflow,glue-workflow,glue,Workflows[].Graph.Nodes[].JobDetails.JobRuns[].TriggerName,list_nested,glue.trigger,glue-trigger,references,doc,medium,service-exact,batch_get_workflows,glue.BatchGetWorkflows,,yes,absent,0,0,,0,0,0,no source resources of this type were collected,2026-08-16T15:50:20+00:00
glue.workflow,glue-workflow,glue,Workflows[].Graph.Nodes[].TriggerDetails.Trigger.Name,list_nested,glue.trigger,glue-trigger,references,doc,medium,service-exact,batch_get_workflows,glue.BatchGetWorkflows,,yes,absent,0,0,,0,0,0,no source resources of this type were collected,2026-08-16T15:50:20+00:00
glue.workflow,glue-workflow,glue,Workflows[].LastRun.Graph.Nodes[].JobDetails.JobRuns[].TriggerName,list_nested,glue.trigger,glue-trigger,references,doc,medium,service-exact,batch_get_workflows,glue.BatchGetWorkflows,,yes,absent,0,0,,0,0,0,no source resources of this type were collected,2026-08-16T15:50:20+00:00
glue.workflow,glue-workflow,glue,Workflows[].LastRun.Graph.Nodes[].TriggerDetails.Trigger.Name,list_nested,glue.trigger,glue-trigger,references,doc,medium,service-exact,batch_get_workflows,glue.BatchGetWorkflows,,yes,absent,0,0,,0,0,0,no source resources of this type were collected,2026-08-16T15:50:20+00:00
greengrass.associated_role,,greengrass,RoleArn,scalar,iam.role,iam-role,assumes,doc,medium,well-known,get_associated_role,greengrass.GetAssociatedRole,,yes,absent,0,0,,0,0,0,no source resources of this type were collected,2026-08-16T15:50:20+00:00
greengrass.bulk_deployment_detailed_report,,greengrass,DeploymentArn,scalar,greengrass.group,,references,doc,medium,service-exact,list_bulk_deployment_detailed_reports,greengrass.ListBulkDeploymentDetailedReports,,yes,absent,0,0,,0,0,0,no source resources of this type were collected,2026-08-16T15:50:20+00:00
greengrass.bulk_deployment_detailed_report,,greengrass,DeploymentId,scalar,greengrass.group,,references,doc,medium,service-exact,list_bulk_deployment_detailed_reports,greengrass.ListBulkDeploymentDetailedReports,,yes,absent,0,0,,0,0,0,no source resources of this type were collected,2026-08-16T15:50:20+00:00
greengrass.bulk_deployment_detailed_report,,greengrass,GroupArn,scalar,greengrass.group,,references,doc,medium,service-partial,list_bulk_deployment_detailed_reports,greengrass.ListBulkDeploymentDetailedReports,,yes,absent,0,0,,0,0,0,no source resources of this type were collected,2026-08-16T15:50:20+00:00
greengrass.core_definition_version,,greengrass,Definition.Cores[].ThingArn,list_dict,iot.thing,iot,references,doc,medium,global-exact,get_core_definition_version,greengrass.GetCoreDefinitionVersion,,yes,absent,0,0,,0,0,0,no source resources of this type were collected,2026-08-16T15:50:20+00:00
greengrass.deployment,,greengrass,GroupArn,scalar,greengrass.group,,references,doc,medium,service-exact,list_deployments,greengrass.ListDeployments,,yes,absent,0,0,,0,0,0,no source resources of this type were collected,2026-08-16T15:50:20+00:00
greengrass.group_certificate_authority,,greengrass,GroupCertificateAuthorityArn,scalar,greengrass.group,,references,doc,medium,service-partial,get_group_certificate_authority,greengrass.GetGroupCertificateAuthority,,yes,absent,0,0,,0,0,0,no source resources of this type were collected,2026-08-16T15:50:20+00:00
greengrass.group_certificate_authority,,greengrass,GroupCertificateAuthorityId,scalar,greengrass.group,,references,doc,medium,service-partial,get_group_certificate_authority,greengrass.GetGroupCertificateAuthority,,yes,absent,0,0,,0,0,0,no source resources of this type were collected,2026-08-16T15:50:20+00:00
greengrass.group_version,,greengrass,Id,scalar,greengrass.group,,references,doc,medium,service-exact,get_group_version,greengrass.GetGroupVersion,,yes,absent,0,0,,0,0,0,no source resources of this type were collected,2026-08-16T15:50:20+00:00
greengrass.service_role_for_account,,greengrass,RoleArn,scalar,iam.role,iam-role,assumes,doc,medium,well-known,get_service_role_for_account,greengrass.GetServiceRoleForAccount,,yes,absent,0,0,,0,0,0,no source resources of this type were collected,2026-08-16T15:50:20+00:00
greengrassv2.component_version,,greengrassv2,componentName,scalar,greengrassv2.component,,references,doc,medium,service-exact,list_component_versions,greengrassv2.ListComponentVersions,,yes,absent,0,0,,0,0,0,no source resources of this type were collected,2026-08-16T15:50:20+00:00
greengrassv2.effective_deployment,,greengrassv2,deploymentId,scalar,greengrassv2.deployment,,references,doc,medium,service-exact,list_effective_deployments,greengrassv2.ListEffectiveDeployments,,yes,absent,0,0,,0,0,0,no source resources of this type were collected,2026-08-16T15:50:20+00:00
greengrassv2.effective_deployment,,greengrassv2,deploymentName,scalar,greengrassv2.deployment,,references,doc,medium,service-exact,list_effective_deployments,greengrassv2.ListEffectiveDeployments,,yes,absent,0,0,,0,0,0,no source resources of this type were collected,2026-08-16T15:50:20+00:00
greengrassv2.installed_component,,greengrassv2,componentName,scalar,greengrassv2.component,,references,doc,medium,service-exact,list_installed_components,greengrassv2.ListInstalledComponents,,yes,absent,0,0,,0,0,0,no source resources of this type were collected,2026-08-16T15:50:20+00:00
groundstation.config,,groundstation,configData.s3RecordingConfig.bucketArn,dotted,s3.bucket,s3,references,doc,medium,well-known,get_config,groundstation.GetConfig,,yes,absent,0,0,,0,0,0,no source resources of this type were collected,2026-08-16T15:50:20+00:00
groundstation.contact,,groundstation,destination.configDetails.s3RecordingDetails.bucketArn,dotted,s3.bucket,s3,references,doc,medium,well-known,describe_contact,groundstation.DescribeContact,,yes,absent,0,0,,0,0,0,no source resources of this type were collected,2026-08-16T15:50:20+00:00
groundstation.contact,,groundstation,source.configDetails.s3RecordingDetails.bucketArn,dotted,s3.bucket,s3,references,doc,medium,well-known,describe_contact,groundstation.DescribeContact,,yes,absent,0,0,,0,0,0,no source resources of this type were collected,2026-08-16T15:50:20+00:00
guardduty.guardduty_finding,guardduty-finding,guardduty,Resource.InstanceDetails.IamInstanceProfile.Arn,dotted,ec2.instance,ec2,references,doc,medium,well-known,get_findings,guardduty.GetFindings,,no,absent,0,0,,0,0,0,no source resources of this type were collected,2026-08-16T15:50:20+00:00
guardduty.guardduty_finding,guardduty-finding,guardduty,Resource.InstanceDetails.IamInstanceProfile.Id,dotted,ec2.instance,ec2,references,doc,medium,well-known,get_findings,guardduty.GetFindings,,no,absent,0,0,,0,0,0,no source resources of this type were collected,2026-08-16T15:50:20+00:00
guardduty.guardduty_finding,guardduty-finding,guardduty,Resource.InstanceDetails.InstanceId,dotted,ec2.instance,ec2,references,doc,medium,leaf-hint,get_findings,guardduty.GetFindings,,no,absent,0,0,,0,0,0,no source resources of this type were collected,2026-08-16T15:50:20+00:00
guardduty.guardduty_finding,guardduty-finding,guardduty,Resource.InstanceDetails.NetworkInterfaces[].SecurityGroups[].GroupId,list_nested,ec2.instance,ec2,references,doc,medium,well-known,get_findings,guardduty.GetFindings,,no,absent,0,0,,0,0,0,no source resources of this type were collected,2026-08-16T15:50:20+00:00
guardduty.guardduty_finding,guardduty-finding,guardduty,Resource.InstanceDetails.NetworkInterfaces[].SecurityGroups[].GroupName,list_nested,ec2.instance,ec2,references,doc,medium,well-known,get_findings,guardduty.GetFindings,,no,absent,0,0,,0,0,0,no source resources of this type were collected,2026-08-16T15:50:20+00:00
guardduty.guardduty_finding,guardduty-finding,guardduty,Resource.LambdaDetails.VpcConfig.SecurityGroups[].GroupId,list_dict,ec2.instance,ec2,references,doc,medium,well-known,get_findings,guardduty.GetFindings,,no,absent,0,0,,0,0,0,no source resources of this type were collected,2026-08-16T15:50:20+00:00
guardduty.guardduty_finding,guardduty-finding,guardduty,Resource.LambdaDetails.VpcConfig.SecurityGroups[].GroupName,list_dict,ec2.instance,ec2,references,doc,medium,well-known,get_findings,guardduty.GetFindings,,no,absent,0,0,,0,0,0,no source resources of this type were collected,2026-08-16T15:50:20+00:00
guardduty.guardduty_finding,guardduty-finding,guardduty,Resource.InstanceDetails.NetworkInterfaces[].NetworkInterfaceId,list_dict,ec2.network_interface,eni,attached-to,doc,medium,leaf-hint,get_findings,guardduty.GetFindings,,no,absent,0,0,,0,0,0,no source resources of this type were collected,2026-08-16T15:50:20+00:00
guardduty.guardduty_finding,guardduty-finding,guardduty,Resource.InstanceDetails.NetworkInterfaces[].SubnetId,list_dict,ec2.subnet,subnet,contained-in,doc,medium,leaf-hint,get_findings,guardduty.GetFindings,,no,absent,0,0,,0,0,0,no source resources of this type were collected,2026-08-16T15:50:20+00:00
guardduty.guardduty_finding,guardduty-finding,guardduty,Resource.EbsVolumeDetails.ScannedVolumeDetails[].SnapshotArn,list_dict,ec2.volume,ebs,attached-to,doc,medium,well-known,get_findings,guardduty.GetFindings,,no,absent,0,0,,0,0,0,no source resources of this type were collected,2026-08-16T15:50:20+00:00
guardduty.guardduty_finding,guardduty-finding,guardduty,Resource.EbsVolumeDetails.SkippedVolumeDetails[].SnapshotArn,list_dict,ec2.volume,ebs,attached-to,doc,medium,well-known,get_findings,guardduty.GetFindings,,no,absent,0,0,,0,0,0,no source resources of this type were collected,2026-08-16T15:50:20+00:00
guardduty.guardduty_finding,guardduty-finding,guardduty,Resource.EksClusterDetails.VpcId,dotted,ec2.vpc,vpc,contained-in,doc,medium,leaf-hint,get_findings,guardduty.GetFindings,,no,absent,0,0,,0,0,0,no source resources of this type were collected,2026-08-16T15:50:20+00:00
guardduty.guardduty_finding,guardduty-finding,guardduty,Resource.InstanceDetails.NetworkInterfaces[].VpcId,list_dict,ec2.vpc,vpc,contained-in,doc,medium,leaf-hint,get_findings,guardduty.GetFindings,,no,absent,0,0,,0,0,0,no source resources of this type were collected,2026-08-16T15:50:20+00:00
guardduty.guardduty_finding,guardduty-finding,guardduty,Resource.LambdaDetails.VpcConfig.VpcId,dotted,ec2.vpc,vpc,contained-in,doc,medium,leaf-hint,get_findings,guardduty.GetFindings,,no,absent,0,0,,0,0,0,no source resources of this type were collected,2026-08-16T15:50:20+00:00
guardduty.guardduty_finding,guardduty-finding,guardduty,Service.FeatureName,dotted,evidently.feature,,references,doc,medium,global-exact,get_findings,guardduty.GetFindings,,no,absent,0,0,,0,0,0,no source resources of this type were collected,2026-08-16T15:50:20+00:00
guardduty.guardduty_finding,guardduty-finding,guardduty,Service.EbsVolumeScanDetails.ScanId,dotted,guardduty.malware_scan,,references,doc,medium,service-partial,get_findings,guardduty.GetFindings,,no,absent,0,0,,0,0,0,no source resources of this type were collected,2026-08-16T15:50:20+00:00
guardduty.guardduty_finding,guardduty-finding,guardduty,Service.Action.KubernetesRoleBindingDetails.RoleRefName,dotted,iam.role,iam-role,assumes,doc,medium,well-known,get_findings,guardduty.GetFindings,,no,absent,0,0,,0,0,0,no source resources of this type were collected,2026-08-16T15:50:20+00:00
guardduty.guardduty_finding,guardduty-finding,guardduty,Resource.EbsVolumeDetails.ScannedVolumeDetails[].KmsKeyArn,list_dict,kms.key,kms-key,encrypted-by,doc,medium,leaf-hint,get_findings,guardduty.GetFindings,,no,absent,0,0,,0,0,0,no source resources of this type were collected,2026-08-16T15:50:20+00:00
guardduty.guardduty_finding,guardduty-finding,guardduty,Resource.EbsVolumeDetails.SkippedVolumeDetails[].KmsKeyArn,list_dict,kms.key,kms-key,encrypted-by,doc,medium,leaf-hint,get_findings,guardduty.GetFindings,,no,absent,0,0,,0,0,0,no source resources of this type were collected,2026-08-16T15:50:20+00:00
guardduty.guardduty_finding,guardduty-finding,guardduty,Resource.S3BucketDetails[].Name,list_dict,s3.bucket,s3,references,doc,medium,well-known,get_findings,guardduty.GetFindings,,no,absent,0,0,,0,0,0,no source resources of this type were collected,2026-08-16T15:50:20+00:00
guardduty.guardduty_finding,guardduty-finding,guardduty,Resource.S3BucketDetails[].Owner.Id,list_dict,s3.bucket,s3,references,doc,medium,well-known,get_findings,guardduty.GetFindings,,no,absent,0,0,,0,0,0,no source resources of this type were collected,2026-08-16T15:50:20+00:00
guardduty.malware_scan,,guardduty,AttachedVolumes[].SnapshotArn,list_dict,ec2.volume,ebs,attached-to,doc,medium,well-known,describe_malware_scans,guardduty.DescribeMalwareScans,,yes,absent,0,0,,0,0,0,no source resources of this type were collected,2026-08-16T15:50:20+00:00
guardduty.malware_scan,,guardduty,DetectorId,scalar,guardduty.detector,,references,doc,medium,service-exact,describe_malware_scans,guardduty.DescribeMalwareScans,,yes,absent,0,0,,0,0,0,no source resources of this type were collected,2026-08-16T15:50:20+00:00
guardduty.malware_scan,,guardduty,AttachedVolumes[].KmsKeyArn,list_dict,kms.key,kms-key,encrypted-by,doc,medium,leaf-hint,describe_malware_scans,guardduty.DescribeMalwareScans,,yes,absent,0,0,,0,0,0,no source resources of this type were collected,2026-08-16T15:50:20+00:00
guardduty.member_detector,,guardduty,Features[].Name,list_dict,guardduty.detector,,references,doc,medium,service-partial,get_member_detectors,guardduty.GetMemberDetectors,,yes,absent,0,0,,0,0,0,no source resources of this type were collected,2026-08-16T15:50:20+00:00
guardduty.publishing_destination,,guardduty,DestinationProperties.KmsKeyArn,dotted,kms.key,kms-key,encrypted-by,doc,medium,leaf-hint,describe_publishing_destination,guardduty.DescribePublishingDestination,,no,absent,0,0,,0,0,0,no source resources of this type were collected,2026-08-16T15:50:20+00:00
healthlake.fhir_datastore,,healthlake,DatastoreProperties.SseConfiguration.KmsEncryptionConfig.KmsKeyId,dotted,kms.key,kms-key,encrypted-by,doc,medium,leaf-hint,describe_fhir_datastore,healthlake.DescribeFHIRDatastore,,yes,absent,0,0,,0,0,0,no source resources of this type were collected,2026-08-16T15:50:20+00:00
healthlake.fhir_datastore,,healthlake,SseConfiguration.KmsEncryptionConfig.KmsKeyId,dotted,kms.key,kms-key,encrypted-by,doc,medium,leaf-hint,list_fhir_datastores,healthlake.ListFHIRDatastores,,yes,absent,0,0,,0,0,0,no source resources of this type were collected,2026-08-16T15:50:20+00:00
healthlake.fhir_export_job,,healthlake,ExportJobProperties.OutputDataConfig.S3Configuration.KmsKeyId,dotted,kms.key,kms-key,encrypted-by,doc,medium,leaf-hint,describe_fhir_export_job,healthlake.DescribeFHIRExportJob,,yes,absent,0,0,,0,0,0,no source resources of this type were collected,2026-08-16T15:50:20+00:00
healthlake.fhir_export_job,,healthlake,OutputDataConfig.S3Configuration.KmsKeyId,dotted,kms.key,kms-key,encrypted-by,doc,medium,leaf-hint,list_fhir_export_jobs,healthlake.ListFHIRExportJobs,,yes,absent,0,0,,0,0,0,no source resources of this type were collected,2026-08-16T15:50:20+00:00
healthlake.fhir_import_job,,healthlake,ImportJobProperties.JobOutputDataConfig.S3Configuration.KmsKeyId,dotted,kms.key,kms-key,encrypted-by,doc,medium,leaf-hint,describe_fhir_import_job,healthlake.DescribeFHIRImportJob,,yes,absent,0,0,,0,0,0,no source resources of this type were collected,2026-08-16T15:50:20+00:00
healthlake.fhir_import_job,,healthlake,JobOutputDataConfig.S3Configuration.KmsKeyId,dotted,kms.key,kms-key,encrypted-by,doc,medium,leaf-hint,list_fhir_import_jobs,healthlake.ListFHIRImportJobs,,yes,absent,0,0,,0,0,0,no source resources of this type were collected,2026-08-16T15:50:20+00:00
iam.account_authorization_detail,,iam,AttachedManagedPolicies[].PolicyName,list_dict,iam.policy,iam-policy,references,doc,medium,service-partial,get_account_authorization_details,iam.GetAccountAuthorizationDetails,,yes,refuted,5,4,0.80,0,11,0,all 11 value(s) resolved to nothing in the target inventory,2026-08-16T15:50:20+00:00
iam.account_authorization_detail,,iam,GroupDetailList[].AttachedManagedPolicies[].PolicyName,list_nested,iam.policy,iam-policy,references,doc,medium,service-partial,get_account_authorization_details,iam.GetAccountAuthorizationDetails,,yes,absent,5,0,0.00,0,0,0,path never populated across 5 resource(s),2026-08-16T15:50:20+00:00
iam.account_authorization_detail,,iam,GroupDetailList[].GroupPolicyList[].PolicyName,list_nested,iam.policy,iam-policy,references,doc,medium,service-exact,get_account_authorization_details,iam.GetAccountAuthorizationDetails,,yes,absent,5,0,0.00,0,0,0,path never populated across 5 resource(s),2026-08-16T15:50:20+00:00
iam.account_authorization_detail,,iam,RoleDetailList[].AttachedManagedPolicies[].PolicyName,list_nested,iam.policy,iam-policy,references,doc,medium,service-partial,get_account_authorization_details,iam.GetAccountAuthorizationDetails,,yes,absent,5,0,0.00,0,0,0,path never populated across 5 resource(s),2026-08-16T15:50:20+00:00
iam.account_authorization_detail,,iam,RoleDetailList[].RolePolicyList[].PolicyName,list_nested,iam.policy,iam-policy,references,doc,medium,service-exact,get_account_authorization_details,iam.GetAccountAuthorizationDetails,,yes,absent,5,0,0.00,0,0,0,path never populated across 5 resource(s),2026-08-16T15:50:20+00:00
iam.account_authorization_detail,,iam,UserPolicyList[].PolicyName,list_dict,iam.policy,iam-policy,references,doc,medium,service-exact,get_account_authorization_details,iam.GetAccountAuthorizationDetails,,yes,refuted,5,1,0.20,0,1,0,all 1 value(s) resolved to nothing in the target inventory,2026-08-16T15:50:20+00:00
iam.account_authorization_detail,,iam,Policies[].PolicyVersionList[].VersionId,list_nested,iam.policy_version,,references,doc,medium,service-exact,get_account_authorization_details,iam.GetAccountAuthorizationDetails,,no,absent,5,0,0.00,0,0,0,path never populated across 5 resource(s),2026-08-16T15:50:20+00:00
iam.attached_role_policy,,iam,PolicyName,scalar,iam.policy,iam-policy,references,doc,medium,service-partial,list_attached_role_policies,iam.ListAttachedRolePolicies,,yes,refuted,59,59,1.00,0,59,0,all 59 value(s) resolved to nothing in the target inventory,2026-08-16T15:50:20+00:00
iam.attached_user_policy,,iam,PolicyName,scalar,iam.policy,iam-policy,references,doc,medium,service-partial,list_attached_user_policies,iam.ListAttachedUserPolicies,,yes,refuted,1,1,1.00,0,1,0,all 1 value(s) resolved to nothing in the target inventory,2026-08-16T15:50:20+00:00
iam.group_policy,,iam,PolicyName,scalar,iam.policy,iam-policy,references,doc,medium,service-exact,get_group_policy,iam.GetGroupPolicy,,yes,absent,0,0,,0,0,0,no source resources of this type were collected,2026-08-16T15:50:20+00:00
iam.role_policy,,iam,PolicyName,scalar,iam.policy,iam-policy,references,doc,medium,service-exact,get_role_policy,iam.GetRolePolicy,,no,absent,0,0,,0,0,0,no source resources of this type were collected,2026-08-16T15:50:20+00:00
iam.user_policy,,iam,PolicyName,scalar,iam.policy,iam-policy,references,doc,medium,service-exact,get_user_policy,iam.GetUserPolicy,,yes,refuted,1,1,1.00,0,1,0,all 1 value(s) resolved to nothing in the target inventory,2026-08-16T15:50:20+00:00
imagebuilder.image,,imagebuilder,image.infrastructureConfiguration.subnetId,dotted,ec2.subnet,subnet,contained-in,doc,medium,leaf-hint,get_image,imagebuilder.GetImage,,yes,absent,0,0,,0,0,0,no source resources of this type were collected,2026-08-16T15:50:20+00:00
imagebuilder.infrastructure_configuration,,imagebuilder,infrastructureConfiguration.subnetId,dotted,ec2.subnet,subnet,contained-in,doc,medium,leaf-hint,get_infrastructure_configuration,imagebuilder.GetInfrastructureConfiguration,,yes,absent,0,0,,0,0,0,no source resources of this type were collected,2026-08-16T15:50:20+00:00
imagebuilder.waiting_workflow_step,,imagebuilder,workflowBuildVersionArn,scalar,imagebuilder.workflow,,references,doc,medium,service-exact,list_waiting_workflow_steps,imagebuilder.ListWaitingWorkflowSteps,,yes,absent,0,0,,0,0,0,no source resources of this type were collected,2026-08-16T15:50:20+00:00
imagebuilder.workflow_step_execution,,imagebuilder,stepExecutionId,scalar,imagebuilder.workflow,,references,doc,medium,service-exact,list_workflow_step_executions,imagebuilder.ListWorkflowStepExecutions,,yes,absent,0,0,,0,0,0,no source resources of this type were collected,2026-08-16T15:50:20+00:00
inspector.finding,,inspector,assetAttributes.networkInterfaces[].networkInterfaceId,list_dict,ec2.network_interface,eni,attached-to,doc,medium,well-known,describe_findings,inspector.DescribeFindings,,yes,absent,0,0,,0,0,0,no source resources of this type were collected,2026-08-16T15:50:20+00:00
inspector.finding,,inspector,assetAttributes.networkInterfaces[].securityGroups[].groupId,list_nested,ec2.security_group,security-group,protected-by,doc,medium,well-known,describe_findings,inspector.DescribeFindings,,yes,absent,0,0,,0,0,0,no source resources of this type were collected,2026-08-16T15:50:20+00:00
inspector.finding,,inspector,assetAttributes.networkInterfaces[].securityGroups[].groupName,list_nested,ec2.security_group,security-group,protected-by,doc,medium,well-known,describe_findings,inspector.DescribeFindings,,yes,absent,0,0,,0,0,0,no source resources of this type were collected,2026-08-16T15:50:20+00:00
inspector.finding,,inspector,assetAttributes.networkInterfaces[].subnetId,list_dict,ec2.subnet,subnet,contained-in,doc,medium,leaf-hint,describe_findings,inspector.DescribeFindings,,yes,absent,0,0,,0,0,0,no source resources of this type were collected,2026-08-16T15:50:20+00:00
inspector.finding,,inspector,assetAttributes.networkInterfaces[].vpcId,list_dict,ec2.vpc,vpc,contained-in,doc,medium,leaf-hint,describe_findings,inspector.DescribeFindings,,yes,absent,0,0,,0,0,0,no source resources of this type were collected,2026-08-16T15:50:20+00:00
inspector2.inspector2_finding,inspector2-finding,inspector2,resources[].details.awsEc2Instance.subnetId,list_dict,ec2.subnet,subnet,contained-in,doc,medium,curated,list_findings,inspector2.ListFindings: 'Amazon EC2 instance',,yes,absent,0,0,,0,0,0,no source resources of this type were collected,2026-08-16T15:50:20+00:00
inspector2.inspector2_finding,inspector2-finding,inspector2,resources[].details.awsEc2Instance.vpcId,list_dict,ec2.vpc,vpc,contained-in,doc,medium,curated,list_findings,inspector2.ListFindings: 'Amazon EC2 instance',,yes,absent,0,0,,0,0,0,no source resources of this type were collected,2026-08-16T15:50:20+00:00
inspector2.inspector2_finding,inspector2-finding,inspector2,resources[].details.awsLambdaFunction.vpcConfig.vpcId,list_dict,ec2.vpc,vpc,contained-in,doc,medium,curated,list_findings,inspector2.ListFindings: 'VPC',,yes,absent,0,0,,0,0,0,no source resources of this type were collected,2026-08-16T15:50:20+00:00
iot-jobs-data.job_execution,,iot-jobs-data,execution.thingName,dotted,iot.thing,iot,references,doc,medium,global-exact,describe_job_execution,iot-jobs-data.DescribeJobExecution,,yes,absent,0,0,,0,0,0,no source resources of this type were collected,2026-08-16T15:50:20+00:00
iot.active_violation,,iot,behavior.metricDimension.dimensionName,dotted,iot.dimension,,references,doc,medium,service-exact,list_active_violations,iot.ListActiveViolations,,yes,absent,0,0,,0,0,0,no source resources of this type were collected,2026-08-16T15:50:20+00:00
iot.active_violation,,iot,thingName,scalar,iot.thing,iot,references,doc,medium,service-exact,list_active_violations,iot.ListActiveViolations,,yes,absent,0,0,,0,0,0,no source resources of this type were collected,2026-08-16T15:50:20+00:00
iot.audit_finding,,iot,finding.nonCompliantResource.resourceIdentifier.iamRoleArn,dotted,iam.role,iam-role,assumes,doc,medium,well-known,describe_audit_finding,iot.DescribeAuditFinding,,yes,absent,0,0,,0,0,0,no source resources of this type were collected,2026-08-16T15:50:20+00:00
iot.audit_finding,,iot,finding.nonCompliantResource.resourceIdentifier.roleAliasArn,dotted,iam.role,iam-role,assumes,doc,medium,well-known,describe_audit_finding,iot.DescribeAuditFinding,,yes,absent,0,0,,0,0,0,no source resources of this type were collected,2026-08-16T15:50:20+00:00
iot.audit_finding,,iot,finding.relatedResources[].resourceIdentifier.iamRoleArn,list_dict,iam.role,iam-role,assumes,doc,medium,well-known,describe_audit_finding,iot.DescribeAuditFinding,,yes,absent,0,0,,0,0,0,no source resources of this type were collected,2026-08-16T15:50:20+00:00
iot.audit_finding,,iot,finding.relatedResources[].resourceIdentifier.roleAliasArn,list_dict,iam.role,iam-role,assumes,doc,medium,well-known,describe_audit_finding,iot.DescribeAuditFinding,,yes,absent,0,0,,0,0,0,no source resources of this type were collected,2026-08-16T15:50:20+00:00
iot.audit_finding,,iot,nonCompliantResource.resourceIdentifier.iamRoleArn,dotted,iam.role,iam-role,assumes,doc,medium,well-known,list_audit_findings,iot.ListAuditFindings,,yes,absent,0,0,,0,0,0,no source resources of this type were collected,2026-08-16T15:50:20+00:00
iot.audit_finding,,iot,nonCompliantResource.resourceIdentifier.roleAliasArn,dotted,iam.role,iam-role,assumes,doc,medium,well-known,list_audit_findings,iot.ListAuditFindings,,yes,absent,0,0,,0,0,0,no source resources of this type were collected,2026-08-16T15:50:20+00:00
iot.audit_finding,,iot,relatedResources[].resourceIdentifier.iamRoleArn,list_dict,iam.role,iam-role,assumes,doc,medium,well-known,list_audit_findings,iot.ListAuditFindings,,yes,absent,0,0,,0,0,0,no source resources of this type were collected,2026-08-16T15:50:20+00:00
iot.audit_finding,,iot,relatedResources[].resourceIdentifier.roleAliasArn,list_dict,iam.role,iam-role,assumes,doc,medium,well-known,list_audit_findings,iot.ListAuditFindings,,yes,absent,0,0,,0,0,0,no source resources of this type were collected,2026-08-16T15:50:20+00:00
iot.audit_finding,,iot,finding.nonCompliantResource.resourceIdentifier.deviceCertificateArn,dotted,iot.certificate,,references,doc,medium,service-partial,describe_audit_finding,iot.DescribeAuditFinding,,yes,absent,0,0,,0,0,0,no source resources of this type were collected,2026-08-16T15:50:20+00:00
iot.audit_finding,,iot,finding.nonCompliantResource.resourceIdentifier.deviceCertificateId,dotted,iot.certificate,,references,doc,medium,service-exact,describe_audit_finding,iot.DescribeAuditFinding,,yes,absent,0,0,,0,0,0,no source resources of this type were collected,2026-08-16T15:50:20+00:00
iot.audit_finding,,iot,finding.relatedResources[].resourceIdentifier.deviceCertificateArn,list_dict,iot.certificate,,references,doc,medium,service-partial,describe_audit_finding,iot.DescribeAuditFinding,,yes,absent,0,0,,0,0,0,no source resources of this type were collected,2026-08-16T15:50:20+00:00
iot.audit_finding,,iot,finding.relatedResources[].resourceIdentifier.deviceCertificateId,list_dict,iot.certificate,,references,doc,medium,service-exact,describe_audit_finding,iot.DescribeAuditFinding,,yes,absent,0,0,,0,0,0,no source resources of this type were collected,2026-08-16T15:50:20+00:00
iot.audit_finding,,iot,nonCompliantResource.resourceIdentifier.deviceCertificateArn,dotted,iot.certificate,,references,doc,medium,service-partial,list_audit_findings,iot.ListAuditFindings,,yes,absent,0,0,,0,0,0,no source resources of this type were collected,2026-08-16T15:50:20+00:00
iot.audit_finding,,iot,nonCompliantResource.resourceIdentifier.deviceCertificateId,dotted,iot.certificate,,references,doc,medium,service-exact,list_audit_findings,iot.ListAuditFindings,,yes,absent,0,0,,0,0,0,no source resources of this type were collected,2026-08-16T15:50:20+00:00
iot.audit_finding,,iot,relatedResources[].resourceIdentifier.deviceCertificateArn,list_dict,iot.certificate,,references,doc,medium,service-partial,list_audit_findings,iot.ListAuditFindings,,yes,absent,0,0,,0,0,0,no source resources of this type were collected,2026-08-16T15:50:20+00:00
iot.audit_finding,,iot,relatedResources[].resourceIdentifier.deviceCertificateId,list_dict,iot.certificate,,references,doc,medium,service-exact,list_audit_findings,iot.ListAuditFindings,,yes,absent,0,0,,0,0,0,no source resources of this type were collected,2026-08-16T15:50:20+00:00
iot.audit_finding,,iot,finding.nonCompliantResource.resourceIdentifier.policyVersionIdentifier.policyName,dotted,iot.policy,,references,doc,medium,service-exact,describe_audit_finding,iot.DescribeAuditFinding,,yes,absent,0,0,,0,0,0,no source resources of this type were collected,2026-08-16T15:50:20+00:00
iot.audit_finding,,iot,finding.relatedResources[].resourceIdentifier.policyVersionIdentifier.policyName,list_dict,iot.policy,,references,doc,medium,service-exact,describe_audit_finding,iot.DescribeAuditFinding,,yes,absent,0,0,,0,0,0,no source resources of this type were collected,2026-08-16T15:50:20+00:00
iot.audit_finding,,iot,nonCompliantResource.resourceIdentifier.policyVersionIdentifier.policyName,dotted,iot.policy,,references,doc,medium,service-exact,list_audit_findings,iot.ListAuditFindings,,yes,absent,0,0,,0,0,0,no source resources of this type were collected,2026-08-16T15:50:20+00:00
iot.audit_finding,,iot,relatedResources[].resourceIdentifier.policyVersionIdentifier.policyName,list_dict,iot.policy,,references,doc,medium,service-exact,list_audit_findings,iot.ListAuditFindings,,yes,absent,0,0,,0,0,0,no source resources of this type were collected,2026-08-16T15:50:20+00:00
iot.audit_mitigation_actions_execution,,iot,actionId,scalar,iot.mitigation_action,,references,doc,medium,service-partial,list_audit_mitigation_actions_executions,iot.ListAuditMitigationActionsExecutions,,yes,absent,0,0,,0,0,0,no source resources of this type were collected,2026-08-16T15:50:20+00:00
iot.audit_mitigation_actions_execution,,iot,actionName,scalar,iot.mitigation_action,,references,doc,medium,service-partial,list_audit_mitigation_actions_executions,iot.ListAuditMitigationActionsExecutions,,yes,absent,0,0,,0,0,0,no source resources of this type were collected,2026-08-16T15:50:20+00:00
iot.audit_mitigation_actions_execution,,iot,taskId,scalar,iot.mitigation_action,,references,doc,medium,service-partial,list_audit_mitigation_actions_executions,iot.ListAuditMitigationActionsExecutions,,yes,absent,0,0,,0,0,0,no source resources of this type were collected,2026-08-16T15:50:20+00:00
iot.audit_suppression,,iot,resourceIdentifier.iamRoleArn,dotted,iam.role,iam-role,assumes,doc,medium,well-known,describe_audit_suppression,iot.DescribeAuditSuppression,,yes,absent,0,0,,0,0,0,no source resources of this type were collected,2026-08-16T15:50:20+00:00
iot.audit_suppression,,iot,resourceIdentifier.roleAliasArn,dotted,iam.role,iam-role,assumes,doc,medium,well-known,describe_audit_suppression,iot.DescribeAuditSuppression,,yes,absent,0,0,,0,0,0,no source resources of this type were collected,2026-08-16T15:50:20+00:00
iot.audit_suppression,,iot,resourceIdentifier.deviceCertificateArn,dotted,iot.certificate,,references,doc,medium,service-partial,describe_audit_suppression,iot.DescribeAuditSuppression,,yes,absent,0,0,,0,0,0,no source resources of this type were collected,2026-08-16T15:50:20+00:00
iot.audit_suppression,,iot,resourceIdentifier.deviceCertificateId,dotted,iot.certificate,,references,doc,medium,service-exact,describe_audit_suppression,iot.DescribeAuditSuppression,,yes,absent,0,0,,0,0,0,no source resources of this type were collected,2026-08-16T15:50:20+00:00
iot.audit_suppression,,iot,resourceIdentifier.policyVersionIdentifier.policyName,dotted,iot.policy,,references,doc,medium,service-exact,describe_audit_suppression,iot.DescribeAuditSuppression,,yes,absent,0,0,,0,0,0,no source resources of this type were collected,2026-08-16T15:50:20+00:00
iot.audit_task,,iot,scheduledAuditName,scalar,iot.scheduled_audit,,references,doc,medium,service-exact,describe_audit_task,iot.DescribeAuditTask,,yes,absent,0,0,,0,0,0,no source resources of this type were collected,2026-08-16T15:50:20+00:00
iot.ca_certificate,,iot,registrationConfig.roleArn,dotted,iam.role,iam-role,assumes,doc,medium,well-known,describe_ca_certificate,iot.DescribeCACertificate,,yes,absent,0,0,,0,0,0,no source resources of this type were collected,2026-08-16T15:50:20+00:00
iot.ca_certificate,,iot,registrationConfig.templateName,dotted,iot.provisioning_template,,references,doc,medium,service-exact,describe_ca_certificate,iot.DescribeCACertificate,,yes,absent,0,0,,0,0,0,no source resources of this type were collected,2026-08-16T15:50:20+00:00
iot.certificates_by_ca,,iot,certificateArn,scalar,iot.certificate,,references,doc,medium,service-exact,list_certificates_by_ca,iot.ListCertificatesByCA,,yes,absent,0,0,,0,0,0,no source resources of this type were collected,2026-08-16T15:50:20+00:00
iot.certificates_by_ca,,iot,certificateId,scalar,iot.certificate,,references,doc,medium,service-exact,list_certificates_by_ca,iot.ListCertificatesByCA,,yes,absent,0,0,,0,0,0,no source resources of this type were collected,2026-08-16T15:50:20+00:00
iot.detect_mitigation_actions_execution,,iot,thingName,scalar,iot.thing,iot,references,doc,medium,service-exact,list_detect_mitigation_actions_executions,iot.ListDetectMitigationActionsExecutions,,yes,absent,0,0,,0,0,0,no source resources of this type were collected,2026-08-16T15:50:20+00:00
iot.detect_mitigation_actions_task,,iot,target.behaviorName,dotted,iot.behavior_model_training_summary,,references,doc,medium,service-partial,list_detect_mitigation_actions_tasks,iot.ListDetectMitigationActionsTasks,,no,absent,0,0,,0,0,0,no source resources of this type were collected,2026-08-16T15:50:20+00:00
iot.detect_mitigation_actions_task,,iot,taskSummary.target.behaviorName,dotted,iot.behavior_model_training_summary,,references,doc,medium,service-partial,describe_detect_mitigation_actions_task,iot.DescribeDetectMitigationActionsTask,,no,absent,0,0,,0,0,0,no source resources of this type were collected,2026-08-16T15:50:20+00:00
iot.domain_configuration,,iot,serverCertificateArn,scalar,iot.certificate,,references,doc,medium,service-partial,describe_domain_configuration,iot.DescribeDomainConfiguration,,yes,absent,3,0,0.00,0,0,0,path never populated across 3 resource(s),2026-08-16T15:50:20+00:00
iot.fleet_metric,,iot,indexName,scalar,iot.index,,references,doc,medium,service-exact,describe_fleet_metric,iot.DescribeFleetMetric,,yes,absent,0,0,,0,0,0,no source resources of this type were collected,2026-08-16T15:50:20+00:00
iot.job,,iot,thingGroupId,scalar,iot.thing_group,,references,doc,medium,service-exact,list_jobs,iot.ListJobs,,yes,absent,0,0,,0,0,0,no source resources of this type were collected,2026-08-16T15:50:20+00:00
iot.job_execution,,iot,execution.thingArn,dotted,iot.thing,iot,references,doc,medium,service-exact,describe_job_execution,iot.DescribeJobExecution,,yes,absent,0,0,,0,0,0,no source resources of this type were collected,2026-08-16T15:50:20+00:00
iot.job_executions_for_job,,iot,thingArn,scalar,iot.thing,iot,references,doc,medium,service-exact,list_job_executions_for_job,iot.ListJobExecutionsForJob,,yes,absent,0,0,,0,0,0,no source resources of this type were collected,2026-08-16T15:50:20+00:00
iot.logging_option,,iot,roleArn,scalar,iam.role,iam-role,assumes,doc,medium,well-known,get_logging_options,iot.GetLoggingOptions,,yes,absent,0,0,,0,0,0,no source resources of this type were collected,2026-08-16T15:50:20+00:00
iot.mitigation_action,,iot,roleArn,scalar,iam.role,iam-role,assumes,doc,medium,well-known,describe_mitigation_action,iot.DescribeMitigationAction,,yes,absent,0,0,,0,0,0,no source resources of this type were collected,2026-08-16T15:50:20+00:00
iot.ota_update,,iot,otaUpdateInfo.otaUpdateFiles[].codeSigning.customCodeSigning.certificateChain.certificateName,list_dict,iot.certificate,,references,doc,medium,service-exact,get_ota_update,iot.GetOTAUpdate,,yes,absent,0,0,,0,0,0,no source resources of this type were collected,2026-08-16T15:50:20+00:00
iot.package,,iot,packageName,scalar,iot.software_package,,references,doc,medium,service-exact,get_package,iot.GetPackage,,no,absent,0,0,,0,0,0,no source resources of this type were collected,2026-08-16T15:50:20+00:00
iot.package_version,,iot,packageName,scalar,iot.software_package,,references,doc,medium,service-exact,get_package_version,iot.GetPackageVersion,,no,absent,0,0,,0,0,0,no source resources of this type were collected,2026-08-16T15:50:20+00:00
iot.related_resources_for_audit_finding,,iot,resourceIdentifier.iamRoleArn,dotted,iam.role,iam-role,assumes,doc,medium,well-known,list_related_resources_for_audit_finding,iot.ListRelatedResourcesForAuditFinding,,yes,absent,0,0,,0,0,0,no source resources of this type were collected,2026-08-16T15:50:20+00:00
iot.related_resources_for_audit_finding,,iot,resourceIdentifier.roleAliasArn,dotted,iam.role,iam-role,assumes,doc,medium,well-known,list_related_resources_for_audit_finding,iot.ListRelatedResourcesForAuditFinding,,yes,absent,0,0,,0,0,0,no source resources of this type were collected,2026-08-16T15:50:20+00:00
iot.related_resources_for_audit_finding,,iot,resourceIdentifier.deviceCertificateArn,dotted,iot.certificate,,references,doc,medium,service-partial,list_related_resources_for_audit_finding,iot.ListRelatedResourcesForAuditFinding,,yes,absent,0,0,,0,0,0,no source resources of this type were collected,2026-08-16T15:50:20+00:00
iot.related_resources_for_audit_finding,,iot,resourceIdentifier.deviceCertificateId,dotted,iot.certificate,,references,doc,medium,service-exact,list_related_resources_for_audit_finding,iot.ListRelatedResourcesForAuditFinding,,yes,absent,0,0,,0,0,0,no source resources of this type were collected,2026-08-16T15:50:20+00:00
iot.related_resources_for_audit_finding,,iot,resourceIdentifier.policyVersionIdentifier.policyName,dotted,iot.policy,,references,doc,medium,service-exact,list_related_resources_for_audit_finding,iot.ListRelatedResourcesForAuditFinding,,yes,absent,0,0,,0,0,0,no source resources of this type were collected,2026-08-16T15:50:20+00:00
iot.role_alias,,iot,roleAliasDescription.roleAliasArn,dotted,iam.role,iam-role,assumes,doc,medium,well-known,describe_role_alias,iot.DescribeRoleAlias,,yes,absent,0,0,,0,0,0,no source resources of this type were collected,2026-08-16T15:50:20+00:00
iot.security_profile,,iot,additionalMetricsToRetainV2[].metricDimension.dimensionName,list_dict,iot.dimension,,references,doc,medium,service-exact,describe_security_profile,iot.DescribeSecurityProfile,,yes,absent,0,0,,0,0,0,no source resources of this type were collected,2026-08-16T15:50:20+00:00
iot.security_profile,,iot,metricDimension.dimensionName,dotted,iot.dimension,,references,doc,medium,service-exact,describe_security_profile,iot.DescribeSecurityProfile,,yes,absent,0,0,,0,0,0,no source resources of this type were collected,2026-08-16T15:50:20+00:00
iot.thing,iot,iot,thingTypeName,scalar,iot.thing_type,,references,doc,medium,service-exact,list_things,iot.ListThings,,yes,absent,0,0,,0,0,0,no source resources of this type were collected,2026-08-16T15:50:20+00:00
iot.topic_rule,,iot,rule.actions[].republish.roleArn,list_dict,iam.role,iam-role,assumes,doc,medium,well-known,get_topic_rule,iot.GetTopicRule,,yes,absent,0,0,,0,0,0,no source resources of this type were collected,2026-08-16T15:50:20+00:00
iot.topic_rule,,iot,rule.actions[].s3.roleArn,list_dict,iam.role,iam-role,assumes,doc,medium,well-known,get_topic_rule,iot.GetTopicRule,,yes,absent,0,0,,0,0,0,no source resources of this type were collected,2026-08-16T15:50:20+00:00
iot.topic_rule,,iot,rule.actions[].sns.roleArn,list_dict,iam.role,iam-role,assumes,doc,medium,well-known,get_topic_rule,iot.GetTopicRule,,yes,absent,0,0,,0,0,0,no source resources of this type were collected,2026-08-16T15:50:20+00:00
iot.topic_rule,,iot,rule.actions[].sqs.roleArn,list_dict,iam.role,iam-role,assumes,doc,medium,well-known,get_topic_rule,iot.GetTopicRule,,yes,absent,0,0,,0,0,0,no source resources of this type were collected,2026-08-16T15:50:20+00:00
iot.topic_rule,,iot,rule.errorAction.republish.roleArn,dotted,iam.role,iam-role,assumes,doc,medium,well-known,get_topic_rule,iot.GetTopicRule,,yes,absent,0,0,,0,0,0,no source resources of this type were collected,2026-08-16T15:50:20+00:00
iot.topic_rule,,iot,rule.errorAction.s3.roleArn,dotted,iam.role,iam-role,assumes,doc,medium,well-known,get_topic_rule,iot.GetTopicRule,,yes,absent,0,0,,0,0,0,no source resources of this type were collected,2026-08-16T15:50:20+00:00
iot.topic_rule,,iot,rule.errorAction.sns.roleArn,dotted,iam.role,iam-role,assumes,doc,medium,well-known,get_topic_rule,iot.GetTopicRule,,yes,absent,0,0,,0,0,0,no source resources of this type were collected,2026-08-16T15:50:20+00:00
iot.topic_rule,,iot,rule.errorAction.sqs.roleArn,dotted,iam.role,iam-role,assumes,doc,medium,well-known,get_topic_rule,iot.GetTopicRule,,yes,absent,0,0,,0,0,0,no source resources of this type were collected,2026-08-16T15:50:20+00:00
iot.topic_rule,,iot,rule.actions[].kinesis.streamName,list_dict,iot.stream,,references,doc,medium,service-partial,get_topic_rule,iot.GetTopicRule,,yes,absent,0,0,,0,0,0,no source resources of this type were collected,2026-08-16T15:50:20+00:00
iot.topic_rule,,iot,rule.errorAction.kinesis.streamName,dotted,iot.stream,,references,doc,medium,service-partial,get_topic_rule,iot.GetTopicRule,,yes,absent,0,0,,0,0,0,no source resources of this type were collected,2026-08-16T15:50:20+00:00
iot.topic_rule_destination,,iot,topicRuleDestination.vpcProperties.vpcId,dotted,ec2.vpc,vpc,contained-in,doc,medium,leaf-hint,get_topic_rule_destination,iot.GetTopicRuleDestination,,yes,absent,0,0,,0,0,0,no source resources of this type were collected,2026-08-16T15:50:20+00:00
iot.topic_rule_destination,,iot,vpcDestinationSummary.vpcId,dotted,ec2.vpc,vpc,contained-in,doc,medium,leaf-hint,list_topic_rule_destinations,iot.ListTopicRuleDestinations,,yes,absent,0,0,,0,0,0,no source resources of this type were collected,2026-08-16T15:50:20+00:00
iot.violation_event,,iot,behavior.metricDimension.dimensionName,dotted,iot.dimension,,references,doc,medium,service-exact,list_violation_events,iot.ListViolationEvents,,yes,absent,0,0,,0,0,0,no source resources of this type were collected,2026-08-16T15:50:20+00:00
iot.violation_event,,iot,thingName,scalar,iot.thing,iot,references,doc,medium,service-exact,list_violation_events,iot.ListViolationEvents,,yes,absent,0,0,,0,0,0,no source resources of this type were collected,2026-08-16T15:50:20+00:00
iotanalytics.dataset_content,,iotanalytics,entryName,scalar,iotanalytics.dataset,,references,doc,medium,service-exact,get_dataset_content,iotanalytics.GetDatasetContent,,yes,absent,0,0,,0,0,0,no source resources of this type were collected,2026-08-16T15:50:20+00:00
iotanalytics.pipeline,,iotanalytics,pipeline.activities[].channel.channelName,list_dict,iotanalytics.channel,,references,doc,medium,service-exact,describe_pipeline,iotanalytics.DescribePipeline,,yes,absent,0,0,,0,0,0,no source resources of this type were collected,2026-08-16T15:50:20+00:00
iotdeviceadvisor.suite_definition,,iotdeviceadvisor,suiteDefinitionId,scalar,devicefarm.test,,references,doc,medium,global-exact,list_suite_definitions,iotdeviceadvisor.ListSuiteDefinitions,,yes,absent,0,0,,0,0,0,no source resources of this type were collected,2026-08-16T15:50:20+00:00
iotdeviceadvisor.suite_definition,,iotdeviceadvisor,suiteDefinitionName,scalar,devicefarm.test,,references,doc,medium,global-exact,list_suite_definitions,iotdeviceadvisor.ListSuiteDefinitions,,yes,absent,0,0,,0,0,0,no source resources of this type were collected,2026-08-16T15:50:20+00:00
iotevents.alarm_model,,iotevents,alarmEventActions.alarmActions[].iotEvents.inputName,list_dict,iotevents.input,,references,doc,medium,service-partial,describe_alarm_model,iotevents.DescribeAlarmModel,,yes,absent,0,0,,0,0,0,no source resources of this type were collected,2026-08-16T15:50:20+00:00
iotevents.alarm_model,,iotevents,alarmEventActions.alarmActions[].iotSiteWise.propertyId,list_dict,iotsitewise.asset_property,,references,doc,medium,global-exact,describe_alarm_model,iotevents.DescribeAlarmModel,,yes,absent,0,0,,0,0,0,no source resources of this type were collected,2026-08-16T15:50:20+00:00
iotevents.alarm_model_version,,iotevents,alarmModelArn,scalar,iotevents.alarm_model,,references,doc,medium,service-exact,list_alarm_model_versions,iotevents.ListAlarmModelVersions,,yes,absent,0,0,,0,0,0,no source resources of this type were collected,2026-08-16T15:50:20+00:00
iotevents.alarm_model_version,,iotevents,alarmModelName,scalar,iotevents.alarm_model,,references,doc,medium,service-exact,list_alarm_model_versions,iotevents.ListAlarmModelVersions,,yes,absent,0,0,,0,0,0,no source resources of this type were collected,2026-08-16T15:50:20+00:00
iotevents.detector_model_version,,iotevents,detectorModelName,scalar,iotevents.detector_model,,references,doc,medium,service-exact,list_detector_model_versions,iotevents.ListDetectorModelVersions,,yes,absent,0,0,,0,0,0,no source resources of this type were collected,2026-08-16T15:50:20+00:00
iotevents.logging_option,,iotevents,loggingOptions.detectorDebugOptions[].detectorModelName,list_dict,iotevents.detector_model,,references,doc,medium,service-exact,describe_logging_options,iotevents.DescribeLoggingOptions,,yes,absent,0,0,,0,0,0,no source resources of this type were collected,2026-08-16T15:50:20+00:00
iotfleetwise.campaign,,iotfleetwise,targetArn,scalar,iotfleetwise.vehicle,,references,doc,medium,service-exact,get_campaign,iotfleetwise.GetCampaign,,yes,absent,0,0,,0,0,0,no source resources of this type were collected,2026-08-16T15:50:20+00:00
iotfleetwise.decoder_manifest_network_interface,,iotfleetwise,interfaceId,scalar,ec2.network_interface,eni,attached-to,doc,medium,well-known,list_decoder_manifest_network_interfaces,iotfleetwise.ListDecoderManifestNetworkInterfaces,,yes,absent,0,0,,0,0,0,no source resources of this type were collected,2026-08-16T15:50:20+00:00
iotfleetwise.decoder_manifest_network_interface,,iotfleetwise,obdInterface.requestMessageId,dotted,iotfleetwise.vehicle,,references,doc,medium,service-partial,list_decoder_manifest_network_interfaces,iotfleetwise.ListDecoderManifestNetworkInterfaces,,yes,absent,0,0,,0,0,0,no source resources of this type were collected,2026-08-16T15:50:20+00:00
iotfleetwise.decoder_manifest_network_interface,,iotfleetwise,vehicleMiddleware.protocolName,dotted,iotfleetwise.vehicle,,references,doc,medium,service-exact,list_decoder_manifest_network_interfaces,iotfleetwise.ListDecoderManifestNetworkInterfaces,,yes,absent,0,0,,0,0,0,no source resources of this type were collected,2026-08-16T15:50:20+00:00
iotfleetwise.decoder_manifest_network_interface,,iotfleetwise,canInterface.protocolName,dotted,support.communication,,references,doc,medium,global-exact,list_decoder_manifest_network_interfaces,iotfleetwise.ListDecoderManifestNetworkInterfaces,,no,absent,0,0,,0,0,0,no source resources of this type were collected,2026-08-16T15:50:20+00:00
iotfleetwise.encryption_configuration,,iotfleetwise,kmsKeyId,scalar,kms.key,kms-key,encrypted-by,doc,medium,well-known,get_encryption_configuration,iotfleetwise.GetEncryptionConfiguration,,yes,absent,0,0,,0,0,0,no source resources of this type were collected,2026-08-16T15:50:20+00:00
iotfleetwise.model_manifest_node,,iotfleetwise,attribute.fullyQualifiedName,dotted,sdb.attribute,,references,doc,medium,global-exact,list_model_manifest_nodes,iotfleetwise.ListModelManifestNodes,,yes,absent,0,0,,0,0,0,no source resources of this type were collected,2026-08-16T15:50:20+00:00
iotfleetwise.register_account_status,,iotfleetwise,timestreamRegistrationResponse.timestreamDatabaseName,dotted,timestream-write.timestream_database,timestream-database,references,doc,medium,global-exact,get_register_account_status,iotfleetwise.GetRegisterAccountStatus,,yes,absent,0,0,,0,0,0,no source resources of this type were collected,2026-08-16T15:50:20+00:00
iotfleetwise.signal_catalog_node,,iotfleetwise,attribute.fullyQualifiedName,dotted,sdb.attribute,,references,doc,medium,global-exact,list_signal_catalog_nodes,iotfleetwise.ListSignalCatalogNodes,,yes,absent,0,0,,0,0,0,no source resources of this type were collected,2026-08-16T15:50:20+00:00
iotfleetwise.vehicle_status,,iotfleetwise,vehicleName,scalar,iotfleetwise.vehicle,,references,doc,medium,service-exact,get_vehicle_status,iotfleetwise.GetVehicleStatus,,yes,absent,0,0,,0,0,0,no source resources of this type were collected,2026-08-16T15:50:20+00:00
iotsitewise.action,,iotsitewise,targetResource.assetId,dotted,iotsitewise.asset,,references,doc,medium,service-exact,describe_action,iotsitewise.DescribeAction,,yes,absent,0,0,,0,0,0,no source resources of this type were collected,2026-08-16T15:50:20+00:00
iotsitewise.asset,,iotsitewise,assetCompositeModels[].externalId,list_dict,iotsitewise.asset_composite_model,,references,doc,medium,service-exact,describe_asset,iotsitewise.DescribeAsset,,yes,absent,0,0,,0,0,0,no source resources of this type were collected,2026-08-16T15:50:20+00:00
iotsitewise.asset,,iotsitewise,assetCompositeModels[].properties[].externalId,list_nested,iotsitewise.asset_property,,references,doc,medium,service-exact,describe_asset,iotsitewise.DescribeAsset,,yes,absent,0,0,,0,0,0,no source resources of this type were collected,2026-08-16T15:50:20+00:00
iotsitewise.asset,,iotsitewise,externalId,scalar,iotsitewise.asset_property,,references,doc,medium,service-exact,describe_asset,iotsitewise.DescribeAsset,,yes,absent,0,0,,0,0,0,no source resources of this type were collected,2026-08-16T15:50:20+00:00
iotsitewise.asset_composite_model,,iotsitewise,actionDefinitions[].actionDefinitionId,list_dict,iotsitewise.action,,references,doc,medium,service-exact,describe_asset_composite_model,iotsitewise.DescribeAssetCompositeModel,,yes,absent,0,0,,0,0,0,no source resources of this type were collected,2026-08-16T15:50:20+00:00
iotsitewise.asset_composite_model,,iotsitewise,actionDefinitions[].actionName,list_dict,iotsitewise.action,,references,doc,medium,service-exact,describe_asset_composite_model,iotsitewise.DescribeAssetCompositeModel,,yes,absent,0,0,,0,0,0,no source resources of this type were collected,2026-08-16T15:50:20+00:00
iotsitewise.asset_composite_model,,iotsitewise,assetId,scalar,iotsitewise.asset,,references,doc,medium,service-exact,describe_asset_composite_model,iotsitewise.DescribeAssetCompositeModel,,yes,absent,0,0,,0,0,0,no source resources of this type were collected,2026-08-16T15:50:20+00:00
iotsitewise.asset_composite_model,,iotsitewise,assetCompositeModelProperties[].externalId,list_dict,iotsitewise.asset_property,,references,doc,medium,service-exact,describe_asset_composite_model,iotsitewise.DescribeAssetCompositeModel,,yes,absent,0,0,,0,0,0,no source resources of this type were collected,2026-08-16T15:50:20+00:00
iotsitewise.asset_model,,iotsitewise,assetModelCompositeModels[].externalId,list_dict,iotsitewise.asset_model_composite_model,,references,doc,medium,service-exact,describe_asset_model,iotsitewise.DescribeAssetModel,,yes,absent,0,0,,0,0,0,no source resources of this type were collected,2026-08-16T15:50:20+00:00
iotsitewise.asset_model,,iotsitewise,assetModelCompositeModels[].properties[].type.metric.variables[].value.propertyId,list_nested,iottwinmaker.property,,references,doc,medium,global-exact,describe_asset_model,iotsitewise.DescribeAssetModel,,yes,absent,0,0,,0,0,0,no source resources of this type were collected,2026-08-16T15:50:20+00:00
iotsitewise.asset_model,,iotsitewise,assetModelCompositeModels[].properties[].type.transform.variables[].value.propertyId,list_nested,iottwinmaker.property,,references,doc,medium,global-exact,describe_asset_model,iotsitewise.DescribeAssetModel,,yes,absent,0,0,,0,0,0,no source resources of this type were collected,2026-08-16T15:50:20+00:00
iotsitewise.asset_model,,iotsitewise,type.metric.variables[].value.propertyId,list_dict,iottwinmaker.property,,references,doc,medium,global-exact,describe_asset_model,iotsitewise.DescribeAssetModel,,yes,absent,0,0,,0,0,0,no source resources of this type were collected,2026-08-16T15:50:20+00:00
iotsitewise.asset_model,,iotsitewise,type.transform.variables[].value.propertyId,list_dict,iottwinmaker.property,,references,doc,medium,global-exact,describe_asset_model,iotsitewise.DescribeAssetModel,,yes,absent,0,0,,0,0,0,no source resources of this type were collected,2026-08-16T15:50:20+00:00
iotsitewise.asset_model_composite_model,,iotsitewise,actionDefinitions[].actionDefinitionId,list_dict,iotsitewise.action,,references,doc,medium,service-exact,describe_asset_model_composite_model,iotsitewise.DescribeAssetModelCompositeModel,,yes,absent,0,0,,0,0,0,no source resources of this type were collected,2026-08-16T15:50:20+00:00
iotsitewise.asset_model_composite_model,,iotsitewise,actionDefinitions[].actionName,list_dict,iotsitewise.action,,references,doc,medium,service-exact,describe_asset_model_composite_model,iotsitewise.DescribeAssetModelCompositeModel,,yes,absent,0,0,,0,0,0,no source resources of this type were collected,2026-08-16T15:50:20+00:00
iotsitewise.asset_model_composite_model,,iotsitewise,assetModelId,scalar,iotsitewise.asset_model,,references,doc,medium,service-exact,describe_asset_model_composite_model,iotsitewise.DescribeAssetModelCompositeModel,,yes,absent,0,0,,0,0,0,no source resources of this type were collected,2026-08-16T15:50:20+00:00
iotsitewise.asset_model_composite_model,,iotsitewise,assetModelCompositeModelProperties[].type.metric.variables[].value.propertyId,list_nested,iottwinmaker.property,,references,doc,medium,global-exact,describe_asset_model_composite_model,iotsitewise.DescribeAssetModelCompositeModel,,yes,absent,0,0,,0,0,0,no source resources of this type were collected,2026-08-16T15:50:20+00:00
iotsitewise.asset_model_composite_model,,iotsitewise,assetModelCompositeModelProperties[].type.transform.variables[].value.propertyId,list_nested,iottwinmaker.property,,references,doc,medium,global-exact,describe_asset_model_composite_model,iotsitewise.DescribeAssetModelCompositeModel,,yes,absent,0,0,,0,0,0,no source resources of this type were collected,2026-08-16T15:50:20+00:00
iotsitewise.asset_model_property,,iotsitewise,externalId,scalar,iottwinmaker.property,,references,doc,medium,global-exact,list_asset_model_properties,iotsitewise.ListAssetModelProperties,,yes,absent,0,0,,0,0,0,no source resources of this type were collected,2026-08-16T15:50:20+00:00
iotsitewise.asset_model_property,,iotsitewise,type.metric.variables[].value.propertyId,list_dict,iottwinmaker.property,,references,doc,medium,global-exact,list_asset_model_properties,iotsitewise.ListAssetModelProperties,,yes,absent,0,0,,0,0,0,no source resources of this type were collected,2026-08-16T15:50:20+00:00
iotsitewise.asset_model_property,,iotsitewise,type.transform.variables[].value.propertyId,list_dict,iottwinmaker.property,,references,doc,medium,global-exact,list_asset_model_properties,iotsitewise.ListAssetModelProperties,,yes,absent,0,0,,0,0,0,no source resources of this type were collected,2026-08-16T15:50:20+00:00
iotsitewise.asset_property,,iotsitewise,assetExternalId,scalar,iotsitewise.asset,,references,doc,medium,service-exact,describe_asset_property,iotsitewise.DescribeAssetProperty,,yes,absent,0,0,,0,0,0,no source resources of this type were collected,2026-08-16T15:50:20+00:00
iotsitewise.asset_property,,iotsitewise,assetId,scalar,iotsitewise.asset,,references,doc,medium,service-exact,describe_asset_property,iotsitewise.DescribeAssetProperty,,yes,absent,0,0,,0,0,0,no source resources of this type were collected,2026-08-16T15:50:20+00:00
iotsitewise.asset_property,,iotsitewise,assetName,scalar,iotsitewise.asset,,references,doc,medium,service-exact,describe_asset_property,iotsitewise.DescribeAssetProperty,,yes,absent,0,0,,0,0,0,no source resources of this type were collected,2026-08-16T15:50:20+00:00
iotsitewise.asset_property,,iotsitewise,assetModelId,scalar,iotsitewise.asset_model,,references,doc,medium,service-exact,describe_asset_property,iotsitewise.DescribeAssetProperty,,yes,absent,0,0,,0,0,0,no source resources of this type were collected,2026-08-16T15:50:20+00:00
iotsitewise.asset_property,,iotsitewise,assetProperty.type.metric.variables[].value.propertyId,list_dict,iottwinmaker.property,,references,doc,medium,global-exact,describe_asset_property,iotsitewise.DescribeAssetProperty,,yes,absent,0,0,,0,0,0,no source resources of this type were collected,2026-08-16T15:50:20+00:00
iotsitewise.asset_property,,iotsitewise,assetProperty.type.transform.variables[].value.propertyId,list_dict,iottwinmaker.property,,references,doc,medium,global-exact,describe_asset_property,iotsitewise.DescribeAssetProperty,,yes,absent,0,0,,0,0,0,no source resources of this type were collected,2026-08-16T15:50:20+00:00
iotsitewise.asset_property,,iotsitewise,compositeModel.assetProperty.type.metric.variables[].value.propertyId,list_dict,iottwinmaker.property,,references,doc,medium,global-exact,describe_asset_property,iotsitewise.DescribeAssetProperty,,yes,absent,0,0,,0,0,0,no source resources of this type were collected,2026-08-16T15:50:20+00:00
iotsitewise.asset_property,,iotsitewise,compositeModel.assetProperty.type.transform.variables[].value.propertyId,list_dict,iottwinmaker.property,,references,doc,medium,global-exact,describe_asset_property,iotsitewise.DescribeAssetProperty,,yes,absent,0,0,,0,0,0,no source resources of this type were collected,2026-08-16T15:50:20+00:00
iotsitewise.asset_property,,iotsitewise,externalId,scalar,iottwinmaker.property,,references,doc,medium,global-exact,list_asset_properties,iotsitewise.ListAssetProperties,,yes,absent,0,0,,0,0,0,no source resources of this type were collected,2026-08-16T15:50:20+00:00
iotsitewise.associated_asset,,iotsitewise,assetModelId,scalar,iotsitewise.asset,,references,doc,medium,service-exact,list_associated_assets,iotsitewise.ListAssociatedAssets,,yes,absent,0,0,,0,0,0,no source resources of this type were collected,2026-08-16T15:50:20+00:00
iotsitewise.associated_asset,,iotsitewise,externalId,scalar,iotsitewise.asset,,references,doc,medium,service-exact,list_associated_assets,iotsitewise.ListAssociatedAssets,,yes,absent,0,0,,0,0,0,no source resources of this type were collected,2026-08-16T15:50:20+00:00
iotsitewise.composition_relationship,,iotsitewise,assetModelId,scalar,iotsitewise.asset_model,,references,doc,medium,service-exact,list_composition_relationships,iotsitewise.ListCompositionRelationships,,yes,absent,0,0,,0,0,0,no source resources of this type were collected,2026-08-16T15:50:20+00:00
iotsitewise.dashboard,,iotsitewise,projectId,scalar,iotsitewise.project,,references,doc,medium,service-exact,describe_dashboard,iotsitewise.DescribeDashboard,,yes,absent,0,0,,0,0,0,no source resources of this type were collected,2026-08-16T15:50:20+00:00
iotsitewise.gateway,,iotsitewise,gatewayName,scalar,iotsitewise.asset,,references,doc,medium,service-exact,list_gateways,iotsitewise.ListGateways,,yes,absent,0,0,,0,0,0,no source resources of this type were collected,2026-08-16T15:50:20+00:00
iotsitewise.project,,iotsitewise,portalId,scalar,iotsitewise.portal,,references,doc,medium,service-exact,describe_project,iotsitewise.DescribeProject,,yes,absent,0,0,,0,0,0,no source resources of this type were collected,2026-08-16T15:50:20+00:00
iotsitewise.time_sery,,iotsitewise,assetId,scalar,iotsitewise.asset,,references,doc,medium,service-exact,describe_time_series,iotsitewise.DescribeTimeSeries,,yes,absent,0,0,,0,0,0,no source resources of this type were collected,2026-08-16T15:50:20+00:00
iotsitewise.time_sery,,iotsitewise,propertyId,scalar,iotsitewise.asset_property,,references,doc,medium,service-exact,describe_time_series,iotsitewise.DescribeTimeSeries,,yes,absent,0,0,,0,0,0,no source resources of this type were collected,2026-08-16T15:50:20+00:00
iotthingsgraph.namespace_deletion_status,,iotthingsgraph,namespaceArn,scalar,iotthingsgraph.namespace,,references,doc,medium,service-exact,get_namespace_deletion_status,iotthingsgraph.GetNamespaceDeletionStatus,,yes,absent,0,0,,0,0,0,no source resources of this type were collected,2026-08-16T15:50:20+00:00
iotthingsgraph.namespace_deletion_status,,iotthingsgraph,namespaceName,scalar,iotthingsgraph.namespace,,references,doc,medium,service-exact,get_namespace_deletion_status,iotthingsgraph.GetNamespaceDeletionStatus,,yes,absent,0,0,,0,0,0,no source resources of this type were collected,2026-08-16T15:50:20+00:00
iotthingsgraph.system_instance,,iotthingsgraph,description.metricsConfiguration.metricRuleRoleArn,dotted,iam.role,iam-role,assumes,doc,medium,well-known,get_system_instance,iotthingsgraph.GetSystemInstance,,yes,absent,0,0,,0,0,0,no source resources of this type were collected,2026-08-16T15:50:20+00:00
iottwinmaker.component,,iottwinmaker,componentTypeId,scalar,iottwinmaker.component_type,,references,doc,medium,service-exact,list_components,iottwinmaker.ListComponents,,yes,absent,0,0,,0,0,0,no source resources of this type were collected,2026-08-16T15:50:20+00:00
iottwinmaker.component_type,,iottwinmaker,workspaceId,scalar,iottwinmaker.workspace,,references,doc,medium,service-exact,get_component_type,iottwinmaker.GetComponentType,,yes,absent,0,0,,0,0,0,no source resources of this type were collected,2026-08-16T15:50:20+00:00
iottwinmaker.entity,,iottwinmaker,workspaceId,scalar,iottwinmaker.workspace,,references,doc,medium,service-exact,get_entity,iottwinmaker.GetEntity,,yes,absent,0,0,,0,0,0,no source resources of this type were collected,2026-08-16T15:50:20+00:00
iottwinmaker.property_value_history,,iottwinmaker,entityPropertyReference.componentName,dotted,iottwinmaker.component,,references,doc,medium,service-exact,get_property_value_history,iottwinmaker.GetPropertyValueHistory,,yes,absent,0,0,,0,0,0,no source resources of this type were collected,2026-08-16T15:50:20+00:00
iottwinmaker.property_value_history,,iottwinmaker,entityPropertyReference.entityId,dotted,iottwinmaker.entity,,references,doc,medium,service-exact,get_property_value_history,iottwinmaker.GetPropertyValueHistory,,yes,absent,0,0,,0,0,0,no source resources of this type were collected,2026-08-16T15:50:20+00:00
iottwinmaker.property_value_history,,iottwinmaker,entityPropertyReference.propertyName,dotted,iottwinmaker.property,,references,doc,medium,service-exact,get_property_value_history,iottwinmaker.GetPropertyValueHistory,,yes,absent,0,0,,0,0,0,no source resources of this type were collected,2026-08-16T15:50:20+00:00
iottwinmaker.scene,,iottwinmaker,workspaceId,scalar,iottwinmaker.workspace,,references,doc,medium,service-exact,get_scene,iottwinmaker.GetScene,,yes,absent,0,0,,0,0,0,no source resources of this type were collected,2026-08-16T15:50:20+00:00
iottwinmaker.sync_job,,iottwinmaker,workspaceId,scalar,iottwinmaker.workspace,,references,doc,medium,service-exact,get_sync_job,iottwinmaker.GetSyncJob,,yes,absent,0,0,,0,0,0,no source resources of this type were collected,2026-08-16T15:50:20+00:00
iotwireless.destination,,iotwireless,RoleArn,scalar,iam.role,iam-role,assumes,doc,medium,well-known,get_destination,iotwireless.GetDestination,,yes,absent,0,0,,0,0,0,no source resources of this type were collected,2026-08-16T15:50:20+00:00
iotwireless.multicast_groups_by_fuota_task,,iotwireless,Id,scalar,iotwireless.multicast_group,,references,doc,medium,service-exact,list_multicast_groups_by_fuota_task,iotwireless.ListMulticastGroupsByFuotaTask,,yes,absent,0,0,,0,0,0,no source resources of this type were collected,2026-08-16T15:50:20+00:00
iotwireless.wireless_device,,iotwireless,DestinationName,scalar,iotwireless.destination,,references,doc,medium,service-exact,get_wireless_device,iotwireless.GetWirelessDevice,,yes,absent,0,0,,0,0,0,no source resources of this type were collected,2026-08-16T15:50:20+00:00
iotwireless.wireless_device,,iotwireless,Sidewalk.CertificateId,dotted,iotwireless.device_profile,,references,doc,medium,service-partial,get_wireless_device,iotwireless.GetWirelessDevice,,yes,absent,0,0,,0,0,0,no source resources of this type were collected,2026-08-16T15:50:20+00:00
iotwireless.wireless_device,,iotwireless,Sidewalk.DeviceProfileId,dotted,iotwireless.device_profile,,references,doc,medium,service-partial,get_wireless_device,iotwireless.GetWirelessDevice,,yes,absent,0,0,,0,0,0,no source resources of this type were collected,2026-08-16T15:50:20+00:00
iotwireless.wireless_device,,iotwireless,McGroupId,scalar,iotwireless.multicast_group,,references,doc,medium,service-exact,list_wireless_devices,iotwireless.ListWirelessDevices,,yes,absent,0,0,,0,0,0,no source resources of this type were collected,2026-08-16T15:50:20+00:00
iotwireless.wireless_device,,iotwireless,LoRaWAN.ServiceProfileId,dotted,iotwireless.service_profile,,references,doc,medium,service-exact,get_wireless_device,iotwireless.GetWirelessDevice,,yes,absent,0,0,,0,0,0,no source resources of this type were collected,2026-08-16T15:50:20+00:00
iotwireless.wireless_device_statistic,,iotwireless,WirelessDeviceId,scalar,iotwireless.wireless_device,,references,doc,medium,service-exact,get_wireless_device_statistics,iotwireless.GetWirelessDeviceStatistics,,yes,absent,0,0,,0,0,0,no source resources of this type were collected,2026-08-16T15:50:20+00:00
iotwireless.wireless_gateway_statistic,,iotwireless,WirelessGatewayId,scalar,iotwireless.wireless_gateway,,references,doc,medium,service-exact,get_wireless_gateway_statistics,iotwireless.GetWirelessGatewayStatistics,,yes,absent,0,0,,0,0,0,no source resources of this type were collected,2026-08-16T15:50:20+00:00
iotwireless.wireless_gateway_task,,iotwireless,WirelessGatewayId,scalar,iotwireless.wireless_gateway,,references,doc,medium,service-exact,get_wireless_gateway_task,iotwireless.GetWirelessGatewayTask,,yes,absent,0,0,,0,0,0,no source resources of this type were collected,2026-08-16T15:50:20+00:00
ivs-realtime.composition,,ivs-realtime,composition.destinations[].configuration.channel.encoderConfigurationArn,list_dict,ivs-realtime.encoder_configuration,,references,doc,medium,service-exact,get_composition,ivs-realtime.GetComposition,,yes,absent,0,0,,0,0,0,no source resources of this type were collected,2026-08-16T15:50:20+00:00
ivs-realtime.composition,,ivs-realtime,stageArn,scalar,ivs-realtime.stage,,references,doc,medium,service-partial,list_compositions,ivs-realtime.ListCompositions,,yes,absent,0,0,,0,0,0,no source resources of this type were collected,2026-08-16T15:50:20+00:00
ivs-realtime.participant_event,,ivs-realtime,participantId,scalar,ivs-realtime.participant,,references,doc,medium,service-exact,list_participant_events,ivs-realtime.ListParticipantEvents,,yes,absent,0,0,,0,0,0,no source resources of this type were collected,2026-08-16T15:50:20+00:00
ivs-realtime.participant_event,,ivs-realtime,remoteParticipantId,scalar,ivs-realtime.participant,,references,doc,medium,service-partial,list_participant_events,ivs-realtime.ListParticipantEvents,,yes,absent,0,0,,0,0,0,no source resources of this type were collected,2026-08-16T15:50:20+00:00
ivs-realtime.stage_session,,ivs-realtime,sessionId,scalar,ivs-realtime.stage,,references,doc,medium,service-partial,list_stage_sessions,ivs-realtime.ListStageSessions,,yes,absent,0,0,,0,0,0,no source resources of this type were collected,2026-08-16T15:50:20+00:00
ivs-realtime.stage_session,,ivs-realtime,stageSession.sessionId,dotted,ivs-realtime.stage,,references,doc,medium,service-partial,get_stage_session,ivs-realtime.GetStageSession,,yes,absent,0,0,,0,0,0,no source resources of this type were collected,2026-08-16T15:50:20+00:00
ivs.stream_key,,ivs,channelArn,scalar,ivs.stream,,references,doc,medium,service-exact,list_stream_keys,ivs.ListStreamKeys,,yes,absent,0,0,,0,0,0,no source resources of this type were collected,2026-08-16T15:50:20+00:00
ivs.stream_key,,ivs,streamKey.channelArn,dotted,ivs.stream,,references,doc,medium,service-exact,get_stream_key,ivs.GetStreamKey,,yes,absent,0,0,,0,0,0,no source resources of this type were collected,2026-08-16T15:50:20+00:00
ivs.stream_key,,ivs,streamKeys[].channelArn,list_dict,ivs.stream,,references,doc,medium,service-exact,batch_get_stream_key,ivs.BatchGetStreamKey,,yes,absent,0,0,,0,0,0,no source resources of this type were collected,2026-08-16T15:50:20+00:00
kafka.cluster,kafka,kafka,BrokerNodeGroupInfo.SecurityGroups[],list_scalar,ec2.security_group,security-group,protected-by,c7n,high,curated,list_clusters_v2,aws.kafka.filters.security-group,,yes,absent,0,0,,0,0,0,no source resources of this type were collected,2026-08-16T15:50:20+00:00
kafka.cluster,kafka,kafka,compound,scalar,ec2.subnet,subnet,contained-in,c7n,high,curated,list_clusters_v2,aws.kafka.filters.subnet,,yes,absent,0,0,,0,0,0,no source resources of this type were collected,2026-08-16T15:50:20+00:00
kafka.cluster,kafka,kafka,Provisioned.EncryptionInfo.EncryptionAtRest.DataVolumeKMSKeyId,dotted,kms.key,kms-key,encrypted-by,c7n,high,curated,list_clusters_v2,aws.kafka.filters.kms-key,,yes,absent,0,0,,0,0,0,no source resources of this type were collected,2026-08-16T15:50:20+00:00
kafka.cluster_operation,,kafka,ClusterArn,scalar,kafka.cluster,kafka,references,doc,medium,service-exact,list_cluster_operations,kafka.ListClusterOperations,,yes,absent,0,0,,0,0,0,no source resources of this type were collected,2026-08-16T15:50:20+00:00
kafka.cluster_operation,,kafka,ClusterOperationInfo.ClusterArn,dotted,kafka.cluster,kafka,references,doc,medium,service-exact,describe_cluster_operation,kafka.DescribeClusterOperation,,yes,absent,0,0,,0,0,0,no source resources of this type were collected,2026-08-16T15:50:20+00:00
kafka.cluster_operation,,kafka,ClusterOperationInfo.SourceClusterInfo.ConfigurationInfo.Arn,dotted,kafka.configuration,,references,doc,medium,service-exact,describe_cluster_operation,kafka.DescribeClusterOperation,,yes,absent,0,0,,0,0,0,no source resources of this type were collected,2026-08-16T15:50:20+00:00
kafka.cluster_operation,,kafka,ClusterOperationInfo.TargetClusterInfo.ConfigurationInfo.Arn,dotted,kafka.configuration,,references,doc,medium,service-exact,describe_cluster_operation,kafka.DescribeClusterOperation,,yes,absent,0,0,,0,0,0,no source resources of this type were collected,2026-08-16T15:50:20+00:00
kafka.cluster_operation,,kafka,SourceClusterInfo.ConfigurationInfo.Arn,dotted,kafka.configuration,,references,doc,medium,service-exact,list_cluster_operations,kafka.ListClusterOperations,,yes,absent,0,0,,0,0,0,no source resources of this type were collected,2026-08-16T15:50:20+00:00
kafka.cluster_operation,,kafka,TargetClusterInfo.ConfigurationInfo.Arn,dotted,kafka.configuration,,references,doc,medium,service-exact,list_cluster_operations,kafka.ListClusterOperations,,yes,absent,0,0,,0,0,0,no source resources of this type were collected,2026-08-16T15:50:20+00:00
kafka.cluster_operation,,kafka,ClusterOperationInfo.SourceClusterInfo.BrokerEBSVolumeInfo[].KafkaBrokerNodeId,list_dict,mq.broker,message-broker,references,doc,medium,global-exact,describe_cluster_operation,kafka.DescribeClusterOperation,,yes,absent,0,0,,0,0,0,no source resources of this type were collected,2026-08-16T15:50:20+00:00
kafka.cluster_operation,,kafka,ClusterOperationInfo.TargetClusterInfo.BrokerEBSVolumeInfo[].KafkaBrokerNodeId,list_dict,mq.broker,message-broker,references,doc,medium,global-exact,describe_cluster_operation,kafka.DescribeClusterOperation,,yes,absent,0,0,,0,0,0,no source resources of this type were collected,2026-08-16T15:50:20+00:00
kafka.cluster_operation,,kafka,SourceClusterInfo.BrokerEBSVolumeInfo[].KafkaBrokerNodeId,list_dict,mq.broker,message-broker,references,doc,medium,global-exact,list_cluster_operations,kafka.ListClusterOperations,,yes,absent,0,0,,0,0,0,no source resources of this type were collected,2026-08-16T15:50:20+00:00
kafka.cluster_operation,,kafka,TargetClusterInfo.BrokerEBSVolumeInfo[].KafkaBrokerNodeId,list_dict,mq.broker,message-broker,references,doc,medium,global-exact,list_cluster_operations,kafka.ListClusterOperations,,yes,absent,0,0,,0,0,0,no source resources of this type were collected,2026-08-16T15:50:20+00:00
kafka.cluster_operation_v2,,kafka,ClusterOperationInfo.ClusterArn,dotted,kafka.cluster,kafka,references,doc,medium,service-exact,describe_cluster_operation_v2,kafka.DescribeClusterOperationV2,,yes,absent,0,0,,0,0,0,no source resources of this type were collected,2026-08-16T15:50:20+00:00
kafka.cluster_operation_v2,,kafka,ClusterOperationInfo.OperationArn,dotted,kafka.cluster_operation,,references,doc,medium,service-exact,describe_cluster_operation_v2,kafka.DescribeClusterOperationV2,,no,absent,0,0,,0,0,0,no source resources of this type were collected,2026-08-16T15:50:20+00:00
kafka.cluster_operation_v2,,kafka,ClusterOperationInfo.Provisioned.SourceClusterInfo.ConfigurationInfo.Arn,dotted,kafka.configuration,,references,doc,medium,service-exact,describe_cluster_operation_v2,kafka.DescribeClusterOperationV2,,yes,absent,0,0,,0,0,0,no source resources of this type were collected,2026-08-16T15:50:20+00:00
kafka.cluster_operation_v2,,kafka,ClusterOperationInfo.Provisioned.TargetClusterInfo.ConfigurationInfo.Arn,dotted,kafka.configuration,,references,doc,medium,service-exact,describe_cluster_operation_v2,kafka.DescribeClusterOperationV2,,yes,absent,0,0,,0,0,0,no source resources of this type were collected,2026-08-16T15:50:20+00:00
kafka.cluster_operation_v2,,kafka,ClusterOperationInfo.Provisioned.SourceClusterInfo.BrokerEBSVolumeInfo[].KafkaBrokerNodeId,list_dict,mq.broker,message-broker,references,doc,medium,global-exact,describe_cluster_operation_v2,kafka.DescribeClusterOperationV2,,yes,absent,0,0,,0,0,0,no source resources of this type were collected,2026-08-16T15:50:20+00:00
kafka.cluster_operation_v2,,kafka,ClusterOperationInfo.Provisioned.TargetClusterInfo.BrokerEBSVolumeInfo[].KafkaBrokerNodeId,list_dict,mq.broker,message-broker,references,doc,medium,global-exact,describe_cluster_operation_v2,kafka.DescribeClusterOperationV2,,yes,absent,0,0,,0,0,0,no source resources of this type were collected,2026-08-16T15:50:20+00:00
kafka.cluster_operations_v2,,kafka,ClusterArn,scalar,kafka.cluster,kafka,references,doc,medium,service-exact,list_cluster_operations_v2,kafka.ListClusterOperationsV2,,yes,absent,0,0,,0,0,0,no source resources of this type were collected,2026-08-16T15:50:20+00:00
kafka.cluster_operations_v2,,kafka,OperationArn,scalar,kafka.cluster_operation,,references,doc,medium,service-exact,list_cluster_operations_v2,kafka.ListClusterOperationsV2,,no,absent,0,0,,0,0,0,no source resources of this type were collected,2026-08-16T15:50:20+00:00
kafka.cluster_v2,,kafka,ClusterInfo.ClusterName,dotted,kafka.cluster,kafka,references,doc,medium,service-exact,describe_cluster_v2,kafka.DescribeClusterV2,,yes,absent,0,0,,0,0,0,no source resources of this type were collected,2026-08-16T15:50:20+00:00
kafka.node,,kafka,BrokerNodeInfo.BrokerId,dotted,kafka.bootstrap_broker,,references,doc,medium,service-partial,list_nodes,kafka.ListNodes,,no,absent,0,0,,0,0,0,no source resources of this type were collected,2026-08-16T15:50:20+00:00
kafka.vpc_connection,,kafka,VpcId,scalar,ec2.vpc,vpc,contained-in,doc,medium,leaf-hint,describe_vpc_connection,kafka.DescribeVpcConnection,,yes,absent,0,0,,0,0,0,no source resources of this type were collected,2026-08-16T15:50:20+00:00
kendra.data_source,,kendra,Configuration.SalesforceConfiguration.KnowledgeArticleConfiguration.CustomKnowledgeArticleTypeConfigurations[].Name,list_dict,kendra.access_control_configuration,,references,doc,medium,service-partial,describe_data_source,kendra.DescribeDataSource,,yes,absent,0,0,,0,0,0,no source resources of this type were collected,2026-08-16T15:50:20+00:00
kendra.data_source,,kendra,IndexId,scalar,kendra.index,,references,doc,medium,service-exact,describe_data_source,kendra.DescribeDataSource,,no,absent,0,0,,0,0,0,no source resources of this type were collected,2026-08-16T15:50:20+00:00
kendra.data_source,,kendra,Configuration.S3Configuration.BucketName,dotted,s3.bucket,s3,references,doc,medium,well-known,describe_data_source,kendra.DescribeDataSource,,yes,absent,0,0,,0,0,0,no source resources of this type were collected,2026-08-16T15:50:20+00:00
kendra.data_source,,kendra,Configuration.SalesforceConfiguration.StandardObjectConfigurations[].Name,list_dict,securityhub.standard,,references,doc,medium,global-exact,describe_data_source,kendra.DescribeDataSource,,yes,absent,0,0,,0,0,0,no source resources of this type were collected,2026-08-16T15:50:20+00:00
kendra.experience,,kendra,DisplayData.GroupName,dotted,kendra.groups_older_than_ordering_id,,references,doc,medium,service-partial,list_experience_entities,kendra.ListExperienceEntities,,no,absent,0,0,,0,0,0,no source resources of this type were collected,2026-08-16T15:50:20+00:00
kendra.experience,,kendra,IndexId,scalar,kendra.index,,references,doc,medium,service-exact,describe_experience,kendra.DescribeExperience,,no,absent,0,0,,0,0,0,no source resources of this type were collected,2026-08-16T15:50:20+00:00
kendra.faq,,kendra,IndexId,scalar,kendra.index,,references,doc,medium,service-exact,describe_faq,kendra.DescribeFaq,,no,absent,0,0,,0,0,0,no source resources of this type were collected,2026-08-16T15:50:20+00:00
kendra.index,,kendra,ServerSideEncryptionConfiguration.KmsKeyId,dotted,kms.key,kms-key,encrypted-by,doc,medium,leaf-hint,describe_index,kendra.DescribeIndex,,no,absent,0,0,,0,0,0,no source resources of this type were collected,2026-08-16T15:50:20+00:00
kendra.indice,,kendra,Id,scalar,kendra.index,,references,doc,medium,service-exact,list_indices,kendra.ListIndices,,no,absent,0,0,,0,0,0,no source resources of this type were collected,2026-08-16T15:50:20+00:00
kendra.indice,,kendra,Name,scalar,kendra.index,,references,doc,medium,service-exact,list_indices,kendra.ListIndices,,no,absent,0,0,,0,0,0,no source resources of this type were collected,2026-08-16T15:50:20+00:00
kendra.query_suggestions_block_list,,kendra,IndexId,scalar,kendra.index,,references,doc,medium,service-exact,describe_query_suggestions_block_list,kendra.DescribeQuerySuggestionsBlockList,,no,absent,0,0,,0,0,0,no source resources of this type were collected,2026-08-16T15:50:20+00:00
kinesis.stream,kinesis,kinesis,KeyId,scalar,kms.key,kms-key,encrypted-by,c7n,high,curated,describe_stream,aws.kinesis.filters.kms-key,,yes,absent,0,0,,0,0,0,no source resources of this type were collected,2026-08-16T15:50:20+00:00
kinesis.stream,kinesis,kinesis,definitions.StreamEncryptionKeyId.anyOf[0],dotted,kms.key,kms-key,encrypted-by,cfn,high,curated,describe_stream,AWS::Kinesis::Stream/definitions/StreamEncryption/properties/KeyId/anyOf[0],,yes,absent,0,0,,0,0,0,no source resources of this type were collected,2026-08-16T15:50:20+00:00
kinesis.stream,kinesis,kinesis,definitions.StreamEncryptionKeyId.anyOf[1],dotted,kms.key,kms-key,encrypted-by,cfn,high,curated,describe_stream,AWS::Kinesis::Stream/definitions/StreamEncryption/properties/KeyId/anyOf[1],,yes,absent,0,0,,0,0,0,no source resources of this type were collected,2026-08-16T15:50:20+00:00
kinesis.stream_summary,,kinesis,StreamDescriptionSummary.StreamName,dotted,kinesis.stream,kinesis,references,doc,medium,service-exact,describe_stream_summary,kinesis.DescribeStreamSummary,,yes,absent,0,0,,0,0,0,no source resources of this type were collected,2026-08-16T15:50:20+00:00
kinesisanalytics.application,kinesis-analytics,kinesisanalytics,ApplicationDetail.ReferenceDataSourceDescriptions[].ReferenceId,list_dict,kinesisanalytics.application_reference_data_source,,references,doc,medium,service-partial,describe_application,kinesisanalytics.DescribeApplication,,no,absent,0,0,,0,0,0,no source resources of this type were collected,2026-08-16T15:50:20+00:00
kinesisanalyticsv2.application,kinesis-analyticsv2,kinesisanalyticsv2,ApplicationConfigurationDescription.VpcConfigurationDescriptions[].SubnetIds[],list_nested,ec2.subnet,subnet,contained-in,c7n,high,curated,list_applications,aws.kinesis-analyticsv2.filters.subnet,,yes,absent,0,0,,0,0,0,no source resources of this type were collected,2026-08-16T15:50:20+00:00
kinesisanalyticsv2.application,kinesis-analyticsv2,kinesisanalyticsv2,ApplicationDetail.ApplicationConfigurationDescription.VpcConfigurationDescriptions[].VpcConfigurationId,list_dict,ec2.vpc,vpc,contained-in,doc,medium,well-known,describe_application,kinesisanalyticsv2.DescribeApplication,,yes,absent,0,0,,0,0,0,no source resources of this type were collected,2026-08-16T15:50:20+00:00
kinesisanalyticsv2.application,kinesis-analyticsv2,kinesisanalyticsv2,ApplicationDetail.ApplicationConfigurationDescription.VpcConfigurationDescriptions[].VpcId,list_dict,ec2.vpc,vpc,contained-in,doc,medium,leaf-hint,describe_application,kinesisanalyticsv2.DescribeApplication,,yes,absent,0,0,,0,0,0,no source resources of this type were collected,2026-08-16T15:50:20+00:00
kinesisanalyticsv2.application,kinesis-analyticsv2,kinesisanalyticsv2,ApplicationDetail.ApplicationConfigurationDescription.SqlApplicationConfigurationDescription.ReferenceDataSourceDescriptions[].ReferenceId,list_dict,kinesisanalyticsv2.application_reference_data_source,,references,doc,medium,service-partial,describe_application,kinesisanalyticsv2.DescribeApplication,,no,absent,0,0,,0,0,0,no source resources of this type were collected,2026-08-16T15:50:20+00:00
kinesisanalyticsv2.application_version,,kinesisanalyticsv2,ApplicationVersionDetail.ApplicationConfigurationDescription.VpcConfigurationDescriptions[].VpcConfigurationId,list_dict,ec2.vpc,vpc,contained-in,doc,medium,well-known,describe_application_version,kinesisanalyticsv2.DescribeApplicationVersion,,yes,absent,0,0,,0,0,0,no source resources of this type were collected,2026-08-16T15:50:20+00:00
kinesisanalyticsv2.application_version,,kinesisanalyticsv2,ApplicationVersionDetail.ApplicationConfigurationDescription.VpcConfigurationDescriptions[].VpcId,list_dict,ec2.vpc,vpc,contained-in,doc,medium,leaf-hint,describe_application_version,kinesisanalyticsv2.DescribeApplicationVersion,,yes,absent,0,0,,0,0,0,no source resources of this type were collected,2026-08-16T15:50:20+00:00
kinesisanalyticsv2.application_version,,kinesisanalyticsv2,ApplicationVersionDetail.ApplicationName,dotted,kinesisanalyticsv2.application,kinesis-analyticsv2,references,doc,medium,service-exact,describe_application_version,kinesisanalyticsv2.DescribeApplicationVersion,,yes,absent,0,0,,0,0,0,no source resources of this type were collected,2026-08-16T15:50:20+00:00
kinesisanalyticsv2.application_version,,kinesisanalyticsv2,ApplicationVersionDetail.ApplicationConfigurationDescription.SqlApplicationConfigurationDescription.ReferenceDataSourceDescriptions[].ReferenceId,list_dict,kinesisanalyticsv2.application_reference_data_source,,references,doc,medium,service-partial,describe_application_version,kinesisanalyticsv2.DescribeApplicationVersion,,no,absent,0,0,,0,0,0,no source resources of this type were collected,2026-08-16T15:50:20+00:00
kinesisvideo.edge_agent_configuration,,kinesisvideo,EdgeConfig.HubDeviceArn,dotted,kinesisvideo.stream,,references,doc,medium,service-exact,list_edge_agent_configurations,kinesisvideo.ListEdgeAgentConfigurations,,yes,absent,0,0,,0,0,0,no source resources of this type were collected,2026-08-16T15:50:20+00:00
kinesisvideo.edge_agent_configuration,,kinesisvideo,StreamName,scalar,kinesisvideo.stream,,references,doc,medium,service-exact,list_edge_agent_configurations,kinesisvideo.ListEdgeAgentConfigurations,,yes,absent,0,0,,0,0,0,no source resources of this type were collected,2026-08-16T15:50:20+00:00
kinesisvideo.edge_configuration,,kinesisvideo,EdgeConfig.HubDeviceArn,dotted,kinesisvideo.stream,,references,doc,medium,service-exact,describe_edge_configuration,kinesisvideo.DescribeEdgeConfiguration,,yes,absent,0,0,,0,0,0,no source resources of this type were collected,2026-08-16T15:50:20+00:00
kinesisvideo.stream,,kinesisvideo,KmsKeyId,scalar,kms.key,kms-key,encrypted-by,doc,medium,leaf-hint,list_streams,kinesisvideo.ListStreams,,yes,absent,0,0,,0,0,0,no source resources of this type were collected,2026-08-16T15:50:20+00:00
kinesisvideo.stream,,kinesisvideo,StreamInfo.KmsKeyId,dotted,kms.key,kms-key,encrypted-by,doc,medium,leaf-hint,describe_stream,kinesisvideo.DescribeStream,,yes,absent,0,0,,0,0,0,no source resources of this type were collected,2026-08-16T15:50:20+00:00
kms.alias,kms,kms,TargetKeyId,scalar,kms.key,kms-key,encrypted-by,doc,medium,curated,list_aliases,kms.ListAliases: 'KMS key associated with the alias',,yes,partial,21,11,0.52,11,0,0,"11/21 resources populated the path; 11 target(s) resolved, 0 dangled",2026-08-16T15:50:20+00:00
kms.grant,,kms,KeyId,scalar,kms.key,kms-key,encrypted-by,doc,medium,well-known,list_grants,kms.ListGrants,,yes,confirmed,16,16,1.00,16,0,0,all 16 resource(s) populated the path and 16 target(s) resolved,2026-08-16T15:50:20+00:00
lakeformation.data_cells_filter,,lakeformation,DataCellsFilter.TableCatalogId,dotted,glue.catalog,,references,doc,medium,global-exact,get_data_cells_filter,lakeformation.GetDataCellsFilter,,yes,absent,0,0,,0,0,0,no source resources of this type were collected,2026-08-16T15:50:20+00:00
lakeformation.data_cells_filter,,lakeformation,TableCatalogId,scalar,glue.catalog,,references,doc,medium,global-exact,list_data_cells_filter,lakeformation.ListDataCellsFilter,,yes,absent,0,0,,0,0,0,no source resources of this type were collected,2026-08-16T15:50:20+00:00
lakeformation.lake_formation_identity_center_configuration,,lakeformation,CatalogId,scalar,athena.data_catalog,,references,doc,medium,global-exact,describe_lake_formation_identity_center_configuration,lakeformation.DescribeLakeFormationIdentityCenterConfiguration,,yes,absent,0,0,,0,0,0,no source resources of this type were collected,2026-08-16T15:50:20+00:00
lakeformation.permissions,,lakeformation,Resource.Database.CatalogId,dotted,athena.data_catalog,,references,doc,medium,global-exact,get_effective_permissions_for_path,lakeformation.GetEffectivePermissionsForPath,,yes,absent,0,0,,0,0,0,no source resources of this type were collected,2026-08-16T15:50:20+00:00
lakeformation.permissions,,lakeformation,Resource.LFTag.CatalogId,dotted,athena.data_catalog,,references,doc,medium,global-exact,get_effective_permissions_for_path,lakeformation.GetEffectivePermissionsForPath,,yes,absent,0,0,,0,0,0,no source resources of this type were collected,2026-08-16T15:50:20+00:00
lakeformation.permissions,,lakeformation,Resource.LFTagPolicy.CatalogId,dotted,athena.data_catalog,,references,doc,medium,global-exact,get_effective_permissions_for_path,lakeformation.GetEffectivePermissionsForPath,,yes,absent,0,0,,0,0,0,no source resources of this type were collected,2026-08-16T15:50:20+00:00
lakeformation.permissions,,lakeformation,Resource.Table.CatalogId,dotted,athena.data_catalog,,references,doc,medium,global-exact,get_effective_permissions_for_path,lakeformation.GetEffectivePermissionsForPath,,yes,absent,0,0,,0,0,0,no source resources of this type were collected,2026-08-16T15:50:20+00:00
lakeformation.permissions,,lakeformation,Resource.TableWithColumns.CatalogId,dotted,athena.data_catalog,,references,doc,medium,global-exact,get_effective_permissions_for_path,lakeformation.GetEffectivePermissionsForPath,,yes,absent,0,0,,0,0,0,no source resources of this type were collected,2026-08-16T15:50:20+00:00
lakeformation.permissions,,lakeformation,Resource.DataCellsFilter.TableCatalogId,dotted,glue.catalog,,references,doc,medium,global-exact,get_effective_permissions_for_path,lakeformation.GetEffectivePermissionsForPath,,yes,absent,0,0,,0,0,0,no source resources of this type were collected,2026-08-16T15:50:20+00:00
lakeformation.permissions,,lakeformation,Resource.DataCellsFilter.Name,dotted,lakeformation.data_cells_filter,,references,doc,medium,service-exact,get_effective_permissions_for_path,lakeformation.GetEffectivePermissionsForPath,,yes,absent,0,0,,0,0,0,no source resources of this type were collected,2026-08-16T15:50:20+00:00
lakeformation.permissions,,lakeformation,Resource.Database.Name,dotted,lakeformation.resource,datalake-location,references,doc,medium,service-partial,get_effective_permissions_for_path,lakeformation.GetEffectivePermissionsForPath,,yes,absent,0,0,,0,0,0,no source resources of this type were collected,2026-08-16T15:50:20+00:00
lakeformation.permissions,,lakeformation,Resource.TableWithColumns.DatabaseName,dotted,lakeformation.resource,datalake-location,references,doc,medium,service-partial,get_effective_permissions_for_path,lakeformation.GetEffectivePermissionsForPath,,yes,absent,0,0,,0,0,0,no source resources of this type were collected,2026-08-16T15:50:20+00:00
lakeformation.permissions,,lakeformation,Resource.TableWithColumns.Name,dotted,lakeformation.resource,datalake-location,references,doc,medium,service-partial,get_effective_permissions_for_path,lakeformation.GetEffectivePermissionsForPath,,yes,absent,0,0,,0,0,0,no source resources of this type were collected,2026-08-16T15:50:20+00:00
lakeformation.resource,datalake-location,lakeformation,LFTagOnDatabase[].CatalogId,list_dict,athena.data_catalog,,references,doc,medium,global-exact,get_resource_lf_tags,lakeformation.GetResourceLFTags,,yes,absent,0,0,,0,0,0,no source resources of this type were collected,2026-08-16T15:50:20+00:00
lakeformation.resource,datalake-location,lakeformation,LFTagsOnColumns[].LFTags[].CatalogId,list_nested,athena.data_catalog,,references,doc,medium,global-exact,get_resource_lf_tags,lakeformation.GetResourceLFTags,,yes,absent,0,0,,0,0,0,no source resources of this type were collected,2026-08-16T15:50:20+00:00
lakeformation.resource,datalake-location,lakeformation,LFTagsOnTable[].CatalogId,list_dict,athena.data_catalog,,references,doc,medium,global-exact,get_resource_lf_tags,lakeformation.GetResourceLFTags,,yes,absent,0,0,,0,0,0,no source resources of this type were collected,2026-08-16T15:50:20+00:00
lakeformation.tag,,lakeformation,CatalogId,scalar,athena.data_catalog,,references,doc,medium,global-exact,get_lf_tag,lakeformation.GetLFTag,,no,absent,0,0,,0,0,0,no source resources of this type were collected,2026-08-16T15:50:20+00:00
lambda.event_source_mapping,,lambda,FunctionArn,scalar,lambda.function,lambda,references,doc,medium,service-partial,get_event_source_mapping,lambda.GetEventSourceMapping,,yes,absent,0,0,,0,0,0,no source resources of this type were collected,2026-08-16T15:50:20+00:00
lambda.function,lambda,lambda,Configuration.RuntimeVersionConfig.RuntimeVersionArn,dotted,bedrockagentcore.runtime,,references,doc,medium,global-exact,get_function,lambda.GetFunction,,no,absent,4,0,0.00,0,0,0,path never populated across 4 resource(s),2026-08-16T15:50:20+00:00
lambda.function,lambda,lambda,RuntimeVersionConfig.RuntimeVersionArn,dotted,bedrockagentcore.runtime,,references,doc,medium,global-exact,list_functions,lambda.ListFunctions,,no,absent,4,0,0.00,0,0,0,path never populated across 4 resource(s),2026-08-16T15:50:20+00:00
lambda.function,lambda,lambda,VpcConfig.SecurityGroupIds[],list_scalar,ec2.security_group,security-group,protected-by,c7n,high,curated,list_functions,aws.lambda.filters.security-group,,yes,absent,4,0,0.00,0,0,0,path never populated across 4 resource(s),2026-08-16T15:50:20+00:00
lambda.function,lambda,lambda,VpcConfig.SubnetIds[],list_scalar,ec2.subnet,subnet,contained-in,c7n,high,curated,list_functions,aws.lambda.filters.subnet,,yes,absent,4,0,0.00,0,0,0,path never populated across 4 resource(s),2026-08-16T15:50:20+00:00
lambda.function,lambda,lambda,Configuration.VpcConfig.VpcId,dotted,ec2.vpc,vpc,contained-in,doc,medium,leaf-hint,get_function,lambda.GetFunction,,yes,absent,4,0,0.00,0,0,0,path never populated across 4 resource(s),2026-08-16T15:50:20+00:00
lambda.function,lambda,lambda,VpcConfig.VpcId,dotted,ec2.vpc,vpc,contained-in,c7n,high,curated,list_functions,aws.lambda.filters.vpc,"asff,doc",yes,absent,4,0,0.00,0,0,0,path never populated across 4 resource(s),2026-08-16T15:50:20+00:00
lambda.function,lambda,lambda,Role,scalar,iam.role,iam-role,assumes,hand,high,curated,list_functions,hand-authored from API response shape,,yes,confirmed,4,4,1.00,4,0,0,all 4 resource(s) populated the path and 4 target(s) resolved,2026-08-16T15:50:20+00:00
lambda.function,lambda,lambda,Configuration.KMSKeyArn,dotted,kms.key,kms-key,encrypted-by,doc,medium,leaf-hint,get_function,lambda.GetFunction,,yes,absent,4,0,0.00,0,0,0,path never populated across 4 resource(s),2026-08-16T15:50:20+00:00
lambda.function,lambda,lambda,KMSKeyArn,scalar,kms.key,kms-key,encrypted-by,c7n,high,curated,list_functions,aws.lambda.filters.kms-key,doc,yes,absent,4,0,0.00,0,0,0,path never populated across 4 resource(s),2026-08-16T15:50:20+00:00
lambda.function,lambda,lambda,Configuration.SigningProfileVersionArn,dotted,lambda.version,,references,doc,medium,service-partial,get_function,lambda.GetFunction,,yes,absent,4,0,0.00,0,0,0,path never populated across 4 resource(s),2026-08-16T15:50:20+00:00
lambda.function,lambda,lambda,SigningProfileVersionArn,scalar,lambda.version,,references,doc,medium,service-partial,list_functions,lambda.ListFunctions,,yes,absent,4,0,0.00,0,0,0,path never populated across 4 resource(s),2026-08-16T15:50:20+00:00
lambda.function,lambda,lambda,Configuration.SigningJobArn,dotted,signer.signing_job,,references,doc,medium,global-exact,get_function,lambda.GetFunction,,no,absent,4,0,0.00,0,0,0,path never populated across 4 resource(s),2026-08-16T15:50:20+00:00
lambda.function,lambda,lambda,SigningJobArn,scalar,signer.signing_job,,references,doc,medium,global-exact,list_functions,lambda.ListFunctions,,no,absent,4,0,0.00,0,0,0,path never populated across 4 resource(s),2026-08-16T15:50:20+00:00
lambda.function_configuration,,lambda,RuntimeVersionConfig.RuntimeVersionArn,dotted,bedrockagentcore.runtime,,references,doc,medium,global-exact,get_function_configuration,lambda.GetFunctionConfiguration,,no,absent,0,0,,0,0,0,no source resources of this type were collected,2026-08-16T15:50:20+00:00
lambda.function_configuration,,lambda,VpcConfig.VpcId,dotted,ec2.vpc,vpc,contained-in,doc,medium,leaf-hint,get_function_configuration,lambda.GetFunctionConfiguration,,yes,absent,0,0,,0,0,0,no source resources of this type were collected,2026-08-16T15:50:20+00:00
lambda.function_configuration,,lambda,KMSKeyArn,scalar,kms.key,kms-key,encrypted-by,doc,medium,leaf-hint,get_function_configuration,lambda.GetFunctionConfiguration,,yes,absent,0,0,,0,0,0,no source resources of this type were collected,2026-08-16T15:50:20+00:00
lambda.function_configuration,,lambda,FunctionName,scalar,lambda.function,lambda,references,doc,medium,service-exact,get_function_configuration,lambda.GetFunctionConfiguration,,yes,absent,0,0,,0,0,0,no source resources of this type were collected,2026-08-16T15:50:20+00:00
lambda.function_configuration,,lambda,MasterArn,scalar,lambda.function,lambda,references,doc,medium,service-partial,get_function_configuration,lambda.GetFunctionConfiguration,,yes,absent,0,0,,0,0,0,no source resources of this type were collected,2026-08-16T15:50:20+00:00
lambda.function_configuration,,lambda,SigningProfileVersionArn,scalar,lambda.version,,references,doc,medium,service-partial,get_function_configuration,lambda.GetFunctionConfiguration,,yes,absent,0,0,,0,0,0,no source resources of this type were collected,2026-08-16T15:50:20+00:00
lambda.function_configuration,,lambda,SigningJobArn,scalar,signer.signing_job,,references,doc,medium,global-exact,get_function_configuration,lambda.GetFunctionConfiguration,,no,absent,0,0,,0,0,0,no source resources of this type were collected,2026-08-16T15:50:20+00:00
lambda.layer_version_policy,,lambda,RevisionId,scalar,lambda.policy,,references,doc,medium,service-partial,get_layer_version_policy,lambda.GetLayerVersionPolicy,,no,absent,0,0,,0,0,0,no source resources of this type were collected,2026-08-16T15:50:20+00:00
lambda.version,,lambda,RuntimeVersionConfig.RuntimeVersionArn,dotted,bedrockagentcore.runtime,,references,doc,medium,global-exact,list_versions_by_function,lambda.ListVersionsByFunction,,no,absent,10,0,0.00,0,0,0,path never populated across 10 resource(s),2026-08-16T15:50:20+00:00
lambda.version,,lambda,VpcConfig.VpcId,dotted,ec2.vpc,vpc,contained-in,doc,medium,leaf-hint,list_versions_by_function,lambda.ListVersionsByFunction,,yes,absent,10,0,0.00,0,0,0,path never populated across 10 resource(s),2026-08-16T15:50:20+00:00
lambda.version,,lambda,KMSKeyArn,scalar,kms.key,kms-key,encrypted-by,doc,medium,leaf-hint,list_versions_by_function,lambda.ListVersionsByFunction,,yes,absent,10,0,0.00,0,0,0,path never populated across 10 resource(s),2026-08-16T15:50:20+00:00
lambda.version,,lambda,FunctionName,scalar,lambda.function,lambda,references,doc,medium,service-exact,list_versions_by_function,lambda.ListVersionsByFunction,,yes,confirmed,10,10,1.00,10,0,0,all 10 resource(s) populated the path and 10 target(s) resolved,2026-08-16T15:50:20+00:00
lambda.version,,lambda,MasterArn,scalar,lambda.function,lambda,references,doc,medium,service-partial,list_versions_by_function,lambda.ListVersionsByFunction,,yes,absent,10,0,0.00,0,0,0,path never populated across 10 resource(s),2026-08-16T15:50:20+00:00
lambda.version,,lambda,SigningJobArn,scalar,signer.signing_job,,references,doc,medium,global-exact,list_versions_by_function,lambda.ListVersionsByFunction,,no,absent,10,0,0.00,0,0,0,path never populated across 10 resource(s),2026-08-16T15:50:20+00:00
launch-wizard.deployment,,launch-wizard,deployment.workloadName,dotted,launch-wizard.workload,,references,doc,medium,service-exact,get_deployment,launch-wizard.GetDeployment,,no,absent,0,0,,0,0,0,no source resources of this type were collected,2026-08-16T15:50:20+00:00
launch-wizard.deployment,,launch-wizard,workloadName,scalar,launch-wizard.workload,,references,doc,medium,service-exact,list_deployments,launch-wizard.ListDeployments,,no,absent,0,0,,0,0,0,no source resources of this type were collected,2026-08-16T15:50:20+00:00
launch-wizard.deployment,,launch-wizard,patternName,scalar,launch-wizard.workload_deployment_pattern,,references,doc,medium,service-exact,list_deployments,launch-wizard.ListDeployments,,no,absent,0,0,,0,0,0,no source resources of this type were collected,2026-08-16T15:50:20+00:00
launch-wizard.workload_deployment_pattern,,launch-wizard,workloadName,scalar,launch-wizard.workload,,references,doc,medium,service-exact,list_workload_deployment_patterns,launch-wizard.ListWorkloadDeploymentPatterns,,yes,absent,0,0,,0,0,0,no source resources of this type were collected,2026-08-16T15:50:20+00:00
launch-wizard.workload_deployment_pattern,,launch-wizard,workloadVersionName,scalar,launch-wizard.workload,,references,doc,medium,service-exact,list_workload_deployment_patterns,launch-wizard.ListWorkloadDeploymentPatterns,,yes,absent,0,0,,0,0,0,no source resources of this type were collected,2026-08-16T15:50:20+00:00
lex-models.bot,lex-bot,lex-models,intentName,scalar,lex-models.intent,,references,doc,medium,service-exact,get_bot,lex-models.GetBot,,yes,absent,0,0,,0,0,0,no source resources of this type were collected,2026-08-16T15:50:20+00:00
lex-models.bot_alias,,lex-models,botName,scalar,lex-models.bot,lex-bot,references,doc,medium,service-exact,get_bot_alias,lex-models.GetBotAlias,,no,absent,0,0,,0,0,0,no source resources of this type were collected,2026-08-16T15:50:20+00:00
lex-models.migration,,lex-models,v1BotName,scalar,lex-models.bot,lex-bot,references,doc,medium,service-partial,get_migration,lex-models.GetMigration,,yes,absent,0,0,,0,0,0,no source resources of this type were collected,2026-08-16T15:50:20+00:00
lex-runtime.session,,lex-runtime,dialogAction.intentName,dotted,lex-models.intent,,references,doc,medium,global-exact,get_session,lex-runtime.GetSession,,yes,absent,0,0,,0,0,0,no source resources of this type were collected,2026-08-16T15:50:20+00:00
lex-runtime.session,,lex-runtime,intentName,scalar,lex-models.intent,,references,doc,medium,global-exact,get_session,lex-runtime.GetSession,,yes,absent,0,0,,0,0,0,no source resources of this type were collected,2026-08-16T15:50:20+00:00
lexv2-models.export,,lexv2-models,resourceSpecification.botExportSpecification.botId,dotted,lexv2-models.bot,,references,doc,medium,service-exact,describe_export,lexv2-models.DescribeExport,,yes,absent,0,0,,0,0,0,no source resources of this type were collected,2026-08-16T15:50:20+00:00
lexv2-models.export,,lexv2-models,resourceSpecification.botLocaleExportSpecification.botId,dotted,lexv2-models.bot,,references,doc,medium,service-exact,describe_export,lexv2-models.DescribeExport,,yes,absent,0,0,,0,0,0,no source resources of this type were collected,2026-08-16T15:50:20+00:00
lexv2-models.export,,lexv2-models,resourceSpecification.testSetExportSpecification.testSetId,dotted,lexv2-models.test_set,,references,doc,medium,service-exact,describe_export,lexv2-models.DescribeExport,,yes,absent,0,0,,0,0,0,no source resources of this type were collected,2026-08-16T15:50:20+00:00
lexv2-models.import,,lexv2-models,resourceSpecification.botLocaleImportSpecification.botId,dotted,lexv2-models.bot,,references,doc,medium,service-exact,describe_import,lexv2-models.DescribeImport,,yes,absent,0,0,,0,0,0,no source resources of this type were collected,2026-08-16T15:50:20+00:00
lexv2-models.import,,lexv2-models,resourceSpecification.customVocabularyImportSpecification.botId,dotted,lexv2-models.bot,,references,doc,medium,service-exact,describe_import,lexv2-models.DescribeImport,,yes,absent,0,0,,0,0,0,no source resources of this type were collected,2026-08-16T15:50:20+00:00
lexv2-models.import,,lexv2-models,resourceSpecification.testSetImportResourceSpecification.testSetName,dotted,lexv2-models.test_set,,references,doc,medium,service-exact,describe_import,lexv2-models.DescribeImport,,yes,absent,0,0,,0,0,0,no source resources of this type were collected,2026-08-16T15:50:20+00:00
lexv2-models.test_execution,,lexv2-models,testExecutionResults.conversationLevelTestResults.items[].conversationId,list_dict,devicefarm.test,,references,doc,medium,global-exact,list_test_execution_result_items,lexv2-models.ListTestExecutionResultItems,,yes,absent,0,0,,0,0,0,no source resources of this type were collected,2026-08-16T15:50:20+00:00
lexv2-models.test_execution,,lexv2-models,testSetId,scalar,devicefarm.test,,references,doc,medium,global-exact,list_test_executions,lexv2-models.ListTestExecutions,,yes,absent,0,0,,0,0,0,no source resources of this type were collected,2026-08-16T15:50:20+00:00
lexv2-models.test_execution,,lexv2-models,testSetName,scalar,devicefarm.test,,references,doc,medium,global-exact,list_test_executions,lexv2-models.ListTestExecutions,,yes,absent,0,0,,0,0,0,no source resources of this type were collected,2026-08-16T15:50:20+00:00
lexv2-models.test_execution,,lexv2-models,testExecutionResults.intentClassificationTestResults.items[].intentName,list_dict,lex-models.intent,,references,doc,medium,global-exact,list_test_execution_result_items,lexv2-models.ListTestExecutionResultItems,,yes,absent,0,0,,0,0,0,no source resources of this type were collected,2026-08-16T15:50:20+00:00
lexv2-models.test_execution,,lexv2-models,testExecutionResults.intentLevelSlotResolutionTestResults.items[].intentName,list_dict,lex-models.intent,,references,doc,medium,global-exact,list_test_execution_result_items,lexv2-models.ListTestExecutionResultItems,,yes,absent,0,0,,0,0,0,no source resources of this type were collected,2026-08-16T15:50:20+00:00
lexv2-models.test_execution,,lexv2-models,target.botAliasTarget.botAliasId,dotted,lexv2-models.bot,,references,doc,medium,service-exact,describe_test_execution,lexv2-models.DescribeTestExecution,,yes,absent,0,0,,0,0,0,no source resources of this type were collected,2026-08-16T15:50:20+00:00
lexv2-models.test_execution,,lexv2-models,target.botAliasTarget.botId,dotted,lexv2-models.bot,,references,doc,medium,service-exact,describe_test_execution,lexv2-models.DescribeTestExecution,,yes,absent,0,0,,0,0,0,no source resources of this type were collected,2026-08-16T15:50:20+00:00
lexv2-models.test_execution,,lexv2-models,target.botAliasTarget.localeId,dotted,lexv2-models.bot,,references,doc,medium,service-exact,describe_test_execution,lexv2-models.DescribeTestExecution,,yes,absent,0,0,,0,0,0,no source resources of this type were collected,2026-08-16T15:50:20+00:00
lexv2-models.test_execution,,lexv2-models,testExecutionId,scalar,lexv2-models.test_set,,references,doc,medium,service-partial,describe_test_execution,lexv2-models.DescribeTestExecution,,yes,absent,0,0,,0,0,0,no source resources of this type were collected,2026-08-16T15:50:20+00:00
lexv2-models.test_execution,,lexv2-models,testSetId,scalar,lexv2-models.test_set,,references,doc,medium,service-partial,describe_test_execution,lexv2-models.DescribeTestExecution,,yes,absent,0,0,,0,0,0,no source resources of this type were collected,2026-08-16T15:50:20+00:00
lexv2-models.test_execution,,lexv2-models,testSetName,scalar,lexv2-models.test_set,,references,doc,medium,service-partial,describe_test_execution,lexv2-models.DescribeTestExecution,,yes,absent,0,0,,0,0,0,no source resources of this type were collected,2026-08-16T15:50:20+00:00
lexv2-models.test_execution,,lexv2-models,testExecutionResults.utteranceLevelTestResults.items[].conversationId,list_dict,qbusiness.conversation,,references,doc,medium,global-exact,list_test_execution_result_items,lexv2-models.ListTestExecutionResultItems,,yes,absent,0,0,,0,0,0,no source resources of this type were collected,2026-08-16T15:50:20+00:00
lexv2-models.test_set,,lexv2-models,conversationId,scalar,qbusiness.conversation,,references,doc,medium,global-exact,list_test_set_records,lexv2-models.ListTestSetRecords,,yes,absent,0,0,,0,0,0,no source resources of this type were collected,2026-08-16T15:50:20+00:00
lexv2-models.test_set_discrepancy_report,,lexv2-models,testSetDiscrepancyReportId,scalar,devicefarm.test,,references,doc,medium,global-exact,describe_test_set_discrepancy_report,lexv2-models.DescribeTestSetDiscrepancyReport,,yes,absent,0,0,,0,0,0,no source resources of this type were collected,2026-08-16T15:50:20+00:00
lexv2-models.test_set_discrepancy_report,,lexv2-models,testSetDiscrepancyTopErrors.intentDiscrepancies[].intentName,list_dict,lex-models.intent,,references,doc,medium,global-exact,describe_test_set_discrepancy_report,lexv2-models.DescribeTestSetDiscrepancyReport,,yes,absent,0,0,,0,0,0,no source resources of this type were collected,2026-08-16T15:50:20+00:00
lexv2-models.test_set_discrepancy_report,,lexv2-models,target.botAliasTarget.botAliasId,dotted,lexv2-models.bot,,references,doc,medium,service-exact,describe_test_set_discrepancy_report,lexv2-models.DescribeTestSetDiscrepancyReport,,yes,absent,0,0,,0,0,0,no source resources of this type were collected,2026-08-16T15:50:20+00:00
lexv2-models.test_set_discrepancy_report,,lexv2-models,target.botAliasTarget.botId,dotted,lexv2-models.bot,,references,doc,medium,service-exact,describe_test_set_discrepancy_report,lexv2-models.DescribeTestSetDiscrepancyReport,,yes,absent,0,0,,0,0,0,no source resources of this type were collected,2026-08-16T15:50:20+00:00
lexv2-models.test_set_discrepancy_report,,lexv2-models,target.botAliasTarget.localeId,dotted,lexv2-models.bot,,references,doc,medium,service-partial,describe_test_set_discrepancy_report,lexv2-models.DescribeTestSetDiscrepancyReport,,yes,absent,0,0,,0,0,0,no source resources of this type were collected,2026-08-16T15:50:20+00:00
lexv2-models.test_set_generation,,lexv2-models,testSetId,scalar,lexv2-models.test_set,,references,doc,medium,service-partial,describe_test_set_generation,lexv2-models.DescribeTestSetGeneration,,yes,absent,0,0,,0,0,0,no source resources of this type were collected,2026-08-16T15:50:20+00:00
lexv2-models.test_set_generation,,lexv2-models,testSetName,scalar,lexv2-models.test_set,,references,doc,medium,service-partial,describe_test_set_generation,lexv2-models.DescribeTestSetGeneration,,yes,absent,0,0,,0,0,0,no source resources of this type were collected,2026-08-16T15:50:20+00:00
lexv2-models.test_set_generation,,lexv2-models,generationDataSource.conversationLogsDataSource.localeId,dotted,qbusiness.conversation,,references,doc,medium,global-exact,describe_test_set_generation,lexv2-models.DescribeTestSetGeneration,,yes,absent,0,0,,0,0,0,no source resources of this type were collected,2026-08-16T15:50:20+00:00
license-manager-user-subscriptions.instance,,license-manager-user-subscriptions,InstanceId,scalar,ec2.instance,ec2,references,doc,medium,leaf-hint,list_instances,license-manager-user-subscriptions.ListInstances,,yes,absent,0,0,,0,0,0,no source resources of this type were collected,2026-08-16T15:50:20+00:00
license-manager-user-subscriptions.user_association,,license-manager-user-subscriptions,InstanceId,scalar,ec2.instance,ec2,references,doc,medium,leaf-hint,list_user_associations,license-manager-user-subscriptions.ListUserAssociations,,yes,absent,0,0,,0,0,0,no source resources of this type were collected,2026-08-16T15:50:20+00:00
license-manager.license_conversion_task,,license-manager,LicenseConversionTaskId,scalar,license-manager.license,,references,doc,medium,service-exact,get_license_conversion_task,license-manager.GetLicenseConversionTask,,no,absent,0,0,,0,0,0,no source resources of this type were collected,2026-08-16T15:50:20+00:00
lightsail.bucket,,lightsail,accessKeyId,scalar,iam.access_key,,references,doc,medium,global-exact,get_bucket_access_keys,lightsail.GetBucketAccessKeys,,yes,absent,0,0,,0,0,0,no source resources of this type were collected,2026-08-16T15:50:20+00:00
lightsail.relational_database_snapshot,,lightsail,relationalDatabaseBlueprintId,scalar,lightsail.database,,references,doc,medium,service-exact,get_relational_databases,lightsail.GetRelationalDatabases,,no,absent,0,0,,0,0,0,no source resources of this type were collected,2026-08-16T15:50:20+00:00
lightsail.relational_database_snapshot,,lightsail,relationalDatabaseBundleId,scalar,lightsail.database,,references,doc,medium,service-exact,get_relational_databases,lightsail.GetRelationalDatabases,,no,absent,0,0,,0,0,0,no source resources of this type were collected,2026-08-16T15:50:20+00:00
location.geofence_collection,,location,KmsKeyId,scalar,kms.key,kms-key,encrypted-by,doc,medium,leaf-hint,describe_geofence_collection,location.DescribeGeofenceCollection,,yes,absent,0,0,,0,0,0,no source resources of this type were collected,2026-08-16T15:50:20+00:00
location.place_index,,location,IndexName,scalar,location.place,,references,doc,medium,service-exact,describe_place_index,location.DescribePlaceIndex,,yes,absent,0,0,,0,0,0,no source resources of this type were collected,2026-08-16T15:50:20+00:00
location.tracker,,location,KmsKeyId,scalar,kms.key,kms-key,encrypted-by,doc,medium,leaf-hint,describe_tracker,location.DescribeTracker,,yes,absent,0,0,,0,0,0,no source resources of this type were collected,2026-08-16T15:50:20+00:00
logs.export_task,,logs,logGroupName,scalar,logs.log_group,log-group,references,doc,medium,well-known,describe_export_tasks,logs.DescribeExportTasks,,yes,absent,0,0,,0,0,0,no source resources of this type were collected,2026-08-16T15:50:20+00:00
logs.log_anomaly_detector,,logs,kmsKeyId,scalar,kms.key,kms-key,encrypted-by,doc,medium,well-known,get_log_anomaly_detector,logs.GetLogAnomalyDetector,,yes,absent,0,0,,0,0,0,no source resources of this type were collected,2026-08-16T15:50:20+00:00
logs.log_anomaly_detector,,logs,anomalyDetectorArn,scalar,logs.anomaly,,references,doc,medium,service-exact,list_log_anomaly_detectors,logs.ListLogAnomalyDetectors,,yes,absent,0,0,,0,0,0,no source resources of this type were collected,2026-08-16T15:50:20+00:00
logs.log_anomaly_detector,,logs,detectorName,scalar,logs.anomaly,,references,doc,medium,service-exact,list_log_anomaly_detectors,logs.ListLogAnomalyDetectors,,yes,absent,0,0,,0,0,0,no source resources of this type were collected,2026-08-16T15:50:20+00:00
logs.log_group,log-group,logs,kmsKeyId,scalar,kms.key,kms-key,encrypted-by,c7n,high,curated,describe_log_groups,aws.log-group.filters.kms-key,,yes,absent,9,0,0.00,0,0,0,path never populated across 9 resource(s),2026-08-16T15:50:20+00:00
logs.metric_filter,log-metric,logs,logGroupName,scalar,logs.log_group,log-group,references,doc,medium,curated,describe_metric_filters,logs.DescribeMetricFilters: 'log group',,yes,absent,0,0,,0,0,0,no source resources of this type were collected,2026-08-16T15:50:20+00:00
logs.query,,logs,logGroupName,scalar,logs.log_group,log-group,references,doc,medium,well-known,describe_queries,logs.DescribeQueries,,yes,absent,0,0,,0,0,0,no source resources of this type were collected,2026-08-16T15:50:20+00:00
logs.subscription_filter,,logs,logGroupName,scalar,logs.log_group,log-group,references,doc,medium,well-known,describe_subscription_filters,logs.DescribeSubscriptionFilters,,yes,absent,0,0,,0,0,0,no source resources of this type were collected,2026-08-16T15:50:20+00:00
lookoutequipment.data_ingestion_job,,lookoutequipment,DatasetName,scalar,lookoutequipment.dataset,,references,doc,medium,service-exact,list_data_ingestion_jobs,lookoutequipment.ListDataIngestionJobs,,yes,absent,0,0,,0,0,0,no source resources of this type were collected,2026-08-16T15:50:20+00:00
lookoutequipment.inference_execution,,lookoutequipment,DataOutputConfiguration.KmsKeyId,dotted,kms.key,kms-key,encrypted-by,doc,medium,leaf-hint,list_inference_executions,lookoutequipment.ListInferenceExecutions,,yes,absent,0,0,,0,0,0,no source resources of this type were collected,2026-08-16T15:50:20+00:00
lookoutequipment.inference_scheduler,,lookoutequipment,DataOutputConfiguration.KmsKeyId,dotted,kms.key,kms-key,encrypted-by,doc,medium,leaf-hint,describe_inference_scheduler,lookoutequipment.DescribeInferenceScheduler,,yes,absent,0,0,,0,0,0,no source resources of this type were collected,2026-08-16T15:50:20+00:00
lookoutequipment.label,,lookoutequipment,LabelGroupName,scalar,lookoutequipment.label_group,,references,doc,medium,service-exact,list_labels,lookoutequipment.ListLabels,,yes,absent,0,0,,0,0,0,no source resources of this type were collected,2026-08-16T15:50:20+00:00
lookoutequipment.model,,lookoutequipment,ModelDiagnosticsOutputConfiguration.KmsKeyId,dotted,kms.key,kms-key,encrypted-by,doc,medium,leaf-hint,describe_model,lookoutequipment.DescribeModel,,yes,absent,0,0,,0,0,0,no source resources of this type were collected,2026-08-16T15:50:20+00:00
lookoutequipment.model,,lookoutequipment,LabelsInputConfiguration.LabelGroupName,dotted,lookoutequipment.label,,references,doc,medium,service-exact,describe_model,lookoutequipment.DescribeModel,,yes,absent,0,0,,0,0,0,no source resources of this type were collected,2026-08-16T15:50:20+00:00
lookoutequipment.model_version,,lookoutequipment,ModelDiagnosticsOutputConfiguration.KmsKeyId,dotted,kms.key,kms-key,encrypted-by,doc,medium,leaf-hint,describe_model_version,lookoutequipment.DescribeModelVersion,,yes,absent,0,0,,0,0,0,no source resources of this type were collected,2026-08-16T15:50:20+00:00
lookoutequipment.model_version,,lookoutequipment,DatasetName,scalar,lookoutequipment.dataset,,references,doc,medium,service-exact,describe_model_version,lookoutequipment.DescribeModelVersion,,yes,absent,0,0,,0,0,0,no source resources of this type were collected,2026-08-16T15:50:20+00:00
lookoutequipment.model_version,,lookoutequipment,LabelsInputConfiguration.LabelGroupName,dotted,lookoutequipment.label,,references,doc,medium,service-exact,describe_model_version,lookoutequipment.DescribeModelVersion,,yes,absent,0,0,,0,0,0,no source resources of this type were collected,2026-08-16T15:50:20+00:00
lookoutequipment.model_version,,lookoutequipment,ModelName,scalar,lookoutequipment.model,,references,doc,medium,service-exact,list_model_versions,lookoutequipment.ListModelVersions,,yes,absent,0,0,,0,0,0,no source resources of this type were collected,2026-08-16T15:50:20+00:00
m2.application,,m2,logGroups[].logGroupName,list_dict,logs.log_group,log-group,references,doc,medium,well-known,get_application,m2.GetApplication,,yes,absent,0,0,,0,0,0,no source resources of this type were collected,2026-08-16T15:50:20+00:00
m2.batch_job_execution,,m2,applicationId,scalar,m2.application,,references,doc,medium,service-exact,get_batch_job_execution,m2.GetBatchJobExecution,,yes,absent,0,0,,0,0,0,no source resources of this type were collected,2026-08-16T15:50:20+00:00
m2.batch_job_execution,,m2,batchJobIdentifier.s3BatchJobIdentifier.identifier.scriptName,dotted,m2.batch_job_definition,,references,doc,medium,service-partial,get_batch_job_execution,m2.GetBatchJobExecution,,no,absent,0,0,,0,0,0,no source resources of this type were collected,2026-08-16T15:50:20+00:00
m2.batch_job_execution,,m2,batchJobIdentifier.scriptBatchJobIdentifier.scriptName,dotted,m2.batch_job_definition,,references,doc,medium,service-partial,get_batch_job_execution,m2.GetBatchJobExecution,,no,absent,0,0,,0,0,0,no source resources of this type were collected,2026-08-16T15:50:20+00:00
m2.data_set_detail,,m2,dataSetName,scalar,m2.data_set,,references,doc,medium,service-exact,get_data_set_details,m2.GetDataSetDetails,,yes,absent,0,0,,0,0,0,no source resources of this type were collected,2026-08-16T15:50:20+00:00
m2.data_set_import_history,,m2,taskId,scalar,m2.data_set_import_task,,references,doc,medium,service-exact,list_data_set_import_history,m2.ListDataSetImportHistory,,no,absent,0,0,,0,0,0,no source resources of this type were collected,2026-08-16T15:50:20+00:00
m2.deployment,,m2,applicationId,scalar,m2.application,,references,doc,medium,service-exact,get_deployment,m2.GetDeployment,,yes,absent,0,0,,0,0,0,no source resources of this type were collected,2026-08-16T15:50:20+00:00
m2.deployment,,m2,environmentId,scalar,m2.environment,,references,doc,medium,service-partial,get_deployment,m2.GetDeployment,,yes,absent,0,0,,0,0,0,no source resources of this type were collected,2026-08-16T15:50:20+00:00
m2.environment,,m2,vpcId,scalar,ec2.vpc,vpc,contained-in,doc,medium,leaf-hint,get_environment,m2.GetEnvironment,,yes,absent,0,0,,0,0,0,no source resources of this type were collected,2026-08-16T15:50:20+00:00
machinelearning.evaluation,,machinelearning,MLModelId,scalar,machinelearning.ml_model,ml-model,references,doc,medium,service-exact,describe_evaluations,machinelearning.DescribeEvaluations,,yes,absent,0,0,,0,0,0,no source resources of this type were collected,2026-08-16T15:50:20+00:00
machinelearning.ml_model,ml-model,machinelearning,TrainingDataSourceId,scalar,machinelearning.data_source,,references,doc,medium,service-partial,describe_ml_models,machinelearning.DescribeMLModels,,yes,absent,0,0,,0,0,0,no source resources of this type were collected,2026-08-16T15:50:20+00:00
macie2.administrator_account,,macie2,administrator.invitationId,dotted,macie2.invitation,,references,doc,medium,service-exact,get_administrator_account,macie2.GetAdministratorAccount,,yes,absent,0,0,,0,0,0,no source resources of this type were collected,2026-08-16T15:50:20+00:00
macie2.allow_list,,macie2,criteria.s3WordsList.bucketName,dotted,s3.bucket,s3,references,doc,medium,well-known,get_allow_list,macie2.GetAllowList,,yes,absent,0,0,,0,0,0,no source resources of this type were collected,2026-08-16T15:50:20+00:00
macie2.bucket,,macie2,bucketName,scalar,s3.bucket,s3,references,doc,medium,well-known,describe_buckets,macie2.DescribeBuckets,,yes,absent,0,0,,0,0,0,no source resources of this type were collected,2026-08-16T15:50:20+00:00
macie2.classification_export_configuration,,macie2,configuration.s3Destination.bucketName,dotted,s3.bucket,s3,references,doc,medium,well-known,get_classification_export_configuration,macie2.GetClassificationExportConfiguration,,yes,absent,0,0,,0,0,0,no source resources of this type were collected,2026-08-16T15:50:20+00:00
macie2.master_account,,macie2,master.invitationId,dotted,macie2.invitation,,references,doc,medium,service-exact,get_master_account,macie2.GetMasterAccount,,yes,absent,0,0,,0,0,0,no source resources of this type were collected,2026-08-16T15:50:20+00:00
managedblockchain-query.transaction_event,,managedblockchain-query,tokenId,scalar,managedblockchain-query.transaction,,references,doc,medium,service-partial,list_transaction_events,managedblockchain-query.ListTransactionEvents,,yes,absent,0,0,,0,0,0,no source resources of this type were collected,2026-08-16T15:50:20+00:00
managedblockchain-query.transaction_event,,managedblockchain-query,transactionId,scalar,managedblockchain-query.transaction,,references,doc,medium,service-exact,list_transaction_events,managedblockchain-query.ListTransactionEvents,,yes,absent,0,0,,0,0,0,no source resources of this type were collected,2026-08-16T15:50:20+00:00
managedblockchain.invitation,,managedblockchain,NetworkSummary.Id,dotted,managedblockchain.network,,references,doc,medium,service-exact,list_invitations,managedblockchain.ListInvitations,,yes,absent,0,0,,0,0,0,no source resources of this type were collected,2026-08-16T15:50:20+00:00
managedblockchain.invitation,,managedblockchain,NetworkSummary.Name,dotted,managedblockchain.network,,references,doc,medium,service-exact,list_invitations,managedblockchain.ListInvitations,,yes,absent,0,0,,0,0,0,no source resources of this type were collected,2026-08-16T15:50:20+00:00
managedblockchain.member,,managedblockchain,Member.KmsKeyArn,dotted,kms.key,kms-key,encrypted-by,doc,medium,leaf-hint,get_member,managedblockchain.GetMember,,yes,absent,0,0,,0,0,0,no source resources of this type were collected,2026-08-16T15:50:20+00:00
managedblockchain.member,,managedblockchain,Member.NetworkId,dotted,managedblockchain.network,,references,doc,medium,service-exact,get_member,managedblockchain.GetMember,,yes,absent,0,0,,0,0,0,no source resources of this type were collected,2026-08-16T15:50:20+00:00
managedblockchain.network,,managedblockchain,Network.VpcEndpointServiceName,dotted,ec2.vpc,vpc,contained-in,doc,medium,well-known,get_network,managedblockchain.GetNetwork,,yes,absent,0,0,,0,0,0,no source resources of this type were collected,2026-08-16T15:50:20+00:00
managedblockchain.node,,managedblockchain,Node.KmsKeyArn,dotted,kms.key,kms-key,encrypted-by,doc,medium,leaf-hint,get_node,managedblockchain.GetNode,,yes,absent,0,0,,0,0,0,no source resources of this type were collected,2026-08-16T15:50:20+00:00
managedblockchain.node,,managedblockchain,Node.MemberId,dotted,managedblockchain.member,,references,doc,medium,service-exact,get_node,managedblockchain.GetNode,,yes,absent,0,0,,0,0,0,no source resources of this type were collected,2026-08-16T15:50:20+00:00
managedblockchain.node,,managedblockchain,Node.NetworkId,dotted,managedblockchain.network,,references,doc,medium,service-exact,get_node,managedblockchain.GetNode,,yes,absent,0,0,,0,0,0,no source resources of this type were collected,2026-08-16T15:50:20+00:00
managedblockchain.proposal,,managedblockchain,Proposal.Actions.Removals[].MemberId,list_dict,managedblockchain.member,,references,doc,medium,service-exact,get_proposal,managedblockchain.GetProposal,,yes,absent,0,0,,0,0,0,no source resources of this type were collected,2026-08-16T15:50:20+00:00
managedblockchain.proposal,,managedblockchain,Proposal.ProposedByMemberId,dotted,managedblockchain.member,,references,doc,medium,service-exact,get_proposal,managedblockchain.GetProposal,,yes,absent,0,0,,0,0,0,no source resources of this type were collected,2026-08-16T15:50:20+00:00
managedblockchain.proposal,,managedblockchain,Proposal.ProposedByMemberName,dotted,managedblockchain.member,,references,doc,medium,service-exact,get_proposal,managedblockchain.GetProposal,,yes,absent,0,0,,0,0,0,no source resources of this type were collected,2026-08-16T15:50:20+00:00
managedblockchain.proposal,,managedblockchain,ProposedByMemberId,scalar,managedblockchain.member,,references,doc,medium,service-exact,list_proposals,managedblockchain.ListProposals,,yes,absent,0,0,,0,0,0,no source resources of this type were collected,2026-08-16T15:50:20+00:00
managedblockchain.proposal,,managedblockchain,ProposedByMemberName,scalar,managedblockchain.member,,references,doc,medium,service-exact,list_proposals,managedblockchain.ListProposals,,yes,absent,0,0,,0,0,0,no source resources of this type were collected,2026-08-16T15:50:20+00:00
managedblockchain.proposal,,managedblockchain,Proposal.NetworkId,dotted,managedblockchain.network,,references,doc,medium,service-exact,get_proposal,managedblockchain.GetProposal,,yes,absent,0,0,,0,0,0,no source resources of this type were collected,2026-08-16T15:50:20+00:00
managedblockchain.proposal_vote,,managedblockchain,MemberId,scalar,managedblockchain.member,,references,doc,medium,service-exact,list_proposal_votes,managedblockchain.ListProposalVotes,,yes,absent,0,0,,0,0,0,no source resources of this type were collected,2026-08-16T15:50:20+00:00
managedblockchain.proposal_vote,,managedblockchain,MemberName,scalar,managedblockchain.member,,references,doc,medium,service-exact,list_proposal_votes,managedblockchain.ListProposalVotes,,yes,absent,0,0,,0,0,0,no source resources of this type were collected,2026-08-16T15:50:20+00:00
marketplace-catalog.change_set,,marketplace-catalog,Entity.Identifier,dotted,marketplace-catalog.entity,,references,doc,medium,service-exact,describe_change_set,marketplace-catalog.DescribeChangeSet,,yes,absent,0,0,,0,0,0,no source resources of this type were collected,2026-08-16T15:50:20+00:00
mediaconnect.bridge,,mediaconnect,Bridge.EgressGatewayBridge.InstanceId,dotted,ec2.instance,ec2,references,doc,medium,leaf-hint,describe_bridge,mediaconnect.DescribeBridge,,yes,absent,0,0,,0,0,0,no source resources of this type were collected,2026-08-16T15:50:20+00:00
mediaconnect.bridge,,mediaconnect,Bridge.IngressGatewayBridge.InstanceId,dotted,ec2.instance,ec2,references,doc,medium,leaf-hint,describe_bridge,mediaconnect.DescribeBridge,,yes,absent,0,0,,0,0,0,no source resources of this type were collected,2026-08-16T15:50:20+00:00
mediaconnect.bridge,,mediaconnect,Bridge.Sources[].FlowSource.FlowVpcInterfaceAttachment.VpcInterfaceName,list_dict,ec2.vpc,vpc,contained-in,doc,medium,well-known,describe_bridge,mediaconnect.DescribeBridge,,yes,absent,0,0,,0,0,0,no source resources of this type were collected,2026-08-16T15:50:20+00:00
mediaconnect.bridge,,mediaconnect,Bridge.Sources[].FlowSource.Name,list_dict,mediaconnect.flow_source,,references,doc,medium,service-exact,describe_bridge,mediaconnect.DescribeBridge,,no,absent,0,0,,0,0,0,no source resources of this type were collected,2026-08-16T15:50:20+00:00
mediaconnect.bridge,,mediaconnect,PlacementArn,scalar,mediaconnect.gateway,,references,doc,medium,service-exact,list_bridges,mediaconnect.ListBridges,,yes,absent,0,0,,0,0,0,no source resources of this type were collected,2026-08-16T15:50:20+00:00
mediaconnect.flow,,mediaconnect,Flow.VpcInterfaces[].SubnetId,list_dict,ec2.subnet,subnet,contained-in,doc,medium,leaf-hint,describe_flow,mediaconnect.DescribeFlow,,yes,absent,0,0,,0,0,0,no source resources of this type were collected,2026-08-16T15:50:20+00:00
mediaconnect.flow,,mediaconnect,Flow.Outputs[].MediaStreamOutputConfigurations[].DestinationConfigurations[].Interface.Name,list_nested,ec2.vpc,vpc,contained-in,doc,medium,well-known,describe_flow,mediaconnect.DescribeFlow,,yes,absent,0,0,,0,0,0,no source resources of this type were collected,2026-08-16T15:50:20+00:00
mediaconnect.flow,,mediaconnect,Flow.Outputs[].VpcInterfaceAttachment.VpcInterfaceName,list_dict,ec2.vpc,vpc,contained-in,doc,medium,well-known,describe_flow,mediaconnect.DescribeFlow,,yes,absent,0,0,,0,0,0,no source resources of this type were collected,2026-08-16T15:50:20+00:00
mediaconnect.flow,,mediaconnect,Flow.Source.GatewayBridgeSource.VpcInterfaceAttachment.VpcInterfaceName,dotted,ec2.vpc,vpc,contained-in,doc,medium,well-known,describe_flow,mediaconnect.DescribeFlow,,yes,absent,0,0,,0,0,0,no source resources of this type were collected,2026-08-16T15:50:20+00:00
mediaconnect.flow,,mediaconnect,Flow.Source.MediaStreamSourceConfigurations[].InputConfigurations[].Interface.Name,list_nested,ec2.vpc,vpc,contained-in,doc,medium,well-known,describe_flow,mediaconnect.DescribeFlow,,yes,absent,0,0,,0,0,0,no source resources of this type were collected,2026-08-16T15:50:20+00:00
mediaconnect.flow,,mediaconnect,Flow.Source.VpcInterfaceName,dotted,ec2.vpc,vpc,contained-in,doc,medium,well-known,describe_flow,mediaconnect.DescribeFlow,,yes,absent,0,0,,0,0,0,no source resources of this type were collected,2026-08-16T15:50:20+00:00
mediaconnect.flow,,mediaconnect,Flow.Sources[].GatewayBridgeSource.VpcInterfaceAttachment.VpcInterfaceName,list_dict,ec2.vpc,vpc,contained-in,doc,medium,well-known,describe_flow,mediaconnect.DescribeFlow,,yes,absent,0,0,,0,0,0,no source resources of this type were collected,2026-08-16T15:50:20+00:00
mediaconnect.flow,,mediaconnect,Flow.Sources[].MediaStreamSourceConfigurations[].InputConfigurations[].Interface.Name,list_nested,ec2.vpc,vpc,contained-in,doc,medium,well-known,describe_flow,mediaconnect.DescribeFlow,,yes,absent,0,0,,0,0,0,no source resources of this type were collected,2026-08-16T15:50:20+00:00
mediaconnect.flow,,mediaconnect,Flow.Sources[].VpcInterfaceName,list_dict,ec2.vpc,vpc,contained-in,doc,medium,well-known,describe_flow,mediaconnect.DescribeFlow,,yes,absent,0,0,,0,0,0,no source resources of this type were collected,2026-08-16T15:50:20+00:00
mediaconnect.flow,,mediaconnect,Flow.Entitlements[].Encryption.RoleArn,list_dict,iam.role,iam-role,assumes,doc,medium,well-known,describe_flow,mediaconnect.DescribeFlow,,yes,absent,0,0,,0,0,0,no source resources of this type were collected,2026-08-16T15:50:20+00:00
mediaconnect.flow,,mediaconnect,Flow.Outputs[].Encryption.RoleArn,list_dict,iam.role,iam-role,assumes,doc,medium,well-known,describe_flow,mediaconnect.DescribeFlow,,yes,absent,0,0,,0,0,0,no source resources of this type were collected,2026-08-16T15:50:20+00:00
mediaconnect.flow,,mediaconnect,Flow.Source.Decryption.RoleArn,dotted,iam.role,iam-role,assumes,doc,medium,well-known,describe_flow,mediaconnect.DescribeFlow,,yes,absent,0,0,,0,0,0,no source resources of this type were collected,2026-08-16T15:50:20+00:00
mediaconnect.flow,,mediaconnect,Flow.Sources[].Decryption.RoleArn,list_dict,iam.role,iam-role,assumes,doc,medium,well-known,describe_flow,mediaconnect.DescribeFlow,,yes,absent,0,0,,0,0,0,no source resources of this type were collected,2026-08-16T15:50:20+00:00
mediaconnect.flow,,mediaconnect,Flow.Outputs[].BridgeArn,list_dict,mediaconnect.bridge,,references,doc,medium,service-exact,describe_flow,mediaconnect.DescribeFlow,,yes,absent,0,0,,0,0,0,no source resources of this type were collected,2026-08-16T15:50:20+00:00
mediaconnect.flow,,mediaconnect,Flow.Source.GatewayBridgeSource.BridgeArn,dotted,mediaconnect.bridge,,references,doc,medium,service-exact,describe_flow,mediaconnect.DescribeFlow,,yes,absent,0,0,,0,0,0,no source resources of this type were collected,2026-08-16T15:50:20+00:00
mediaconnect.flow,,mediaconnect,Flow.Sources[].GatewayBridgeSource.BridgeArn,list_dict,mediaconnect.bridge,,references,doc,medium,service-exact,describe_flow,mediaconnect.DescribeFlow,,yes,absent,0,0,,0,0,0,no source resources of this type were collected,2026-08-16T15:50:20+00:00
mediaconnect.flow,,mediaconnect,Flow.Entitlements[].EntitlementArn,list_dict,mediaconnect.entitlement,,references,doc,medium,service-exact,describe_flow,mediaconnect.DescribeFlow,,yes,absent,0,0,,0,0,0,no source resources of this type were collected,2026-08-16T15:50:20+00:00
mediaconnect.flow,,mediaconnect,Flow.Entitlements[].Name,list_dict,mediaconnect.entitlement,,references,doc,medium,service-exact,describe_flow,mediaconnect.DescribeFlow,,yes,absent,0,0,,0,0,0,no source resources of this type were collected,2026-08-16T15:50:20+00:00
mediaconnect.gateway,,mediaconnect,Gateway.Networks[].Name,list_dict,mediaconnect.router_network_interface,,references,doc,medium,service-partial,describe_gateway,mediaconnect.DescribeGateway,,yes,absent,0,0,,0,0,0,no source resources of this type were collected,2026-08-16T15:50:20+00:00
mediaconnect.gateway_instance,,mediaconnect,GatewayInstance.InstanceId,dotted,ec2.instance,ec2,references,doc,medium,leaf-hint,describe_gateway_instance,mediaconnect.DescribeGatewayInstance,,yes,absent,0,0,,0,0,0,no source resources of this type were collected,2026-08-16T15:50:20+00:00
mediaconnect.gateway_instance,,mediaconnect,InstanceId,scalar,ec2.instance,ec2,references,doc,medium,leaf-hint,list_gateway_instances,mediaconnect.ListGatewayInstances,,yes,absent,0,0,,0,0,0,no source resources of this type were collected,2026-08-16T15:50:20+00:00
medialive.account_configuration,,medialive,AccountConfiguration.KmsKeyId,dotted,kms.key,kms-key,encrypted-by,doc,medium,leaf-hint,describe_account_configuration,medialive.DescribeAccountConfiguration,,yes,absent,0,0,,0,0,0,no source resources of this type were collected,2026-08-16T15:50:20+00:00
medialive.input,,medialive,Destinations[].Vpc.NetworkInterfaceId,list_dict,ec2.network_interface,eni,attached-to,doc,medium,leaf-hint,describe_input,medialive.DescribeInput,,yes,absent,0,0,,0,0,0,no source resources of this type were collected,2026-08-16T15:50:20+00:00
medialive.input_device,,medialive,UhdDeviceSettings.MediaconnectSettings.SecretArn,dotted,secretsmanager.secret,secrets-manager,references,doc,medium,global-exact,describe_input_device,medialive.DescribeInputDevice,,yes,absent,0,0,,0,0,0,no source resources of this type were collected,2026-08-16T15:50:20+00:00
medialive.input_device_transfer,,medialive,Id,scalar,medialive.input_device,,references,doc,medium,service-exact,list_input_device_transfers,medialive.ListInputDeviceTransfers,,yes,absent,0,0,,0,0,0,no source resources of this type were collected,2026-08-16T15:50:20+00:00
mediapackage-vod.asset,,mediapackage-vod,PackagingGroupId,scalar,mediapackage-vod.packaging_group,,references,doc,medium,service-exact,describe_asset,mediapackage-vod.DescribeAsset,,no,absent,0,0,,0,0,0,no source resources of this type were collected,2026-08-16T15:50:20+00:00
mediapackage.harvest_job,,mediapackage,ChannelId,scalar,mediapackage.channel,,references,doc,medium,service-exact,describe_harvest_job,mediapackage.DescribeHarvestJob,,yes,absent,0,0,,0,0,0,no source resources of this type were collected,2026-08-16T15:50:20+00:00
mediapackage.origin_endpoint,,mediapackage,ChannelId,scalar,mediapackage.channel,,references,doc,medium,service-exact,describe_origin_endpoint,mediapackage.DescribeOriginEndpoint,,yes,absent,0,0,,0,0,0,no source resources of this type were collected,2026-08-16T15:50:20+00:00
mediapackagev2.channel,,mediapackagev2,ChannelGroupName,scalar,mediapackagev2.channel_group,,references,doc,medium,service-exact,get_channel,mediapackagev2.GetChannel,,yes,absent,0,0,,0,0,0,no source resources of this type were collected,2026-08-16T15:50:20+00:00
mediapackagev2.channel_policy,,mediapackagev2,ChannelName,scalar,mediapackagev2.channel,,references,doc,medium,service-exact,get_channel_policy,mediapackagev2.GetChannelPolicy,,yes,absent,0,0,,0,0,0,no source resources of this type were collected,2026-08-16T15:50:20+00:00
mediapackagev2.channel_policy,,mediapackagev2,ChannelGroupName,scalar,mediapackagev2.channel_group,,references,doc,medium,service-exact,get_channel_policy,mediapackagev2.GetChannelPolicy,,yes,absent,0,0,,0,0,0,no source resources of this type were collected,2026-08-16T15:50:20+00:00
mediapackagev2.origin_endpoint,,mediapackagev2,ChannelName,scalar,mediapackagev2.channel,,references,doc,medium,service-exact,get_origin_endpoint,mediapackagev2.GetOriginEndpoint,,yes,absent,0,0,,0,0,0,no source resources of this type were collected,2026-08-16T15:50:20+00:00
mediapackagev2.origin_endpoint,,mediapackagev2,ChannelGroupName,scalar,mediapackagev2.channel_group,,references,doc,medium,service-exact,get_origin_endpoint,mediapackagev2.GetOriginEndpoint,,yes,absent,0,0,,0,0,0,no source resources of this type were collected,2026-08-16T15:50:20+00:00
mediapackagev2.origin_endpoint_policy,,mediapackagev2,ChannelName,scalar,mediapackagev2.channel,,references,doc,medium,service-exact,get_origin_endpoint_policy,mediapackagev2.GetOriginEndpointPolicy,,yes,absent,0,0,,0,0,0,no source resources of this type were collected,2026-08-16T15:50:20+00:00
mediapackagev2.origin_endpoint_policy,,mediapackagev2,ChannelGroupName,scalar,mediapackagev2.channel_group,,references,doc,medium,service-exact,get_origin_endpoint_policy,mediapackagev2.GetOriginEndpointPolicy,,yes,absent,0,0,,0,0,0,no source resources of this type were collected,2026-08-16T15:50:20+00:00
mediapackagev2.origin_endpoint_policy,,mediapackagev2,OriginEndpointName,scalar,mediapackagev2.origin_endpoint,,references,doc,medium,service-exact,get_origin_endpoint_policy,mediapackagev2.GetOriginEndpointPolicy,,yes,absent,0,0,,0,0,0,no source resources of this type were collected,2026-08-16T15:50:20+00:00
mediatailor.channel_schedule,,mediatailor,ChannelName,scalar,mediatailor.channel,,references,doc,medium,service-exact,get_channel_schedule,mediatailor.GetChannelSchedule,,yes,absent,0,0,,0,0,0,no source resources of this type were collected,2026-08-16T15:50:20+00:00
mediatailor.channel_schedule,,mediatailor,Arn,scalar,mediatailor.program,,references,doc,medium,service-exact,get_channel_schedule,mediatailor.GetChannelSchedule,,yes,absent,0,0,,0,0,0,no source resources of this type were collected,2026-08-16T15:50:20+00:00
mediatailor.channel_schedule,,mediatailor,ProgramName,scalar,mediatailor.program,,references,doc,medium,service-exact,get_channel_schedule,mediatailor.GetChannelSchedule,,yes,absent,0,0,,0,0,0,no source resources of this type were collected,2026-08-16T15:50:20+00:00
mediatailor.channel_schedule,,mediatailor,SourceLocationName,scalar,mediatailor.source_location,,references,doc,medium,service-exact,get_channel_schedule,mediatailor.GetChannelSchedule,,yes,absent,0,0,,0,0,0,no source resources of this type were collected,2026-08-16T15:50:20+00:00
mediatailor.channel_schedule,,mediatailor,ScheduleAdBreaks[].VodSourceName,list_dict,mediatailor.vod_source,,references,doc,medium,service-partial,get_channel_schedule,mediatailor.GetChannelSchedule,,yes,absent,0,0,,0,0,0,no source resources of this type were collected,2026-08-16T15:50:20+00:00
mediatailor.channel_schedule,,mediatailor,VodSourceName,scalar,mediatailor.vod_source,,references,doc,medium,service-exact,get_channel_schedule,mediatailor.GetChannelSchedule,,yes,absent,0,0,,0,0,0,no source resources of this type were collected,2026-08-16T15:50:20+00:00
mediatailor.live_source,,mediatailor,SourceLocationName,scalar,mediatailor.source_location,,references,doc,medium,service-exact,list_live_sources,mediatailor.ListLiveSources,,yes,absent,0,0,,0,0,0,no source resources of this type were collected,2026-08-16T15:50:20+00:00
mediatailor.program,,mediatailor,ChannelName,scalar,mediatailor.channel,,references,doc,medium,service-exact,describe_program,mediatailor.DescribeProgram,,yes,absent,0,0,,0,0,0,no source resources of this type were collected,2026-08-16T15:50:20+00:00
mediatailor.program,,mediatailor,LiveSourceName,scalar,mediatailor.live_source,,references,doc,medium,service-exact,describe_program,mediatailor.DescribeProgram,,yes,absent,0,0,,0,0,0,no source resources of this type were collected,2026-08-16T15:50:20+00:00
memorydb.cluster,,memorydb,SecurityGroups[].SecurityGroupId,list_dict,ec2.security_group,security-group,protected-by,doc,medium,well-known,describe_clusters,memorydb.DescribeClusters,,yes,absent,0,0,,0,0,0,no source resources of this type were collected,2026-08-16T15:50:20+00:00
memorydb.cluster,,memorydb,KmsKeyId,scalar,kms.key,kms-key,encrypted-by,doc,medium,leaf-hint,describe_clusters,memorydb.DescribeClusters,,yes,absent,0,0,,0,0,0,no source resources of this type were collected,2026-08-16T15:50:20+00:00
memorydb.snapshot,,memorydb,ClusterConfiguration.VpcId,dotted,ec2.vpc,vpc,contained-in,doc,medium,leaf-hint,describe_snapshots,memorydb.DescribeSnapshots,,yes,absent,0,0,,0,0,0,no source resources of this type were collected,2026-08-16T15:50:20+00:00
memorydb.snapshot,,memorydb,KmsKeyId,scalar,kms.key,kms-key,encrypted-by,doc,medium,leaf-hint,describe_snapshots,memorydb.DescribeSnapshots,,yes,absent,0,0,,0,0,0,no source resources of this type were collected,2026-08-16T15:50:20+00:00
memorydb.subnet_group,,memorydb,Subnets[].Identifier,list_dict,ec2.subnet,subnet,contained-in,doc,medium,well-known,describe_subnet_groups,memorydb.DescribeSubnetGroups,,yes,absent,0,0,,0,0,0,no source resources of this type were collected,2026-08-16T15:50:20+00:00
memorydb.subnet_group,,memorydb,VpcId,scalar,ec2.vpc,vpc,contained-in,doc,medium,leaf-hint,describe_subnet_groups,memorydb.DescribeSubnetGroups,,yes,absent,0,0,,0,0,0,no source resources of this type were collected,2026-08-16T15:50:20+00:00
migration-hub-refactor-spaces.application,,migration-hub-refactor-spaces,VpcId,scalar,ec2.vpc,vpc,contained-in,doc,medium,leaf-hint,get_application,migration-hub-refactor-spaces.GetApplication,,yes,absent,0,0,,0,0,0,no source resources of this type were collected,2026-08-16T15:50:20+00:00
migration-hub-refactor-spaces.application,,migration-hub-refactor-spaces,EnvironmentId,scalar,migration-hub-refactor-spaces.environment,,references,doc,medium,service-exact,get_application,migration-hub-refactor-spaces.GetApplication,,no,absent,0,0,,0,0,0,no source resources of this type were collected,2026-08-16T15:50:20+00:00
migration-hub-refactor-spaces.environment_vpc,,migration-hub-refactor-spaces,VpcId,scalar,ec2.vpc,vpc,contained-in,doc,medium,leaf-hint,list_environment_vpcs,migration-hub-refactor-spaces.ListEnvironmentVpcs,,yes,absent,0,0,,0,0,0,no source resources of this type were collected,2026-08-16T15:50:20+00:00
migration-hub-refactor-spaces.environment_vpc,,migration-hub-refactor-spaces,EnvironmentId,scalar,migration-hub-refactor-spaces.environment,,references,doc,medium,service-exact,list_environment_vpcs,migration-hub-refactor-spaces.ListEnvironmentVpcs,,no,absent,0,0,,0,0,0,no source resources of this type were collected,2026-08-16T15:50:20+00:00
migration-hub-refactor-spaces.route,,migration-hub-refactor-spaces,ApplicationId,scalar,migration-hub-refactor-spaces.application,,references,doc,medium,service-exact,get_route,migration-hub-refactor-spaces.GetRoute,,no,absent,0,0,,0,0,0,no source resources of this type were collected,2026-08-16T15:50:20+00:00
migration-hub-refactor-spaces.route,,migration-hub-refactor-spaces,EnvironmentId,scalar,migration-hub-refactor-spaces.environment,,references,doc,medium,service-exact,get_route,migration-hub-refactor-spaces.GetRoute,,no,absent,0,0,,0,0,0,no source resources of this type were collected,2026-08-16T15:50:20+00:00
migration-hub-refactor-spaces.route,,migration-hub-refactor-spaces,ServiceId,scalar,migration-hub-refactor-spaces.service,,references,doc,medium,service-exact,get_route,migration-hub-refactor-spaces.GetRoute,,no,absent,0,0,,0,0,0,no source resources of this type were collected,2026-08-16T15:50:20+00:00
migration-hub-refactor-spaces.service,,migration-hub-refactor-spaces,VpcId,scalar,ec2.vpc,vpc,contained-in,doc,medium,leaf-hint,get_service,migration-hub-refactor-spaces.GetService,,yes,absent,0,0,,0,0,0,no source resources of this type were collected,2026-08-16T15:50:20+00:00
migration-hub-refactor-spaces.service,,migration-hub-refactor-spaces,ApplicationId,scalar,migration-hub-refactor-spaces.application,,references,doc,medium,service-exact,get_service,migration-hub-refactor-spaces.GetService,,no,absent,0,0,,0,0,0,no source resources of this type were collected,2026-08-16T15:50:20+00:00
migration-hub-refactor-spaces.service,,migration-hub-refactor-spaces,EnvironmentId,scalar,migration-hub-refactor-spaces.environment,,references,doc,medium,service-exact,get_service,migration-hub-refactor-spaces.GetService,,no,absent,0,0,,0,0,0,no source resources of this type were collected,2026-08-16T15:50:20+00:00
migrationhuborchestrator.template_step,,migrationhuborchestrator,templateId,scalar,migrationhuborchestrator.template,,references,doc,medium,service-exact,get_template_step,migrationhuborchestrator.GetTemplateStep,,yes,absent,0,0,,0,0,0,no source resources of this type were collected,2026-08-16T15:50:20+00:00
migrationhuborchestrator.template_step_group,,migrationhuborchestrator,templateId,scalar,migrationhuborchestrator.template,,references,doc,medium,service-exact,get_template_step_group,migrationhuborchestrator.GetTemplateStepGroup,,yes,absent,0,0,,0,0,0,no source resources of this type were collected,2026-08-16T15:50:20+00:00
migrationhuborchestrator.workflow,,migrationhuborchestrator,templateId,scalar,migrationhuborchestrator.template,,references,doc,medium,service-exact,get_workflow,migrationhuborchestrator.GetWorkflow,,yes,absent,0,0,,0,0,0,no source resources of this type were collected,2026-08-16T15:50:20+00:00
migrationhuborchestrator.workflow_step,,migrationhuborchestrator,workflowId,scalar,migrationhuborchestrator.workflow,,references,doc,medium,service-partial,get_workflow_step,migrationhuborchestrator.GetWorkflowStep,,yes,absent,0,0,,0,0,0,no source resources of this type were collected,2026-08-16T15:50:20+00:00
migrationhuborchestrator.workflow_step_group,,migrationhuborchestrator,workflowId,scalar,migrationhuborchestrator.workflow,,references,doc,medium,service-partial,get_workflow_step_group,migrationhuborchestrator.GetWorkflowStepGroup,,yes,absent,0,0,,0,0,0,no source resources of this type were collected,2026-08-16T15:50:20+00:00
mq.broker,message-broker,mq,SecurityGroups[],list_scalar,ec2.security_group,security-group,protected-by,c7n,high,curated,list_brokers,aws.message-broker.filters.security-group,,yes,absent,0,0,,0,0,0,no source resources of this type were collected,2026-08-16T15:50:20+00:00
mq.broker,message-broker,mq,SubnetIds[],list_scalar,ec2.subnet,subnet,contained-in,c7n,high,curated,list_brokers,aws.message-broker.filters.subnet,,yes,absent,0,0,,0,0,0,no source resources of this type were collected,2026-08-16T15:50:20+00:00
mq.broker,message-broker,mq,EncryptionOptions.KmsKeyId,dotted,kms.key,kms-key,encrypted-by,c7n,high,curated,list_brokers,aws.message-broker.filters.kms-key,doc,yes,absent,0,0,,0,0,0,no source resources of this type were collected,2026-08-16T15:50:20+00:00
mturk.assignment,,mturk,Assignment.HITId,dotted,mturk.hit,,references,doc,medium,service-exact,get_assignment,mturk.GetAssignment,,yes,absent,0,0,,0,0,0,no source resources of this type were collected,2026-08-16T15:50:20+00:00
mturk.assignment,,mturk,Assignment.WorkerId,dotted,mturk.hit,,references,doc,medium,service-partial,get_assignment,mturk.GetAssignment,,yes,absent,0,0,,0,0,0,no source resources of this type were collected,2026-08-16T15:50:20+00:00
mturk.assignment,,mturk,HIT.HITGroupId,dotted,mturk.hit,,references,doc,medium,service-exact,get_assignment,mturk.GetAssignment,,yes,absent,0,0,,0,0,0,no source resources of this type were collected,2026-08-16T15:50:20+00:00
mturk.assignment,,mturk,HIT.HITId,dotted,mturk.hit,,references,doc,medium,service-exact,get_assignment,mturk.GetAssignment,,yes,absent,0,0,,0,0,0,no source resources of this type were collected,2026-08-16T15:50:20+00:00
mturk.assignment,,mturk,HIT.HITLayoutId,dotted,mturk.hit,,references,doc,medium,service-exact,get_assignment,mturk.GetAssignment,,yes,absent,0,0,,0,0,0,no source resources of this type were collected,2026-08-16T15:50:20+00:00
mturk.assignment,,mturk,HIT.QualificationRequirements[].QualificationTypeId,list_dict,mturk.qualification_type,,references,doc,medium,service-partial,get_assignment,mturk.GetAssignment,,yes,absent,0,0,,0,0,0,no source resources of this type were collected,2026-08-16T15:50:20+00:00
mturk.assignments_for_hit,,mturk,AssignmentId,scalar,mturk.assignment,,references,doc,medium,service-exact,list_assignments_for_hit,mturk.ListAssignmentsForHIT,,yes,absent,0,0,,0,0,0,no source resources of this type were collected,2026-08-16T15:50:20+00:00
mturk.assignments_for_hit,,mturk,HITId,scalar,mturk.hit,,references,doc,medium,service-exact,list_assignments_for_hit,mturk.ListAssignmentsForHIT,,yes,absent,0,0,,0,0,0,no source resources of this type were collected,2026-08-16T15:50:20+00:00
mturk.assignments_for_hit,,mturk,WorkerId,scalar,mturk.hit,,references,doc,medium,service-partial,list_assignments_for_hit,mturk.ListAssignmentsForHIT,,yes,absent,0,0,,0,0,0,no source resources of this type were collected,2026-08-16T15:50:20+00:00
mturk.bonus_payment,,mturk,WorkerId,scalar,deadline.worker,,references,doc,medium,global-exact,list_bonus_payments,mturk.ListBonusPayments,,yes,absent,0,0,,0,0,0,no source resources of this type were collected,2026-08-16T15:50:20+00:00
mturk.bonus_payment,,mturk,AssignmentId,scalar,mturk.assignment,,references,doc,medium,service-exact,list_bonus_payments,mturk.ListBonusPayments,,yes,absent,0,0,,0,0,0,no source resources of this type were collected,2026-08-16T15:50:20+00:00
mturk.hi_ts_for_qualification_type,,mturk,HITGroupId,scalar,mturk.hit,,references,doc,medium,service-exact,list_hi_ts_for_qualification_type,mturk.ListHITsForQualificationType,,yes,absent,0,0,,0,0,0,no source resources of this type were collected,2026-08-16T15:50:20+00:00
mturk.hi_ts_for_qualification_type,,mturk,HITId,scalar,mturk.hit,,references,doc,medium,service-exact,list_hi_ts_for_qualification_type,mturk.ListHITsForQualificationType,,yes,absent,0,0,,0,0,0,no source resources of this type were collected,2026-08-16T15:50:20+00:00
mturk.hi_ts_for_qualification_type,,mturk,HITLayoutId,scalar,mturk.hit,,references,doc,medium,service-exact,list_hi_ts_for_qualification_type,mturk.ListHITsForQualificationType,,yes,absent,0,0,,0,0,0,no source resources of this type were collected,2026-08-16T15:50:20+00:00
mturk.hi_ts_for_qualification_type,,mturk,QualificationRequirements[].QualificationTypeId,list_dict,mturk.qualification_type,,references,doc,medium,service-partial,list_hi_ts_for_qualification_type,mturk.ListHITsForQualificationType,,yes,absent,0,0,,0,0,0,no source resources of this type were collected,2026-08-16T15:50:20+00:00
mturk.hit,,mturk,HIT.QualificationRequirements[].QualificationTypeId,list_dict,mturk.qualification_type,,references,doc,medium,service-partial,get_hit,mturk.GetHIT,,yes,absent,0,0,,0,0,0,no source resources of this type were collected,2026-08-16T15:50:20+00:00
mturk.hit,,mturk,QualificationRequirements[].QualificationTypeId,list_dict,mturk.qualification_type,,references,doc,medium,service-partial,list_hi_ts,mturk.ListHITs,,yes,absent,0,0,,0,0,0,no source resources of this type were collected,2026-08-16T15:50:20+00:00
mturk.qualification_request,,mturk,WorkerId,scalar,deadline.worker,,references,doc,medium,global-exact,list_qualification_requests,mturk.ListQualificationRequests,,yes,absent,0,0,,0,0,0,no source resources of this type were collected,2026-08-16T15:50:20+00:00
mturk.qualification_request,,mturk,QualificationTypeId,scalar,mturk.qualification_type,,references,doc,medium,service-partial,list_qualification_requests,mturk.ListQualificationRequests,,yes,absent,0,0,,0,0,0,no source resources of this type were collected,2026-08-16T15:50:20+00:00
mturk.qualification_score,,mturk,Qualification.WorkerId,dotted,deadline.worker,,references,doc,medium,global-exact,get_qualification_score,mturk.GetQualificationScore,,yes,absent,0,0,,0,0,0,no source resources of this type were collected,2026-08-16T15:50:20+00:00
mturk.qualification_score,,mturk,Qualification.QualificationTypeId,dotted,mturk.qualification_type,,references,doc,medium,service-partial,get_qualification_score,mturk.GetQualificationScore,,yes,absent,0,0,,0,0,0,no source resources of this type were collected,2026-08-16T15:50:20+00:00
mturk.reviewable_hi_t,,mturk,HITGroupId,scalar,mturk.hit,,references,doc,medium,service-exact,list_reviewable_hi_ts,mturk.ListReviewableHITs,,yes,absent,0,0,,0,0,0,no source resources of this type were collected,2026-08-16T15:50:20+00:00
mturk.reviewable_hi_t,,mturk,HITId,scalar,mturk.hit,,references,doc,medium,service-exact,list_reviewable_hi_ts,mturk.ListReviewableHITs,,yes,absent,0,0,,0,0,0,no source resources of this type were collected,2026-08-16T15:50:20+00:00
mturk.reviewable_hi_t,,mturk,HITLayoutId,scalar,mturk.hit,,references,doc,medium,service-exact,list_reviewable_hi_ts,mturk.ListReviewableHITs,,yes,absent,0,0,,0,0,0,no source resources of this type were collected,2026-08-16T15:50:20+00:00
mturk.reviewable_hi_t,,mturk,QualificationRequirements[].QualificationTypeId,list_dict,mturk.qualification_type,,references,doc,medium,service-partial,list_reviewable_hi_ts,mturk.ListReviewableHITs,,yes,absent,0,0,,0,0,0,no source resources of this type were collected,2026-08-16T15:50:20+00:00
mturk.worker_block,,mturk,WorkerId,scalar,mturk.hit,,references,doc,medium,service-partial,list_worker_blocks,mturk.ListWorkerBlocks,,yes,absent,0,0,,0,0,0,no source resources of this type were collected,2026-08-16T15:50:20+00:00
mturk.workers_with_qualification_type,,mturk,WorkerId,scalar,deadline.worker,,references,doc,medium,global-exact,list_workers_with_qualification_type,mturk.ListWorkersWithQualificationType,,yes,absent,0,0,,0,0,0,no source resources of this type were collected,2026-08-16T15:50:20+00:00
mturk.workers_with_qualification_type,,mturk,QualificationTypeId,scalar,mturk.qualification_type,,references,doc,medium,service-partial,list_workers_with_qualification_type,mturk.ListWorkersWithQualificationType,,yes,absent,0,0,,0,0,0,no source resources of this type were collected,2026-08-16T15:50:20+00:00
mwaa.environment,airflow,mwaa,KmsKey,scalar,kms.key,kms-key,encrypted-by,c7n,high,curated,list_environments,aws.airflow.filters.kms-key,,yes,absent,0,0,,0,0,0,no source resources of this type were collected,2026-08-16T15:50:20+00:00
neptune-graph.graph_snapshot,,neptune-graph,sourceGraphId,scalar,neptune-graph.graph,,references,doc,medium,service-exact,get_graph_snapshot,neptune-graph.GetGraphSnapshot,,no,absent,0,0,,0,0,0,no source resources of this type were collected,2026-08-16T15:50:20+00:00
neptune-graph.import_task,,neptune-graph,graphId,scalar,neptune-graph.graph,,references,doc,medium,service-partial,get_import_task,neptune-graph.GetImportTask,,no,absent,0,0,,0,0,0,no source resources of this type were collected,2026-08-16T15:50:20+00:00
neptune-graph.private_graph_endpoint,,neptune-graph,vpcEndpointId,scalar,ec2.vpc,vpc,contained-in,doc,medium,well-known,list_private_graph_endpoints,neptune-graph.ListPrivateGraphEndpoints,,no,absent,0,0,,0,0,0,no source resources of this type were collected,2026-08-16T15:50:20+00:00
neptune-graph.private_graph_endpoint,,neptune-graph,vpcId,scalar,ec2.vpc,vpc,contained-in,doc,medium,leaf-hint,get_private_graph_endpoint,neptune-graph.GetPrivateGraphEndpoint,,no,absent,0,0,,0,0,0,no source resources of this type were collected,2026-08-16T15:50:20+00:00
neptune.db_cluster,,neptune,VpcSecurityGroups[].VpcSecurityGroupId,list_dict,ec2.security_group,security-group,protected-by,doc,medium,well-known,describe_db_clusters,neptune.DescribeDBClusters,,yes,absent,0,0,,0,0,0,no source resources of this type were collected,2026-08-16T15:50:20+00:00
neptune.db_cluster,,neptune,KmsKeyId,scalar,kms.key,kms-key,encrypted-by,doc,medium,leaf-hint,describe_db_clusters,neptune.DescribeDBClusters,,yes,absent,0,0,,0,0,0,no source resources of this type were collected,2026-08-16T15:50:20+00:00
neptune.db_cluster_endpoint,,neptune,DBClusterIdentifier,scalar,neptune.db_cluster,,references,doc,medium,service-partial,describe_db_cluster_endpoints,neptune.DescribeDBClusterEndpoints,,yes,absent,0,0,,0,0,0,no source resources of this type were collected,2026-08-16T15:50:20+00:00
neptune.db_cluster_snapshot,,neptune,VpcId,scalar,ec2.vpc,vpc,contained-in,doc,medium,leaf-hint,describe_db_cluster_snapshots,neptune.DescribeDBClusterSnapshots,,yes,absent,0,0,,0,0,0,no source resources of this type were collected,2026-08-16T15:50:20+00:00
neptune.db_cluster_snapshot,,neptune,KmsKeyId,scalar,kms.key,kms-key,encrypted-by,doc,medium,leaf-hint,describe_db_cluster_snapshots,neptune.DescribeDBClusterSnapshots,,yes,absent,0,0,,0,0,0,no source resources of this type were collected,2026-08-16T15:50:20+00:00
neptune.db_instance,,neptune,VpcSecurityGroups[].VpcSecurityGroupId,list_dict,ec2.security_group,security-group,protected-by,doc,medium,well-known,describe_db_instances,neptune.DescribeDBInstances,,yes,absent,0,0,,0,0,0,no source resources of this type were collected,2026-08-16T15:50:20+00:00
neptune.db_instance,,neptune,DBSubnetGroup.Subnets[].SubnetIdentifier,list_dict,ec2.subnet,subnet,contained-in,doc,medium,well-known,describe_db_instances,neptune.DescribeDBInstances,,yes,absent,0,0,,0,0,0,no source resources of this type were collected,2026-08-16T15:50:20+00:00
neptune.db_instance,,neptune,DBSubnetGroup.VpcId,dotted,ec2.vpc,vpc,contained-in,doc,medium,leaf-hint,describe_db_instances,neptune.DescribeDBInstances,,yes,absent,0,0,,0,0,0,no source resources of this type were collected,2026-08-16T15:50:20+00:00
neptune.db_instance,,neptune,KmsKeyId,scalar,kms.key,kms-key,encrypted-by,doc,medium,leaf-hint,describe_db_instances,neptune.DescribeDBInstances,,yes,absent,0,0,,0,0,0,no source resources of this type were collected,2026-08-16T15:50:20+00:00
neptune.db_instance,,neptune,DBSubnetGroup.DBSubnetGroupName,dotted,neptune.db_subnet_group,,references,doc,medium,service-exact,describe_db_instances,neptune.DescribeDBInstances,,yes,absent,0,0,,0,0,0,no source resources of this type were collected,2026-08-16T15:50:20+00:00
neptune.db_instance,,neptune,DBSecurityGroups[].DBSecurityGroupName,list_dict,rds.db_security_group,,references,doc,medium,global-exact,describe_db_instances,neptune.DescribeDBInstances,,yes,absent,0,0,,0,0,0,no source resources of this type were collected,2026-08-16T15:50:20+00:00
neptune.db_subnet_group,,neptune,Subnets[].SubnetIdentifier,list_dict,ec2.subnet,subnet,contained-in,doc,medium,well-known,describe_db_subnet_groups,neptune.DescribeDBSubnetGroups,,yes,absent,0,0,,0,0,0,no source resources of this type were collected,2026-08-16T15:50:20+00:00
neptune.db_subnet_group,,neptune,VpcId,scalar,ec2.vpc,vpc,contained-in,doc,medium,leaf-hint,describe_db_subnet_groups,neptune.DescribeDBSubnetGroups,,yes,absent,0,0,,0,0,0,no source resources of this type were collected,2026-08-16T15:50:20+00:00
neptune.event_subscription,,neptune,SnsTopicArn,scalar,neptune.event,,references,doc,medium,service-exact,describe_event_subscriptions,neptune.DescribeEventSubscriptions,,no,absent,0,0,,0,0,0,no source resources of this type were collected,2026-08-16T15:50:20+00:00
neptunedata.open_cypher_query,,neptunedata,queryId,scalar,neptunedata.gremlin_query,,references,doc,medium,service-exact,list_open_cypher_queries,neptunedata.ListOpenCypherQueries,,no,absent,0,0,,0,0,0,no source resources of this type were collected,2026-08-16T15:50:20+00:00
network-firewall.firewall,firewall,network-firewall,Firewall.SubnetMappings[].SubnetId,list_dict,ec2.subnet,subnet,contained-in,doc,medium,leaf-hint,describe_firewall,network-firewall.DescribeFirewall,,yes,absent,0,0,,0,0,0,no source resources of this type were collected,2026-08-16T15:50:20+00:00
network-firewall.firewall,firewall,network-firewall,Firewall.VpcId,dotted,ec2.vpc,vpc,contained-in,doc,medium,leaf-hint,describe_firewall,network-firewall.DescribeFirewall,,yes,absent,0,0,,0,0,0,no source resources of this type were collected,2026-08-16T15:50:20+00:00
network-firewall.firewall_policy,,network-firewall,FirewallPolicy.StatelessCustomActions[].ActionName,list_dict,chatbot.custom_action,,references,doc,medium,global-exact,describe_firewall_policy,network-firewall.DescribeFirewallPolicy,,yes,absent,0,0,,0,0,0,no source resources of this type were collected,2026-08-16T15:50:20+00:00
network-firewall.rule_group,,network-firewall,RuleGroup.RulesSource.StatelessRulesAndCustomActions.CustomActions[].ActionName,list_dict,chatbot.custom_action,,references,doc,medium,global-exact,describe_rule_group,network-firewall.DescribeRuleGroup,,yes,absent,0,0,,0,0,0,no source resources of this type were collected,2026-08-16T15:50:20+00:00
network-firewall.rule_group_metadata,,network-firewall,RuleGroupArn,scalar,network-firewall.rule_group,,references,doc,medium,service-exact,describe_rule_group_metadata,network-firewall.DescribeRuleGroupMetadata,,no,absent,0,0,,0,0,0,no source resources of this type were collected,2026-08-16T15:50:20+00:00
network-firewall.rule_group_metadata,,network-firewall,RuleGroupName,scalar,network-firewall.rule_group,,references,doc,medium,service-exact,describe_rule_group_metadata,network-firewall.DescribeRuleGroupMetadata,,no,absent,0,0,,0,0,0,no source resources of this type were collected,2026-08-16T15:50:20+00:00
networkmanager.connect_attachment,,networkmanager,ConnectAttachment.Attachment.AttachmentId,dotted,networkmanager.attachment,,references,doc,medium,service-exact,get_connect_attachment,networkmanager.GetConnectAttachment,,yes,absent,0,0,,0,0,0,no source resources of this type were collected,2026-08-16T15:50:20+00:00
networkmanager.connect_attachment,,networkmanager,ConnectAttachment.Attachment.SegmentName,dotted,networkmanager.attachment,,references,doc,medium,service-partial,get_connect_attachment,networkmanager.GetConnectAttachment,,yes,absent,0,0,,0,0,0,no source resources of this type were collected,2026-08-16T15:50:20+00:00
networkmanager.connect_attachment,,networkmanager,ConnectAttachment.TransportAttachmentId,dotted,networkmanager.attachment,,references,doc,medium,service-partial,get_connect_attachment,networkmanager.GetConnectAttachment,,yes,absent,0,0,,0,0,0,no source resources of this type were collected,2026-08-16T15:50:20+00:00
networkmanager.connect_peer,,networkmanager,ConnectPeer.ConnectAttachmentId,dotted,networkmanager.attachment,,references,doc,medium,service-exact,get_connect_peer,networkmanager.GetConnectPeer,,yes,absent,0,0,,0,0,0,no source resources of this type were collected,2026-08-16T15:50:20+00:00
networkmanager.connect_peer_association,,networkmanager,ConnectPeerId,scalar,networkmanager.connect_peer,,references,doc,medium,service-exact,get_connect_peer_associations,networkmanager.GetConnectPeerAssociations,,yes,absent,0,0,,0,0,0,no source resources of this type were collected,2026-08-16T15:50:20+00:00
networkmanager.connect_peer_association,,networkmanager,DeviceId,scalar,networkmanager.device,,references,doc,medium,service-exact,get_connect_peer_associations,networkmanager.GetConnectPeerAssociations,,yes,absent,0,0,,0,0,0,no source resources of this type were collected,2026-08-16T15:50:20+00:00
networkmanager.connect_peer_association,,networkmanager,GlobalNetworkId,scalar,networkmanager.global_network,,references,doc,medium,service-exact,get_connect_peer_associations,networkmanager.GetConnectPeerAssociations,,yes,absent,0,0,,0,0,0,no source resources of this type were collected,2026-08-16T15:50:20+00:00
networkmanager.connect_peer_association,,networkmanager,LinkId,scalar,networkmanager.link,,references,doc,medium,service-exact,get_connect_peer_associations,networkmanager.GetConnectPeerAssociations,,yes,absent,0,0,,0,0,0,no source resources of this type were collected,2026-08-16T15:50:20+00:00
networkmanager.connection,,networkmanager,GlobalNetworkId,scalar,networkmanager.global_network,,references,doc,medium,service-exact,get_connections,networkmanager.GetConnections,,yes,absent,0,0,,0,0,0,no source resources of this type were collected,2026-08-16T15:50:20+00:00
networkmanager.connection,,networkmanager,ConnectedLinkId,scalar,networkmanager.link,,references,doc,medium,service-exact,get_connections,networkmanager.GetConnections,,yes,absent,0,0,,0,0,0,no source resources of this type were collected,2026-08-16T15:50:20+00:00
networkmanager.connection,,networkmanager,LinkId,scalar,networkmanager.link,,references,doc,medium,service-exact,get_connections,networkmanager.GetConnections,,yes,absent,0,0,,0,0,0,no source resources of this type were collected,2026-08-16T15:50:20+00:00
networkmanager.core_network_change_set,,networkmanager,NewValues.SegmentName,dotted,networkmanager.core_network,,references,doc,medium,service-partial,get_core_network_change_set,networkmanager.GetCoreNetworkChangeSet,,yes,absent,0,0,,0,0,0,no source resources of this type were collected,2026-08-16T15:50:20+00:00
networkmanager.core_network_change_set,,networkmanager,PreviousValues.SegmentName,dotted,networkmanager.core_network,,references,doc,medium,service-partial,get_core_network_change_set,networkmanager.GetCoreNetworkChangeSet,,yes,absent,0,0,,0,0,0,no source resources of this type were collected,2026-08-16T15:50:20+00:00
networkmanager.core_network_policy,,networkmanager,CoreNetworkPolicy.PolicyVersionId,dotted,networkmanager.core_network_policy_version,,references,doc,medium,service-partial,get_core_network_policy,networkmanager.GetCoreNetworkPolicy,,no,absent,0,0,,0,0,0,no source resources of this type were collected,2026-08-16T15:50:20+00:00
networkmanager.customer_gateway_association,,networkmanager,DeviceId,scalar,networkmanager.device,,references,doc,medium,service-exact,get_customer_gateway_associations,networkmanager.GetCustomerGatewayAssociations,,yes,absent,0,0,,0,0,0,no source resources of this type were collected,2026-08-16T15:50:20+00:00
networkmanager.customer_gateway_association,,networkmanager,GlobalNetworkId,scalar,networkmanager.global_network,,references,doc,medium,service-exact,get_customer_gateway_associations,networkmanager.GetCustomerGatewayAssociations,,yes,absent,0,0,,0,0,0,no source resources of this type were collected,2026-08-16T15:50:20+00:00
networkmanager.customer_gateway_association,,networkmanager,LinkId,scalar,networkmanager.link,,references,doc,medium,service-exact,get_customer_gateway_associations,networkmanager.GetCustomerGatewayAssociations,,yes,absent,0,0,,0,0,0,no source resources of this type were collected,2026-08-16T15:50:20+00:00
networkmanager.device,,networkmanager,GlobalNetworkId,scalar,networkmanager.global_network,,references,doc,medium,service-exact,get_devices,networkmanager.GetDevices,,yes,absent,0,0,,0,0,0,no source resources of this type were collected,2026-08-16T15:50:20+00:00
networkmanager.link,,networkmanager,GlobalNetworkId,scalar,networkmanager.global_network,,references,doc,medium,service-exact,get_links,networkmanager.GetLinks,,yes,absent,0,0,,0,0,0,no source resources of this type were collected,2026-08-16T15:50:20+00:00
networkmanager.link,,networkmanager,SiteId,scalar,networkmanager.site,,references,doc,medium,service-exact,get_links,networkmanager.GetLinks,,yes,absent,0,0,,0,0,0,no source resources of this type were collected,2026-08-16T15:50:20+00:00
networkmanager.link_association,,networkmanager,GlobalNetworkId,scalar,networkmanager.global_network,,references,doc,medium,service-exact,get_link_associations,networkmanager.GetLinkAssociations,,yes,absent,0,0,,0,0,0,no source resources of this type were collected,2026-08-16T15:50:20+00:00
networkmanager.link_association,,networkmanager,LinkId,scalar,networkmanager.link,,references,doc,medium,service-exact,get_link_associations,networkmanager.GetLinkAssociations,,yes,absent,0,0,,0,0,0,no source resources of this type were collected,2026-08-16T15:50:20+00:00
networkmanager.network_route,,networkmanager,RouteTableArn,scalar,ec2.route_table,route-table,references,doc,medium,well-known,get_network_routes,networkmanager.GetNetworkRoutes,,yes,absent,0,0,,0,0,0,no source resources of this type were collected,2026-08-16T15:50:20+00:00
networkmanager.network_route,,networkmanager,Destinations[].TransitGatewayAttachmentId,list_dict,networkmanager.attachment,,references,doc,medium,service-partial,get_network_routes,networkmanager.GetNetworkRoutes,,yes,absent,0,0,,0,0,0,no source resources of this type were collected,2026-08-16T15:50:20+00:00
networkmanager.network_route,,networkmanager,PrefixListId,scalar,networkmanager.core_network_prefix_list_association,,references,doc,medium,service-partial,get_network_routes,networkmanager.GetNetworkRoutes,,yes,absent,0,0,,0,0,0,no source resources of this type were collected,2026-08-16T15:50:20+00:00
networkmanager.route_analysis,,networkmanager,RouteAnalysis.Destination.TransitGatewayArn,dotted,ec2.transit_gateway,transit-gateway,references,doc,medium,global-exact,get_route_analysis,networkmanager.GetRouteAnalysis,,yes,absent,0,0,,0,0,0,no source resources of this type were collected,2026-08-16T15:50:20+00:00
networkmanager.route_analysis,,networkmanager,RouteAnalysis.Source.TransitGatewayArn,dotted,ec2.transit_gateway,transit-gateway,references,doc,medium,global-exact,get_route_analysis,networkmanager.GetRouteAnalysis,,yes,absent,0,0,,0,0,0,no source resources of this type were collected,2026-08-16T15:50:20+00:00
networkmanager.route_analysis,,networkmanager,RouteAnalysis.Destination.TransitGatewayAttachmentArn,dotted,networkmanager.attachment,,references,doc,medium,service-partial,get_route_analysis,networkmanager.GetRouteAnalysis,,yes,absent,0,0,,0,0,0,no source resources of this type were collected,2026-08-16T15:50:20+00:00
networkmanager.route_analysis,,networkmanager,RouteAnalysis.Source.TransitGatewayAttachmentArn,dotted,networkmanager.attachment,,references,doc,medium,service-partial,get_route_analysis,networkmanager.GetRouteAnalysis,,yes,absent,0,0,,0,0,0,no source resources of this type were collected,2026-08-16T15:50:20+00:00
networkmanager.route_analysis,,networkmanager,RouteAnalysis.GlobalNetworkId,dotted,networkmanager.global_network,,references,doc,medium,service-exact,get_route_analysis,networkmanager.GetRouteAnalysis,,yes,absent,0,0,,0,0,0,no source resources of this type were collected,2026-08-16T15:50:20+00:00
networkmanager.site,,networkmanager,GlobalNetworkId,scalar,networkmanager.global_network,,references,doc,medium,service-exact,get_sites,networkmanager.GetSites,,yes,absent,0,0,,0,0,0,no source resources of this type were collected,2026-08-16T15:50:20+00:00
networkmanager.site_to_site_vpn_attachment,,networkmanager,SiteToSiteVpnAttachment.Attachment.AttachmentId,dotted,networkmanager.attachment,,references,doc,medium,service-exact,get_site_to_site_vpn_attachment,networkmanager.GetSiteToSiteVpnAttachment,,yes,absent,0,0,,0,0,0,no source resources of this type were collected,2026-08-16T15:50:20+00:00
networkmanager.site_to_site_vpn_attachment,,networkmanager,SiteToSiteVpnAttachment.Attachment.SegmentName,dotted,networkmanager.attachment,,references,doc,medium,service-partial,get_site_to_site_vpn_attachment,networkmanager.GetSiteToSiteVpnAttachment,,yes,absent,0,0,,0,0,0,no source resources of this type were collected,2026-08-16T15:50:20+00:00
networkmanager.transit_gateway_connect_peer_association,,networkmanager,DeviceId,scalar,networkmanager.device,,references,doc,medium,service-exact,get_transit_gateway_connect_peer_associations,networkmanager.GetTransitGatewayConnectPeerAssociations,,yes,absent,0,0,,0,0,0,no source resources of this type were collected,2026-08-16T15:50:20+00:00
networkmanager.transit_gateway_connect_peer_association,,networkmanager,GlobalNetworkId,scalar,networkmanager.global_network,,references,doc,medium,service-exact,get_transit_gateway_connect_peer_associations,networkmanager.GetTransitGatewayConnectPeerAssociations,,yes,absent,0,0,,0,0,0,no source resources of this type were collected,2026-08-16T15:50:20+00:00
networkmanager.transit_gateway_connect_peer_association,,networkmanager,LinkId,scalar,networkmanager.link,,references,doc,medium,service-exact,get_transit_gateway_connect_peer_associations,networkmanager.GetTransitGatewayConnectPeerAssociations,,yes,absent,0,0,,0,0,0,no source resources of this type were collected,2026-08-16T15:50:20+00:00
networkmanager.transit_gateway_peering,,networkmanager,TransitGatewayPeering.TransitGatewayArn,dotted,ec2.transit_gateway,transit-gateway,references,doc,medium,global-exact,get_transit_gateway_peering,networkmanager.GetTransitGatewayPeering,,yes,absent,0,0,,0,0,0,no source resources of this type were collected,2026-08-16T15:50:20+00:00
networkmanager.transit_gateway_peering,,networkmanager,TransitGatewayPeering.TransitGatewayPeeringAttachmentId,dotted,ec2.transit_gateway_peering_attachment,,references,doc,medium,global-exact,get_transit_gateway_peering,networkmanager.GetTransitGatewayPeering,,yes,absent,0,0,,0,0,0,no source resources of this type were collected,2026-08-16T15:50:20+00:00
networkmanager.transit_gateway_peering,,networkmanager,TransitGatewayPeering.Peering.PeeringId,dotted,networkmanager.peering,,references,doc,medium,service-exact,get_transit_gateway_peering,networkmanager.GetTransitGatewayPeering,,yes,absent,0,0,,0,0,0,no source resources of this type were collected,2026-08-16T15:50:20+00:00
networkmanager.transit_gateway_registration,,networkmanager,GlobalNetworkId,scalar,networkmanager.global_network,,references,doc,medium,service-exact,get_transit_gateway_registrations,networkmanager.GetTransitGatewayRegistrations,,yes,absent,0,0,,0,0,0,no source resources of this type were collected,2026-08-16T15:50:20+00:00
networkmanager.transit_gateway_route_table_attachment,,networkmanager,TransitGatewayRouteTableAttachment.Attachment.AttachmentId,dotted,networkmanager.attachment,,references,doc,medium,service-exact,get_transit_gateway_route_table_attachment,networkmanager.GetTransitGatewayRouteTableAttachment,,yes,absent,0,0,,0,0,0,no source resources of this type were collected,2026-08-16T15:50:20+00:00
networkmanager.transit_gateway_route_table_attachment,,networkmanager,TransitGatewayRouteTableAttachment.Attachment.SegmentName,dotted,networkmanager.attachment,,references,doc,medium,service-partial,get_transit_gateway_route_table_attachment,networkmanager.GetTransitGatewayRouteTableAttachment,,yes,absent,0,0,,0,0,0,no source resources of this type were collected,2026-08-16T15:50:20+00:00
networkmanager.transit_gateway_route_table_attachment,,networkmanager,TransitGatewayRouteTableAttachment.TransitGatewayRouteTableArn,dotted,networkmanager.attachment,,references,doc,medium,service-partial,get_transit_gateway_route_table_attachment,networkmanager.GetTransitGatewayRouteTableAttachment,,yes,absent,0,0,,0,0,0,no source resources of this type were collected,2026-08-16T15:50:20+00:00
networkmanager.transit_gateway_route_table_attachment,,networkmanager,TransitGatewayRouteTableAttachment.PeeringId,dotted,networkmanager.peering,,references,doc,medium,service-exact,get_transit_gateway_route_table_attachment,networkmanager.GetTransitGatewayRouteTableAttachment,,yes,absent,0,0,,0,0,0,no source resources of this type were collected,2026-08-16T15:50:20+00:00
networkmanager.vpc_attachment,,networkmanager,VpcAttachment.Attachment.AttachmentId,dotted,networkmanager.attachment,,references,doc,medium,service-exact,get_vpc_attachment,networkmanager.GetVpcAttachment,,yes,absent,0,0,,0,0,0,no source resources of this type were collected,2026-08-16T15:50:20+00:00
networkmanager.vpc_attachment,,networkmanager,VpcAttachment.Attachment.SegmentName,dotted,networkmanager.attachment,,references,doc,medium,service-partial,get_vpc_attachment,networkmanager.GetVpcAttachment,,yes,absent,0,0,,0,0,0,no source resources of this type were collected,2026-08-16T15:50:20+00:00
networkmonitor.monitor,,networkmonitor,vpcId,scalar,ec2.vpc,vpc,contained-in,doc,medium,leaf-hint,get_monitor,networkmonitor.GetMonitor,,yes,absent,0,0,,0,0,0,no source resources of this type were collected,2026-08-16T15:50:20+00:00
networkmonitor.monitor,,networkmonitor,probeArn,scalar,networkmonitor.probe,,references,doc,medium,service-exact,get_monitor,networkmonitor.GetMonitor,,yes,absent,0,0,,0,0,0,no source resources of this type were collected,2026-08-16T15:50:20+00:00
networkmonitor.monitor,,networkmonitor,probeId,scalar,networkmonitor.probe,,references,doc,medium,service-exact,get_monitor,networkmonitor.GetMonitor,,yes,absent,0,0,,0,0,0,no source resources of this type were collected,2026-08-16T15:50:20+00:00
networkmonitor.monitor,,networkmonitor,sourceArn,scalar,networkmonitor.probe,,references,doc,medium,service-exact,get_monitor,networkmonitor.GetMonitor,,yes,absent,0,0,,0,0,0,no source resources of this type were collected,2026-08-16T15:50:20+00:00
networkmonitor.probe,,networkmonitor,vpcId,scalar,ec2.vpc,vpc,contained-in,doc,medium,leaf-hint,get_probe,networkmonitor.GetProbe,,yes,absent,0,0,,0,0,0,no source resources of this type were collected,2026-08-16T15:50:20+00:00
oam.attached_link,,oam,LinkArn,scalar,oam.link,,references,doc,medium,service-exact,list_attached_links,oam.ListAttachedLinks,,yes,absent,0,0,,0,0,0,no source resources of this type were collected,2026-08-16T15:50:20+00:00
oam.link,,oam,SinkArn,scalar,oam.sink,,references,doc,medium,service-exact,get_link,oam.GetLink,,yes,absent,0,0,,0,0,0,no source resources of this type were collected,2026-08-16T15:50:20+00:00
oam.sink_policy,,oam,SinkArn,scalar,oam.sink,,references,doc,medium,service-exact,get_sink_policy,oam.GetSinkPolicy,,yes,absent,0,0,,0,0,0,no source resources of this type were collected,2026-08-16T15:50:20+00:00
omics.annotation_import_job,,omics,versionName,scalar,omics.annotation_store_version,,references,doc,medium,service-exact,get_annotation_import_job,omics.GetAnnotationImportJob,,yes,absent,0,0,,0,0,0,no source resources of this type were collected,2026-08-16T15:50:20+00:00
omics.annotation_store_version,,omics,versionArn,scalar,omics.annotation_store,,references,doc,medium,service-exact,get_annotation_store_version,omics.GetAnnotationStoreVersion,,yes,absent,0,0,,0,0,0,no source resources of this type were collected,2026-08-16T15:50:20+00:00
opensearch.domain,,opensearch,DomainConfig.VPCOptions.Options.VPCId,dotted,ec2.vpc,vpc,contained-in,doc,medium,leaf-hint,describe_domain_config,opensearch.DescribeDomainConfig,,yes,absent,0,0,,0,0,0,no source resources of this type were collected,2026-08-16T15:50:20+00:00
opensearch.domain,,opensearch,DomainStatus.VPCOptions.VPCId,dotted,ec2.vpc,vpc,contained-in,doc,medium,leaf-hint,describe_domain,opensearch.DescribeDomain,,yes,absent,0,0,,0,0,0,no source resources of this type were collected,2026-08-16T15:50:20+00:00
opensearch.domain,,opensearch,VPCOptions.VPCId,dotted,ec2.vpc,vpc,contained-in,doc,medium,leaf-hint,describe_domains,opensearch.DescribeDomains,,yes,absent,0,0,,0,0,0,no source resources of this type were collected,2026-08-16T15:50:20+00:00
opensearch.domain,,opensearch,DomainConfig.ModifyingProperties[].Name,list_dict,iottwinmaker.property,,references,doc,medium,global-exact,describe_domain_config,opensearch.DescribeDomainConfig,,yes,absent,0,0,,0,0,0,no source resources of this type were collected,2026-08-16T15:50:20+00:00
opensearch.domain,,opensearch,DomainStatus.ModifyingProperties[].Name,list_dict,iottwinmaker.property,,references,doc,medium,global-exact,describe_domain,opensearch.DescribeDomain,,yes,absent,0,0,,0,0,0,no source resources of this type were collected,2026-08-16T15:50:20+00:00
opensearch.domain,,opensearch,ModifyingProperties[].Name,list_dict,iottwinmaker.property,,references,doc,medium,global-exact,describe_domains,opensearch.DescribeDomains,,yes,absent,0,0,,0,0,0,no source resources of this type were collected,2026-08-16T15:50:20+00:00
opensearch.domain,,opensearch,DomainConfig.EncryptionAtRestOptions.Options.KmsKeyId,dotted,kms.key,kms-key,encrypted-by,doc,medium,leaf-hint,describe_domain_config,opensearch.DescribeDomainConfig,,yes,absent,0,0,,0,0,0,no source resources of this type were collected,2026-08-16T15:50:20+00:00
opensearch.domain,,opensearch,DomainStatus.EncryptionAtRestOptions.KmsKeyId,dotted,kms.key,kms-key,encrypted-by,doc,medium,leaf-hint,describe_domain,opensearch.DescribeDomain,,yes,absent,0,0,,0,0,0,no source resources of this type were collected,2026-08-16T15:50:20+00:00
opensearch.domain,,opensearch,EncryptionAtRestOptions.KmsKeyId,dotted,kms.key,kms-key,encrypted-by,doc,medium,leaf-hint,describe_domains,opensearch.DescribeDomains,,yes,absent,0,0,,0,0,0,no source resources of this type were collected,2026-08-16T15:50:20+00:00
opensearch.domain,,opensearch,AdvancedSecurityOptions.SAMLOptions.Idp.EntityId,dotted,opensearch.application,,references,doc,medium,service-exact,describe_domains,opensearch.DescribeDomains,,yes,absent,0,0,,0,0,0,no source resources of this type were collected,2026-08-16T15:50:20+00:00
opensearch.domain,,opensearch,DomainConfig.AdvancedSecurityOptions.Options.SAMLOptions.Idp.EntityId,dotted,opensearch.application,,references,doc,medium,service-exact,describe_domain_config,opensearch.DescribeDomainConfig,,yes,absent,0,0,,0,0,0,no source resources of this type were collected,2026-08-16T15:50:20+00:00
opensearch.domain,,opensearch,DomainStatus.AdvancedSecurityOptions.SAMLOptions.Idp.EntityId,dotted,opensearch.application,,references,doc,medium,service-exact,describe_domain,opensearch.DescribeDomain,,yes,absent,0,0,,0,0,0,no source resources of this type were collected,2026-08-16T15:50:20+00:00
opensearch.domain_name,,opensearch,DomainName,scalar,opensearch.domain,,references,doc,medium,service-exact,list_domain_names,opensearch.ListDomainNames,,yes,absent,0,0,,0,0,0,no source resources of this type were collected,2026-08-16T15:50:20+00:00
opensearch.vpc_endpoint,,opensearch,VpcEndpoints[].VpcOptions.VPCId,list_dict,ec2.vpc,vpc,contained-in,doc,medium,leaf-hint,describe_vpc_endpoints,opensearch.DescribeVpcEndpoints,,yes,absent,0,0,,0,0,0,no source resources of this type were collected,2026-08-16T15:50:20+00:00
opensearchserverless.vpc_endpoint,,opensearchserverless,vpcEndpointDetails[].vpcId,list_dict,ec2.vpc,vpc,contained-in,doc,medium,leaf-hint,batch_get_vpc_endpoint,opensearchserverless.BatchGetVpcEndpoint,,yes,absent,0,0,,0,0,0,no source resources of this type were collected,2026-08-16T15:50:20+00:00
opsworks.opswork_stack,opswork-stack,opsworks,VpcId,scalar,ec2.vpc,vpc,contained-in,doc,medium,leaf-hint,describe_stacks,opsworks.DescribeStacks,,no,absent,0,0,,0,0,0,no source resources of this type were collected,2026-08-16T15:50:20+00:00
organizations.effective_policy,,organizations,EffectivePolicy.TargetId,dotted,organizations.policy,,references,doc,medium,service-exact,describe_effective_policy,organizations.DescribeEffectivePolicy,,yes,absent,0,0,,0,0,0,no source resources of this type were collected,2026-08-16T15:50:20+00:00
organizations.policies_for_target,,organizations,Name,scalar,organizations.policy,,references,doc,medium,service-exact,list_policies_for_target,organizations.ListPoliciesForTarget,,yes,absent,0,0,,0,0,0,no source resources of this type were collected,2026-08-16T15:50:20+00:00
organizations.targets_for_policy,,organizations,Name,scalar,organizations.policy,,references,doc,medium,service-exact,list_targets_for_policy,organizations.ListTargetsForPolicy,,yes,absent,0,0,,0,0,0,no source resources of this type were collected,2026-08-16T15:50:20+00:00
osis.pipeline,,osis,Pipeline.ServiceVpcEndpoints[].VpcEndpointId,list_dict,ec2.vpc,vpc,contained-in,doc,medium,well-known,get_pipeline,osis.GetPipeline,,yes,absent,0,0,,0,0,0,no source resources of this type were collected,2026-08-16T15:50:20+00:00
osis.pipeline,,osis,Pipeline.VpcEndpoints[].VpcId,list_dict,ec2.vpc,vpc,contained-in,doc,medium,leaf-hint,get_pipeline,osis.GetPipeline,,yes,absent,0,0,,0,0,0,no source resources of this type were collected,2026-08-16T15:50:20+00:00
osis.pipeline,,osis,Pipeline.EncryptionAtRestOptions.KmsKeyArn,dotted,kms.key,kms-key,encrypted-by,doc,medium,leaf-hint,get_pipeline,osis.GetPipeline,,yes,absent,0,0,,0,0,0,no source resources of this type were collected,2026-08-16T15:50:20+00:00
outposts.order,,outposts,Order.LineItems[].CatalogItemId,list_dict,glue.catalog,,references,doc,medium,global-exact,get_order,outposts.GetOrder,,yes,absent,0,0,,0,0,0,no source resources of this type were collected,2026-08-16T15:50:20+00:00
outposts.order,,outposts,Order.LineItems[].AssetInformationList[].AssetId,list_nested,outposts.asset,,references,doc,medium,service-exact,get_order,outposts.GetOrder,,yes,absent,0,0,,0,0,0,no source resources of this type were collected,2026-08-16T15:50:20+00:00
outposts.order,,outposts,Order.OutpostId,dotted,outposts.outpost,,references,doc,medium,service-exact,get_order,outposts.GetOrder,,yes,absent,0,0,,0,0,0,no source resources of this type were collected,2026-08-16T15:50:20+00:00
outposts.order,,outposts,OutpostId,scalar,outposts.outpost,,references,doc,medium,service-exact,list_orders,outposts.ListOrders,,yes,absent,0,0,,0,0,0,no source resources of this type were collected,2026-08-16T15:50:20+00:00
outposts.outpost,,outposts,Outpost.SiteId,dotted,outposts.site,,references,doc,medium,service-exact,get_outpost,outposts.GetOutpost,,yes,absent,0,0,,0,0,0,no source resources of this type were collected,2026-08-16T15:50:20+00:00
outposts.outpost,,outposts,SiteId,scalar,outposts.site,,references,doc,medium,service-exact,list_outposts,outposts.ListOutposts,,yes,absent,0,0,,0,0,0,no source resources of this type were collected,2026-08-16T15:50:20+00:00
outposts.outpost_instance_type,,outposts,OutpostId,scalar,outposts.outpost,,references,doc,medium,service-exact,get_outpost_instance_types,outposts.GetOutpostInstanceTypes,,yes,absent,0,0,,0,0,0,no source resources of this type were collected,2026-08-16T15:50:20+00:00
outposts.site_address,,outposts,SiteId,scalar,outposts.site,,references,doc,medium,service-exact,get_site_address,outposts.GetSiteAddress,,yes,absent,0,0,,0,0,0,no source resources of this type were collected,2026-08-16T15:50:20+00:00
panorama.devices_job,,panorama,DeviceId,scalar,panorama.device,,references,doc,medium,service-partial,list_devices_jobs,panorama.ListDevicesJobs,,yes,absent,0,0,,0,0,0,no source resources of this type were collected,2026-08-16T15:50:20+00:00
panorama.package_version,,panorama,PackageArn,scalar,panorama.package,,references,doc,medium,service-exact,describe_package_version,panorama.DescribePackageVersion,,yes,absent,0,0,,0,0,0,no source resources of this type were collected,2026-08-16T15:50:20+00:00
personalize-runtime.action_recommendation,,personalize-runtime,recommendationId,scalar,personalize-runtime.recommendation,,references,doc,medium,service-exact,get_action_recommendations,personalize-runtime.GetActionRecommendations,,yes,absent,0,0,,0,0,0,no source resources of this type were collected,2026-08-16T15:50:20+00:00
personalize-runtime.personalized_ranking,,personalize-runtime,recommendationId,scalar,personalize-runtime.recommendation,,references,doc,medium,service-exact,get_personalized_ranking,personalize-runtime.GetPersonalizedRanking,,yes,absent,0,0,,0,0,0,no source resources of this type were collected,2026-08-16T15:50:20+00:00
personalize.batch_inference_job,,personalize,batchInferenceJob.filterArn,dotted,personalize.filter,,references,doc,medium,service-exact,describe_batch_inference_job,personalize.DescribeBatchInferenceJob,,yes,absent,0,0,,0,0,0,no source resources of this type were collected,2026-08-16T15:50:20+00:00
personalize.batch_segment_job,,personalize,batchSegmentJob.filterArn,dotted,personalize.filter,,references,doc,medium,service-exact,describe_batch_segment_job,personalize.DescribeBatchSegmentJob,,yes,absent,0,0,,0,0,0,no source resources of this type were collected,2026-08-16T15:50:20+00:00
personalize.dataset,,personalize,dataset.schemaArn,dotted,personalize.schema,,references,doc,medium,service-partial,describe_dataset,personalize.DescribeDataset,,yes,absent,0,0,,0,0,0,no source resources of this type were collected,2026-08-16T15:50:20+00:00
personalize.filter,,personalize,datasetGroupArn,scalar,personalize.dataset,,references,doc,medium,service-exact,list_filters,personalize.ListFilters,,yes,absent,0,0,,0,0,0,no source resources of this type were collected,2026-08-16T15:50:20+00:00
personalize.filter,,personalize,filter.datasetGroupArn,dotted,personalize.dataset,,references,doc,medium,service-exact,describe_filter,personalize.DescribeFilter,,yes,absent,0,0,,0,0,0,no source resources of this type were collected,2026-08-16T15:50:20+00:00
personalize.recipe,,personalize,recipe.featureTransformationArn,dotted,personalize.feature_transformation,,references,doc,medium,service-exact,describe_recipe,personalize.DescribeRecipe,,yes,absent,0,0,,0,0,0,no source resources of this type were collected,2026-08-16T15:50:20+00:00
personalize.solution,,personalize,solution.recipeArn,dotted,personalize.recipe,,references,doc,medium,service-exact,describe_solution,personalize.DescribeSolution,,yes,absent,0,0,,0,0,0,no source resources of this type were collected,2026-08-16T15:50:20+00:00
personalize.solution_version,,personalize,solutionVersion.recipeArn,dotted,personalize.recipe,,references,doc,medium,service-exact,describe_solution_version,personalize.DescribeSolutionVersion,,yes,absent,0,0,,0,0,0,no source resources of this type were collected,2026-08-16T15:50:20+00:00
personalize.solution_version,,personalize,solutionVersion.solutionArn,dotted,personalize.solution,,references,doc,medium,service-exact,describe_solution_version,personalize.DescribeSolutionVersion,,yes,absent,0,0,,0,0,0,no source resources of this type were collected,2026-08-16T15:50:20+00:00
pinpoint-sms-voice-v2.opted_out_number,,pinpoint-sms-voice-v2,OptOutListName,scalar,pinpoint-sms-voice-v2.opt_out_list,,references,doc,medium,service-exact,describe_opted_out_numbers,pinpoint-sms-voice-v2.DescribeOptedOutNumbers,,yes,absent,0,0,,0,0,0,no source resources of this type were collected,2026-08-16T15:50:20+00:00
pinpoint-sms-voice-v2.phone_number,,pinpoint-sms-voice-v2,OptOutListName,scalar,pinpoint-sms-voice-v2.opt_out_list,,references,doc,medium,service-exact,describe_phone_numbers,pinpoint-sms-voice-v2.DescribePhoneNumbers,,yes,absent,0,0,,0,0,0,no source resources of this type were collected,2026-08-16T15:50:20+00:00
pinpoint-sms-voice-v2.phone_number,,pinpoint-sms-voice-v2,PoolId,scalar,pinpoint-sms-voice-v2.pool,,references,doc,medium,service-exact,describe_phone_numbers,pinpoint-sms-voice-v2.DescribePhoneNumbers,,yes,absent,0,0,,0,0,0,no source resources of this type were collected,2026-08-16T15:50:20+00:00
pinpoint-sms-voice-v2.phone_number,,pinpoint-sms-voice-v2,RegistrationId,scalar,pinpoint-sms-voice-v2.registration,,references,doc,medium,service-exact,describe_phone_numbers,pinpoint-sms-voice-v2.DescribePhoneNumbers,,yes,absent,0,0,,0,0,0,no source resources of this type were collected,2026-08-16T15:50:20+00:00
pinpoint-sms-voice-v2.pool,,pinpoint-sms-voice-v2,OptOutListName,scalar,pinpoint-sms-voice-v2.opt_out_list,,references,doc,medium,service-exact,describe_pools,pinpoint-sms-voice-v2.DescribePools,,yes,absent,0,0,,0,0,0,no source resources of this type were collected,2026-08-16T15:50:20+00:00
pinpoint-sms-voice-v2.registration_association,,pinpoint-sms-voice-v2,ResourceId,scalar,pinpoint-sms-voice-v2.pool_origination_identity,,references,doc,medium,service-partial,list_registration_associations,pinpoint-sms-voice-v2.ListRegistrationAssociations,,no,absent,0,0,,0,0,0,no source resources of this type were collected,2026-08-16T15:50:20+00:00
pinpoint-sms-voice-v2.registration_association,,pinpoint-sms-voice-v2,RegistrationId,scalar,pinpoint-sms-voice-v2.registration,,references,doc,medium,service-exact,list_registration_associations,pinpoint-sms-voice-v2.ListRegistrationAssociations,,yes,absent,0,0,,0,0,0,no source resources of this type were collected,2026-08-16T15:50:20+00:00
pinpoint-sms-voice-v2.registration_field_value,,pinpoint-sms-voice-v2,RegistrationId,scalar,pinpoint-sms-voice-v2.registration,,references,doc,medium,service-exact,describe_registration_field_values,pinpoint-sms-voice-v2.DescribeRegistrationFieldValues,,yes,absent,0,0,,0,0,0,no source resources of this type were collected,2026-08-16T15:50:20+00:00
pinpoint-sms-voice-v2.registration_field_value,,pinpoint-sms-voice-v2,RegistrationAttachmentId,scalar,pinpoint-sms-voice-v2.registration_attachment,,references,doc,medium,service-exact,describe_registration_field_values,pinpoint-sms-voice-v2.DescribeRegistrationFieldValues,,yes,absent,0,0,,0,0,0,no source resources of this type were collected,2026-08-16T15:50:20+00:00
pinpoint-sms-voice-v2.registration_version,,pinpoint-sms-voice-v2,RegistrationId,scalar,pinpoint-sms-voice-v2.registration,,references,doc,medium,service-exact,describe_registration_versions,pinpoint-sms-voice-v2.DescribeRegistrationVersions,,yes,absent,0,0,,0,0,0,no source resources of this type were collected,2026-08-16T15:50:20+00:00
pinpoint-sms-voice-v2.sender_id,,pinpoint-sms-voice-v2,RegistrationId,scalar,pinpoint-sms-voice-v2.registration,,references,doc,medium,service-exact,describe_sender_ids,pinpoint-sms-voice-v2.DescribeSenderIds,,yes,absent,0,0,,0,0,0,no source resources of this type were collected,2026-08-16T15:50:20+00:00
pinpoint-sms-voice-v2.verified_destination_number,,pinpoint-sms-voice-v2,VerifiedDestinationNumberId,scalar,pinpoint-sms-voice-v2.phone_number,,references,doc,medium,service-partial,describe_verified_destination_numbers,pinpoint-sms-voice-v2.DescribeVerifiedDestinationNumbers,,yes,absent,0,0,,0,0,0,no source resources of this type were collected,2026-08-16T15:50:20+00:00
pinpoint.application_date_range_kpi,,pinpoint,ApplicationDateRangeKpiResponse.ApplicationId,dotted,pinpoint.app,pinpoint-app,references,doc,medium,service-partial,get_application_date_range_kpi,pinpoint.GetApplicationDateRangeKpi,,yes,absent,0,0,,0,0,0,no source resources of this type were collected,2026-08-16T15:50:20+00:00
pinpoint.campaign,,pinpoint,CampaignResponse.AdditionalTreatments[].TemplateConfiguration.EmailTemplate.Name,list_dict,pinpoint.template,,references,doc,medium,service-partial,get_campaign,pinpoint.GetCampaign,,no,absent,0,0,,0,0,0,no source resources of this type were collected,2026-08-16T15:50:20+00:00
pinpoint.campaign,,pinpoint,CampaignResponse.AdditionalTreatments[].TemplateConfiguration.InAppTemplate.Name,list_dict,pinpoint.template,,references,doc,medium,service-partial,get_campaign,pinpoint.GetCampaign,,no,absent,0,0,,0,0,0,no source resources of this type were collected,2026-08-16T15:50:20+00:00
pinpoint.campaign,,pinpoint,CampaignResponse.AdditionalTreatments[].TemplateConfiguration.PushTemplate.Name,list_dict,pinpoint.template,,references,doc,medium,service-partial,get_campaign,pinpoint.GetCampaign,,no,absent,0,0,,0,0,0,no source resources of this type were collected,2026-08-16T15:50:20+00:00
pinpoint.campaign,,pinpoint,CampaignResponse.AdditionalTreatments[].TemplateConfiguration.SMSTemplate.Name,list_dict,pinpoint.template,,references,doc,medium,service-partial,get_campaign,pinpoint.GetCampaign,,no,absent,0,0,,0,0,0,no source resources of this type were collected,2026-08-16T15:50:20+00:00
pinpoint.campaign,,pinpoint,CampaignResponse.AdditionalTreatments[].TemplateConfiguration.VoiceTemplate.Name,list_dict,pinpoint.template,,references,doc,medium,service-partial,get_campaign,pinpoint.GetCampaign,,no,absent,0,0,,0,0,0,no source resources of this type were collected,2026-08-16T15:50:20+00:00
pinpoint.campaign,,pinpoint,CampaignResponse.TemplateConfiguration.EmailTemplate.Name,dotted,pinpoint.template,,references,doc,medium,service-partial,get_campaign,pinpoint.GetCampaign,,no,absent,0,0,,0,0,0,no source resources of this type were collected,2026-08-16T15:50:20+00:00
pinpoint.campaign,,pinpoint,CampaignResponse.TemplateConfiguration.InAppTemplate.Name,dotted,pinpoint.template,,references,doc,medium,service-partial,get_campaign,pinpoint.GetCampaign,,no,absent,0,0,,0,0,0,no source resources of this type were collected,2026-08-16T15:50:20+00:00
pinpoint.campaign,,pinpoint,CampaignResponse.TemplateConfiguration.PushTemplate.Name,dotted,pinpoint.template,,references,doc,medium,service-partial,get_campaign,pinpoint.GetCampaign,,no,absent,0,0,,0,0,0,no source resources of this type were collected,2026-08-16T15:50:20+00:00
pinpoint.campaign,,pinpoint,CampaignResponse.TemplateConfiguration.SMSTemplate.Name,dotted,pinpoint.template,,references,doc,medium,service-partial,get_campaign,pinpoint.GetCampaign,,no,absent,0,0,,0,0,0,no source resources of this type were collected,2026-08-16T15:50:20+00:00
pinpoint.campaign,,pinpoint,CampaignResponse.TemplateConfiguration.VoiceTemplate.Name,dotted,pinpoint.template,,references,doc,medium,service-partial,get_campaign,pinpoint.GetCampaign,,no,absent,0,0,,0,0,0,no source resources of this type were collected,2026-08-16T15:50:20+00:00
pinpoint.campaign,,pinpoint,CampaignsResponse.Item[].AdditionalTreatments[].TemplateConfiguration.EmailTemplate.Name,list_nested,pinpoint.template,,references,doc,medium,service-partial,get_campaigns,pinpoint.GetCampaigns,,no,absent,0,0,,0,0,0,no source resources of this type were collected,2026-08-16T15:50:20+00:00
pinpoint.campaign,,pinpoint,CampaignsResponse.Item[].AdditionalTreatments[].TemplateConfiguration.InAppTemplate.Name,list_nested,pinpoint.template,,references,doc,medium,service-partial,get_campaigns,pinpoint.GetCampaigns,,no,absent,0,0,,0,0,0,no source resources of this type were collected,2026-08-16T15:50:20+00:00
pinpoint.campaign,,pinpoint,CampaignsResponse.Item[].AdditionalTreatments[].TemplateConfiguration.PushTemplate.Name,list_nested,pinpoint.template,,references,doc,medium,service-partial,get_campaigns,pinpoint.GetCampaigns,,no,absent,0,0,,0,0,0,no source resources of this type were collected,2026-08-16T15:50:20+00:00
pinpoint.campaign,,pinpoint,CampaignsResponse.Item[].AdditionalTreatments[].TemplateConfiguration.SMSTemplate.Name,list_nested,pinpoint.template,,references,doc,medium,service-partial,get_campaigns,pinpoint.GetCampaigns,,no,absent,0,0,,0,0,0,no source resources of this type were collected,2026-08-16T15:50:20+00:00
pinpoint.campaign,,pinpoint,CampaignsResponse.Item[].AdditionalTreatments[].TemplateConfiguration.VoiceTemplate.Name,list_nested,pinpoint.template,,references,doc,medium,service-partial,get_campaigns,pinpoint.GetCampaigns,,no,absent,0,0,,0,0,0,no source resources of this type were collected,2026-08-16T15:50:20+00:00
pinpoint.campaign,,pinpoint,CampaignsResponse.Item[].TemplateConfiguration.EmailTemplate.Name,list_dict,pinpoint.template,,references,doc,medium,service-partial,get_campaigns,pinpoint.GetCampaigns,,no,absent,0,0,,0,0,0,no source resources of this type were collected,2026-08-16T15:50:20+00:00
pinpoint.campaign,,pinpoint,CampaignsResponse.Item[].TemplateConfiguration.InAppTemplate.Name,list_dict,pinpoint.template,,references,doc,medium,service-partial,get_campaigns,pinpoint.GetCampaigns,,no,absent,0,0,,0,0,0,no source resources of this type were collected,2026-08-16T15:50:20+00:00
pinpoint.campaign,,pinpoint,CampaignsResponse.Item[].TemplateConfiguration.PushTemplate.Name,list_dict,pinpoint.template,,references,doc,medium,service-partial,get_campaigns,pinpoint.GetCampaigns,,no,absent,0,0,,0,0,0,no source resources of this type were collected,2026-08-16T15:50:20+00:00
pinpoint.campaign,,pinpoint,CampaignsResponse.Item[].TemplateConfiguration.SMSTemplate.Name,list_dict,pinpoint.template,,references,doc,medium,service-partial,get_campaigns,pinpoint.GetCampaigns,,no,absent,0,0,,0,0,0,no source resources of this type were collected,2026-08-16T15:50:20+00:00
pinpoint.campaign,,pinpoint,CampaignsResponse.Item[].TemplateConfiguration.VoiceTemplate.Name,list_dict,pinpoint.template,,references,doc,medium,service-partial,get_campaigns,pinpoint.GetCampaigns,,no,absent,0,0,,0,0,0,no source resources of this type were collected,2026-08-16T15:50:20+00:00
pinpoint.campaign_activity,,pinpoint,ActivitiesResponse.Item[].CampaignId,list_dict,pinpoint.campaign,,references,doc,medium,service-exact,get_campaign_activities,pinpoint.GetCampaignActivities,,yes,absent,0,0,,0,0,0,no source resources of this type were collected,2026-08-16T15:50:20+00:00
pinpoint.campaign_date_range_kpi,,pinpoint,CampaignDateRangeKpiResponse.ApplicationId,dotted,pinpoint.app,pinpoint-app,references,doc,medium,service-partial,get_campaign_date_range_kpi,pinpoint.GetCampaignDateRangeKpi,,yes,absent,0,0,,0,0,0,no source resources of this type were collected,2026-08-16T15:50:20+00:00
pinpoint.campaign_date_range_kpi,,pinpoint,CampaignDateRangeKpiResponse.CampaignId,dotted,pinpoint.campaign,,references,doc,medium,service-exact,get_campaign_date_range_kpi,pinpoint.GetCampaignDateRangeKpi,,yes,absent,0,0,,0,0,0,no source resources of this type were collected,2026-08-16T15:50:20+00:00
pinpoint.campaign_version,,pinpoint,CampaignResponse.Id,dotted,pinpoint.campaign,,references,doc,medium,service-exact,get_campaign_version,pinpoint.GetCampaignVersion,,yes,absent,0,0,,0,0,0,no source resources of this type were collected,2026-08-16T15:50:20+00:00
pinpoint.campaign_version,,pinpoint,CampaignResponse.Name,dotted,pinpoint.campaign,,references,doc,medium,service-exact,get_campaign_version,pinpoint.GetCampaignVersion,,yes,absent,0,0,,0,0,0,no source resources of this type were collected,2026-08-16T15:50:20+00:00
pinpoint.campaign_version,,pinpoint,CampaignResponse.TreatmentName,dotted,pinpoint.campaign,,references,doc,medium,service-partial,get_campaign_version,pinpoint.GetCampaignVersion,,yes,absent,0,0,,0,0,0,no source resources of this type were collected,2026-08-16T15:50:20+00:00
pinpoint.campaign_version,,pinpoint,CampaignsResponse.Item[].Id,list_dict,pinpoint.campaign,,references,doc,medium,service-exact,get_campaign_versions,pinpoint.GetCampaignVersions,,yes,absent,0,0,,0,0,0,no source resources of this type were collected,2026-08-16T15:50:20+00:00
pinpoint.campaign_version,,pinpoint,CampaignsResponse.Item[].Name,list_dict,pinpoint.campaign,,references,doc,medium,service-exact,get_campaign_versions,pinpoint.GetCampaignVersions,,yes,absent,0,0,,0,0,0,no source resources of this type were collected,2026-08-16T15:50:20+00:00
pinpoint.campaign_version,,pinpoint,CampaignsResponse.Item[].TreatmentName,list_dict,pinpoint.campaign,,references,doc,medium,service-partial,get_campaign_versions,pinpoint.GetCampaignVersions,,yes,absent,0,0,,0,0,0,no source resources of this type were collected,2026-08-16T15:50:20+00:00
pinpoint.campaign_version,,pinpoint,CampaignResponse.AdditionalTreatments[].TemplateConfiguration.EmailTemplate.Name,list_dict,pinpoint.template,,references,doc,medium,service-partial,get_campaign_version,pinpoint.GetCampaignVersion,,no,absent,0,0,,0,0,0,no source resources of this type were collected,2026-08-16T15:50:20+00:00
pinpoint.campaign_version,,pinpoint,CampaignResponse.AdditionalTreatments[].TemplateConfiguration.InAppTemplate.Name,list_dict,pinpoint.template,,references,doc,medium,service-partial,get_campaign_version,pinpoint.GetCampaignVersion,,no,absent,0,0,,0,0,0,no source resources of this type were collected,2026-08-16T15:50:20+00:00
pinpoint.campaign_version,,pinpoint,CampaignResponse.AdditionalTreatments[].TemplateConfiguration.PushTemplate.Name,list_dict,pinpoint.template,,references,doc,medium,service-partial,get_campaign_version,pinpoint.GetCampaignVersion,,no,absent,0,0,,0,0,0,no source resources of this type were collected,2026-08-16T15:50:20+00:00
pinpoint.campaign_version,,pinpoint,CampaignResponse.AdditionalTreatments[].TemplateConfiguration.SMSTemplate.Name,list_dict,pinpoint.template,,references,doc,medium,service-partial,get_campaign_version,pinpoint.GetCampaignVersion,,no,absent,0,0,,0,0,0,no source resources of this type were collected,2026-08-16T15:50:20+00:00
pinpoint.campaign_version,,pinpoint,CampaignResponse.AdditionalTreatments[].TemplateConfiguration.VoiceTemplate.Name,list_dict,pinpoint.template,,references,doc,medium,service-partial,get_campaign_version,pinpoint.GetCampaignVersion,,no,absent,0,0,,0,0,0,no source resources of this type were collected,2026-08-16T15:50:20+00:00
pinpoint.campaign_version,,pinpoint,CampaignResponse.TemplateConfiguration.EmailTemplate.Name,dotted,pinpoint.template,,references,doc,medium,service-partial,get_campaign_version,pinpoint.GetCampaignVersion,,no,absent,0,0,,0,0,0,no source resources of this type were collected,2026-08-16T15:50:20+00:00
pinpoint.campaign_version,,pinpoint,CampaignResponse.TemplateConfiguration.InAppTemplate.Name,dotted,pinpoint.template,,references,doc,medium,service-partial,get_campaign_version,pinpoint.GetCampaignVersion,,no,absent,0,0,,0,0,0,no source resources of this type were collected,2026-08-16T15:50:20+00:00
pinpoint.campaign_version,,pinpoint,CampaignResponse.TemplateConfiguration.PushTemplate.Name,dotted,pinpoint.template,,references,doc,medium,service-partial,get_campaign_version,pinpoint.GetCampaignVersion,,no,absent,0,0,,0,0,0,no source resources of this type were collected,2026-08-16T15:50:20+00:00
pinpoint.campaign_version,,pinpoint,CampaignResponse.TemplateConfiguration.SMSTemplate.Name,dotted,pinpoint.template,,references,doc,medium,service-partial,get_campaign_version,pinpoint.GetCampaignVersion,,no,absent,0,0,,0,0,0,no source resources of this type were collected,2026-08-16T15:50:20+00:00
pinpoint.campaign_version,,pinpoint,CampaignResponse.TemplateConfiguration.VoiceTemplate.Name,dotted,pinpoint.template,,references,doc,medium,service-partial,get_campaign_version,pinpoint.GetCampaignVersion,,no,absent,0,0,,0,0,0,no source resources of this type were collected,2026-08-16T15:50:20+00:00
pinpoint.campaign_version,,pinpoint,CampaignsResponse.Item[].AdditionalTreatments[].TemplateConfiguration.EmailTemplate.Name,list_nested,pinpoint.template,,references,doc,medium,service-partial,get_campaign_versions,pinpoint.GetCampaignVersions,,no,absent,0,0,,0,0,0,no source resources of this type were collected,2026-08-16T15:50:20+00:00
pinpoint.campaign_version,,pinpoint,CampaignsResponse.Item[].AdditionalTreatments[].TemplateConfiguration.InAppTemplate.Name,list_nested,pinpoint.template,,references,doc,medium,service-partial,get_campaign_versions,pinpoint.GetCampaignVersions,,no,absent,0,0,,0,0,0,no source resources of this type were collected,2026-08-16T15:50:20+00:00
pinpoint.campaign_version,,pinpoint,CampaignsResponse.Item[].AdditionalTreatments[].TemplateConfiguration.PushTemplate.Name,list_nested,pinpoint.template,,references,doc,medium,service-partial,get_campaign_versions,pinpoint.GetCampaignVersions,,no,absent,0,0,,0,0,0,no source resources of this type were collected,2026-08-16T15:50:20+00:00
pinpoint.campaign_version,,pinpoint,CampaignsResponse.Item[].AdditionalTreatments[].TemplateConfiguration.SMSTemplate.Name,list_nested,pinpoint.template,,references,doc,medium,service-partial,get_campaign_versions,pinpoint.GetCampaignVersions,,no,absent,0,0,,0,0,0,no source resources of this type were collected,2026-08-16T15:50:20+00:00
pinpoint.campaign_version,,pinpoint,CampaignsResponse.Item[].AdditionalTreatments[].TemplateConfiguration.VoiceTemplate.Name,list_nested,pinpoint.template,,references,doc,medium,service-partial,get_campaign_versions,pinpoint.GetCampaignVersions,,no,absent,0,0,,0,0,0,no source resources of this type were collected,2026-08-16T15:50:20+00:00
pinpoint.campaign_version,,pinpoint,CampaignsResponse.Item[].TemplateConfiguration.EmailTemplate.Name,list_dict,pinpoint.template,,references,doc,medium,service-partial,get_campaign_versions,pinpoint.GetCampaignVersions,,no,absent,0,0,,0,0,0,no source resources of this type were collected,2026-08-16T15:50:20+00:00
pinpoint.campaign_version,,pinpoint,CampaignsResponse.Item[].TemplateConfiguration.InAppTemplate.Name,list_dict,pinpoint.template,,references,doc,medium,service-partial,get_campaign_versions,pinpoint.GetCampaignVersions,,no,absent,0,0,,0,0,0,no source resources of this type were collected,2026-08-16T15:50:20+00:00
pinpoint.campaign_version,,pinpoint,CampaignsResponse.Item[].TemplateConfiguration.PushTemplate.Name,list_dict,pinpoint.template,,references,doc,medium,service-partial,get_campaign_versions,pinpoint.GetCampaignVersions,,no,absent,0,0,,0,0,0,no source resources of this type were collected,2026-08-16T15:50:20+00:00
pinpoint.campaign_version,,pinpoint,CampaignsResponse.Item[].TemplateConfiguration.SMSTemplate.Name,list_dict,pinpoint.template,,references,doc,medium,service-partial,get_campaign_versions,pinpoint.GetCampaignVersions,,no,absent,0,0,,0,0,0,no source resources of this type were collected,2026-08-16T15:50:20+00:00
pinpoint.campaign_version,,pinpoint,CampaignsResponse.Item[].TemplateConfiguration.VoiceTemplate.Name,list_dict,pinpoint.template,,references,doc,medium,service-partial,get_campaign_versions,pinpoint.GetCampaignVersions,,no,absent,0,0,,0,0,0,no source resources of this type were collected,2026-08-16T15:50:20+00:00
pinpoint.email_template,,pinpoint,EmailTemplateResponse.TemplateName,dotted,pinpoint.template,,references,doc,medium,service-partial,get_email_template,pinpoint.GetEmailTemplate,,no,absent,0,0,,0,0,0,no source resources of this type were collected,2026-08-16T15:50:20+00:00
pinpoint.endpoint,,pinpoint,EndpointResponse.User.UserId,dotted,pinpoint.user_endpoint,,references,doc,medium,service-partial,get_endpoint,pinpoint.GetEndpoint,,no,absent,0,0,,0,0,0,no source resources of this type were collected,2026-08-16T15:50:20+00:00
pinpoint.event_stream,,pinpoint,EventStream.ApplicationId,dotted,pinpoint.app,pinpoint-app,references,doc,medium,service-partial,get_event_stream,pinpoint.GetEventStream,,yes,absent,0,0,,0,0,0,no source resources of this type were collected,2026-08-16T15:50:20+00:00
pinpoint.in_app_message,,pinpoint,InAppMessagesResponse.InAppMessageCampaigns[].CampaignId,list_dict,pinpoint.campaign,,references,doc,medium,service-partial,get_in_app_messages,pinpoint.GetInAppMessages,,yes,absent,0,0,,0,0,0,no source resources of this type were collected,2026-08-16T15:50:20+00:00
pinpoint.in_app_message,,pinpoint,InAppMessagesResponse.InAppMessageCampaigns[].TreatmentId,list_dict,pinpoint.campaign,,references,doc,medium,service-exact,get_in_app_messages,pinpoint.GetInAppMessages,,yes,absent,0,0,,0,0,0,no source resources of this type were collected,2026-08-16T15:50:20+00:00
pinpoint.in_app_template,,pinpoint,InAppTemplateResponse.Arn,dotted,pinpoint.template,,references,doc,medium,service-exact,get_in_app_template,pinpoint.GetInAppTemplate,,no,absent,0,0,,0,0,0,no source resources of this type were collected,2026-08-16T15:50:20+00:00
pinpoint.in_app_template,,pinpoint,InAppTemplateResponse.TemplateName,dotted,pinpoint.template,,references,doc,medium,service-exact,get_in_app_template,pinpoint.GetInAppTemplate,,no,absent,0,0,,0,0,0,no source resources of this type were collected,2026-08-16T15:50:20+00:00
pinpoint.journey,,pinpoint,JourneyResponse.StartCondition.SegmentStartCondition.SegmentId,dotted,pinpoint.segment,,references,doc,medium,service-exact,get_journey,pinpoint.GetJourney,,yes,absent,0,0,,0,0,0,no source resources of this type were collected,2026-08-16T15:50:20+00:00
pinpoint.journey,,pinpoint,JourneysResponse.Item[].StartCondition.SegmentStartCondition.SegmentId,list_dict,pinpoint.segment,,references,doc,medium,service-exact,list_journeys,pinpoint.ListJourneys,,yes,absent,0,0,,0,0,0,no source resources of this type were collected,2026-08-16T15:50:20+00:00
pinpoint.journey_date_range_kpi,,pinpoint,JourneyDateRangeKpiResponse.ApplicationId,dotted,pinpoint.app,pinpoint-app,references,doc,medium,service-partial,get_journey_date_range_kpi,pinpoint.GetJourneyDateRangeKpi,,yes,absent,0,0,,0,0,0,no source resources of this type were collected,2026-08-16T15:50:20+00:00
pinpoint.journey_date_range_kpi,,pinpoint,JourneyDateRangeKpiResponse.JourneyId,dotted,pinpoint.journey,,references,doc,medium,service-exact,get_journey_date_range_kpi,pinpoint.GetJourneyDateRangeKpi,,yes,absent,0,0,,0,0,0,no source resources of this type were collected,2026-08-16T15:50:20+00:00
pinpoint.journey_execution_activity_metric,,pinpoint,JourneyExecutionActivityMetricsResponse.ApplicationId,dotted,pinpoint.app,pinpoint-app,references,doc,medium,service-partial,get_journey_execution_activity_metrics,pinpoint.GetJourneyExecutionActivityMetrics,,yes,absent,0,0,,0,0,0,no source resources of this type were collected,2026-08-16T15:50:20+00:00
pinpoint.journey_execution_activity_metric,,pinpoint,JourneyExecutionActivityMetricsResponse.JourneyActivityId,dotted,pinpoint.app,pinpoint-app,references,doc,medium,service-partial,get_journey_execution_activity_metrics,pinpoint.GetJourneyExecutionActivityMetrics,,yes,absent,0,0,,0,0,0,no source resources of this type were collected,2026-08-16T15:50:20+00:00
pinpoint.journey_execution_activity_metric,,pinpoint,JourneyExecutionActivityMetricsResponse.JourneyId,dotted,pinpoint.journey,,references,doc,medium,service-exact,get_journey_execution_activity_metrics,pinpoint.GetJourneyExecutionActivityMetrics,,yes,absent,0,0,,0,0,0,no source resources of this type were collected,2026-08-16T15:50:20+00:00
pinpoint.journey_execution_metric,,pinpoint,JourneyExecutionMetricsResponse.ApplicationId,dotted,pinpoint.app,pinpoint-app,references,doc,medium,service-partial,get_journey_execution_metrics,pinpoint.GetJourneyExecutionMetrics,,yes,absent,0,0,,0,0,0,no source resources of this type were collected,2026-08-16T15:50:20+00:00
pinpoint.journey_execution_metric,,pinpoint,JourneyExecutionMetricsResponse.JourneyId,dotted,pinpoint.journey,,references,doc,medium,service-exact,get_journey_execution_metrics,pinpoint.GetJourneyExecutionMetrics,,yes,absent,0,0,,0,0,0,no source resources of this type were collected,2026-08-16T15:50:20+00:00
pinpoint.journey_run_execution_activity_metric,,pinpoint,JourneyRunExecutionActivityMetricsResponse.ApplicationId,dotted,pinpoint.app,pinpoint-app,references,doc,medium,service-partial,get_journey_run_execution_activity_metrics,pinpoint.GetJourneyRunExecutionActivityMetrics,,yes,absent,0,0,,0,0,0,no source resources of this type were collected,2026-08-16T15:50:20+00:00
pinpoint.journey_run_execution_activity_metric,,pinpoint,JourneyRunExecutionActivityMetricsResponse.JourneyActivityId,dotted,pinpoint.app,pinpoint-app,references,doc,medium,service-partial,get_journey_run_execution_activity_metrics,pinpoint.GetJourneyRunExecutionActivityMetrics,,yes,absent,0,0,,0,0,0,no source resources of this type were collected,2026-08-16T15:50:20+00:00
pinpoint.journey_run_execution_activity_metric,,pinpoint,JourneyRunExecutionActivityMetricsResponse.JourneyId,dotted,pinpoint.journey,,references,doc,medium,service-exact,get_journey_run_execution_activity_metrics,pinpoint.GetJourneyRunExecutionActivityMetrics,,yes,absent,0,0,,0,0,0,no source resources of this type were collected,2026-08-16T15:50:20+00:00
pinpoint.journey_run_execution_activity_metric,,pinpoint,JourneyRunExecutionActivityMetricsResponse.RunId,dotted,pinpoint.journey,,references,doc,medium,service-exact,get_journey_run_execution_activity_metrics,pinpoint.GetJourneyRunExecutionActivityMetrics,,yes,absent,0,0,,0,0,0,no source resources of this type were collected,2026-08-16T15:50:20+00:00
pinpoint.journey_run_execution_metric,,pinpoint,JourneyRunExecutionMetricsResponse.ApplicationId,dotted,pinpoint.app,pinpoint-app,references,doc,medium,service-partial,get_journey_run_execution_metrics,pinpoint.GetJourneyRunExecutionMetrics,,yes,absent,0,0,,0,0,0,no source resources of this type were collected,2026-08-16T15:50:20+00:00
pinpoint.journey_run_execution_metric,,pinpoint,JourneyRunExecutionMetricsResponse.JourneyId,dotted,pinpoint.journey,,references,doc,medium,service-exact,get_journey_run_execution_metrics,pinpoint.GetJourneyRunExecutionMetrics,,yes,absent,0,0,,0,0,0,no source resources of this type were collected,2026-08-16T15:50:20+00:00
pinpoint.journey_run_execution_metric,,pinpoint,JourneyRunExecutionMetricsResponse.RunId,dotted,pinpoint.journey,,references,doc,medium,service-exact,get_journey_run_execution_metrics,pinpoint.GetJourneyRunExecutionMetrics,,yes,absent,0,0,,0,0,0,no source resources of this type were collected,2026-08-16T15:50:20+00:00
pinpoint.push_template,,pinpoint,PushNotificationTemplateResponse.TemplateName,dotted,pinpoint.template,,references,doc,medium,service-partial,get_push_template,pinpoint.GetPushTemplate,,no,absent,0,0,,0,0,0,no source resources of this type were collected,2026-08-16T15:50:20+00:00
pinpoint.segment_export_job,,pinpoint,ExportJobsResponse.Item[].Id,list_dict,pinpoint.export_job,,references,doc,medium,service-exact,get_segment_export_jobs,pinpoint.GetSegmentExportJobs,,yes,absent,0,0,,0,0,0,no source resources of this type were collected,2026-08-16T15:50:20+00:00
pinpoint.segment_import_job,,pinpoint,ImportJobsResponse.Item[].Id,list_dict,pinpoint.import_job,,references,doc,medium,service-exact,get_segment_import_jobs,pinpoint.GetSegmentImportJobs,,yes,absent,0,0,,0,0,0,no source resources of this type were collected,2026-08-16T15:50:20+00:00
pinpoint.segment_version,,pinpoint,SegmentResponse.Id,dotted,pinpoint.segment,,references,doc,medium,service-exact,get_segment_version,pinpoint.GetSegmentVersion,,yes,absent,0,0,,0,0,0,no source resources of this type were collected,2026-08-16T15:50:20+00:00
pinpoint.segment_version,,pinpoint,SegmentResponse.Name,dotted,pinpoint.segment,,references,doc,medium,service-exact,get_segment_version,pinpoint.GetSegmentVersion,,yes,absent,0,0,,0,0,0,no source resources of this type were collected,2026-08-16T15:50:20+00:00
pinpoint.segment_version,,pinpoint,SegmentResponse.SegmentGroups.Groups[].SourceSegments[].Id,list_nested,pinpoint.segment,,references,doc,medium,service-exact,get_segment_version,pinpoint.GetSegmentVersion,,yes,absent,0,0,,0,0,0,no source resources of this type were collected,2026-08-16T15:50:20+00:00
pinpoint.segment_version,,pinpoint,SegmentsResponse.Item[].Id,list_dict,pinpoint.segment,,references,doc,medium,service-exact,get_segment_versions,pinpoint.GetSegmentVersions,,yes,absent,0,0,,0,0,0,no source resources of this type were collected,2026-08-16T15:50:20+00:00
pinpoint.segment_version,,pinpoint,SegmentsResponse.Item[].Name,list_dict,pinpoint.segment,,references,doc,medium,service-exact,get_segment_versions,pinpoint.GetSegmentVersions,,yes,absent,0,0,,0,0,0,no source resources of this type were collected,2026-08-16T15:50:20+00:00
pinpoint.segment_version,,pinpoint,SegmentsResponse.Item[].SegmentGroups.Groups[].SourceSegments[].Id,list_nested,pinpoint.segment,,references,doc,medium,service-exact,get_segment_versions,pinpoint.GetSegmentVersions,,yes,absent,0,0,,0,0,0,no source resources of this type were collected,2026-08-16T15:50:20+00:00
pinpoint.sms_template,,pinpoint,SMSTemplateResponse.TemplateName,dotted,pinpoint.template,,references,doc,medium,service-partial,get_sms_template,pinpoint.GetSmsTemplate,,no,absent,0,0,,0,0,0,no source resources of this type were collected,2026-08-16T15:50:20+00:00
pinpoint.template_version,,pinpoint,TemplateVersionsResponse.Item[].TemplateName,list_dict,pinpoint.template,,references,doc,medium,service-partial,list_template_versions,pinpoint.ListTemplateVersions,,no,absent,0,0,,0,0,0,no source resources of this type were collected,2026-08-16T15:50:20+00:00
pinpoint.voice_template,,pinpoint,VoiceTemplateResponse.TemplateName,dotted,pinpoint.template,,references,doc,medium,service-partial,get_voice_template,pinpoint.GetVoiceTemplate,,no,absent,0,0,,0,0,0,no source resources of this type were collected,2026-08-16T15:50:20+00:00
pipes.pipe,,pipes,TargetParameters.CloudWatchLogsParameters.LogStreamName,dotted,logs.log_stream,,references,doc,medium,global-exact,describe_pipe,pipes.DescribePipe,,yes,absent,0,0,,0,0,0,no source resources of this type were collected,2026-08-16T15:50:20+00:00
pipes.pipe,,pipes,TargetParameters.RedshiftDataParameters.SecretManagerArn,dotted,secretsmanager.secret,secrets-manager,references,doc,medium,global-exact,describe_pipe,pipes.DescribePipe,,yes,absent,0,0,,0,0,0,no source resources of this type were collected,2026-08-16T15:50:20+00:00
polly.voice,,polly,LanguageName,scalar,translate.language,,references,doc,medium,global-exact,describe_voices,polly.DescribeVoices,,yes,absent,0,0,,0,0,0,no source resources of this type were collected,2026-08-16T15:50:20+00:00
proton.deployment,,proton,componentName,scalar,proton.component,,references,doc,medium,service-exact,list_deployments,proton.ListDeployments,,yes,absent,0,0,,0,0,0,no source resources of this type were collected,2026-08-16T15:50:20+00:00
proton.deployment,,proton,deployment.componentName,dotted,proton.component,,references,doc,medium,service-exact,get_deployment,proton.GetDeployment,,yes,absent,0,0,,0,0,0,no source resources of this type were collected,2026-08-16T15:50:20+00:00
proton.deployment,,proton,deployment.environmentName,dotted,proton.environment,,references,doc,medium,service-exact,get_deployment,proton.GetDeployment,,yes,absent,0,0,,0,0,0,no source resources of this type were collected,2026-08-16T15:50:20+00:00
proton.deployment,,proton,environmentName,scalar,proton.environment,,references,doc,medium,service-exact,list_deployments,proton.ListDeployments,,yes,absent,0,0,,0,0,0,no source resources of this type were collected,2026-08-16T15:50:20+00:00
proton.deployment,,proton,deployment.serviceName,dotted,proton.service,,references,doc,medium,service-exact,get_deployment,proton.GetDeployment,,yes,absent,0,0,,0,0,0,no source resources of this type were collected,2026-08-16T15:50:20+00:00
proton.deployment,,proton,serviceName,scalar,proton.service,,references,doc,medium,service-exact,list_deployments,proton.ListDeployments,,yes,absent,0,0,,0,0,0,no source resources of this type were collected,2026-08-16T15:50:20+00:00
proton.environment,,proton,templateName,scalar,proton.environment_template,,references,doc,medium,service-exact,list_environments,proton.ListEnvironments,,yes,absent,0,0,,0,0,0,no source resources of this type were collected,2026-08-16T15:50:20+00:00
proton.environment_template_version,,proton,templateName,scalar,proton.environment_template,,references,doc,medium,service-exact,list_environment_template_versions,proton.ListEnvironmentTemplateVersions,,yes,absent,0,0,,0,0,0,no source resources of this type were collected,2026-08-16T15:50:20+00:00
proton.service,,proton,service.repositoryId,dotted,proton.repository,,references,doc,medium,service-partial,get_service,proton.GetService,,yes,absent,0,0,,0,0,0,no source resources of this type were collected,2026-08-16T15:50:20+00:00
proton.service,,proton,service.templateName,dotted,proton.service_template,,references,doc,medium,service-exact,get_service,proton.GetService,,yes,absent,0,0,,0,0,0,no source resources of this type were collected,2026-08-16T15:50:20+00:00
proton.service,,proton,templateName,scalar,proton.service_template,,references,doc,medium,service-exact,list_services,proton.ListServices,,yes,absent,0,0,,0,0,0,no source resources of this type were collected,2026-08-16T15:50:20+00:00
proton.service_instance,,proton,serviceInstance.serviceName,dotted,proton.service,,references,doc,medium,service-exact,get_service_instance,proton.GetServiceInstance,,yes,absent,0,0,,0,0,0,no source resources of this type were collected,2026-08-16T15:50:20+00:00
proton.service_instance,,proton,serviceName,scalar,proton.service,,references,doc,medium,service-exact,list_service_instances,proton.ListServiceInstances,,yes,absent,0,0,,0,0,0,no source resources of this type were collected,2026-08-16T15:50:20+00:00
proton.service_instance,,proton,templateName,scalar,proton.service_template,,references,doc,medium,service-exact,list_service_instances,proton.ListServiceInstances,,yes,absent,0,0,,0,0,0,no source resources of this type were collected,2026-08-16T15:50:20+00:00
proton.service_sync_config,,proton,serviceSyncConfig.serviceName,dotted,proton.service,,references,doc,medium,service-exact,get_service_sync_config,proton.GetServiceSyncConfig,,yes,absent,0,0,,0,0,0,no source resources of this type were collected,2026-08-16T15:50:20+00:00
proton.service_template_version,,proton,templateName,scalar,proton.service_template,,references,doc,medium,service-exact,list_service_template_versions,proton.ListServiceTemplateVersions,,yes,absent,0,0,,0,0,0,no source resources of this type were collected,2026-08-16T15:50:20+00:00
qbusiness.application,,qbusiness,encryptionConfiguration.kmsKeyId,dotted,kms.key,kms-key,encrypted-by,doc,medium,well-known,get_application,qbusiness.GetApplication,,yes,absent,0,0,,0,0,0,no source resources of this type were collected,2026-08-16T15:50:20+00:00
qbusiness.chat_controls_configuration,,qbusiness,rules[].ruleConfiguration.contentRetrievalRule.eligibleDataSources[].dataSourceId,list_nested,qbusiness.data_source,,references,doc,medium,service-exact,get_chat_controls_configuration,qbusiness.GetChatControlsConfiguration,,yes,absent,0,0,,0,0,0,no source resources of this type were collected,2026-08-16T15:50:20+00:00
qbusiness.chat_controls_configuration,,qbusiness,rules[].ruleConfiguration.contentRetrievalRule.eligibleDataSources[].indexId,list_nested,qbusiness.index,,references,doc,medium,service-exact,get_chat_controls_configuration,qbusiness.GetChatControlsConfiguration,,yes,absent,0,0,,0,0,0,no source resources of this type were collected,2026-08-16T15:50:20+00:00
qbusiness.data_source,,qbusiness,applicationId,scalar,qbusiness.application,,references,doc,medium,service-partial,get_data_source,qbusiness.GetDataSource,,yes,absent,0,0,,0,0,0,no source resources of this type were collected,2026-08-16T15:50:20+00:00
qbusiness.data_source,,qbusiness,indexId,scalar,qbusiness.index,,references,doc,medium,service-exact,get_data_source,qbusiness.GetDataSource,,yes,absent,0,0,,0,0,0,no source resources of this type were collected,2026-08-16T15:50:20+00:00
qbusiness.indice,,qbusiness,indexId,scalar,qbusiness.index,,references,doc,medium,service-exact,list_indices,qbusiness.ListIndices,,yes,absent,0,0,,0,0,0,no source resources of this type were collected,2026-08-16T15:50:20+00:00
qbusiness.message,,qbusiness,actionExecution.pluginId,dotted,qbusiness.plugin,,references,doc,medium,service-exact,list_messages,qbusiness.ListMessages,,yes,absent,0,0,,0,0,0,no source resources of this type were collected,2026-08-16T15:50:20+00:00
qbusiness.message,,qbusiness,actionReview.pluginId,dotted,qbusiness.plugin,,references,doc,medium,service-exact,list_messages,qbusiness.ListMessages,,yes,absent,0,0,,0,0,0,no source resources of this type were collected,2026-08-16T15:50:20+00:00
qbusiness.plugin,,qbusiness,applicationId,scalar,qbusiness.application,,references,doc,medium,service-exact,get_plugin,qbusiness.GetPlugin,,yes,absent,0,0,,0,0,0,no source resources of this type were collected,2026-08-16T15:50:20+00:00
qbusiness.retriever,,qbusiness,configuration.kendraIndexConfiguration.indexId,dotted,qbusiness.index,,references,doc,medium,service-partial,get_retriever,qbusiness.GetRetriever,,yes,absent,0,0,,0,0,0,no source resources of this type were collected,2026-08-16T15:50:20+00:00
qbusiness.retriever,,qbusiness,configuration.nativeIndexConfiguration.indexId,dotted,qbusiness.index,,references,doc,medium,service-partial,get_retriever,qbusiness.GetRetriever,,yes,absent,0,0,,0,0,0,no source resources of this type were collected,2026-08-16T15:50:20+00:00
qconnect.assistant_association,,qconnect,assistantAssociation.assistantId,dotted,qconnect.assistant,,references,doc,medium,service-partial,get_assistant_association,qconnect.GetAssistantAssociation,,yes,absent,0,0,,0,0,0,no source resources of this type were collected,2026-08-16T15:50:20+00:00
qconnect.assistant_association,,qconnect,assistantId,scalar,qconnect.assistant,,references,doc,medium,service-partial,list_assistant_associations,qconnect.ListAssistantAssociations,,yes,absent,0,0,,0,0,0,no source resources of this type were collected,2026-08-16T15:50:20+00:00
qconnect.assistant_association,,qconnect,assistantAssociation.associationData.knowledgeBaseAssociation.knowledgeBaseId,dotted,qconnect.knowledge_base,,references,doc,medium,service-exact,get_assistant_association,qconnect.GetAssistantAssociation,,yes,absent,0,0,,0,0,0,no source resources of this type were collected,2026-08-16T15:50:20+00:00
qconnect.assistant_association,,qconnect,associationData.knowledgeBaseAssociation.knowledgeBaseId,dotted,qconnect.knowledge_base,,references,doc,medium,service-exact,list_assistant_associations,qconnect.ListAssistantAssociations,,yes,absent,0,0,,0,0,0,no source resources of this type were collected,2026-08-16T15:50:20+00:00
qconnect.content,,qconnect,content.knowledgeBaseId,dotted,qconnect.knowledge_base,,references,doc,medium,service-exact,get_content,qconnect.GetContent,,yes,absent,0,0,,0,0,0,no source resources of this type were collected,2026-08-16T15:50:20+00:00
qconnect.content,,qconnect,knowledgeBaseId,scalar,qconnect.knowledge_base,,references,doc,medium,service-exact,list_contents,qconnect.ListContents,,yes,absent,0,0,,0,0,0,no source resources of this type were collected,2026-08-16T15:50:20+00:00
qconnect.content_summary,,qconnect,contentSummary.contentId,dotted,qconnect.content,,references,doc,medium,service-exact,get_content_summary,qconnect.GetContentSummary,,yes,absent,0,0,,0,0,0,no source resources of this type were collected,2026-08-16T15:50:20+00:00
qconnect.content_summary,,qconnect,contentSummary.revisionId,dotted,qconnect.content,,references,doc,medium,service-partial,get_content_summary,qconnect.GetContentSummary,,yes,absent,0,0,,0,0,0,no source resources of this type were collected,2026-08-16T15:50:20+00:00
qconnect.content_summary,,qconnect,contentSummary.knowledgeBaseId,dotted,qconnect.knowledge_base,,references,doc,medium,service-exact,get_content_summary,qconnect.GetContentSummary,,yes,absent,0,0,,0,0,0,no source resources of this type were collected,2026-08-16T15:50:20+00:00
qconnect.import_job,,qconnect,importJob.knowledgeBaseId,dotted,qconnect.knowledge_base,,references,doc,medium,service-exact,get_import_job,qconnect.GetImportJob,,yes,absent,0,0,,0,0,0,no source resources of this type were collected,2026-08-16T15:50:20+00:00
qconnect.import_job,,qconnect,knowledgeBaseId,scalar,qconnect.knowledge_base,,references,doc,medium,service-exact,list_import_jobs,qconnect.ListImportJobs,,yes,absent,0,0,,0,0,0,no source resources of this type were collected,2026-08-16T15:50:20+00:00
qconnect.quick_response,,qconnect,quickResponse.knowledgeBaseId,dotted,qconnect.knowledge_base,,references,doc,medium,service-exact,get_quick_response,qconnect.GetQuickResponse,,yes,absent,0,0,,0,0,0,no source resources of this type were collected,2026-08-16T15:50:20+00:00
qconnect.recommendation,,qconnect,data.reference.contentReference.contentId,dotted,qconnect.content,,references,doc,medium,service-exact,get_recommendations,qconnect.GetRecommendations,,yes,absent,0,0,,0,0,0,no source resources of this type were collected,2026-08-16T15:50:20+00:00
qconnect.recommendation,,qconnect,document.contentReference.contentId,dotted,qconnect.content,,references,doc,medium,service-exact,get_recommendations,qconnect.GetRecommendations,,yes,absent,0,0,,0,0,0,no source resources of this type were collected,2026-08-16T15:50:20+00:00
qconnect.recommendation,,qconnect,data.reference.contentReference.knowledgeBaseId,dotted,qconnect.knowledge_base,,references,doc,medium,service-exact,get_recommendations,qconnect.GetRecommendations,,yes,absent,0,0,,0,0,0,no source resources of this type were collected,2026-08-16T15:50:20+00:00
qconnect.recommendation,,qconnect,document.contentReference.knowledgeBaseId,dotted,qconnect.knowledge_base,,references,doc,medium,service-exact,get_recommendations,qconnect.GetRecommendations,,yes,absent,0,0,,0,0,0,no source resources of this type were collected,2026-08-16T15:50:20+00:00
qldb.ledger,qldb,qldb,EncryptionDescription.KmsKeyArn,dotted,kms.key,kms-key,encrypted-by,doc,medium,leaf-hint,describe_ledger,qldb.DescribeLedger,,yes,absent,0,0,,0,0,0,no source resources of this type were collected,2026-08-16T15:50:20+00:00
qldb.ledger,qldb,qldb,S3ExportConfiguration.EncryptionConfiguration.KmsKeyArn,dotted,kms.key,kms-key,encrypted-by,doc,medium,leaf-hint,list_journal_s3_exports_for_ledger,qldb.ListJournalS3ExportsForLedger,,yes,absent,0,0,,0,0,0,no source resources of this type were collected,2026-08-16T15:50:20+00:00
qldb.stream,,qldb,Stream.LedgerName,dotted,qldb.ledger,qldb,references,doc,medium,service-exact,describe_journal_kinesis_stream,qldb.DescribeJournalKinesisStream,,no,absent,0,0,,0,0,0,no source resources of this type were collected,2026-08-16T15:50:20+00:00
quicksight.analysis,,quicksight,Definition.DataSetIdentifierDeclarations[].Identifier,list_dict,quicksight.data_set,,references,doc,medium,service-exact,describe_analysis_definition,quicksight.DescribeAnalysisDefinition,,no,absent,0,0,,0,0,0,no source resources of this type were collected,2026-08-16T15:50:20+00:00
quicksight.analysis,,quicksight,Analysis.ThemeArn,dotted,quicksight.theme,,references,doc,medium,service-exact,describe_analysis,quicksight.DescribeAnalysis,,no,absent,0,0,,0,0,0,no source resources of this type were collected,2026-08-16T15:50:20+00:00
quicksight.analysis,,quicksight,ThemeArn,scalar,quicksight.theme,,references,doc,medium,service-exact,describe_analysis_definition,quicksight.DescribeAnalysisDefinition,,no,absent,0,0,,0,0,0,no source resources of this type were collected,2026-08-16T15:50:20+00:00
quicksight.dashboard,,quicksight,Definition.DataSetIdentifierDeclarations[].Identifier,list_dict,quicksight.data_set,,references,doc,medium,service-exact,describe_dashboard_definition,quicksight.DescribeDashboardDefinition,,yes,absent,0,0,,0,0,0,no source resources of this type were collected,2026-08-16T15:50:20+00:00
quicksight.dashboard,,quicksight,ThemeArn,scalar,quicksight.theme,,references,doc,medium,service-exact,describe_dashboard_definition,quicksight.DescribeDashboardDefinition,,no,absent,0,0,,0,0,0,no source resources of this type were collected,2026-08-16T15:50:20+00:00
quicksight.data_set_permission,,quicksight,DataSetId,scalar,quicksight.data_set,,references,doc,medium,service-exact,describe_data_set_permissions,quicksight.DescribeDataSetPermissions,,yes,absent,0,0,,0,0,0,no source resources of this type were collected,2026-08-16T15:50:20+00:00
quicksight.data_source,,quicksight,AlternateDataSourceParameters[].RdsParameters.InstanceId,list_dict,ec2.instance,ec2,references,doc,medium,leaf-hint,list_data_sources,quicksight.ListDataSources,,no,absent,0,0,,0,0,0,no source resources of this type were collected,2026-08-16T15:50:20+00:00
quicksight.data_source,,quicksight,DataSource.AlternateDataSourceParameters[].RdsParameters.InstanceId,list_dict,ec2.instance,ec2,references,doc,medium,leaf-hint,describe_data_source,quicksight.DescribeDataSource,,no,absent,0,0,,0,0,0,no source resources of this type were collected,2026-08-16T15:50:20+00:00
quicksight.data_source,,quicksight,DataSource.DataSourceParameters.RdsParameters.InstanceId,dotted,ec2.instance,ec2,references,doc,medium,leaf-hint,describe_data_source,quicksight.DescribeDataSource,,no,absent,0,0,,0,0,0,no source resources of this type were collected,2026-08-16T15:50:20+00:00
quicksight.data_source,,quicksight,DataSourceParameters.RdsParameters.InstanceId,dotted,ec2.instance,ec2,references,doc,medium,leaf-hint,list_data_sources,quicksight.ListDataSources,,no,absent,0,0,,0,0,0,no source resources of this type were collected,2026-08-16T15:50:20+00:00
quicksight.template,,quicksight,ThemeArn,scalar,quicksight.theme,,references,doc,medium,service-exact,describe_template_definition,quicksight.DescribeTemplateDefinition,,no,absent,0,0,,0,0,0,no source resources of this type were collected,2026-08-16T15:50:20+00:00
quicksight.topic,,quicksight,DatasetId,scalar,quicksight.data_set,,references,doc,medium,service-exact,list_topic_refresh_schedules,quicksight.ListTopicRefreshSchedules,,no,absent,0,0,,0,0,0,no source resources of this type were collected,2026-08-16T15:50:20+00:00
quicksight.topic,,quicksight,DatasetName,scalar,quicksight.data_set,,references,doc,medium,service-exact,list_topic_refresh_schedules,quicksight.ListTopicRefreshSchedules,,no,absent,0,0,,0,0,0,no source resources of this type were collected,2026-08-16T15:50:20+00:00
quicksight.topic,,quicksight,Topic.DataSets[].DatasetName,list_dict,quicksight.data_set,,references,doc,medium,service-exact,describe_topic,quicksight.DescribeTopic,,no,absent,0,0,,0,0,0,no source resources of this type were collected,2026-08-16T15:50:20+00:00
quicksight.topic,,quicksight,RefreshDetails.RefreshId,dotted,quicksight.refresh_schedule,,references,doc,medium,service-partial,describe_topic_refresh,quicksight.DescribeTopicRefresh,,no,absent,0,0,,0,0,0,no source resources of this type were collected,2026-08-16T15:50:20+00:00
quicksight.vpc_connection,,quicksight,NetworkInterfaces[].NetworkInterfaceId,list_dict,ec2.network_interface,eni,attached-to,doc,medium,leaf-hint,list_vpc_connections,quicksight.ListVPCConnections,,no,absent,0,0,,0,0,0,no source resources of this type were collected,2026-08-16T15:50:20+00:00
quicksight.vpc_connection,,quicksight,VPCConnection.NetworkInterfaces[].NetworkInterfaceId,list_dict,ec2.network_interface,eni,attached-to,doc,medium,leaf-hint,describe_vpc_connection,quicksight.DescribeVPCConnection,,no,absent,0,0,,0,0,0,no source resources of this type were collected,2026-08-16T15:50:20+00:00
quicksight.vpc_connection,,quicksight,NetworkInterfaces[].SubnetId,list_dict,ec2.subnet,subnet,contained-in,doc,medium,leaf-hint,list_vpc_connections,quicksight.ListVPCConnections,,no,absent,0,0,,0,0,0,no source resources of this type were collected,2026-08-16T15:50:20+00:00
quicksight.vpc_connection,,quicksight,VPCConnection.NetworkInterfaces[].SubnetId,list_dict,ec2.subnet,subnet,contained-in,doc,medium,leaf-hint,describe_vpc_connection,quicksight.DescribeVPCConnection,,no,absent,0,0,,0,0,0,no source resources of this type were collected,2026-08-16T15:50:20+00:00
quicksight.vpc_connection,,quicksight,Name,scalar,ec2.vpc,vpc,contained-in,doc,medium,well-known,list_vpc_connections,quicksight.ListVPCConnections,,no,absent,0,0,,0,0,0,no source resources of this type were collected,2026-08-16T15:50:20+00:00
quicksight.vpc_connection,,quicksight,VPCConnection.Name,dotted,ec2.vpc,vpc,contained-in,doc,medium,well-known,describe_vpc_connection,quicksight.DescribeVPCConnection,,no,absent,0,0,,0,0,0,no source resources of this type were collected,2026-08-16T15:50:20+00:00
quicksight.vpc_connection,,quicksight,VPCConnection.VPCId,dotted,ec2.vpc,vpc,contained-in,doc,medium,leaf-hint,describe_vpc_connection,quicksight.DescribeVPCConnection,,no,absent,0,0,,0,0,0,no source resources of this type were collected,2026-08-16T15:50:20+00:00
quicksight.vpc_connection,,quicksight,VPCId,scalar,ec2.vpc,vpc,contained-in,doc,medium,leaf-hint,list_vpc_connections,quicksight.ListVPCConnections,,no,absent,0,0,,0,0,0,no source resources of this type were collected,2026-08-16T15:50:20+00:00
quicksight.vpc_connection,,quicksight,RoleArn,scalar,iam.role,iam-role,assumes,doc,medium,well-known,list_vpc_connections,quicksight.ListVPCConnections,,no,absent,0,0,,0,0,0,no source resources of this type were collected,2026-08-16T15:50:20+00:00
quicksight.vpc_connection,,quicksight,VPCConnection.RoleArn,dotted,iam.role,iam-role,assumes,doc,medium,well-known,describe_vpc_connection,quicksight.DescribeVPCConnection,,no,absent,0,0,,0,0,0,no source resources of this type were collected,2026-08-16T15:50:20+00:00
ram.resource_share_association,,ram,resourceShareName,scalar,ram.resource_share,,references,doc,medium,service-exact,get_resource_share_associations,ram.GetResourceShareAssociations,,yes,absent,0,0,,0,0,0,no source resources of this type were collected,2026-08-16T15:50:20+00:00
ram.resource_share_invitation,,ram,resourceShareAssociations[].resourceShareName,list_dict,ram.resource_share,,references,doc,medium,service-exact,get_resource_share_invitations,ram.GetResourceShareInvitations,,yes,absent,0,0,,0,0,0,no source resources of this type were collected,2026-08-16T15:50:20+00:00
ram.resource_share_invitation,,ram,resourceShareName,scalar,ram.resource_share,,references,doc,medium,service-exact,get_resource_share_invitations,ram.GetResourceShareInvitations,,yes,absent,0,0,,0,0,0,no source resources of this type were collected,2026-08-16T15:50:20+00:00
rds.db_cluster,rds-cluster,rds,VpcSecurityGroups[].VpcSecurityGroupId,list_dict,ec2.security_group,security-group,protected-by,c7n,high,curated,describe_db_clusters,aws.rds-cluster.filters.security-group,"asff,doc",yes,absent,0,0,,0,0,0,no source resources of this type were collected,2026-08-16T15:50:20+00:00
rds.db_cluster,rds-cluster,rds,,,ec2.subnet,subnet,contained-in,c7n,declared-no-path,curated,describe_db_clusters,aws.rds-cluster.filters.subnet,,yes,absent,0,0,,0,0,0,no source resources of this type were collected,2026-08-16T15:50:20+00:00
rds.db_cluster,rds-cluster,rds,AssociatedRoles[].RoleArn,list_dict,iam.role,iam-role,assumes,asff,medium,curated,describe_db_clusters,securityhub.GetFindings: 'IAM role',,yes,absent,0,0,,0,0,0,no source resources of this type were collected,2026-08-16T15:50:20+00:00
rds.db_cluster,rds-cluster,rds,ActivityStreamKmsKeyId,scalar,kms.key,kms-key,encrypted-by,doc,medium,curated,describe_db_clusters,rds.DescribeDBClusters: 'KMS key',,yes,absent,0,0,,0,0,0,no source resources of this type were collected,2026-08-16T15:50:20+00:00
rds.db_cluster,rds-cluster,rds,KmsKeyId,scalar,kms.key,kms-key,encrypted-by,c7n,high,curated,describe_db_clusters,aws.rds-cluster.filters.kms-key,doc,yes,absent,0,0,,0,0,0,no source resources of this type were collected,2026-08-16T15:50:20+00:00
rds.db_cluster,rds-cluster,rds,MasterUserSecret.KmsKeyId,dotted,kms.key,kms-key,encrypted-by,doc,medium,leaf-hint,describe_db_clusters,rds.DescribeDBClusters,,yes,absent,0,0,,0,0,0,no source resources of this type were collected,2026-08-16T15:50:20+00:00
rds.db_cluster,rds-cluster,rds,PerformanceInsightsKMSKeyId,scalar,kms.key,kms-key,encrypted-by,doc,medium,curated,describe_db_clusters,rds.DescribeDBClusters: 'KMS key',,yes,absent,0,0,,0,0,0,no source resources of this type were collected,2026-08-16T15:50:20+00:00
rds.db_cluster_automated_backup,,rds,VpcId,scalar,ec2.vpc,vpc,contained-in,doc,medium,leaf-hint,describe_db_cluster_automated_backups,rds.DescribeDBClusterAutomatedBackups,,yes,absent,0,0,,0,0,0,no source resources of this type were collected,2026-08-16T15:50:20+00:00
rds.db_cluster_automated_backup,,rds,KmsKeyId,scalar,kms.key,kms-key,encrypted-by,doc,medium,leaf-hint,describe_db_cluster_automated_backups,rds.DescribeDBClusterAutomatedBackups,,yes,absent,0,0,,0,0,0,no source resources of this type were collected,2026-08-16T15:50:20+00:00
rds.db_cluster_automated_backup,,rds,DBClusterIdentifier,scalar,rds.db_cluster,rds-cluster,references,doc,medium,service-partial,describe_db_cluster_automated_backups,rds.DescribeDBClusterAutomatedBackups,,yes,absent,0,0,,0,0,0,no source resources of this type were collected,2026-08-16T15:50:20+00:00
rds.db_cluster_automated_backup,,rds,DbClusterResourceId,scalar,rds.db_cluster,rds-cluster,references,doc,medium,service-partial,describe_db_cluster_automated_backups,rds.DescribeDBClusterAutomatedBackups,,yes,absent,0,0,,0,0,0,no source resources of this type were collected,2026-08-16T15:50:20+00:00
rds.db_cluster_endpoint,,rds,DBClusterIdentifier,scalar,rds.db_cluster,rds-cluster,references,doc,medium,service-partial,describe_db_cluster_endpoints,rds.DescribeDBClusterEndpoints,,yes,absent,0,0,,0,0,0,no source resources of this type were collected,2026-08-16T15:50:20+00:00
rds.db_instance,rds,rds,VpcSecurityGroups[].VpcSecurityGroupId,list_dict,ec2.security_group,security-group,protected-by,c7n,high,curated,describe_db_instances,aws.rds.filters.security-group,"asff,doc",yes,confirmed,1,1,1.00,1,0,0,all 1 resource(s) populated the path and 1 target(s) resolved,2026-08-16T15:50:20+00:00
rds.db_instance,rds,rds,DBSubnetGroup.Subnets[].SubnetIdentifier,list_dict,ec2.subnet,subnet,contained-in,c7n,high,curated,describe_db_instances,aws.rds.filters.subnet,doc,yes,confirmed,1,1,1.00,4,0,0,all 1 resource(s) populated the path and 4 target(s) resolved,2026-08-16T15:50:20+00:00
rds.db_instance,rds,rds,DBSubnetGroup.VpcId,dotted,ec2.vpc,vpc,contained-in,c7n,high,curated,describe_db_instances,aws.rds.filters.vpc,doc,yes,confirmed,1,1,1.00,1,0,0,all 1 resource(s) populated the path and 1 target(s) resolved,2026-08-16T15:50:20+00:00
rds.db_instance,rds,rds,DbSubnetGroup.VpcId,dotted,ec2.vpc,vpc,contained-in,asff,medium,curated,describe_db_instances,securityhub.GetFindings: 'subnet group',,yes,absent,1,0,0.00,0,0,0,path never populated across 1 resource(s),2026-08-16T15:50:20+00:00
rds.db_instance,rds,rds,ActivityStreamKmsKeyId,scalar,kms.key,kms-key,encrypted-by,doc,medium,curated,describe_db_instances,rds.DescribeDBInstances: 'KMS key',,yes,absent,1,0,0.00,0,0,0,path never populated across 1 resource(s),2026-08-16T15:50:20+00:00
rds.db_instance,rds,rds,KmsKeyId,scalar,kms.key,kms-key,encrypted-by,hand,high,curated,describe_db_instances,hand-authored from API response shape,"asff,doc",yes,confirmed,1,1,1.00,1,0,0,all 1 resource(s) populated the path and 1 target(s) resolved,2026-08-16T15:50:20+00:00
rds.db_instance,rds,rds,MasterUserSecret.KmsKeyId,dotted,kms.key,kms-key,encrypted-by,doc,medium,leaf-hint,describe_db_instances,rds.DescribeDBInstances,,yes,absent,1,0,0.00,0,0,0,path never populated across 1 resource(s),2026-08-16T15:50:20+00:00
rds.db_instance,rds,rds,PerformanceInsightsKMSKeyId,scalar,kms.key,kms-key,encrypted-by,doc,medium,curated,describe_db_instances,rds.DescribeDBInstances: 'KMS key',,yes,absent,1,0,0.00,0,0,0,path never populated across 1 resource(s),2026-08-16T15:50:20+00:00
rds.db_instance,rds,rds,DBParameterGroups[].DBParameterGroupName,list_dict,rds.db_parameter_group,rds-param-group,references,doc,medium,service-exact,describe_db_instances,rds.DescribeDBInstances,,yes,confirmed,1,1,1.00,1,0,0,all 1 resource(s) populated the path and 1 target(s) resolved,2026-08-16T15:50:20+00:00
rds.db_instance,rds,rds,DBSecurityGroups[].DBSecurityGroupName,list_dict,rds.db_security_group,,references,doc,medium,service-exact,describe_db_instances,rds.DescribeDBInstances,,yes,absent,1,0,0.00,0,0,0,path never populated across 1 resource(s),2026-08-16T15:50:20+00:00
rds.db_instance,rds,rds,DBSubnetGroup.DBSubnetGroupName,dotted,rds.db_subnet_group,rds-subnet-group,references,doc,medium,curated,describe_db_instances,rds.DescribeDBInstances: 'DB subnet group',,yes,confirmed,1,1,1.00,1,0,0,all 1 resource(s) populated the path and 1 target(s) resolved,2026-08-16T15:50:20+00:00
rds.db_instance,rds,rds,DbSubnetGroup.DbSubnetGroupArn,dotted,rds.db_subnet_group,rds-subnet-group,references,asff,medium,curated,describe_db_instances,securityhub.GetFindings: 'subnet group',,yes,absent,1,0,0.00,0,0,0,path never populated across 1 resource(s),2026-08-16T15:50:20+00:00
rds.db_instance,rds,rds,DbSubnetGroup.DbSubnetGroupName,dotted,rds.db_subnet_group,rds-subnet-group,references,asff,medium,curated,describe_db_instances,securityhub.GetFindings: 'subnet group',,yes,absent,1,0,0.00,0,0,0,path never populated across 1 resource(s),2026-08-16T15:50:20+00:00
rds.db_instance,rds,rds,OptionGroupMemberships[].OptionGroupName,list_dict,rds.option_group,,references,doc,medium,service-partial,describe_db_instances,rds.DescribeDBInstances,,yes,confirmed,1,1,1.00,1,0,0,all 1 resource(s) populated the path and 1 target(s) resolved,2026-08-16T15:50:20+00:00
rds.db_instance_automated_backup,,rds,VpcId,scalar,ec2.vpc,vpc,contained-in,doc,medium,leaf-hint,describe_db_instance_automated_backups,rds.DescribeDBInstanceAutomatedBackups,,yes,absent,0,0,,0,0,0,no source resources of this type were collected,2026-08-16T15:50:20+00:00
rds.db_instance_automated_backup,,rds,KmsKeyId,scalar,kms.key,kms-key,encrypted-by,doc,medium,leaf-hint,describe_db_instance_automated_backups,rds.DescribeDBInstanceAutomatedBackups,,yes,absent,0,0,,0,0,0,no source resources of this type were collected,2026-08-16T15:50:20+00:00
rds.db_instance_automated_backup,,rds,DBInstanceIdentifier,scalar,rds.db_instance,rds,references,doc,medium,service-partial,describe_db_instance_automated_backups,rds.DescribeDBInstanceAutomatedBackups,,yes,absent,0,0,,0,0,0,no source resources of this type were collected,2026-08-16T15:50:20+00:00
rds.db_instance_automated_backup,,rds,DbiResourceId,scalar,rds.db_instance,rds,references,doc,medium,service-partial,describe_db_instance_automated_backups,rds.DescribeDBInstanceAutomatedBackups,,yes,absent,0,0,,0,0,0,no source resources of this type were collected,2026-08-16T15:50:20+00:00
rds.db_proxy,rds-proxy,rds,VpcSecurityGroupIds[],list_scalar,ec2.security_group,security-group,protected-by,c7n,high,curated,describe_db_proxies,aws.rds-proxy.filters.security-group,,yes,absent,0,0,,0,0,0,no source resources of this type were collected,2026-08-16T15:50:20+00:00
rds.db_proxy,rds-proxy,rds,VpcSubnetIds[],list_scalar,ec2.subnet,subnet,contained-in,c7n,high,curated,describe_db_proxies,aws.rds-proxy.filters.subnet,,yes,absent,0,0,,0,0,0,no source resources of this type were collected,2026-08-16T15:50:20+00:00
rds.db_proxy,rds-proxy,rds,VpcId,scalar,ec2.vpc,vpc,contained-in,c7n,high,curated,describe_db_proxies,aws.rds-proxy.filters.vpc,doc,yes,absent,0,0,,0,0,0,no source resources of this type were collected,2026-08-16T15:50:20+00:00
rds.db_proxy_endpoint,,rds,VpcId,scalar,ec2.vpc,vpc,contained-in,doc,medium,leaf-hint,describe_db_proxy_endpoints,rds.DescribeDBProxyEndpoints,,yes,absent,0,0,,0,0,0,no source resources of this type were collected,2026-08-16T15:50:20+00:00
rds.db_security_group,,rds,VpcId,scalar,ec2.vpc,vpc,contained-in,doc,medium,leaf-hint,describe_db_security_groups,rds.DescribeDBSecurityGroups,,yes,absent,1,0,0.00,0,0,0,path never populated across 1 resource(s),2026-08-16T15:50:20+00:00
rds.db_subnet_group,rds-subnet-group,rds,Subnets[].SubnetIdentifier,list_dict,ec2.subnet,subnet,contained-in,doc,medium,curated,describe_db_subnet_groups,rds.DescribeDBSubnetGroups: 'subnet',,yes,partial,2,2,1.00,4,3,0,"2/2 resources populated the path; 4 target(s) resolved, 3 dangled",2026-08-16T15:50:20+00:00
rds.db_subnet_group,rds-subnet-group,rds,VpcId,scalar,ec2.vpc,vpc,contained-in,doc,medium,leaf-hint,describe_db_subnet_groups,rds.DescribeDBSubnetGroups,,yes,partial,2,2,1.00,1,1,0,"2/2 resources populated the path; 1 target(s) resolved, 1 dangled",2026-08-16T15:50:20+00:00
rds.export_task,,rds,KmsKeyId,scalar,kms.key,kms-key,encrypted-by,doc,medium,leaf-hint,describe_export_tasks,rds.DescribeExportTasks,,yes,absent,0,0,,0,0,0,no source resources of this type were collected,2026-08-16T15:50:20+00:00
rds.option_group,,rds,Options[].VpcSecurityGroupMemberships[].VpcSecurityGroupId,list_nested,ec2.security_group,security-group,protected-by,doc,medium,well-known,describe_option_groups,rds.DescribeOptionGroups,,yes,absent,3,0,0.00,0,0,0,path never populated across 3 resource(s),2026-08-16T15:50:20+00:00
rds.option_group,,rds,VpcId,scalar,ec2.vpc,vpc,contained-in,doc,medium,leaf-hint,describe_option_groups,rds.DescribeOptionGroups,,yes,absent,3,0,0.00,0,0,0,path never populated across 3 resource(s),2026-08-16T15:50:20+00:00
rds.option_group,,rds,Options[].DBSecurityGroupMemberships[].DBSecurityGroupName,list_nested,rds.db_security_group,,references,doc,medium,service-exact,describe_option_groups,rds.DescribeOptionGroups,,yes,absent,3,0,0.00,0,0,0,path never populated across 3 resource(s),2026-08-16T15:50:20+00:00
rds.rds_cluster_snapshot,rds-cluster-snapshot,rds,KmsKeyId,scalar,kms.key,kms-key,encrypted-by,doc,medium,curated,describe_db_cluster_snapshots,rds.DescribeDBClusterSnapshots: 'encrypted DB cluster snapshot',,yes,absent,0,0,,0,0,0,no source resources of this type were collected,2026-08-16T15:50:20+00:00
rds.rds_snapshot,rds-snapshot,rds,KmsKeyId,scalar,kms.key,kms-key,encrypted-by,doc,medium,curated,describe_db_snapshots,rds.DescribeDBSnapshots: 'encrypted DB snapshot',,yes,confirmed,12,12,1.00,12,0,0,all 12 resource(s) populated the path and 12 target(s) resolved,2026-08-16T15:50:20+00:00
rds.rds_snapshot,rds-snapshot,rds,DBInstanceIdentifier,scalar,rds.db_instance,rds,references,c7n,high,curated,describe_db_snapshots,aws.rds-snapshot.filters.instance,,yes,partial,12,12,1.00,11,1,0,"12/12 resources populated the path; 11 target(s) resolved, 1 dangled",2026-08-16T15:50:20+00:00
rds.tenant_databas,,rds,DbiResourceId,scalar,rds.db_instance,rds,references,doc,medium,service-exact,describe_tenant_databases,rds.DescribeTenantDatabases,,yes,absent,0,0,,0,0,0,no source resources of this type were collected,2026-08-16T15:50:20+00:00
redshift-data.statement_result,,redshift-data,ColumnMetadata[].tableName,list_dict,redshift-data.table,,references,doc,medium,service-exact,get_statement_result,redshift-data.GetStatementResult,,yes,absent,0,0,,0,0,0,no source resources of this type were collected,2026-08-16T15:50:20+00:00
redshift-serverless.custom_domain_association,,redshift-serverless,workgroupName,scalar,redshift-serverless.workgroup,,references,doc,medium,service-exact,get_custom_domain_association,redshift-serverless.GetCustomDomainAssociation,,no,absent,0,0,,0,0,0,no source resources of this type were collected,2026-08-16T15:50:20+00:00
redshift-serverless.endpoint_access,,redshift-serverless,endpoint.vpcEndpoint.networkInterfaces[].networkInterfaceId,list_dict,ec2.network_interface,eni,attached-to,doc,medium,well-known,get_endpoint_access,redshift-serverless.GetEndpointAccess,,yes,absent,0,0,,0,0,0,no source resources of this type were collected,2026-08-16T15:50:20+00:00
redshift-serverless.endpoint_access,,redshift-serverless,vpcEndpoint.networkInterfaces[].networkInterfaceId,list_dict,ec2.network_interface,eni,attached-to,doc,medium,well-known,list_endpoint_access,redshift-serverless.ListEndpointAccess,,yes,absent,0,0,,0,0,0,no source resources of this type were collected,2026-08-16T15:50:20+00:00
redshift-serverless.endpoint_access,,redshift-serverless,endpoint.vpcSecurityGroups[].vpcSecurityGroupId,list_dict,ec2.security_group,security-group,protected-by,doc,medium,well-known,get_endpoint_access,redshift-serverless.GetEndpointAccess,,yes,absent,0,0,,0,0,0,no source resources of this type were collected,2026-08-16T15:50:20+00:00
redshift-serverless.endpoint_access,,redshift-serverless,vpcSecurityGroups[].vpcSecurityGroupId,list_dict,ec2.security_group,security-group,protected-by,doc,medium,well-known,list_endpoint_access,redshift-serverless.ListEndpointAccess,,yes,absent,0,0,,0,0,0,no source resources of this type were collected,2026-08-16T15:50:20+00:00
redshift-serverless.endpoint_access,,redshift-serverless,endpoint.vpcEndpoint.networkInterfaces[].subnetId,list_dict,ec2.subnet,subnet,contained-in,doc,medium,leaf-hint,get_endpoint_access,redshift-serverless.GetEndpointAccess,,yes,absent,0,0,,0,0,0,no source resources of this type were collected,2026-08-16T15:50:20+00:00
redshift-serverless.endpoint_access,,redshift-serverless,vpcEndpoint.networkInterfaces[].subnetId,list_dict,ec2.subnet,subnet,contained-in,doc,medium,leaf-hint,list_endpoint_access,redshift-serverless.ListEndpointAccess,,yes,absent,0,0,,0,0,0,no source resources of this type were collected,2026-08-16T15:50:20+00:00
redshift-serverless.endpoint_access,,redshift-serverless,endpoint.endpointName,dotted,ec2.vpc,vpc,contained-in,doc,medium,well-known,get_endpoint_access,redshift-serverless.GetEndpointAccess,,yes,absent,0,0,,0,0,0,no source resources of this type were collected,2026-08-16T15:50:20+00:00
redshift-serverless.endpoint_access,,redshift-serverless,endpoint.vpcEndpoint.vpcId,dotted,ec2.vpc,vpc,contained-in,doc,medium,leaf-hint,get_endpoint_access,redshift-serverless.GetEndpointAccess,,yes,absent,0,0,,0,0,0,no source resources of this type were collected,2026-08-16T15:50:20+00:00
redshift-serverless.endpoint_access,,redshift-serverless,endpointName,scalar,ec2.vpc,vpc,contained-in,doc,medium,well-known,list_endpoint_access,redshift-serverless.ListEndpointAccess,,yes,absent,0,0,,0,0,0,no source resources of this type were collected,2026-08-16T15:50:20+00:00
redshift-serverless.endpoint_access,,redshift-serverless,vpcEndpoint.vpcId,dotted,ec2.vpc,vpc,contained-in,doc,medium,leaf-hint,list_endpoint_access,redshift-serverless.ListEndpointAccess,,yes,absent,0,0,,0,0,0,no source resources of this type were collected,2026-08-16T15:50:20+00:00
redshift-serverless.endpoint_access,,redshift-serverless,endpoint.workgroupName,dotted,redshift-serverless.workgroup,,references,doc,medium,service-exact,get_endpoint_access,redshift-serverless.GetEndpointAccess,,no,absent,0,0,,0,0,0,no source resources of this type were collected,2026-08-16T15:50:20+00:00
redshift-serverless.endpoint_access,,redshift-serverless,workgroupName,scalar,redshift-serverless.workgroup,,references,doc,medium,service-exact,list_endpoint_access,redshift-serverless.ListEndpointAccess,,no,absent,0,0,,0,0,0,no source resources of this type were collected,2026-08-16T15:50:20+00:00
redshift-serverless.namespace,,redshift-serverless,adminPasswordSecretKmsKeyId,scalar,kms.key,kms-key,encrypted-by,doc,medium,well-known,list_namespaces,redshift-serverless.ListNamespaces,,no,absent,0,0,,0,0,0,no source resources of this type were collected,2026-08-16T15:50:20+00:00
redshift-serverless.namespace,,redshift-serverless,namespace.adminPasswordSecretKmsKeyId,dotted,kms.key,kms-key,encrypted-by,doc,medium,well-known,get_namespace,redshift-serverless.GetNamespace,,no,absent,0,0,,0,0,0,no source resources of this type were collected,2026-08-16T15:50:20+00:00
redshift-serverless.snapshot,,redshift-serverless,adminPasswordSecretKmsKeyId,scalar,kms.key,kms-key,encrypted-by,doc,medium,well-known,list_snapshots,redshift-serverless.ListSnapshots,,no,absent,0,0,,0,0,0,no source resources of this type were collected,2026-08-16T15:50:20+00:00
redshift-serverless.snapshot,,redshift-serverless,kmsKeyId,scalar,kms.key,kms-key,encrypted-by,doc,medium,well-known,list_snapshots,redshift-serverless.ListSnapshots,,no,absent,0,0,,0,0,0,no source resources of this type were collected,2026-08-16T15:50:20+00:00
redshift-serverless.snapshot,,redshift-serverless,snapshot.adminPasswordSecretKmsKeyId,dotted,kms.key,kms-key,encrypted-by,doc,medium,well-known,get_snapshot,redshift-serverless.GetSnapshot,,no,absent,0,0,,0,0,0,no source resources of this type were collected,2026-08-16T15:50:20+00:00
redshift-serverless.snapshot,,redshift-serverless,snapshot.kmsKeyId,dotted,kms.key,kms-key,encrypted-by,doc,medium,well-known,get_snapshot,redshift-serverless.GetSnapshot,,no,absent,0,0,,0,0,0,no source resources of this type were collected,2026-08-16T15:50:20+00:00
redshift-serverless.table_restore_status,,redshift-serverless,recoveryPointId,scalar,redshift-serverless.recovery_point,,references,doc,medium,service-partial,list_table_restore_status,redshift-serverless.ListTableRestoreStatus,,yes,absent,0,0,,0,0,0,no source resources of this type were collected,2026-08-16T15:50:20+00:00
redshift-serverless.table_restore_status,,redshift-serverless,tableRestoreStatus.recoveryPointId,dotted,redshift-serverless.recovery_point,,references,doc,medium,service-partial,get_table_restore_status,redshift-serverless.GetTableRestoreStatus,,yes,absent,0,0,,0,0,0,no source resources of this type were collected,2026-08-16T15:50:20+00:00
redshift-serverless.table_restore_status,,redshift-serverless,tableRestoreStatus.workgroupName,dotted,redshift-serverless.workgroup,,references,doc,medium,service-exact,get_table_restore_status,redshift-serverless.GetTableRestoreStatus,,no,absent,0,0,,0,0,0,no source resources of this type were collected,2026-08-16T15:50:20+00:00
redshift-serverless.table_restore_status,,redshift-serverless,workgroupName,scalar,redshift-serverless.workgroup,,references,doc,medium,service-exact,list_table_restore_status,redshift-serverless.ListTableRestoreStatus,,no,absent,0,0,,0,0,0,no source resources of this type were collected,2026-08-16T15:50:20+00:00
redshift-serverless.workgroup,,redshift-serverless,endpoint.vpcEndpoints[].networkInterfaces[].networkInterfaceId,list_nested,ec2.network_interface,eni,attached-to,doc,medium,well-known,list_workgroups,redshift-serverless.ListWorkgroups,,no,absent,0,0,,0,0,0,no source resources of this type were collected,2026-08-16T15:50:20+00:00
redshift-serverless.workgroup,,redshift-serverless,workgroup.endpoint.vpcEndpoints[].networkInterfaces[].networkInterfaceId,list_nested,ec2.network_interface,eni,attached-to,doc,medium,well-known,get_workgroup,redshift-serverless.GetWorkgroup,,no,absent,0,0,,0,0,0,no source resources of this type were collected,2026-08-16T15:50:20+00:00
redshift-serverless.workgroup,,redshift-serverless,endpoint.vpcEndpoints[].networkInterfaces[].subnetId,list_nested,ec2.subnet,subnet,contained-in,doc,medium,leaf-hint,list_workgroups,redshift-serverless.ListWorkgroups,,no,absent,0,0,,0,0,0,no source resources of this type were collected,2026-08-16T15:50:20+00:00
redshift-serverless.workgroup,,redshift-serverless,workgroup.endpoint.vpcEndpoints[].networkInterfaces[].subnetId,list_nested,ec2.subnet,subnet,contained-in,doc,medium,leaf-hint,get_workgroup,redshift-serverless.GetWorkgroup,,no,absent,0,0,,0,0,0,no source resources of this type were collected,2026-08-16T15:50:20+00:00
redshift-serverless.workgroup,,redshift-serverless,endpoint.vpcEndpoints[].vpcId,list_dict,ec2.vpc,vpc,contained-in,doc,medium,leaf-hint,list_workgroups,redshift-serverless.ListWorkgroups,,no,absent,0,0,,0,0,0,no source resources of this type were collected,2026-08-16T15:50:20+00:00
redshift-serverless.workgroup,,redshift-serverless,workgroup.endpoint.vpcEndpoints[].vpcId,list_dict,ec2.vpc,vpc,contained-in,doc,medium,leaf-hint,get_workgroup,redshift-serverless.GetWorkgroup,,no,absent,0,0,,0,0,0,no source resources of this type were collected,2026-08-16T15:50:20+00:00
redshift.cluster,redshift,redshift,Endpoint.VpcEndpoints[].NetworkInterfaces[].NetworkInterfaceId,list_nested,ec2.network_interface,eni,attached-to,doc,medium,leaf-hint,describe_clusters,redshift.DescribeClusters,,yes,absent,0,0,,0,0,0,no source resources of this type were collected,2026-08-16T15:50:20+00:00
redshift.cluster,redshift,redshift,ClusterSecurityGroups.items.anyOf[0],dotted,ec2.security_group,security-group,protected-by,cfn,high,curated,describe_clusters,AWS::Redshift::Cluster/properties/ClusterSecurityGroups/items/anyOf[0],,yes,absent,0,0,,0,0,0,no source resources of this type were collected,2026-08-16T15:50:20+00:00
redshift.cluster,redshift,redshift,VpcSecurityGroups[].VpcSecurityGroupId,list_dict,ec2.security_group,security-group,protected-by,c7n,high,curated,describe_clusters,aws.redshift.filters.security-group,"asff,doc",yes,absent,0,0,,0,0,0,no source resources of this type were collected,2026-08-16T15:50:20+00:00
redshift.cluster,redshift,redshift,,,ec2.subnet,subnet,contained-in,c7n,declared-no-path,curated,describe_clusters,aws.redshift.filters.subnet,,yes,absent,0,0,,0,0,0,no source resources of this type were collected,2026-08-16T15:50:20+00:00
redshift.cluster,redshift,redshift,Endpoint.VpcEndpoints[].NetworkInterfaces[].SubnetId,list_nested,ec2.subnet,subnet,contained-in,doc,medium,leaf-hint,describe_clusters,redshift.DescribeClusters,,yes,absent,0,0,,0,0,0,no source resources of this type were collected,2026-08-16T15:50:20+00:00
redshift.cluster,redshift,redshift,Endpoint.VpcEndpoints[].VpcId,list_dict,ec2.vpc,vpc,contained-in,doc,medium,leaf-hint,describe_clusters,redshift.DescribeClusters,,yes,absent,0,0,,0,0,0,no source resources of this type were collected,2026-08-16T15:50:20+00:00
redshift.cluster,redshift,redshift,VpcId,scalar,ec2.vpc,vpc,contained-in,asff,high,curated,describe_clusters,securityhub.GetFindings: 'VPC that the cluster is in',doc,yes,absent,0,0,,0,0,0,no source resources of this type were collected,2026-08-16T15:50:20+00:00
redshift.cluster,redshift,redshift,VpcSecurityGroupIds.items,dotted,ec2.vpc,vpc,contained-in,cfn,high,curated,describe_clusters,AWS::Redshift::Cluster/properties/VpcSecurityGroupIds/items,,yes,absent,0,0,,0,0,0,no source resources of this type were collected,2026-08-16T15:50:20+00:00
redshift.cluster,redshift,redshift,IamRoles.items,dotted,iam.role,iam-role,assumes,cfn,high,curated,describe_clusters,AWS::Redshift::Cluster/properties/IamRoles/items,,yes,absent,0,0,,0,0,0,no source resources of this type were collected,2026-08-16T15:50:20+00:00
redshift.cluster,redshift,redshift,IamRoles[].IamRoleArn,list_dict,iam.role,iam-role,assumes,asff,medium,curated,describe_clusters,securityhub.GetFindings: 'IAM role',,yes,absent,0,0,,0,0,0,no source resources of this type were collected,2026-08-16T15:50:20+00:00
redshift.cluster,redshift,redshift,KmsKeyId,scalar,kms.key,kms-key,encrypted-by,c7n,high,curated,describe_clusters,aws.redshift.filters.kms-key,doc,yes,absent,0,0,,0,0,0,no source resources of this type were collected,2026-08-16T15:50:20+00:00
redshift.cluster,redshift,redshift,KmsKeyId.anyOf[0],dotted,kms.key,kms-key,encrypted-by,cfn,high,curated,describe_clusters,AWS::Redshift::Cluster/properties/KmsKeyId/anyOf[0],,yes,absent,0,0,,0,0,0,no source resources of this type were collected,2026-08-16T15:50:20+00:00
redshift.cluster,redshift,redshift,KmsKeyId.anyOf[1],dotted,kms.key,kms-key,encrypted-by,cfn,high,curated,describe_clusters,AWS::Redshift::Cluster/properties/KmsKeyId/anyOf[1],,yes,absent,0,0,,0,0,0,no source resources of this type were collected,2026-08-16T15:50:20+00:00
redshift.cluster,redshift,redshift,MasterPasswordSecretKmsKeyId,scalar,kms.key,kms-key,encrypted-by,doc,medium,curated,describe_clusters,redshift.DescribeClusters: 'Key Management Service',,yes,absent,0,0,,0,0,0,no source resources of this type were collected,2026-08-16T15:50:20+00:00
redshift.cluster,redshift,redshift,MasterPasswordSecretKmsKeyId.anyOf[0],dotted,kms.key,kms-key,encrypted-by,cfn,high,curated,describe_clusters,AWS::Redshift::Cluster/properties/MasterPasswordSecretKmsKeyId/anyOf[0],,yes,absent,0,0,,0,0,0,no source resources of this type were collected,2026-08-16T15:50:20+00:00
redshift.cluster,redshift,redshift,MasterPasswordSecretKmsKeyId.anyOf[1],dotted,kms.key,kms-key,encrypted-by,cfn,high,curated,describe_clusters,AWS::Redshift::Cluster/properties/MasterPasswordSecretKmsKeyId/anyOf[1],,yes,absent,0,0,,0,0,0,no source resources of this type were collected,2026-08-16T15:50:20+00:00
redshift.cluster,redshift,redshift,ClusterParameterGroups[].ParameterGroupName,list_dict,redshift.cluster_parameter_group,,references,doc,medium,service-exact,describe_clusters,redshift.DescribeClusters,,yes,absent,0,0,,0,0,0,no source resources of this type were collected,2026-08-16T15:50:20+00:00
redshift.cluster,redshift,redshift,ClusterSecurityGroups[].ClusterSecurityGroupName,list_dict,redshift.cluster_security_group,,references,doc,medium,service-exact,describe_clusters,redshift.DescribeClusters,,yes,absent,0,0,,0,0,0,no source resources of this type were collected,2026-08-16T15:50:20+00:00
redshift.cluster,redshift,redshift,DeferredMaintenanceWindows[].DeferMaintenanceIdentifier,list_dict,ssm.maintenance_window,,references,doc,medium,global-exact,describe_clusters,redshift.DescribeClusters,,yes,absent,0,0,,0,0,0,no source resources of this type were collected,2026-08-16T15:50:20+00:00
redshift.cluster_db_revision,,redshift,ClusterIdentifier,scalar,redshift.cluster,redshift,references,doc,medium,service-exact,describe_cluster_db_revisions,redshift.DescribeClusterDbRevisions,,yes,absent,0,0,,0,0,0,no source resources of this type were collected,2026-08-16T15:50:20+00:00
redshift.cluster_subnet_group,redshift-subnet-group,redshift,SubnetIds.items,dotted,ec2.subnet,subnet,contained-in,cfn,high,curated,describe_cluster_subnet_groups,AWS::Redshift::ClusterSubnetGroup/properties/SubnetIds/items,,yes,absent,0,0,,0,0,0,no source resources of this type were collected,2026-08-16T15:50:20+00:00
redshift.cluster_subnet_group,redshift-subnet-group,redshift,Subnets[].SubnetIdentifier,list_dict,ec2.subnet,subnet,contained-in,doc,medium,curated,describe_cluster_subnet_groups,redshift.DescribeClusterSubnetGroups: 'subnet',,yes,absent,0,0,,0,0,0,no source resources of this type were collected,2026-08-16T15:50:20+00:00
redshift.cluster_subnet_group,redshift-subnet-group,redshift,VpcId,scalar,ec2.vpc,vpc,contained-in,doc,medium,curated,describe_cluster_subnet_groups,redshift.DescribeClusterSubnetGroups: 'cluster subnet group',,yes,absent,0,0,,0,0,0,no source resources of this type were collected,2026-08-16T15:50:20+00:00
redshift.endpoint_access,,redshift,VpcEndpoint.NetworkInterfaces[].NetworkInterfaceId,list_dict,ec2.network_interface,eni,attached-to,doc,medium,leaf-hint,describe_endpoint_access,redshift.DescribeEndpointAccess,,yes,absent,0,0,,0,0,0,no source resources of this type were collected,2026-08-16T15:50:20+00:00
redshift.endpoint_access,,redshift,VpcSecurityGroups[].VpcSecurityGroupId,list_dict,ec2.security_group,security-group,protected-by,doc,medium,well-known,describe_endpoint_access,redshift.DescribeEndpointAccess,,yes,absent,0,0,,0,0,0,no source resources of this type were collected,2026-08-16T15:50:20+00:00
redshift.endpoint_access,,redshift,VpcEndpoint.NetworkInterfaces[].SubnetId,list_dict,ec2.subnet,subnet,contained-in,doc,medium,leaf-hint,describe_endpoint_access,redshift.DescribeEndpointAccess,,yes,absent,0,0,,0,0,0,no source resources of this type were collected,2026-08-16T15:50:20+00:00
redshift.endpoint_access,,redshift,VpcEndpoint.VpcId,dotted,ec2.vpc,vpc,contained-in,doc,medium,leaf-hint,describe_endpoint_access,redshift.DescribeEndpointAccess,,yes,absent,0,0,,0,0,0,no source resources of this type were collected,2026-08-16T15:50:20+00:00
redshift.endpoint_access,,redshift,ClusterIdentifier,scalar,redshift.cluster,redshift,references,doc,medium,service-exact,describe_endpoint_access,redshift.DescribeEndpointAccess,,yes,absent,0,0,,0,0,0,no source resources of this type were collected,2026-08-16T15:50:20+00:00
redshift.logging_status,,redshift,BucketName,scalar,s3.bucket,s3,references,doc,medium,well-known,describe_logging_status,redshift.DescribeLoggingStatus,,yes,absent,0,0,,0,0,0,no source resources of this type were collected,2026-08-16T15:50:20+00:00
redshift.redshift_snapshot,redshift-snapshot,redshift,MasterPasswordSecretKmsKeyId,scalar,kms.key,kms-key,encrypted-by,doc,medium,curated,describe_cluster_snapshots,redshift.DescribeClusterSnapshots: 'Key Management Service',,yes,absent,0,0,,0,0,0,no source resources of this type were collected,2026-08-16T15:50:20+00:00
redshift.scheduled_action,,redshift,TargetAction.ResizeCluster.ReservedNodeId,dotted,memorydb.reserved_node,,references,doc,medium,global-exact,describe_scheduled_actions,redshift.DescribeScheduledActions,,yes,absent,0,0,,0,0,0,no source resources of this type were collected,2026-08-16T15:50:20+00:00
redshift.scheduled_action,,redshift,TargetAction.PauseCluster.ClusterIdentifier,dotted,redshift.cluster,redshift,references,doc,medium,service-exact,describe_scheduled_actions,redshift.DescribeScheduledActions,,yes,absent,0,0,,0,0,0,no source resources of this type were collected,2026-08-16T15:50:20+00:00
redshift.scheduled_action,,redshift,TargetAction.ResizeCluster.ClusterIdentifier,dotted,redshift.cluster,redshift,references,doc,medium,service-exact,describe_scheduled_actions,redshift.DescribeScheduledActions,,yes,absent,0,0,,0,0,0,no source resources of this type were collected,2026-08-16T15:50:20+00:00
redshift.scheduled_action,,redshift,TargetAction.ResumeCluster.ClusterIdentifier,dotted,redshift.cluster,redshift,references,doc,medium,service-exact,describe_scheduled_actions,redshift.DescribeScheduledActions,,yes,absent,0,0,,0,0,0,no source resources of this type were collected,2026-08-16T15:50:20+00:00
rekognition.media_analysis_job,,rekognition,KmsKeyId,scalar,kms.key,kms-key,encrypted-by,doc,medium,leaf-hint,get_media_analysis_job,rekognition.GetMediaAnalysisJob,,yes,absent,0,0,,0,0,0,no source resources of this type were collected,2026-08-16T15:50:20+00:00
rekognition.project,,rekognition,KmsKeyId,scalar,kms.key,kms-key,encrypted-by,doc,medium,leaf-hint,describe_project_versions,rekognition.DescribeProjectVersions,,yes,absent,0,0,,0,0,0,no source resources of this type were collected,2026-08-16T15:50:20+00:00
rekognition.stream_processor,,rekognition,KmsKeyId,scalar,kms.key,kms-key,encrypted-by,doc,medium,leaf-hint,describe_stream_processor,rekognition.DescribeStreamProcessor,,yes,absent,0,0,,0,0,0,no source resources of this type were collected,2026-08-16T15:50:20+00:00
repostspace.space,,repostspace,clientId,scalar,panorama.application_instance,,references,doc,medium,global-exact,get_space,repostspace.GetSpace,,yes,absent,0,0,,0,0,0,no source resources of this type were collected,2026-08-16T15:50:20+00:00
resiliencehub.app_assessment,,resiliencehub,assessment.versionName,dotted,resiliencehub.app,,references,doc,medium,service-partial,describe_app_assessment,resiliencehub.DescribeAppAssessment,,yes,absent,0,0,,0,0,0,no source resources of this type were collected,2026-08-16T15:50:20+00:00
resiliencehub.app_component_compliance,,resiliencehub,appComponentName,scalar,resiliencehub.app,,references,doc,medium,service-partial,list_app_component_compliances,resiliencehub.ListAppComponentCompliances,,yes,absent,0,0,,0,0,0,no source resources of this type were collected,2026-08-16T15:50:20+00:00
resiliencehub.app_component_recommendation,,resiliencehub,appComponentName,scalar,resiliencehub.app,,references,doc,medium,service-partial,list_app_component_recommendations,resiliencehub.ListAppComponentRecommendations,,yes,absent,0,0,,0,0,0,no source resources of this type were collected,2026-08-16T15:50:20+00:00
resiliencehub.app_component_recommendation,,resiliencehub,configRecommendations[].appComponentName,list_dict,resiliencehub.app,,references,doc,medium,service-partial,list_app_component_recommendations,resiliencehub.ListAppComponentRecommendations,,yes,absent,0,0,,0,0,0,no source resources of this type were collected,2026-08-16T15:50:20+00:00
resiliencehub.app_version,,resiliencehub,versionName,scalar,resiliencehub.app,,references,doc,medium,service-partial,list_app_versions,resiliencehub.ListAppVersions,,yes,absent,0,0,,0,0,0,no source resources of this type were collected,2026-08-16T15:50:20+00:00
resiliencehub.app_version_resource_mapping,,resiliencehub,appRegistryAppName,scalar,resiliencehub.app,,references,doc,medium,service-partial,list_app_version_resource_mappings,resiliencehub.ListAppVersionResourceMappings,,yes,absent,0,0,,0,0,0,no source resources of this type were collected,2026-08-16T15:50:20+00:00
resiliencehub.app_version_resource_mapping,,resiliencehub,resourceGroupName,scalar,resiliencehub.app,,references,doc,medium,service-partial,list_app_version_resource_mappings,resiliencehub.ListAppVersionResourceMappings,,yes,absent,0,0,,0,0,0,no source resources of this type were collected,2026-08-16T15:50:20+00:00
resiliencehub.app_version_resource_mapping,,resiliencehub,resourceName,scalar,resiliencehub.app,,references,doc,medium,service-partial,list_app_version_resource_mappings,resiliencehub.ListAppVersionResourceMappings,,yes,absent,0,0,,0,0,0,no source resources of this type were collected,2026-08-16T15:50:20+00:00
resiliencehub.sop_recommendation,,resiliencehub,appComponentName,scalar,resiliencehub.app,,references,doc,medium,service-partial,list_sop_recommendations,resiliencehub.ListSopRecommendations,,yes,absent,0,0,,0,0,0,no source resources of this type were collected,2026-08-16T15:50:20+00:00
resiliencehub.test_recommendation,,resiliencehub,appComponentName,scalar,resiliencehub.app,,references,doc,medium,service-partial,list_test_recommendations,resiliencehub.ListTestRecommendations,,yes,absent,0,0,,0,0,0,no source resources of this type were collected,2026-08-16T15:50:20+00:00
resource-groups.group_configuration,,resource-groups,GroupConfiguration.Configuration[].Parameters[].Name,list_nested,resource-groups.group,,references,doc,medium,service-exact,get_group_configuration,resource-groups.GetGroupConfiguration,,no,absent,0,0,,0,0,0,no source resources of this type were collected,2026-08-16T15:50:20+00:00
resource-groups.group_configuration,,resource-groups,GroupConfiguration.ProposedConfiguration[].Parameters[].Name,list_nested,resource-groups.group,,references,doc,medium,service-exact,get_group_configuration,resource-groups.GetGroupConfiguration,,no,absent,0,0,,0,0,0,no source resources of this type were collected,2026-08-16T15:50:20+00:00
rolesanywhere.crl,,rolesanywhere,crl.trustAnchorArn,dotted,rolesanywhere.trust_anchor,,references,doc,medium,service-exact,get_crl,rolesanywhere.GetCrl,,yes,absent,0,0,,0,0,0,no source resources of this type were collected,2026-08-16T15:50:20+00:00
rolesanywhere.crl,,rolesanywhere,trustAnchorArn,scalar,rolesanywhere.trust_anchor,,references,doc,medium,service-exact,list_crls,rolesanywhere.ListCrls,,yes,absent,0,0,,0,0,0,no source resources of this type were collected,2026-08-16T15:50:20+00:00
rolesanywhere.subject,,rolesanywhere,subject.subjectArn,dotted,rolesanywhere.tags_for_resource,,references,doc,medium,service-partial,get_subject,rolesanywhere.GetSubject,,no,absent,0,0,,0,0,0,no source resources of this type were collected,2026-08-16T15:50:20+00:00
rolesanywhere.subject,,rolesanywhere,subjectArn,scalar,rolesanywhere.tags_for_resource,,references,doc,medium,service-partial,list_subjects,rolesanywhere.ListSubjects,,no,absent,0,0,,0,0,0,no source resources of this type were collected,2026-08-16T15:50:20+00:00
rolesanywhere.subject,,rolesanywhere,subjectId,scalar,rolesanywhere.tags_for_resource,,references,doc,medium,service-partial,list_subjects,rolesanywhere.ListSubjects,,no,absent,0,0,,0,0,0,no source resources of this type were collected,2026-08-16T15:50:20+00:00
route53-recovery-control-config.control_panel,recovery-control-panel,route53-recovery-control-config,ClusterArn,scalar,route53-recovery-control-config.cluster,recovery-cluster,contained-in,parent_spec,high,declared,,c7n parent_spec of recovery-control-panel,,yes,absent,0,0,,0,0,0,no source resources of this type were collected,2026-08-16T15:50:20+00:00
route53-recovery-readiness.readiness_check_resource_status,,route53-recovery-readiness,RuleId,scalar,route53-recovery-readiness.rule,,references,doc,medium,service-exact,get_readiness_check_resource_status,route53-recovery-readiness.GetReadinessCheckResourceStatus,,yes,absent,0,0,,0,0,0,no source resources of this type were collected,2026-08-16T15:50:20+00:00
route53.hosted_zone,hostedzone,route53,VPCId,scalar,ec2.vpc,vpc,contained-in,doc,medium,leaf-hint,get_hosted_zone,route53.GetHostedZone,,yes,absent,3,0,0.00,0,0,0,path never populated across 3 resource(s),2026-08-16T15:50:20+00:00
route53.record_set,rrset,route53,HealthCheckId,scalar,route53.health_check,healthcheck,references,doc,medium,service-partial,list_resource_record_sets,route53.ListResourceRecordSets,,no,absent,0,0,,0,0,0,no source resources of this type were collected,2026-08-16T15:50:20+00:00
route53.record_set,rrset,route53,HostedZoneId,scalar,route53.hosted_zone,hostedzone,contained-in,parent_spec,high,declared,,c7n parent_spec of rrset,,no,absent,0,0,,0,0,0,no source resources of this type were collected,2026-08-16T15:50:20+00:00
route53domains.operation_detail,,route53domains,OperationId,scalar,route53domains.operation,,references,doc,medium,service-exact,get_operation_detail,route53domains.GetOperationDetail,,yes,absent,0,0,,0,0,0,no source resources of this type were collected,2026-08-16T15:50:20+00:00
route53resolver.firewall_rule_group_association,,route53resolver,FirewallRuleGroupAssociation.VpcId,dotted,ec2.vpc,vpc,contained-in,doc,medium,leaf-hint,get_firewall_rule_group_association,route53resolver.GetFirewallRuleGroupAssociation,,yes,absent,0,0,,0,0,0,no source resources of this type were collected,2026-08-16T15:50:20+00:00
route53resolver.firewall_rule_group_association,,route53resolver,VpcId,scalar,ec2.vpc,vpc,contained-in,doc,medium,leaf-hint,list_firewall_rule_group_associations,route53resolver.ListFirewallRuleGroupAssociations,,yes,absent,0,0,,0,0,0,no source resources of this type were collected,2026-08-16T15:50:20+00:00
route53resolver.firewall_rule_group_association,,route53resolver,FirewallRuleGroupAssociation.FirewallRuleGroupId,dotted,route53resolver.firewall_rule_group,,references,doc,medium,service-exact,get_firewall_rule_group_association,route53resolver.GetFirewallRuleGroupAssociation,,yes,absent,0,0,,0,0,0,no source resources of this type were collected,2026-08-16T15:50:20+00:00
route53resolver.firewall_rule_group_association,,route53resolver,FirewallRuleGroupId,scalar,route53resolver.firewall_rule_group,,references,doc,medium,service-exact,list_firewall_rule_group_associations,route53resolver.ListFirewallRuleGroupAssociations,,yes,absent,0,0,,0,0,0,no source resources of this type were collected,2026-08-16T15:50:20+00:00
route53resolver.outpost_resolver,,route53resolver,Id,scalar,appsync.resolver,,references,doc,medium,global-exact,list_outpost_resolvers,route53resolver.ListOutpostResolvers,,no,absent,0,0,,0,0,0,no source resources of this type were collected,2026-08-16T15:50:20+00:00
route53resolver.outpost_resolver,,route53resolver,Name,scalar,appsync.resolver,,references,doc,medium,global-exact,list_outpost_resolvers,route53resolver.ListOutpostResolvers,,no,absent,0,0,,0,0,0,no source resources of this type were collected,2026-08-16T15:50:20+00:00
route53resolver.outpost_resolver,,route53resolver,OutpostResolver.Id,dotted,appsync.resolver,,references,doc,medium,global-exact,get_outpost_resolver,route53resolver.GetOutpostResolver,,no,absent,0,0,,0,0,0,no source resources of this type were collected,2026-08-16T15:50:20+00:00
route53resolver.outpost_resolver,,route53resolver,OutpostResolver.Name,dotted,appsync.resolver,,references,doc,medium,global-exact,get_outpost_resolver,route53resolver.GetOutpostResolver,,no,absent,0,0,,0,0,0,no source resources of this type were collected,2026-08-16T15:50:20+00:00
route53resolver.resolver_config,route53resolver-config,route53resolver,ResourceId,scalar,ec2.vpc,vpc,contained-in,hand,high,curated,list_resolver_configs,resolver config is per-VPC; ResourceId is the VPC it configures,,yes,confirmed,1,1,1.00,1,0,0,all 1 resource(s) populated the path and 1 target(s) resolved,2026-08-16T15:50:20+00:00
route53resolver.resolver_dnssec_config,,route53resolver,ResolverDNSSECConfig.ResourceId,dotted,ec2.vpc,vpc,contained-in,doc,medium,well-known,get_resolver_dnssec_config,route53resolver.GetResolverDnssecConfig,,yes,absent,0,0,,0,0,0,no source resources of this type were collected,2026-08-16T15:50:20+00:00
route53resolver.resolver_dnssec_config,,route53resolver,ResourceId,scalar,ec2.vpc,vpc,contained-in,doc,medium,well-known,list_resolver_dnssec_configs,route53resolver.ListResolverDnssecConfigs,,yes,absent,0,0,,0,0,0,no source resources of this type were collected,2026-08-16T15:50:20+00:00
route53resolver.resolver_endpoint_ip_address,,route53resolver,SubnetId,scalar,ec2.subnet,subnet,contained-in,doc,medium,leaf-hint,list_resolver_endpoint_ip_addresses,route53resolver.ListResolverEndpointIpAddresses,,yes,absent,0,0,,0,0,0,no source resources of this type were collected,2026-08-16T15:50:20+00:00
route53resolver.resolver_query_log_config,,route53resolver,Arn,scalar,amp.query_logging_configuration,,references,doc,medium,global-exact,list_resolver_query_log_configs,route53resolver.ListResolverQueryLogConfigs,,no,absent,0,0,,0,0,0,no source resources of this type were collected,2026-08-16T15:50:20+00:00
route53resolver.resolver_query_log_config,,route53resolver,Id,scalar,amp.query_logging_configuration,,references,doc,medium,global-exact,list_resolver_query_log_configs,route53resolver.ListResolverQueryLogConfigs,,no,absent,0,0,,0,0,0,no source resources of this type were collected,2026-08-16T15:50:20+00:00
route53resolver.resolver_query_log_config,,route53resolver,Name,scalar,amp.query_logging_configuration,,references,doc,medium,global-exact,list_resolver_query_log_configs,route53resolver.ListResolverQueryLogConfigs,,no,absent,0,0,,0,0,0,no source resources of this type were collected,2026-08-16T15:50:20+00:00
route53resolver.resolver_query_log_config,,route53resolver,ResolverQueryLogConfig.Arn,dotted,amp.query_logging_configuration,,references,doc,medium,global-exact,get_resolver_query_log_config,route53resolver.GetResolverQueryLogConfig,,no,absent,0,0,,0,0,0,no source resources of this type were collected,2026-08-16T15:50:20+00:00
route53resolver.resolver_query_log_config,,route53resolver,ResolverQueryLogConfig.Id,dotted,amp.query_logging_configuration,,references,doc,medium,global-exact,get_resolver_query_log_config,route53resolver.GetResolverQueryLogConfig,,no,absent,0,0,,0,0,0,no source resources of this type were collected,2026-08-16T15:50:20+00:00
route53resolver.resolver_query_log_config,,route53resolver,ResolverQueryLogConfig.Name,dotted,amp.query_logging_configuration,,references,doc,medium,global-exact,get_resolver_query_log_config,route53resolver.GetResolverQueryLogConfig,,no,absent,0,0,,0,0,0,no source resources of this type were collected,2026-08-16T15:50:20+00:00
route53resolver.resolver_query_logging_config,resolver-logs,route53resolver,ResourceArn,scalar,ec2.vpc,vpc,contained-in,c7n,high,curated,list_resolver_query_log_configs,aws.resolver-logs.filters.is-associated,,yes,absent,0,0,,0,0,0,no source resources of this type were collected,2026-08-16T15:50:20+00:00
route53resolver.resolver_rule_association,,route53resolver,ResolverRuleAssociation.VPCId,dotted,ec2.vpc,vpc,contained-in,doc,medium,leaf-hint,get_resolver_rule_association,route53resolver.GetResolverRuleAssociation,,yes,absent,1,0,0.00,0,0,0,path never populated across 1 resource(s),2026-08-16T15:50:20+00:00
route53resolver.resolver_rule_association,,route53resolver,VPCId,scalar,ec2.vpc,vpc,contained-in,doc,medium,leaf-hint,list_resolver_rule_associations,route53resolver.ListResolverRuleAssociations,,yes,confirmed,1,1,1.00,1,0,0,all 1 resource(s) populated the path and 1 target(s) resolved,2026-08-16T15:50:20+00:00
route53resolver.resolver_rule_association,,route53resolver,Id,scalar,route53resolver.resolver_rule,,references,doc,medium,service-partial,list_resolver_rule_associations,route53resolver.ListResolverRuleAssociations,,yes,refuted,1,1,1.00,0,1,0,all 1 value(s) resolved to nothing in the target inventory,2026-08-16T15:50:20+00:00
route53resolver.resolver_rule_association,,route53resolver,ResolverRuleAssociation.Id,dotted,route53resolver.resolver_rule,,references,doc,medium,service-partial,get_resolver_rule_association,route53resolver.GetResolverRuleAssociation,,yes,absent,1,0,0.00,0,0,0,path never populated across 1 resource(s),2026-08-16T15:50:20+00:00
s3.bucket,s3,s3,Destination.S3BucketDestination.Encryption.SSEKMS.KeyId,dotted,kms.key,kms-key,encrypted-by,doc,medium,well-known,list_bucket_inventory_configurations,s3.ListBucketInventoryConfigurations,,yes,absent,55,0,0.00,0,0,0,path never populated across 55 resource(s),2026-08-16T15:50:20+00:00
s3.bucket,s3,s3,InventoryConfiguration.Destination.S3BucketDestination.Encryption.SSEKMS.KeyId,dotted,kms.key,kms-key,encrypted-by,doc,medium,well-known,get_bucket_inventory_configuration,s3.GetBucketInventoryConfiguration,,yes,absent,55,0,0.00,0,0,0,path never populated across 55 resource(s),2026-08-16T15:50:20+00:00
s3.bucket,s3,s3,ServerSideEncryptionConfiguration.Rules[].ApplyServerSideEncryptionByDefault.KMSMasterKeyID,list_dict,kms.key,kms-key,encrypted-by,hand,high,curated,list_buckets,hand-authored from API response shape,,yes,absent,55,0,0.00,0,0,0,path never populated across 55 resource(s),2026-08-16T15:50:20+00:00
s3.directory_bucket,s3-directory,s3,definitions.ServerSideEncryptionByDefaultKMSMasterKeyID.anyOf[0],dotted,kms.key,kms-key,encrypted-by,cfn,high,curated,list_directory_buckets,AWS::S3Express::DirectoryBucket/definitions/ServerSideEncryptionByDefault/properties/KMSMasterKeyID/anyOf[0],,yes,absent,0,0,,0,0,0,no source resources of this type were collected,2026-08-16T15:50:20+00:00
s3.directory_bucket,s3-directory,s3,definitions.ServerSideEncryptionByDefaultKMSMasterKeyID.anyOf[1],dotted,kms.key,kms-key,encrypted-by,cfn,high,curated,list_directory_buckets,AWS::S3Express::DirectoryBucket/definitions/ServerSideEncryptionByDefault/properties/KMSMasterKeyID/anyOf[1],,yes,absent,0,0,,0,0,0,no source resources of this type were collected,2026-08-16T15:50:20+00:00
s3.directory_bucket,s3-directory,s3,Name,scalar,s3.bucket,s3,references,doc,medium,well-known,list_directory_buckets,s3.ListDirectoryBuckets,,yes,absent,0,0,,0,0,0,no source resources of this type were collected,2026-08-16T15:50:20+00:00
s3.object_lock_configuration,,s3,SSEKMSKeyId,scalar,kms.key,kms-key,encrypted-by,doc,medium,well-known,get_object,s3.GetObject,,yes,absent,0,0,,0,0,0,no source resources of this type were collected,2026-08-16T15:50:20+00:00
s3control.access_point,,s3control,VpcConfiguration.VpcId,dotted,ec2.vpc,vpc,contained-in,doc,medium,leaf-hint,get_access_point,s3control.GetAccessPoint,,yes,absent,0,0,,0,0,0,no source resources of this type were collected,2026-08-16T15:50:20+00:00
s3control.access_point_for_object_lambda,,s3control,Name,scalar,s3control.access_point,,references,doc,medium,service-partial,get_access_point_for_object_lambda,s3control.GetAccessPointForObjectLambda,,yes,absent,0,0,,0,0,0,no source resources of this type were collected,2026-08-16T15:50:20+00:00
s3control.access_points_for_object_lambda,,s3control,Name,scalar,s3control.access_point,,references,doc,medium,service-partial,list_access_points_for_object_lambda,s3control.ListAccessPointsForObjectLambda,,yes,absent,0,0,,0,0,0,no source resources of this type were collected,2026-08-16T15:50:20+00:00
s3control.access_points_for_object_lambda,,s3control,ObjectLambdaAccessPointArn,scalar,s3control.access_point,,references,doc,medium,service-partial,list_access_points_for_object_lambda,s3control.ListAccessPointsForObjectLambda,,yes,absent,0,0,,0,0,0,no source resources of this type were collected,2026-08-16T15:50:20+00:00
s3outposts.endpoint,,s3outposts,NetworkInterfaces[].NetworkInterfaceId,list_dict,ec2.network_interface,eni,attached-to,doc,medium,leaf-hint,list_endpoints,s3outposts.ListEndpoints,,yes,absent,0,0,,0,0,0,no source resources of this type were collected,2026-08-16T15:50:20+00:00
s3outposts.endpoint,,s3outposts,SecurityGroupId,scalar,ec2.security_group,security-group,protected-by,doc,medium,well-known,list_endpoints,s3outposts.ListEndpoints,,yes,absent,0,0,,0,0,0,no source resources of this type were collected,2026-08-16T15:50:20+00:00
s3outposts.endpoint,,s3outposts,SubnetId,scalar,ec2.subnet,subnet,contained-in,doc,medium,leaf-hint,list_endpoints,s3outposts.ListEndpoints,,yes,absent,0,0,,0,0,0,no source resources of this type were collected,2026-08-16T15:50:20+00:00
s3outposts.endpoint,,s3outposts,VpcId,scalar,ec2.vpc,vpc,contained-in,doc,medium,leaf-hint,list_endpoints,s3outposts.ListEndpoints,,yes,absent,0,0,,0,0,0,no source resources of this type were collected,2026-08-16T15:50:20+00:00
s3outposts.endpoint,,s3outposts,OutpostsId,scalar,s3outposts.outposts_with_s3,,references,doc,medium,service-partial,list_endpoints,s3outposts.ListEndpoints,,no,absent,0,0,,0,0,0,no source resources of this type were collected,2026-08-16T15:50:20+00:00
s3outposts.shared_endpoint,,s3outposts,NetworkInterfaces[].NetworkInterfaceId,list_dict,ec2.network_interface,eni,attached-to,doc,medium,leaf-hint,list_shared_endpoints,s3outposts.ListSharedEndpoints,,yes,absent,0,0,,0,0,0,no source resources of this type were collected,2026-08-16T15:50:20+00:00
s3outposts.shared_endpoint,,s3outposts,SecurityGroupId,scalar,ec2.security_group,security-group,protected-by,doc,medium,well-known,list_shared_endpoints,s3outposts.ListSharedEndpoints,,yes,absent,0,0,,0,0,0,no source resources of this type were collected,2026-08-16T15:50:20+00:00
s3outposts.shared_endpoint,,s3outposts,SubnetId,scalar,ec2.subnet,subnet,contained-in,doc,medium,leaf-hint,list_shared_endpoints,s3outposts.ListSharedEndpoints,,yes,absent,0,0,,0,0,0,no source resources of this type were collected,2026-08-16T15:50:20+00:00
s3outposts.shared_endpoint,,s3outposts,VpcId,scalar,ec2.vpc,vpc,contained-in,doc,medium,leaf-hint,list_shared_endpoints,s3outposts.ListSharedEndpoints,,yes,absent,0,0,,0,0,0,no source resources of this type were collected,2026-08-16T15:50:20+00:00
s3outposts.shared_endpoint,,s3outposts,OutpostsId,scalar,s3outposts.outposts_with_s3,,references,doc,medium,service-partial,list_shared_endpoints,s3outposts.ListSharedEndpoints,,no,absent,0,0,,0,0,0,no source resources of this type were collected,2026-08-16T15:50:20+00:00
sagemaker.action,,sagemaker,CreatedBy.IamIdentity.PrincipalId,dotted,ram.principal,,references,doc,medium,global-exact,describe_action,sagemaker.DescribeAction,,yes,absent,0,0,,0,0,0,no source resources of this type were collected,2026-08-16T15:50:20+00:00
sagemaker.action,,sagemaker,LastModifiedBy.IamIdentity.PrincipalId,dotted,ram.principal,,references,doc,medium,global-exact,describe_action,sagemaker.DescribeAction,,yes,absent,0,0,,0,0,0,no source resources of this type were collected,2026-08-16T15:50:20+00:00
sagemaker.algorithm,,sagemaker,ValidationSpecification.ValidationProfiles[].TrainingJobDefinition.ResourceConfig.InstanceGroups[].InstanceGroupName,list_nested,ec2.instance,ec2,references,doc,medium,well-known,describe_algorithm,sagemaker.DescribeAlgorithm,,yes,absent,0,0,,0,0,0,no source resources of this type were collected,2026-08-16T15:50:20+00:00
sagemaker.algorithm,,sagemaker,ValidationSpecification.ValidationProfiles[].TrainingJobDefinition.OutputDataConfig.KmsKeyId,list_dict,kms.key,kms-key,encrypted-by,doc,medium,leaf-hint,describe_algorithm,sagemaker.DescribeAlgorithm,,yes,absent,0,0,,0,0,0,no source resources of this type were collected,2026-08-16T15:50:20+00:00
sagemaker.algorithm,,sagemaker,ValidationSpecification.ValidationProfiles[].TransformJobDefinition.TransformOutput.KmsKeyId,list_dict,kms.key,kms-key,encrypted-by,doc,medium,leaf-hint,describe_algorithm,sagemaker.DescribeAlgorithm,,yes,absent,0,0,,0,0,0,no source resources of this type were collected,2026-08-16T15:50:20+00:00
sagemaker.algorithm,,sagemaker,InferenceSpecification.Containers[].ProductId,list_dict,sagemaker.model_package,,references,doc,medium,service-exact,describe_algorithm,sagemaker.DescribeAlgorithm,,yes,absent,0,0,,0,0,0,no source resources of this type were collected,2026-08-16T15:50:20+00:00
sagemaker.app,,sagemaker,ResourceSpec.SageMakerImageVersionArn,dotted,sagemaker.image,,references,doc,medium,service-exact,describe_app,sagemaker.DescribeApp,,yes,absent,0,0,,0,0,0,no source resources of this type were collected,2026-08-16T15:50:20+00:00
sagemaker.app,,sagemaker,SpaceName,scalar,sagemaker.space,,references,doc,medium,service-exact,describe_app,sagemaker.DescribeApp,,yes,absent,0,0,,0,0,0,no source resources of this type were collected,2026-08-16T15:50:20+00:00
sagemaker.app_image_config,,sagemaker,KernelGatewayImageConfig.KernelSpecs[].Name,list_dict,sagemaker.image,,references,doc,medium,service-partial,describe_app_image_config,sagemaker.DescribeAppImageConfig,,yes,absent,0,0,,0,0,0,no source resources of this type were collected,2026-08-16T15:50:20+00:00
sagemaker.cluster,,sagemaker,InstanceGroupName,scalar,ec2.instance,ec2,references,doc,medium,well-known,list_cluster_nodes,sagemaker.ListClusterNodes,,yes,absent,0,0,,0,0,0,no source resources of this type were collected,2026-08-16T15:50:20+00:00
sagemaker.cluster,,sagemaker,InstanceId,scalar,ec2.instance,ec2,references,doc,medium,leaf-hint,list_cluster_nodes,sagemaker.ListClusterNodes,,yes,absent,0,0,,0,0,0,no source resources of this type were collected,2026-08-16T15:50:20+00:00
sagemaker.cluster,,sagemaker,NodeDetails.InstanceId,dotted,ec2.instance,ec2,references,doc,medium,leaf-hint,describe_cluster_node,sagemaker.DescribeClusterNode,,yes,absent,0,0,,0,0,0,no source resources of this type were collected,2026-08-16T15:50:20+00:00
sagemaker.context,,sagemaker,CreatedBy.IamIdentity.PrincipalId,dotted,ram.principal,,references,doc,medium,global-exact,describe_context,sagemaker.DescribeContext,,yes,absent,0,0,,0,0,0,no source resources of this type were collected,2026-08-16T15:50:20+00:00
sagemaker.context,,sagemaker,LastModifiedBy.IamIdentity.PrincipalId,dotted,ram.principal,,references,doc,medium,global-exact,describe_context,sagemaker.DescribeContext,,yes,absent,0,0,,0,0,0,no source resources of this type were collected,2026-08-16T15:50:20+00:00
sagemaker.data_quality_job_definition,,sagemaker,DataQualityJobOutputConfig.KmsKeyId,dotted,kms.key,kms-key,encrypted-by,doc,medium,leaf-hint,describe_data_quality_job_definition,sagemaker.DescribeDataQualityJobDefinition,,yes,absent,0,0,,0,0,0,no source resources of this type were collected,2026-08-16T15:50:20+00:00
sagemaker.data_quality_job_definition,,sagemaker,EndpointName,scalar,sagemaker.endpoint,sagemaker-endpoint,references,doc,medium,service-exact,list_data_quality_job_definitions,sagemaker.ListDataQualityJobDefinitions,,yes,absent,0,0,,0,0,0,no source resources of this type were collected,2026-08-16T15:50:20+00:00
sagemaker.device,,sagemaker,OutputConfig.KmsKeyId,dotted,kms.key,kms-key,encrypted-by,doc,medium,leaf-hint,get_device_fleet_report,sagemaker.GetDeviceFleetReport,,yes,absent,0,0,,0,0,0,no source resources of this type were collected,2026-08-16T15:50:20+00:00
sagemaker.device,,sagemaker,DeviceFleetName,scalar,sagemaker.device_fleet,,references,doc,medium,service-partial,get_device_fleet_report,sagemaker.GetDeviceFleetReport,,yes,absent,0,0,,0,0,0,no source resources of this type were collected,2026-08-16T15:50:20+00:00
sagemaker.device,,sagemaker,ModelName,scalar,sagemaker.model,sagemaker-model,references,doc,medium,service-exact,describe_device,sagemaker.DescribeDevice,,yes,absent,0,0,,0,0,0,no source resources of this type were collected,2026-08-16T15:50:20+00:00
sagemaker.device,,sagemaker,ModelStats[].ModelName,list_dict,sagemaker.model,sagemaker-model,references,doc,medium,service-exact,get_device_fleet_report,sagemaker.GetDeviceFleetReport,,yes,absent,0,0,,0,0,0,no source resources of this type were collected,2026-08-16T15:50:20+00:00
sagemaker.device,,sagemaker,Models[].ModelName,list_dict,sagemaker.model,sagemaker-model,references,doc,medium,service-exact,list_devices,sagemaker.ListDevices,,yes,absent,0,0,,0,0,0,no source resources of this type were collected,2026-08-16T15:50:20+00:00
sagemaker.device_fleet,,sagemaker,OutputConfig.KmsKeyId,dotted,kms.key,kms-key,encrypted-by,doc,medium,leaf-hint,describe_device_fleet,sagemaker.DescribeDeviceFleet,,yes,absent,0,0,,0,0,0,no source resources of this type were collected,2026-08-16T15:50:20+00:00
sagemaker.domain,,sagemaker,VpcId,scalar,ec2.vpc,vpc,contained-in,doc,medium,leaf-hint,describe_domain,sagemaker.DescribeDomain,,yes,absent,0,0,,0,0,0,no source resources of this type were collected,2026-08-16T15:50:20+00:00
sagemaker.domain,,sagemaker,KmsKeyId,scalar,kms.key,kms-key,encrypted-by,doc,medium,leaf-hint,describe_domain,sagemaker.DescribeDomain,,yes,absent,0,0,,0,0,0,no source resources of this type were collected,2026-08-16T15:50:20+00:00
sagemaker.domain,,sagemaker,DefaultSpaceSettings.KernelGatewayAppSettings.CustomImages[].AppImageConfigName,list_dict,sagemaker.app_image_config,,references,doc,medium,service-exact,describe_domain,sagemaker.DescribeDomain,,yes,absent,0,0,,0,0,0,no source resources of this type were collected,2026-08-16T15:50:20+00:00
sagemaker.domain,,sagemaker,DefaultUserSettings.JupyterLabAppSettings.CustomImages[].AppImageConfigName,list_dict,sagemaker.app_image_config,,references,doc,medium,service-exact,describe_domain,sagemaker.DescribeDomain,,yes,absent,0,0,,0,0,0,no source resources of this type were collected,2026-08-16T15:50:20+00:00
sagemaker.domain,,sagemaker,DefaultUserSettings.KernelGatewayAppSettings.CustomImages[].AppImageConfigName,list_dict,sagemaker.app_image_config,,references,doc,medium,service-exact,describe_domain,sagemaker.DescribeDomain,,yes,absent,0,0,,0,0,0,no source resources of this type were collected,2026-08-16T15:50:20+00:00
sagemaker.domain,,sagemaker,DefaultUserSettings.RSessionAppSettings.CustomImages[].AppImageConfigName,list_dict,sagemaker.app_image_config,,references,doc,medium,service-exact,describe_domain,sagemaker.DescribeDomain,,yes,absent,0,0,,0,0,0,no source resources of this type were collected,2026-08-16T15:50:20+00:00
sagemaker.domain,,sagemaker,DefaultSpaceSettings.JupyterServerAppSettings.DefaultResourceSpec.SageMakerImageVersionArn,dotted,sagemaker.image,,references,doc,medium,service-exact,describe_domain,sagemaker.DescribeDomain,,yes,absent,0,0,,0,0,0,no source resources of this type were collected,2026-08-16T15:50:20+00:00
sagemaker.domain,,sagemaker,DefaultSpaceSettings.KernelGatewayAppSettings.CustomImages[].ImageName,list_dict,sagemaker.image,,references,doc,medium,service-partial,describe_domain,sagemaker.DescribeDomain,,yes,absent,0,0,,0,0,0,no source resources of this type were collected,2026-08-16T15:50:20+00:00
sagemaker.domain,,sagemaker,DefaultSpaceSettings.KernelGatewayAppSettings.DefaultResourceSpec.SageMakerImageVersionArn,dotted,sagemaker.image,,references,doc,medium,service-exact,describe_domain,sagemaker.DescribeDomain,,yes,absent,0,0,,0,0,0,no source resources of this type were collected,2026-08-16T15:50:20+00:00
sagemaker.domain,,sagemaker,DefaultUserSettings.CodeEditorAppSettings.DefaultResourceSpec.SageMakerImageVersionArn,dotted,sagemaker.image,,references,doc,medium,service-exact,describe_domain,sagemaker.DescribeDomain,,yes,absent,0,0,,0,0,0,no source resources of this type were collected,2026-08-16T15:50:20+00:00
sagemaker.domain,,sagemaker,DefaultUserSettings.JupyterLabAppSettings.CustomImages[].ImageName,list_dict,sagemaker.image,,references,doc,medium,service-partial,describe_domain,sagemaker.DescribeDomain,,yes,absent,0,0,,0,0,0,no source resources of this type were collected,2026-08-16T15:50:20+00:00
sagemaker.domain,,sagemaker,DefaultUserSettings.JupyterLabAppSettings.DefaultResourceSpec.SageMakerImageVersionArn,dotted,sagemaker.image,,references,doc,medium,service-exact,describe_domain,sagemaker.DescribeDomain,,yes,absent,0,0,,0,0,0,no source resources of this type were collected,2026-08-16T15:50:20+00:00
sagemaker.domain,,sagemaker,DefaultUserSettings.JupyterServerAppSettings.DefaultResourceSpec.SageMakerImageVersionArn,dotted,sagemaker.image,,references,doc,medium,service-exact,describe_domain,sagemaker.DescribeDomain,,yes,absent,0,0,,0,0,0,no source resources of this type were collected,2026-08-16T15:50:20+00:00
sagemaker.domain,,sagemaker,DefaultUserSettings.KernelGatewayAppSettings.CustomImages[].ImageName,list_dict,sagemaker.image,,references,doc,medium,service-partial,describe_domain,sagemaker.DescribeDomain,,yes,absent,0,0,,0,0,0,no source resources of this type were collected,2026-08-16T15:50:20+00:00
sagemaker.domain,,sagemaker,DefaultUserSettings.KernelGatewayAppSettings.DefaultResourceSpec.SageMakerImageVersionArn,dotted,sagemaker.image,,references,doc,medium,service-exact,describe_domain,sagemaker.DescribeDomain,,yes,absent,0,0,,0,0,0,no source resources of this type were collected,2026-08-16T15:50:20+00:00
sagemaker.domain,,sagemaker,DefaultUserSettings.RSessionAppSettings.CustomImages[].ImageName,list_dict,sagemaker.image,,references,doc,medium,service-partial,describe_domain,sagemaker.DescribeDomain,,yes,absent,0,0,,0,0,0,no source resources of this type were collected,2026-08-16T15:50:20+00:00
sagemaker.domain,,sagemaker,DefaultUserSettings.RSessionAppSettings.DefaultResourceSpec.SageMakerImageVersionArn,dotted,sagemaker.image,,references,doc,medium,service-exact,describe_domain,sagemaker.DescribeDomain,,yes,absent,0,0,,0,0,0,no source resources of this type were collected,2026-08-16T15:50:20+00:00
sagemaker.domain,,sagemaker,DefaultUserSettings.TensorBoardAppSettings.DefaultResourceSpec.SageMakerImageVersionArn,dotted,sagemaker.image,,references,doc,medium,service-exact,describe_domain,sagemaker.DescribeDomain,,yes,absent,0,0,,0,0,0,no source resources of this type were collected,2026-08-16T15:50:20+00:00
sagemaker.domain,,sagemaker,DomainSettings.RStudioServerProDomainSettings.DefaultResourceSpec.SageMakerImageVersionArn,dotted,sagemaker.image,,references,doc,medium,service-exact,describe_domain,sagemaker.DescribeDomain,,yes,absent,0,0,,0,0,0,no source resources of this type were collected,2026-08-16T15:50:20+00:00
sagemaker.endpoint,sagemaker-endpoint,sagemaker,AsyncInferenceConfig.OutputConfig.KmsKeyId,dotted,kms.key,kms-key,encrypted-by,doc,medium,leaf-hint,describe_endpoint,sagemaker.DescribeEndpoint,,yes,absent,0,0,,0,0,0,no source resources of this type were collected,2026-08-16T15:50:20+00:00
sagemaker.endpoint,sagemaker-endpoint,sagemaker,DataCaptureConfig.KmsKeyId,dotted,kms.key,kms-key,encrypted-by,doc,medium,leaf-hint,describe_endpoint,sagemaker.DescribeEndpoint,,yes,absent,0,0,,0,0,0,no source resources of this type were collected,2026-08-16T15:50:20+00:00
sagemaker.endpoint_config,sagemaker-endpoint-config,sagemaker,AsyncInferenceConfig.OutputConfig.KmsKeyId,dotted,kms.key,kms-key,encrypted-by,doc,medium,leaf-hint,describe_endpoint_config,sagemaker.DescribeEndpointConfig,,yes,absent,0,0,,0,0,0,no source resources of this type were collected,2026-08-16T15:50:20+00:00
sagemaker.endpoint_config,sagemaker-endpoint-config,sagemaker,CoreDumpConfig.KmsKeyId,dotted,kms.key,kms-key,encrypted-by,doc,medium,leaf-hint,describe_endpoint_config,sagemaker.DescribeEndpointConfig,,yes,absent,0,0,,0,0,0,no source resources of this type were collected,2026-08-16T15:50:20+00:00
sagemaker.endpoint_config,sagemaker-endpoint-config,sagemaker,DataCaptureConfig.KmsKeyId,dotted,kms.key,kms-key,encrypted-by,doc,medium,leaf-hint,describe_endpoint_config,sagemaker.DescribeEndpointConfig,,yes,absent,0,0,,0,0,0,no source resources of this type were collected,2026-08-16T15:50:20+00:00
sagemaker.endpoint_config,sagemaker-endpoint-config,sagemaker,KmsKeyId,scalar,kms.key,kms-key,encrypted-by,c7n,high,curated,list_endpoint_configs,aws.sagemaker-endpoint-config.filters.kms-key,doc,yes,absent,0,0,,0,0,0,no source resources of this type were collected,2026-08-16T15:50:20+00:00
sagemaker.endpoint_config,sagemaker-endpoint-config,sagemaker,ShadowProductionVariants[].CoreDumpConfig.KmsKeyId,list_dict,kms.key,kms-key,encrypted-by,doc,medium,leaf-hint,describe_endpoint_config,sagemaker.DescribeEndpointConfig,,yes,absent,0,0,,0,0,0,no source resources of this type were collected,2026-08-16T15:50:20+00:00
sagemaker.endpoint_config,sagemaker-endpoint-config,sagemaker,EndpointConfigName,scalar,sagemaker.endpoint,sagemaker-endpoint,references,doc,medium,service-exact,list_endpoint_configs,sagemaker.ListEndpointConfigs,,yes,absent,0,0,,0,0,0,no source resources of this type were collected,2026-08-16T15:50:20+00:00
sagemaker.endpoint_config,sagemaker-endpoint-config,sagemaker,ModelName,scalar,sagemaker.model,sagemaker-model,references,doc,medium,service-exact,describe_endpoint_config,sagemaker.DescribeEndpointConfig,,yes,absent,0,0,,0,0,0,no source resources of this type were collected,2026-08-16T15:50:20+00:00
sagemaker.endpoint_config,sagemaker-endpoint-config,sagemaker,ShadowProductionVariants[].ModelName,list_dict,sagemaker.model,sagemaker-model,references,doc,medium,service-exact,describe_endpoint_config,sagemaker.DescribeEndpointConfig,,yes,absent,0,0,,0,0,0,no source resources of this type were collected,2026-08-16T15:50:20+00:00
sagemaker.experiment,,sagemaker,CreatedBy.IamIdentity.PrincipalId,dotted,ram.principal,,references,doc,medium,global-exact,describe_experiment,sagemaker.DescribeExperiment,,yes,absent,0,0,,0,0,0,no source resources of this type were collected,2026-08-16T15:50:20+00:00
sagemaker.experiment,,sagemaker,LastModifiedBy.IamIdentity.PrincipalId,dotted,ram.principal,,references,doc,medium,global-exact,describe_experiment,sagemaker.DescribeExperiment,,yes,absent,0,0,,0,0,0,no source resources of this type were collected,2026-08-16T15:50:20+00:00
sagemaker.feature_group,,sagemaker,RecordIdentifierFeatureName,scalar,evidently.feature,,references,doc,medium,global-exact,describe_feature_group,sagemaker.DescribeFeatureGroup,,yes,absent,0,0,,0,0,0,no source resources of this type were collected,2026-08-16T15:50:20+00:00
sagemaker.feature_group,,sagemaker,OfflineStoreConfig.DataCatalogConfig.TableName,dotted,glue.table,glue-table,references,doc,medium,global-exact,describe_feature_group,sagemaker.DescribeFeatureGroup,,yes,absent,0,0,,0,0,0,no source resources of this type were collected,2026-08-16T15:50:20+00:00
sagemaker.feature_group,,sagemaker,OfflineStoreConfig.S3StorageConfig.KmsKeyId,dotted,kms.key,kms-key,encrypted-by,doc,medium,leaf-hint,describe_feature_group,sagemaker.DescribeFeatureGroup,,yes,absent,0,0,,0,0,0,no source resources of this type were collected,2026-08-16T15:50:20+00:00
sagemaker.feature_group,,sagemaker,OnlineStoreConfig.SecurityConfig.KmsKeyId,dotted,kms.key,kms-key,encrypted-by,doc,medium,leaf-hint,describe_feature_group,sagemaker.DescribeFeatureGroup,,yes,absent,0,0,,0,0,0,no source resources of this type were collected,2026-08-16T15:50:20+00:00
sagemaker.image_version,,sagemaker,ImageArn,scalar,sagemaker.image,,references,doc,medium,service-exact,describe_image_version,sagemaker.DescribeImageVersion,,no,absent,0,0,,0,0,0,no source resources of this type were collected,2026-08-16T15:50:20+00:00
sagemaker.inference_component,,sagemaker,EndpointName,scalar,sagemaker.endpoint,sagemaker-endpoint,references,doc,medium,service-exact,describe_inference_component,sagemaker.DescribeInferenceComponent,,yes,absent,0,0,,0,0,0,no source resources of this type were collected,2026-08-16T15:50:20+00:00
sagemaker.inference_experiment,,sagemaker,EndpointMetadata.EndpointConfigName,dotted,sagemaker.endpoint,sagemaker-endpoint,references,doc,medium,service-exact,describe_inference_experiment,sagemaker.DescribeInferenceExperiment,,yes,absent,0,0,,0,0,0,no source resources of this type were collected,2026-08-16T15:50:20+00:00
sagemaker.inference_experiment,,sagemaker,EndpointMetadata.EndpointName,dotted,sagemaker.endpoint,sagemaker-endpoint,references,doc,medium,service-exact,describe_inference_experiment,sagemaker.DescribeInferenceExperiment,,yes,absent,0,0,,0,0,0,no source resources of this type were collected,2026-08-16T15:50:20+00:00
sagemaker.inference_experiment,,sagemaker,ModelName,scalar,sagemaker.model,sagemaker-model,references,doc,medium,service-partial,describe_inference_experiment,sagemaker.DescribeInferenceExperiment,,yes,absent,0,0,,0,0,0,no source resources of this type were collected,2026-08-16T15:50:20+00:00
sagemaker.model,sagemaker-model,sagemaker,ModelCardName,scalar,sagemaker.model_card,,references,doc,medium,service-exact,list_model_card_versions,sagemaker.ListModelCardVersions,,yes,absent,0,0,,0,0,0,no source resources of this type were collected,2026-08-16T15:50:20+00:00
sagemaker.model_bias_job_definition,,sagemaker,ModelBiasJobOutputConfig.KmsKeyId,dotted,kms.key,kms-key,encrypted-by,doc,medium,leaf-hint,describe_model_bias_job_definition,sagemaker.DescribeModelBiasJobDefinition,,yes,absent,0,0,,0,0,0,no source resources of this type were collected,2026-08-16T15:50:20+00:00
sagemaker.model_bias_job_definition,,sagemaker,EndpointName,scalar,sagemaker.endpoint,sagemaker-endpoint,references,doc,medium,service-exact,list_model_bias_job_definitions,sagemaker.ListModelBiasJobDefinitions,,yes,absent,0,0,,0,0,0,no source resources of this type were collected,2026-08-16T15:50:20+00:00
sagemaker.model_bias_job_definition,,sagemaker,ModelBiasBaselineConfig.BaseliningJobName,dotted,sagemaker.model,sagemaker-model,references,doc,medium,service-partial,describe_model_bias_job_definition,sagemaker.DescribeModelBiasJobDefinition,,yes,absent,0,0,,0,0,0,no source resources of this type were collected,2026-08-16T15:50:20+00:00
sagemaker.model_card,,sagemaker,SecurityConfig.KmsKeyId,dotted,kms.key,kms-key,encrypted-by,doc,medium,leaf-hint,describe_model_card,sagemaker.DescribeModelCard,,yes,absent,0,0,,0,0,0,no source resources of this type were collected,2026-08-16T15:50:20+00:00
sagemaker.model_card,,sagemaker,CreatedBy.IamIdentity.PrincipalId,dotted,ram.principal,,references,doc,medium,global-exact,describe_model_card,sagemaker.DescribeModelCard,,yes,absent,0,0,,0,0,0,no source resources of this type were collected,2026-08-16T15:50:20+00:00
sagemaker.model_card,,sagemaker,LastModifiedBy.IamIdentity.PrincipalId,dotted,ram.principal,,references,doc,medium,global-exact,describe_model_card,sagemaker.DescribeModelCard,,yes,absent,0,0,,0,0,0,no source resources of this type were collected,2026-08-16T15:50:20+00:00
sagemaker.model_explainability_job_definition,,sagemaker,ModelExplainabilityJobOutputConfig.KmsKeyId,dotted,kms.key,kms-key,encrypted-by,doc,medium,leaf-hint,describe_model_explainability_job_definition,sagemaker.DescribeModelExplainabilityJobDefinition,,yes,absent,0,0,,0,0,0,no source resources of this type were collected,2026-08-16T15:50:20+00:00
sagemaker.model_explainability_job_definition,,sagemaker,EndpointName,scalar,sagemaker.endpoint,sagemaker-endpoint,references,doc,medium,service-exact,list_model_explainability_job_definitions,sagemaker.ListModelExplainabilityJobDefinitions,,yes,absent,0,0,,0,0,0,no source resources of this type were collected,2026-08-16T15:50:20+00:00
sagemaker.model_explainability_job_definition,,sagemaker,ModelExplainabilityBaselineConfig.BaseliningJobName,dotted,sagemaker.model,sagemaker-model,references,doc,medium,service-partial,describe_model_explainability_job_definition,sagemaker.DescribeModelExplainabilityJobDefinition,,yes,absent,0,0,,0,0,0,no source resources of this type were collected,2026-08-16T15:50:20+00:00
sagemaker.model_package,,sagemaker,ValidationSpecification.ValidationProfiles[].TransformJobDefinition.TransformOutput.KmsKeyId,list_dict,kms.key,kms-key,encrypted-by,doc,medium,leaf-hint,describe_model_package,sagemaker.DescribeModelPackage,,yes,absent,0,0,,0,0,0,no source resources of this type were collected,2026-08-16T15:50:20+00:00
sagemaker.model_package,,sagemaker,CreatedBy.IamIdentity.PrincipalId,dotted,ram.principal,,references,doc,medium,global-exact,describe_model_package,sagemaker.DescribeModelPackage,,yes,absent,0,0,,0,0,0,no source resources of this type were collected,2026-08-16T15:50:20+00:00
sagemaker.model_package,,sagemaker,LastModifiedBy.IamIdentity.PrincipalId,dotted,ram.principal,,references,doc,medium,global-exact,describe_model_package,sagemaker.DescribeModelPackage,,yes,absent,0,0,,0,0,0,no source resources of this type were collected,2026-08-16T15:50:20+00:00
sagemaker.model_package,,sagemaker,ModelPackageName,scalar,sagemaker.model,sagemaker-model,references,doc,medium,service-exact,describe_model_package,sagemaker.DescribeModelPackage,,yes,absent,0,0,,0,0,0,no source resources of this type were collected,2026-08-16T15:50:20+00:00
sagemaker.model_package_group,,sagemaker,CreatedBy.IamIdentity.PrincipalId,dotted,ram.principal,,references,doc,medium,global-exact,describe_model_package_group,sagemaker.DescribeModelPackageGroup,,yes,absent,0,0,,0,0,0,no source resources of this type were collected,2026-08-16T15:50:20+00:00
sagemaker.model_package_group,,sagemaker,ModelPackageGroupName,scalar,sagemaker.model,sagemaker-model,references,doc,medium,service-exact,describe_model_package_group,sagemaker.DescribeModelPackageGroup,,yes,absent,0,0,,0,0,0,no source resources of this type were collected,2026-08-16T15:50:20+00:00
sagemaker.model_quality_job_definition,,sagemaker,ModelQualityJobOutputConfig.KmsKeyId,dotted,kms.key,kms-key,encrypted-by,doc,medium,leaf-hint,describe_model_quality_job_definition,sagemaker.DescribeModelQualityJobDefinition,,yes,absent,0,0,,0,0,0,no source resources of this type were collected,2026-08-16T15:50:20+00:00
sagemaker.model_quality_job_definition,,sagemaker,EndpointName,scalar,sagemaker.endpoint,sagemaker-endpoint,references,doc,medium,service-exact,list_model_quality_job_definitions,sagemaker.ListModelQualityJobDefinitions,,yes,absent,0,0,,0,0,0,no source resources of this type were collected,2026-08-16T15:50:20+00:00
sagemaker.monitoring_schedule,,sagemaker,MonitoringScheduleConfig.MonitoringJobDefinition.MonitoringOutputConfig.KmsKeyId,dotted,kms.key,kms-key,encrypted-by,doc,medium,leaf-hint,describe_monitoring_schedule,sagemaker.DescribeMonitoringSchedule,,yes,absent,0,0,,0,0,0,no source resources of this type were collected,2026-08-16T15:50:20+00:00
sagemaker.monitoring_schedule,,sagemaker,EndpointName,scalar,sagemaker.endpoint,sagemaker-endpoint,references,doc,medium,service-exact,describe_monitoring_schedule,sagemaker.DescribeMonitoringSchedule,,yes,absent,0,0,,0,0,0,no source resources of this type were collected,2026-08-16T15:50:20+00:00
sagemaker.monitoring_schedule,,sagemaker,LastMonitoringExecutionSummary.EndpointName,dotted,sagemaker.endpoint,sagemaker-endpoint,references,doc,medium,service-exact,describe_monitoring_schedule,sagemaker.DescribeMonitoringSchedule,,yes,absent,0,0,,0,0,0,no source resources of this type were collected,2026-08-16T15:50:20+00:00
sagemaker.notebook_instance,sagemaker-notebook,sagemaker,NetworkInterfaceId,scalar,ec2.network_interface,eni,attached-to,doc,medium,leaf-hint,describe_notebook_instance,sagemaker.DescribeNotebookInstance,,yes,absent,0,0,,0,0,0,no source resources of this type were collected,2026-08-16T15:50:20+00:00
sagemaker.notebook_instance,sagemaker-notebook,sagemaker,SecurityGroups[],list_scalar,ec2.security_group,security-group,protected-by,c7n,high,curated,list_notebook_instances,aws.sagemaker-notebook.filters.security-group,,yes,absent,0,0,,0,0,0,no source resources of this type were collected,2026-08-16T15:50:20+00:00
sagemaker.notebook_instance,sagemaker-notebook,sagemaker,SubnetId,scalar,ec2.subnet,subnet,contained-in,c7n,high,curated,list_notebook_instances,aws.sagemaker-notebook.filters.subnet,doc,yes,absent,0,0,,0,0,0,no source resources of this type were collected,2026-08-16T15:50:20+00:00
sagemaker.notebook_instance,sagemaker-notebook,sagemaker,KmsKeyId,scalar,kms.key,kms-key,encrypted-by,c7n,high,curated,list_notebook_instances,aws.sagemaker-notebook.filters.kms-key,doc,yes,absent,0,0,,0,0,0,no source resources of this type were collected,2026-08-16T15:50:20+00:00
sagemaker.notebook_instance_lifecycle_config,,sagemaker,NotebookInstanceLifecycleConfigName,scalar,efs.lifecycle_configuration,,references,doc,medium,global-exact,describe_notebook_instance_lifecycle_config,sagemaker.DescribeNotebookInstanceLifecycleConfig,,no,absent,0,0,,0,0,0,no source resources of this type were collected,2026-08-16T15:50:20+00:00
sagemaker.pipeline,,sagemaker,CreatedBy.IamIdentity.PrincipalId,dotted,ram.principal,,references,doc,medium,global-exact,describe_pipeline,sagemaker.DescribePipeline,,yes,absent,0,0,,0,0,0,no source resources of this type were collected,2026-08-16T15:50:20+00:00
sagemaker.pipeline,,sagemaker,LastModifiedBy.IamIdentity.PrincipalId,dotted,ram.principal,,references,doc,medium,global-exact,describe_pipeline,sagemaker.DescribePipeline,,yes,absent,0,0,,0,0,0,no source resources of this type were collected,2026-08-16T15:50:20+00:00
sagemaker.pipeline,,sagemaker,Metadata.EMR.ClusterId,dotted,sagemaker.cluster,,references,doc,medium,service-partial,list_pipeline_execution_steps,sagemaker.ListPipelineExecutionSteps,,yes,absent,0,0,,0,0,0,no source resources of this type were collected,2026-08-16T15:50:20+00:00
sagemaker.pipeline,,sagemaker,Metadata.EMR.StepId,dotted,sagemaker.cluster,,references,doc,medium,service-partial,list_pipeline_execution_steps,sagemaker.ListPipelineExecutionSteps,,yes,absent,0,0,,0,0,0,no source resources of this type were collected,2026-08-16T15:50:20+00:00
sagemaker.pipeline,,sagemaker,Metadata.EMR.StepName,dotted,sagemaker.cluster,,references,doc,medium,service-partial,list_pipeline_execution_steps,sagemaker.ListPipelineExecutionSteps,,yes,absent,0,0,,0,0,0,no source resources of this type were collected,2026-08-16T15:50:20+00:00
sagemaker.pipeline,,sagemaker,PipelineExperimentConfig.ExperimentName,dotted,sagemaker.experiment,,references,doc,medium,service-exact,describe_pipeline_execution,sagemaker.DescribePipelineExecution,,yes,absent,0,0,,0,0,0,no source resources of this type were collected,2026-08-16T15:50:20+00:00
sagemaker.processing_job,,sagemaker,DatasetDefinition.AthenaDatasetDefinition.KmsKeyId,dotted,kms.key,kms-key,encrypted-by,doc,medium,leaf-hint,describe_processing_job,sagemaker.DescribeProcessingJob,,yes,absent,0,0,,0,0,0,no source resources of this type were collected,2026-08-16T15:50:20+00:00
sagemaker.processing_job,,sagemaker,DatasetDefinition.RedshiftDatasetDefinition.KmsKeyId,dotted,kms.key,kms-key,encrypted-by,doc,medium,leaf-hint,describe_processing_job,sagemaker.DescribeProcessingJob,,yes,absent,0,0,,0,0,0,no source resources of this type were collected,2026-08-16T15:50:20+00:00
sagemaker.processing_job,,sagemaker,ProcessingOutputConfig.KmsKeyId,dotted,kms.key,kms-key,encrypted-by,doc,medium,leaf-hint,describe_processing_job,sagemaker.DescribeProcessingJob,,yes,absent,0,0,,0,0,0,no source resources of this type were collected,2026-08-16T15:50:20+00:00
sagemaker.project,,sagemaker,ServiceCatalogProvisioningDetails.PathId,dotted,pricing.product,,references,doc,medium,global-exact,describe_project,sagemaker.DescribeProject,,no,absent,0,0,,0,0,0,no source resources of this type were collected,2026-08-16T15:50:20+00:00
sagemaker.project,,sagemaker,ServiceCatalogProvisioningDetails.ProductId,dotted,pricing.product,,references,doc,medium,global-exact,describe_project,sagemaker.DescribeProject,,no,absent,0,0,,0,0,0,no source resources of this type were collected,2026-08-16T15:50:20+00:00
sagemaker.project,,sagemaker,CreatedBy.IamIdentity.PrincipalId,dotted,ram.principal,,references,doc,medium,global-exact,describe_project,sagemaker.DescribeProject,,yes,absent,0,0,,0,0,0,no source resources of this type were collected,2026-08-16T15:50:20+00:00
sagemaker.project,,sagemaker,LastModifiedBy.IamIdentity.PrincipalId,dotted,ram.principal,,references,doc,medium,global-exact,describe_project,sagemaker.DescribeProject,,yes,absent,0,0,,0,0,0,no source resources of this type were collected,2026-08-16T15:50:20+00:00
sagemaker.sagemaker_transform_job,sagemaker-transform-job,sagemaker,DataCaptureConfig.KmsKeyId,dotted,kms.key,kms-key,encrypted-by,doc,medium,leaf-hint,describe_transform_job,sagemaker.DescribeTransformJob,,no,absent,0,0,,0,0,0,no source resources of this type were collected,2026-08-16T15:50:20+00:00
sagemaker.sagemaker_transform_job,sagemaker-transform-job,sagemaker,TransformOutput.KmsKeyId,dotted,kms.key,kms-key,encrypted-by,doc,medium,leaf-hint,describe_transform_job,sagemaker.DescribeTransformJob,,no,absent,0,0,,0,0,0,no source resources of this type were collected,2026-08-16T15:50:20+00:00
sagemaker.sagemaker_transform_job,sagemaker-transform-job,sagemaker,ModelName,scalar,sagemaker.model,sagemaker-model,references,doc,medium,service-exact,describe_transform_job,sagemaker.DescribeTransformJob,,no,absent,0,0,,0,0,0,no source resources of this type were collected,2026-08-16T15:50:20+00:00
sagemaker.space,,sagemaker,SpaceSettings.KernelGatewayAppSettings.CustomImages[].AppImageConfigName,list_dict,sagemaker.app_image_config,,references,doc,medium,service-exact,describe_space,sagemaker.DescribeSpace,,yes,absent,0,0,,0,0,0,no source resources of this type were collected,2026-08-16T15:50:20+00:00
sagemaker.space,,sagemaker,DomainId,scalar,sagemaker.domain,,references,doc,medium,service-partial,describe_space,sagemaker.DescribeSpace,,yes,absent,0,0,,0,0,0,no source resources of this type were collected,2026-08-16T15:50:20+00:00
sagemaker.space,,sagemaker,SpaceSettings.CodeEditorAppSettings.DefaultResourceSpec.SageMakerImageVersionArn,dotted,sagemaker.image,,references,doc,medium,service-exact,describe_space,sagemaker.DescribeSpace,,yes,absent,0,0,,0,0,0,no source resources of this type were collected,2026-08-16T15:50:20+00:00
sagemaker.space,,sagemaker,SpaceSettings.JupyterLabAppSettings.DefaultResourceSpec.SageMakerImageVersionArn,dotted,sagemaker.image,,references,doc,medium,service-exact,describe_space,sagemaker.DescribeSpace,,yes,absent,0,0,,0,0,0,no source resources of this type were collected,2026-08-16T15:50:20+00:00
sagemaker.space,,sagemaker,SpaceSettings.JupyterServerAppSettings.DefaultResourceSpec.SageMakerImageVersionArn,dotted,sagemaker.image,,references,doc,medium,service-exact,describe_space,sagemaker.DescribeSpace,,yes,absent,0,0,,0,0,0,no source resources of this type were collected,2026-08-16T15:50:20+00:00
sagemaker.space,,sagemaker,SpaceSettings.KernelGatewayAppSettings.CustomImages[].ImageName,list_dict,sagemaker.image,,references,doc,medium,service-partial,describe_space,sagemaker.DescribeSpace,,yes,absent,0,0,,0,0,0,no source resources of this type were collected,2026-08-16T15:50:20+00:00
sagemaker.space,,sagemaker,SpaceSettings.KernelGatewayAppSettings.DefaultResourceSpec.SageMakerImageVersionArn,dotted,sagemaker.image,,references,doc,medium,service-exact,describe_space,sagemaker.DescribeSpace,,yes,absent,0,0,,0,0,0,no source resources of this type were collected,2026-08-16T15:50:20+00:00
sagemaker.training_job,,sagemaker,ResourceConfig.InstanceGroups[].InstanceGroupName,list_dict,ec2.instance,ec2,references,doc,medium,well-known,describe_training_job,sagemaker.DescribeTrainingJob,,yes,absent,0,0,,0,0,0,no source resources of this type were collected,2026-08-16T15:50:20+00:00
sagemaker.training_job,,sagemaker,OutputDataConfig.KmsKeyId,dotted,kms.key,kms-key,encrypted-by,doc,medium,leaf-hint,describe_training_job,sagemaker.DescribeTrainingJob,,yes,absent,0,0,,0,0,0,no source resources of this type were collected,2026-08-16T15:50:20+00:00
sagemaker.training_job,,sagemaker,TrainingJobName,scalar,sagemaker.model,sagemaker-model,references,doc,medium,service-exact,describe_training_job,sagemaker.DescribeTrainingJob,,yes,absent,0,0,,0,0,0,no source resources of this type were collected,2026-08-16T15:50:20+00:00
sagemaker.trial_component,,sagemaker,CreatedBy.IamIdentity.PrincipalId,dotted,ram.principal,,references,doc,medium,global-exact,describe_trial_component,sagemaker.DescribeTrialComponent,,yes,absent,0,0,,0,0,0,no source resources of this type were collected,2026-08-16T15:50:20+00:00
sagemaker.trial_component,,sagemaker,LastModifiedBy.IamIdentity.PrincipalId,dotted,ram.principal,,references,doc,medium,global-exact,describe_trial_component,sagemaker.DescribeTrialComponent,,yes,absent,0,0,,0,0,0,no source resources of this type were collected,2026-08-16T15:50:20+00:00
sagemaker.user_profile,,sagemaker,UserSettings.JupyterLabAppSettings.CustomImages[].AppImageConfigName,list_dict,sagemaker.app_image_config,,references,doc,medium,service-exact,describe_user_profile,sagemaker.DescribeUserProfile,,yes,absent,0,0,,0,0,0,no source resources of this type were collected,2026-08-16T15:50:20+00:00
sagemaker.user_profile,,sagemaker,UserSettings.KernelGatewayAppSettings.CustomImages[].AppImageConfigName,list_dict,sagemaker.app_image_config,,references,doc,medium,service-exact,describe_user_profile,sagemaker.DescribeUserProfile,,yes,absent,0,0,,0,0,0,no source resources of this type were collected,2026-08-16T15:50:20+00:00
sagemaker.user_profile,,sagemaker,UserSettings.RSessionAppSettings.CustomImages[].AppImageConfigName,list_dict,sagemaker.app_image_config,,references,doc,medium,service-exact,describe_user_profile,sagemaker.DescribeUserProfile,,yes,absent,0,0,,0,0,0,no source resources of this type were collected,2026-08-16T15:50:20+00:00
sagemaker.user_profile,,sagemaker,DomainId,scalar,sagemaker.domain,,references,doc,medium,service-exact,describe_user_profile,sagemaker.DescribeUserProfile,,yes,absent,0,0,,0,0,0,no source resources of this type were collected,2026-08-16T15:50:20+00:00
sagemaker.user_profile,,sagemaker,UserSettings.CodeEditorAppSettings.DefaultResourceSpec.SageMakerImageVersionArn,dotted,sagemaker.image,,references,doc,medium,service-exact,describe_user_profile,sagemaker.DescribeUserProfile,,yes,absent,0,0,,0,0,0,no source resources of this type were collected,2026-08-16T15:50:20+00:00
sagemaker.user_profile,,sagemaker,UserSettings.JupyterLabAppSettings.CustomImages[].ImageName,list_dict,sagemaker.image,,references,doc,medium,service-partial,describe_user_profile,sagemaker.DescribeUserProfile,,yes,absent,0,0,,0,0,0,no source resources of this type were collected,2026-08-16T15:50:20+00:00
sagemaker.user_profile,,sagemaker,UserSettings.JupyterLabAppSettings.DefaultResourceSpec.SageMakerImageVersionArn,dotted,sagemaker.image,,references,doc,medium,service-exact,describe_user_profile,sagemaker.DescribeUserProfile,,yes,absent,0,0,,0,0,0,no source resources of this type were collected,2026-08-16T15:50:20+00:00
sagemaker.user_profile,,sagemaker,UserSettings.JupyterServerAppSettings.DefaultResourceSpec.SageMakerImageVersionArn,dotted,sagemaker.image,,references,doc,medium,service-exact,describe_user_profile,sagemaker.DescribeUserProfile,,yes,absent,0,0,,0,0,0,no source resources of this type were collected,2026-08-16T15:50:20+00:00
sagemaker.user_profile,,sagemaker,UserSettings.KernelGatewayAppSettings.CustomImages[].ImageName,list_dict,sagemaker.image,,references,doc,medium,service-partial,describe_user_profile,sagemaker.DescribeUserProfile,,yes,absent,0,0,,0,0,0,no source resources of this type were collected,2026-08-16T15:50:20+00:00
sagemaker.user_profile,,sagemaker,UserSettings.KernelGatewayAppSettings.DefaultResourceSpec.SageMakerImageVersionArn,dotted,sagemaker.image,,references,doc,medium,service-exact,describe_user_profile,sagemaker.DescribeUserProfile,,yes,absent,0,0,,0,0,0,no source resources of this type were collected,2026-08-16T15:50:20+00:00
sagemaker.user_profile,,sagemaker,UserSettings.RSessionAppSettings.CustomImages[].ImageName,list_dict,sagemaker.image,,references,doc,medium,service-partial,describe_user_profile,sagemaker.DescribeUserProfile,,yes,absent,0,0,,0,0,0,no source resources of this type were collected,2026-08-16T15:50:20+00:00
sagemaker.user_profile,,sagemaker,UserSettings.RSessionAppSettings.DefaultResourceSpec.SageMakerImageVersionArn,dotted,sagemaker.image,,references,doc,medium,service-exact,describe_user_profile,sagemaker.DescribeUserProfile,,yes,absent,0,0,,0,0,0,no source resources of this type were collected,2026-08-16T15:50:20+00:00
sagemaker.user_profile,,sagemaker,UserSettings.TensorBoardAppSettings.DefaultResourceSpec.SageMakerImageVersionArn,dotted,sagemaker.image,,references,doc,medium,service-exact,describe_user_profile,sagemaker.DescribeUserProfile,,yes,absent,0,0,,0,0,0,no source resources of this type were collected,2026-08-16T15:50:20+00:00
sagemaker.workforce,,sagemaker,Workforce.WorkforceVpcConfig.VpcId,dotted,ec2.vpc,vpc,contained-in,doc,medium,leaf-hint,describe_workforce,sagemaker.DescribeWorkforce,,yes,absent,0,0,,0,0,0,no source resources of this type were collected,2026-08-16T15:50:20+00:00
sagemaker.workforce,,sagemaker,WorkforceVpcConfig.VpcId,dotted,ec2.vpc,vpc,contained-in,doc,medium,leaf-hint,list_workforces,sagemaker.ListWorkforces,,yes,absent,0,0,,0,0,0,no source resources of this type were collected,2026-08-16T15:50:20+00:00
scheduler.schedule,,scheduler,KmsKeyArn,scalar,kms.key,kms-key,encrypted-by,doc,medium,leaf-hint,get_schedule,scheduler.GetSchedule,,yes,absent,0,0,,0,0,0,no source resources of this type were collected,2026-08-16T15:50:20+00:00
secretsmanager.secret,secrets-manager,secretsmanager,KmsKeyId,scalar,kms.key,kms-key,encrypted-by,c7n,high,curated,list_secrets,aws.secrets-manager.filters.kms-key,doc,yes,refuted,77,5,0.06,0,5,0,all 5 value(s) resolved to nothing in the target inventory,2026-08-16T15:50:20+00:00
secretsmanager.secret,secrets-manager,secretsmanager,ReplicationStatus[].KmsKeyId,list_dict,kms.key,kms-key,encrypted-by,doc,medium,leaf-hint,describe_secret,secretsmanager.DescribeSecret,,yes,absent,77,0,0.00,0,0,0,path never populated across 77 resource(s),2026-08-16T15:50:20+00:00
securityhub.automation_rule,,securityhub,Rules[].Actions[].FindingFieldsUpdate.RelatedFindings[].ProductArn,list_nested,pricing.product,,references,doc,medium,global-exact,batch_get_automation_rules,securityhub.BatchGetAutomationRules,,no,absent,0,0,,0,0,0,no source resources of this type were collected,2026-08-16T15:50:20+00:00
securityhub.configuration_policy,,securityhub,ConfigurationPolicy.SecurityHub.SecurityControlsConfiguration.SecurityControlCustomParameters[].SecurityControlId,list_dict,securityhub.security_control,,references,doc,medium,service-exact,get_configuration_policy,securityhub.GetConfigurationPolicy,,no,absent,0,0,,0,0,0,no source resources of this type were collected,2026-08-16T15:50:20+00:00
securitylake.log_source,,securitylake,sources[].customLogSource.attributes.tableArn,list_dict,glue.table,glue-table,references,doc,medium,global-exact,list_log_sources,securitylake.ListLogSources,,yes,absent,0,0,,0,0,0,no source resources of this type were collected,2026-08-16T15:50:20+00:00
securitylake.subscriber,,securitylake,sources[].customLogSource.attributes.tableArn,list_dict,glue.table,glue-table,references,doc,medium,global-exact,list_subscribers,securitylake.ListSubscribers,,yes,absent,0,0,,0,0,0,no source resources of this type were collected,2026-08-16T15:50:20+00:00
securitylake.subscriber,,securitylake,subscriber.sources[].customLogSource.attributes.tableArn,list_dict,glue.table,glue-table,references,doc,medium,global-exact,get_subscriber,securitylake.GetSubscriber,,yes,absent,0,0,,0,0,0,no source resources of this type were collected,2026-08-16T15:50:20+00:00
securitylake.subscriber,,securitylake,resourceShareName,scalar,ram.resource_share,,references,doc,medium,global-exact,list_subscribers,securitylake.ListSubscribers,,yes,absent,0,0,,0,0,0,no source resources of this type were collected,2026-08-16T15:50:20+00:00
securitylake.subscriber,,securitylake,subscriber.resourceShareName,dotted,ram.resource_share,,references,doc,medium,global-exact,get_subscriber,securitylake.GetSubscriber,,yes,absent,0,0,,0,0,0,no source resources of this type were collected,2026-08-16T15:50:20+00:00
serverlessrepo.application_policy,,serverlessrepo,StatementId,scalar,redshift-data.statement,,references,doc,medium,global-exact,get_application_policy,serverlessrepo.GetApplicationPolicy,,yes,absent,0,0,,0,0,0,no source resources of this type were collected,2026-08-16T15:50:20+00:00
service-quotas.service_quota,service-quota,service-quotas,QuotaCode,scalar,service-quotas.service_quota_request,service-quota-request,references,c7n,high,curated,list_services,aws.service-quota.filters.request-history,,yes,absent,0,0,,0,0,0,no source resources of this type were collected,2026-08-16T15:50:20+00:00
servicecatalog.accepted_portfolio_share,,servicecatalog,ProviderName,scalar,servicecatalog.portfolio,catalog-portfolio,references,doc,medium,service-exact,list_accepted_portfolio_shares,servicecatalog.ListAcceptedPortfolioShares,,yes,unverifiable,1,1,1.00,0,1,0,"target type was not collected, so referential integrity is untested",2026-08-16T15:50:20+00:00
servicecatalog.portfolio,catalog-portfolio,servicecatalog,ProductId,scalar,pricing.product,,references,doc,medium,global-exact,list_constraints_for_portfolio,servicecatalog.ListConstraintsForPortfolio,,no,absent,0,0,,0,0,0,no source resources of this type were collected,2026-08-16T15:50:20+00:00
servicecatalog.record_history,,servicecatalog,ProvisionedProductId,scalar,servicecatalog.cloud_formation_provisioned_product,,references,doc,medium,service-partial,list_record_history,servicecatalog.ListRecordHistory,,no,absent,0,0,,0,0,0,no source resources of this type were collected,2026-08-16T15:50:20+00:00
servicecatalog.record_history,,servicecatalog,ProvisionedProductName,scalar,servicecatalog.cloud_formation_provisioned_product,,references,doc,medium,service-partial,list_record_history,servicecatalog.ListRecordHistory,,no,absent,0,0,,0,0,0,no source resources of this type were collected,2026-08-16T15:50:20+00:00
servicecatalog.record_history,,servicecatalog,RecordDetail.ProvisionedProductId,dotted,servicecatalog.cloud_formation_provisioned_product,,references,doc,medium,service-partial,describe_record,servicecatalog.DescribeRecord,,no,absent,0,0,,0,0,0,no source resources of this type were collected,2026-08-16T15:50:20+00:00
servicecatalog.record_history,,servicecatalog,RecordDetail.ProvisionedProductName,dotted,servicecatalog.cloud_formation_provisioned_product,,references,doc,medium,service-partial,describe_record,servicecatalog.DescribeRecord,,no,absent,0,0,,0,0,0,no source resources of this type were collected,2026-08-16T15:50:20+00:00
servicecatalog.service_action,,servicecatalog,ProductViewSummary.Name,dotted,pricing.product,,references,doc,medium,global-exact,list_provisioning_artifacts_for_service_action,servicecatalog.ListProvisioningArtifactsForServiceAction,,no,absent,0,0,,0,0,0,no source resources of this type were collected,2026-08-16T15:50:20+00:00
servicecatalog.tag_option,,servicecatalog,Id,scalar,servicecatalog.resource_update_constraint,,references,doc,medium,service-partial,list_resources_for_tag_option,servicecatalog.ListResourcesForTagOption,,no,absent,0,0,,0,0,0,no source resources of this type were collected,2026-08-16T15:50:20+00:00
servicecatalog.tag_option,,servicecatalog,Name,scalar,servicecatalog.resource_update_constraint,,references,doc,medium,service-partial,list_resources_for_tag_option,servicecatalog.ListResourcesForTagOption,,no,absent,0,0,,0,0,0,no source resources of this type were collected,2026-08-16T15:50:20+00:00
servicediscovery.service,,servicediscovery,DnsConfig.NamespaceId,dotted,servicediscovery.namespace,,references,doc,medium,service-exact,list_services,servicediscovery.ListServices,,yes,absent,0,0,,0,0,0,no source resources of this type were collected,2026-08-16T15:50:20+00:00
servicediscovery.service,,servicediscovery,Service.DnsConfig.NamespaceId,dotted,servicediscovery.namespace,,references,doc,medium,service-exact,get_service,servicediscovery.GetService,,yes,absent,0,0,,0,0,0,no source resources of this type were collected,2026-08-16T15:50:20+00:00
servicediscovery.service,,servicediscovery,Service.NamespaceId,dotted,servicediscovery.namespace,,references,doc,medium,service-exact,get_service,servicediscovery.GetService,,yes,absent,0,0,,0,0,0,no source resources of this type were collected,2026-08-16T15:50:20+00:00
ses.active_receipt_rule_set,,ses,Actions[].S3Action.KmsKeyArn,list_dict,kms.key,kms-key,encrypted-by,doc,medium,leaf-hint,describe_active_receipt_rule_set,ses.DescribeActiveReceiptRuleSet,,yes,absent,0,0,,0,0,0,no source resources of this type were collected,2026-08-16T15:50:20+00:00
ses.active_receipt_rule_set,,ses,Name,scalar,ses.receipt_rule,,references,doc,medium,service-exact,describe_active_receipt_rule_set,ses.DescribeActiveReceiptRuleSet,,no,absent,0,0,,0,0,0,no source resources of this type were collected,2026-08-16T15:50:20+00:00
ses.active_receipt_rule_set,,ses,Metadata.Name,dotted,ses.receipt_rule_set,,references,doc,medium,service-exact,describe_active_receipt_rule_set,ses.DescribeActiveReceiptRuleSet,,yes,absent,0,0,,0,0,0,no source resources of this type were collected,2026-08-16T15:50:20+00:00
ses.configuration_set,,ses,Name,scalar,ses.configuration_set_event_destination,,references,doc,medium,service-partial,describe_configuration_set,ses.DescribeConfigurationSet,,no,absent,0,0,,0,0,0,no source resources of this type were collected,2026-08-16T15:50:20+00:00
ses.receipt_rule,,ses,Rule.Actions[].S3Action.KmsKeyArn,list_dict,kms.key,kms-key,encrypted-by,doc,medium,leaf-hint,describe_receipt_rule,ses.DescribeReceiptRule,,no,absent,0,0,,0,0,0,no source resources of this type were collected,2026-08-16T15:50:20+00:00
ses.receipt_rule_set,,ses,Actions[].S3Action.KmsKeyArn,list_dict,kms.key,kms-key,encrypted-by,doc,medium,leaf-hint,describe_receipt_rule_set,ses.DescribeReceiptRuleSet,,yes,absent,0,0,,0,0,0,no source resources of this type were collected,2026-08-16T15:50:20+00:00
ses.receipt_rule_set,,ses,Name,scalar,ses.receipt_rule,,references,doc,medium,service-exact,describe_receipt_rule_set,ses.DescribeReceiptRuleSet,,no,absent,0,0,,0,0,0,no source resources of this type were collected,2026-08-16T15:50:20+00:00
sesv2.import_job,,sesv2,ImportDestination.ContactListDestination.ContactListName,dotted,sesv2.contact_list,,references,doc,medium,service-exact,get_import_job,sesv2.GetImportJob,,yes,absent,0,0,,0,0,0,no source resources of this type were collected,2026-08-16T15:50:20+00:00
signer.signing_job,,signer,signedObject.s3.bucketName,dotted,s3.bucket,s3,references,doc,medium,well-known,describe_signing_job,signer.DescribeSigningJob,,yes,absent,0,0,,0,0,0,no source resources of this type were collected,2026-08-16T15:50:20+00:00
signer.signing_job,,signer,source.s3.bucketName,dotted,s3.bucket,s3,references,doc,medium,well-known,describe_signing_job,signer.DescribeSigningJob,,yes,absent,0,0,,0,0,0,no source resources of this type were collected,2026-08-16T15:50:20+00:00
snow-device-management.device_ec2_instance,,snow-device-management,instance.instanceId,dotted,ec2.instance,ec2,references,doc,medium,well-known,describe_device_ec2_instances,snow-device-management.DescribeDeviceEc2Instances,,yes,absent,0,0,,0,0,0,no source resources of this type were collected,2026-08-16T15:50:20+00:00
snow-device-management.execution,,snow-device-management,taskId,scalar,snow-device-management.task,,references,doc,medium,service-exact,describe_execution,snow-device-management.DescribeExecution,,yes,absent,0,0,,0,0,0,no source resources of this type were collected,2026-08-16T15:50:20+00:00
snowball.cluster,,snowball,ClusterMetadata.ForwardingAddressId,dotted,snowball.address,,references,doc,medium,service-exact,describe_cluster,snowball.DescribeCluster,,yes,absent,0,0,,0,0,0,no source resources of this type were collected,2026-08-16T15:50:20+00:00
snowball.job,,snowball,ForwardingAddressId,scalar,snowball.address,,references,doc,medium,service-exact,describe_job,snowball.DescribeJob,,yes,absent,0,0,,0,0,0,no source resources of this type were collected,2026-08-16T15:50:20+00:00
snowball.job,,snowball,JobMetadata.ForwardingAddressId,dotted,snowball.address,,references,doc,medium,service-exact,describe_job,snowball.DescribeJob,,yes,absent,0,0,,0,0,0,no source resources of this type were collected,2026-08-16T15:50:20+00:00
snowball.job,,snowball,ClusterId,scalar,snowball.cluster,,references,doc,medium,service-exact,describe_job,snowball.DescribeJob,,yes,absent,0,0,,0,0,0,no source resources of this type were collected,2026-08-16T15:50:20+00:00
snowball.job,,snowball,JobMetadata.ClusterId,dotted,snowball.cluster,,references,doc,medium,service-exact,describe_job,snowball.DescribeJob,,yes,absent,0,0,,0,0,0,no source resources of this type were collected,2026-08-16T15:50:20+00:00
snowball.job,,snowball,JobMetadata.LongTermPricingId,dotted,snowball.long_term_pricing,,references,doc,medium,service-partial,describe_job,snowball.DescribeJob,,yes,absent,0,0,,0,0,0,no source resources of this type were collected,2026-08-16T15:50:20+00:00
snowball.job,,snowball,LongTermPricingId,scalar,snowball.long_term_pricing,,references,doc,medium,service-partial,describe_job,snowball.DescribeJob,,yes,absent,0,0,,0,0,0,no source resources of this type were collected,2026-08-16T15:50:20+00:00
sns.subscription,sns-subscription,sns,TopicArn,scalar,sns.topic,sns,references,c7n,high,curated,list_subscriptions,aws.sns-subscription.filters.topic,,yes,absent,0,0,,0,0,0,no source resources of this type were collected,2026-08-16T15:50:20+00:00
sns.topic,sns,sns,KmsMasterKeyId,scalar,kms.key,kms-key,encrypted-by,c7n,high,curated,list_topics,aws.sns.filters.kms-key,,yes,absent,1,0,0.00,0,0,0,path never populated across 1 resource(s),2026-08-16T15:50:20+00:00
sqs.queue,sqs,sqs,KmsMasterKeyId,scalar,kms.key,kms-key,encrypted-by,c7n,high,curated,list_queues,aws.sqs.filters.kms-key,,yes,absent,1,0,0.00,0,0,0,path never populated across 1 resource(s),2026-08-16T15:50:20+00:00
ssm-contacts.contact_channel,,ssm-contacts,ContactArn,scalar,ssm-contacts.contact,,references,doc,medium,service-exact,get_contact_channel,ssm-contacts.GetContactChannel,,no,absent,0,0,,0,0,0,no source resources of this type were collected,2026-08-16T15:50:20+00:00
ssm-contacts.contact_policy,,ssm-contacts,ContactArn,scalar,ssm-contacts.contact,,references,doc,medium,service-exact,get_contact_policy,ssm-contacts.GetContactPolicy,,no,absent,0,0,,0,0,0,no source resources of this type were collected,2026-08-16T15:50:20+00:00
ssm-contacts.page,,ssm-contacts,ContactArn,scalar,ssm-contacts.contact,,references,doc,medium,service-exact,describe_page,ssm-contacts.DescribePage,,no,absent,0,0,,0,0,0,no source resources of this type were collected,2026-08-16T15:50:20+00:00
ssm-contacts.page,,ssm-contacts,EngagementArn,scalar,ssm-contacts.engagement,,references,doc,medium,service-exact,describe_page,ssm-contacts.DescribePage,,yes,absent,0,0,,0,0,0,no source resources of this type were collected,2026-08-16T15:50:20+00:00
ssm-contacts.pages_by_contact,,ssm-contacts,ContactArn,scalar,ssm-contacts.contact,,references,doc,medium,service-exact,list_pages_by_contact,ssm-contacts.ListPagesByContact,,no,absent,0,0,,0,0,0,no source resources of this type were collected,2026-08-16T15:50:20+00:00
ssm-contacts.pages_by_contact,,ssm-contacts,EngagementArn,scalar,ssm-contacts.engagement,,references,doc,medium,service-exact,list_pages_by_contact,ssm-contacts.ListPagesByContact,,yes,absent,0,0,,0,0,0,no source resources of this type were collected,2026-08-16T15:50:20+00:00
ssm-contacts.pages_by_engagement,,ssm-contacts,ContactArn,scalar,ssm-contacts.contact,,references,doc,medium,service-exact,list_pages_by_engagement,ssm-contacts.ListPagesByEngagement,,no,absent,0,0,,0,0,0,no source resources of this type were collected,2026-08-16T15:50:20+00:00
ssm-contacts.pages_by_engagement,,ssm-contacts,EngagementArn,scalar,ssm-contacts.engagement,,references,doc,medium,service-exact,list_pages_by_engagement,ssm-contacts.ListPagesByEngagement,,yes,absent,0,0,,0,0,0,no source resources of this type were collected,2026-08-16T15:50:20+00:00
ssm-incidents.incident_finding,,ssm-incidents,findings[].details.codeDeployDeployment.deploymentId,list_dict,codedeploy.codedeploy_deployment,codedeploy-deployment,references,doc,medium,global-exact,batch_get_incident_findings,ssm-incidents.BatchGetIncidentFindings,,yes,absent,0,0,,0,0,0,no source resources of this type were collected,2026-08-16T15:50:20+00:00
ssm-sap.component,,ssm-sap,Component.Hosts[].InstanceId,list_dict,ec2.instance,ec2,references,doc,medium,leaf-hint,get_component,ssm-sap.GetComponent,,yes,absent,0,0,,0,0,0,no source resources of this type were collected,2026-08-16T15:50:20+00:00
ssm-sap.component,,ssm-sap,ApplicationId,scalar,ssm-sap.application,,references,doc,medium,service-exact,list_components,ssm-sap.ListComponents,,yes,absent,0,0,,0,0,0,no source resources of this type were collected,2026-08-16T15:50:20+00:00
ssm-sap.component,,ssm-sap,Component.ApplicationId,dotted,ssm-sap.application,,references,doc,medium,service-exact,get_component,ssm-sap.GetComponent,,yes,absent,0,0,,0,0,0,no source resources of this type were collected,2026-08-16T15:50:20+00:00
ssm-sap.database,,ssm-sap,Database.ApplicationId,dotted,ssm-sap.application,,references,doc,medium,service-exact,get_database,ssm-sap.GetDatabase,,yes,absent,0,0,,0,0,0,no source resources of this type were collected,2026-08-16T15:50:20+00:00
ssm-sap.database,,ssm-sap,Database.ComponentId,dotted,ssm-sap.component,,references,doc,medium,service-exact,get_database,ssm-sap.GetDatabase,,yes,absent,0,0,,0,0,0,no source resources of this type were collected,2026-08-16T15:50:20+00:00
ssm.association,,ssm,AssociationDescription.InstanceId,dotted,ec2.instance,ec2,references,doc,medium,leaf-hint,describe_association,ssm.DescribeAssociation,,yes,absent,0,0,,0,0,0,no source resources of this type were collected,2026-08-16T15:50:20+00:00
ssm.association,,ssm,InstanceId,scalar,ec2.instance,ec2,references,doc,medium,leaf-hint,describe_effective_instance_associations,ssm.DescribeEffectiveInstanceAssociations,,yes,absent,0,0,,0,0,0,no source resources of this type were collected,2026-08-16T15:50:20+00:00
ssm.association,,ssm,AssociationDescription.OutputLocation.S3Location.OutputS3BucketName,dotted,s3.bucket,s3,references,doc,medium,well-known,describe_association,ssm.DescribeAssociation,,yes,absent,0,0,,0,0,0,no source resources of this type were collected,2026-08-16T15:50:20+00:00
ssm.association,,ssm,OutputLocation.S3Location.OutputS3BucketName,dotted,s3.bucket,s3,references,doc,medium,well-known,list_association_versions,ssm.ListAssociationVersions,,yes,absent,0,0,,0,0,0,no source resources of this type were collected,2026-08-16T15:50:20+00:00
ssm.association,,ssm,AssociationDescription.Name,dotted,ssm.document,ssm-document,references,doc,medium,service-partial,describe_association,ssm.DescribeAssociation,,yes,absent,0,0,,0,0,0,no source resources of this type were collected,2026-08-16T15:50:20+00:00
ssm.association,,ssm,Name,scalar,ssm.document,ssm-document,references,doc,medium,service-partial,list_associations,ssm.ListAssociations,,yes,absent,0,0,,0,0,0,no source resources of this type were collected,2026-08-16T15:50:20+00:00
ssm.document,ssm-document,ssm,Document.Parameters[].Name,list_dict,ssm.parameter,ssm-parameter,references,doc,medium,service-exact,describe_document,ssm.DescribeDocument,,yes,absent,1,0,0.00,0,0,0,path never populated across 1 resource(s),2026-08-16T15:50:20+00:00
ssm.maintenance_window_schedule,,ssm,Name,scalar,ssm.maintenance_window,,references,doc,medium,service-partial,describe_maintenance_window_schedule,ssm.DescribeMaintenanceWindowSchedule,,yes,absent,0,0,,0,0,0,no source resources of this type were collected,2026-08-16T15:50:20+00:00
ssm.maintenance_window_schedule,,ssm,WindowId,scalar,ssm.maintenance_window,,references,doc,medium,service-partial,describe_maintenance_window_schedule,ssm.DescribeMaintenanceWindowSchedule,,yes,absent,0,0,,0,0,0,no source resources of this type were collected,2026-08-16T15:50:20+00:00
ssm.resource_data_sync,,ssm,S3Destination.BucketName,dotted,s3.bucket,s3,references,doc,medium,well-known,list_resource_data_sync,ssm.ListResourceDataSync,,yes,absent,0,0,,0,0,0,no source resources of this type were collected,2026-08-16T15:50:20+00:00
ssm.ssm_activation,ssm-activation,ssm,DefaultInstanceName,scalar,ssm.node,,references,doc,medium,service-partial,describe_activations,ssm.DescribeActivations,,no,absent,0,0,,0,0,0,no source resources of this type were collected,2026-08-16T15:50:20+00:00
ssm.ssm_data_sync,ssm-data-sync,ssm,S3Destination.AWSKMSKeyARN,dotted,kms.key,kms-key,encrypted-by,c7n,high,curated,,aws.ssm-data-sync.filters.kms-key,,no,absent,0,0,,0,0,0,no source resources of this type were collected,2026-08-16T15:50:20+00:00
ssm.ssm_patch_group,ssm-patch-group,ssm,BaselineIdentity.BaselineId,dotted,ssm.patch_baseline,,references,doc,medium,service-exact,describe_patch_groups,ssm.DescribePatchGroups,,yes,absent,0,0,,0,0,0,no source resources of this type were collected,2026-08-16T15:50:20+00:00
ssm.ssm_patch_group,ssm-patch-group,ssm,BaselineIdentity.BaselineName,dotted,ssm.patch_baseline,,references,doc,medium,service-exact,describe_patch_groups,ssm.DescribePatchGroups,,yes,absent,0,0,,0,0,0,no source resources of this type were collected,2026-08-16T15:50:20+00:00
sso-admin.account_assignment,,sso-admin,PermissionSetArn,scalar,sso.permission_set,,references,doc,medium,global-exact,list_account_assignments,sso-admin.ListAccountAssignments,,yes,absent,0,0,,0,0,0,no source resources of this type were collected,2026-08-16T15:50:20+00:00
sso-admin.account_assignment_creation_status,,sso-admin,AccountAssignmentCreationStatus.PermissionSetArn,dotted,sso.permission_set,,references,doc,medium,global-exact,describe_account_assignment_creation_status,sso-admin.DescribeAccountAssignmentCreationStatus,,yes,absent,0,0,,0,0,0,no source resources of this type were collected,2026-08-16T15:50:20+00:00
sso-admin.account_assignment_deletion_status,,sso-admin,AccountAssignmentDeletionStatus.PermissionSetArn,dotted,sso.permission_set,,references,doc,medium,global-exact,describe_account_assignment_deletion_status,sso-admin.DescribeAccountAssignmentDeletionStatus,,yes,absent,0,0,,0,0,0,no source resources of this type were collected,2026-08-16T15:50:20+00:00
sso-admin.account_assignments_for_principal,,sso-admin,PrincipalId,scalar,ram.principal,,references,doc,medium,global-exact,list_account_assignments_for_principal,sso-admin.ListAccountAssignmentsForPrincipal,,yes,absent,0,0,,0,0,0,no source resources of this type were collected,2026-08-16T15:50:20+00:00
sso-admin.application_assignment,,sso-admin,ApplicationArn,scalar,sso-admin.application,,references,doc,medium,service-exact,describe_application_assignment,sso-admin.DescribeApplicationAssignment,,yes,absent,0,0,,0,0,0,no source resources of this type were collected,2026-08-16T15:50:20+00:00
sso-admin.application_assignment,,sso-admin,PrincipalId,scalar,sso-admin.application,,references,doc,medium,service-partial,list_application_assignments,sso-admin.ListApplicationAssignments,,yes,absent,0,0,,0,0,0,no source resources of this type were collected,2026-08-16T15:50:20+00:00
sso-admin.application_assignments_for_principal,,sso-admin,PrincipalId,scalar,sso-admin.application,,references,doc,medium,service-partial,list_application_assignments_for_principal,sso-admin.ListApplicationAssignmentsForPrincipal,,yes,absent,0,0,,0,0,0,no source resources of this type were collected,2026-08-16T15:50:20+00:00
sso-admin.application_grant,,sso-admin,Grant.JwtBearer.AuthorizedTokenIssuers[].TrustedTokenIssuerArn,list_dict,sso-admin.trusted_token_issuer,,references,doc,medium,service-exact,get_application_grant,sso-admin.GetApplicationGrant,,yes,absent,0,0,,0,0,0,no source resources of this type were collected,2026-08-16T15:50:20+00:00
stepfunctions.execution,,stepfunctions,activityStartedEventDetails.workerName,dotted,deadline.worker,,references,doc,medium,global-exact,get_execution_history,stepfunctions.GetExecutionHistory,,yes,absent,0,0,,0,0,0,no source resources of this type were collected,2026-08-16T15:50:20+00:00
stepfunctions.state_machine,step-machine,stepfunctions,definition,document,lambda.function,lambda,references,hand,high,curated,list_state_machines,"states.DescribeStateMachine: the definition names every resource the workflow invokes; ARNs without an account are service integrations, not members",,yes,refuted,1,1,1.00,0,1,0,all 1 value(s) resolved to nothing in the target inventory,2026-08-16T15:50:20+00:00
stepfunctions.state_machine,step-machine,stepfunctions,definition,document,sns.topic,sns,references,hand,high,curated,list_state_machines,states.DescribeStateMachine: a workflow that publishes to a topic,,yes,refuted,1,1,1.00,0,1,0,all 1 value(s) resolved to nothing in the target inventory,2026-08-16T15:50:20+00:00
stepfunctions.state_machine,step-machine,stepfunctions,definition,document,sqs.queue,sqs,references,hand,high,curated,list_state_machines,states.DescribeStateMachine: a workflow that enqueues,,yes,refuted,1,1,1.00,0,1,0,all 1 value(s) resolved to nothing in the target inventory,2026-08-16T15:50:20+00:00
stepfunctions.state_machine_for_execution,,stepfunctions,revisionId,scalar,stepfunctions.state_machine,step-machine,references,doc,medium,service-exact,describe_state_machine_for_execution,stepfunctions.DescribeStateMachineForExecution,,yes,absent,0,0,,0,0,0,no source resources of this type were collected,2026-08-16T15:50:20+00:00
storagegateway.volume,,storagegateway,VolumeiSCSIAttributes.NetworkInterfaceId,dotted,ec2.network_interface,eni,attached-to,doc,medium,leaf-hint,describe_cachedi_scsi_volumes,storagegateway.DescribeCachediSCSIVolumes,,yes,absent,0,0,,0,0,0,no source resources of this type were collected,2026-08-16T15:50:20+00:00
storagegateway.volume,,storagegateway,VolumeId,scalar,ec2.volume,ebs,attached-to,doc,medium,leaf-hint,describe_cachedi_scsi_volumes,storagegateway.DescribeCachediSCSIVolumes,,yes,absent,0,0,,0,0,0,no source resources of this type were collected,2026-08-16T15:50:20+00:00
support.communication,,support,attachmentSet[].attachmentId,list_dict,support.attachment,,references,doc,medium,service-exact,describe_communications,support.DescribeCommunications,,no,absent,0,0,,0,0,0,no source resources of this type were collected,2026-08-16T15:50:20+00:00
swf.closed_workflow_execution,,swf,execution.runId,dotted,swf.workflow_execution,,references,doc,medium,service-exact,list_closed_workflow_executions,swf.ListClosedWorkflowExecutions,,yes,absent,0,0,,0,0,0,no source resources of this type were collected,2026-08-16T15:50:20+00:00
swf.closed_workflow_execution,,swf,parent.runId,dotted,swf.workflow_execution,,references,doc,medium,service-exact,list_closed_workflow_executions,swf.ListClosedWorkflowExecutions,,yes,absent,0,0,,0,0,0,no source resources of this type were collected,2026-08-16T15:50:20+00:00
swf.open_workflow_execution,,swf,execution.runId,dotted,swf.workflow_execution,,references,doc,medium,service-exact,list_open_workflow_executions,swf.ListOpenWorkflowExecutions,,yes,absent,0,0,,0,0,0,no source resources of this type were collected,2026-08-16T15:50:20+00:00
swf.open_workflow_execution,,swf,parent.runId,dotted,swf.workflow_execution,,references,doc,medium,service-exact,list_open_workflow_executions,swf.ListOpenWorkflowExecutions,,yes,absent,0,0,,0,0,0,no source resources of this type were collected,2026-08-16T15:50:20+00:00
swf.workflow_execution_history,,swf,activityTaskScheduledEventAttributes.activityId,dotted,stepfunctions.activity_task,,references,doc,medium,global-exact,get_workflow_execution_history,swf.GetWorkflowExecutionHistory,,no,absent,0,0,,0,0,0,no source resources of this type were collected,2026-08-16T15:50:20+00:00
swf.workflow_execution_history,,swf,childWorkflowExecutionCanceledEventAttributes.workflowExecution.runId,dotted,swf.workflow_execution,,references,doc,medium,service-exact,get_workflow_execution_history,swf.GetWorkflowExecutionHistory,,yes,absent,0,0,,0,0,0,no source resources of this type were collected,2026-08-16T15:50:20+00:00
swf.workflow_execution_history,,swf,childWorkflowExecutionCompletedEventAttributes.workflowExecution.runId,dotted,swf.workflow_execution,,references,doc,medium,service-exact,get_workflow_execution_history,swf.GetWorkflowExecutionHistory,,yes,absent,0,0,,0,0,0,no source resources of this type were collected,2026-08-16T15:50:20+00:00
swf.workflow_execution_history,,swf,childWorkflowExecutionFailedEventAttributes.workflowExecution.runId,dotted,swf.workflow_execution,,references,doc,medium,service-exact,get_workflow_execution_history,swf.GetWorkflowExecutionHistory,,yes,absent,0,0,,0,0,0,no source resources of this type were collected,2026-08-16T15:50:20+00:00
swf.workflow_execution_history,,swf,childWorkflowExecutionStartedEventAttributes.workflowExecution.runId,dotted,swf.workflow_execution,,references,doc,medium,service-exact,get_workflow_execution_history,swf.GetWorkflowExecutionHistory,,yes,absent,0,0,,0,0,0,no source resources of this type were collected,2026-08-16T15:50:20+00:00
swf.workflow_execution_history,,swf,childWorkflowExecutionTerminatedEventAttributes.workflowExecution.runId,dotted,swf.workflow_execution,,references,doc,medium,service-exact,get_workflow_execution_history,swf.GetWorkflowExecutionHistory,,yes,absent,0,0,,0,0,0,no source resources of this type were collected,2026-08-16T15:50:20+00:00
swf.workflow_execution_history,,swf,childWorkflowExecutionTimedOutEventAttributes.workflowExecution.runId,dotted,swf.workflow_execution,,references,doc,medium,service-exact,get_workflow_execution_history,swf.GetWorkflowExecutionHistory,,yes,absent,0,0,,0,0,0,no source resources of this type were collected,2026-08-16T15:50:20+00:00
swf.workflow_execution_history,,swf,externalWorkflowExecutionCancelRequestedEventAttributes.workflowExecution.runId,dotted,swf.workflow_execution,,references,doc,medium,service-exact,get_workflow_execution_history,swf.GetWorkflowExecutionHistory,,yes,absent,0,0,,0,0,0,no source resources of this type were collected,2026-08-16T15:50:20+00:00
swf.workflow_execution_history,,swf,externalWorkflowExecutionSignaledEventAttributes.workflowExecution.runId,dotted,swf.workflow_execution,,references,doc,medium,service-exact,get_workflow_execution_history,swf.GetWorkflowExecutionHistory,,yes,absent,0,0,,0,0,0,no source resources of this type were collected,2026-08-16T15:50:20+00:00
swf.workflow_execution_history,,swf,workflowExecutionCancelRequestedEventAttributes.externalWorkflowExecution.runId,dotted,swf.workflow_execution,,references,doc,medium,service-exact,get_workflow_execution_history,swf.GetWorkflowExecutionHistory,,yes,absent,0,0,,0,0,0,no source resources of this type were collected,2026-08-16T15:50:20+00:00
swf.workflow_execution_history,,swf,workflowExecutionSignaledEventAttributes.externalWorkflowExecution.runId,dotted,swf.workflow_execution,,references,doc,medium,service-exact,get_workflow_execution_history,swf.GetWorkflowExecutionHistory,,yes,absent,0,0,,0,0,0,no source resources of this type were collected,2026-08-16T15:50:20+00:00
swf.workflow_execution_history,,swf,workflowExecutionStartedEventAttributes.parentWorkflowExecution.runId,dotted,swf.workflow_execution,,references,doc,medium,service-exact,get_workflow_execution_history,swf.GetWorkflowExecutionHistory,,yes,absent,0,0,,0,0,0,no source resources of this type were collected,2026-08-16T15:50:20+00:00
synthetics.associated_group,,synthetics,Arn,scalar,synthetics.group,,references,doc,medium,service-exact,list_associated_groups,synthetics.ListAssociatedGroups,,yes,absent,0,0,,0,0,0,no source resources of this type were collected,2026-08-16T15:50:20+00:00
synthetics.associated_group,,synthetics,Id,scalar,synthetics.group,,references,doc,medium,service-exact,list_associated_groups,synthetics.ListAssociatedGroups,,yes,absent,0,0,,0,0,0,no source resources of this type were collected,2026-08-16T15:50:20+00:00
synthetics.associated_group,,synthetics,Name,scalar,synthetics.group,,references,doc,medium,service-exact,list_associated_groups,synthetics.ListAssociatedGroups,,yes,absent,0,0,,0,0,0,no source resources of this type were collected,2026-08-16T15:50:20+00:00
synthetics.canaries_last_run,,synthetics,CanaryName,scalar,synthetics.canary,,references,doc,medium,service-exact,describe_canaries_last_run,synthetics.DescribeCanariesLastRun,,yes,absent,0,0,,0,0,0,no source resources of this type were collected,2026-08-16T15:50:20+00:00
synthetics.canaries_last_run,,synthetics,LastRun.Name,dotted,synthetics.canary,,references,doc,medium,service-exact,describe_canaries_last_run,synthetics.DescribeCanariesLastRun,,yes,absent,0,0,,0,0,0,no source resources of this type were collected,2026-08-16T15:50:20+00:00
synthetics.canary,,synthetics,Canary.VpcConfig.VpcId,dotted,ec2.vpc,vpc,contained-in,doc,medium,leaf-hint,get_canary,synthetics.GetCanary,,yes,absent,0,0,,0,0,0,no source resources of this type were collected,2026-08-16T15:50:20+00:00
synthetics.canary,,synthetics,VpcConfig.VpcId,dotted,ec2.vpc,vpc,contained-in,doc,medium,leaf-hint,describe_canaries,synthetics.DescribeCanaries,,yes,absent,0,0,,0,0,0,no source resources of this type were collected,2026-08-16T15:50:20+00:00
synthetics.canary,,synthetics,Canary.ExecutionRoleArn,dotted,iam.role,iam-role,assumes,doc,medium,well-known,get_canary,synthetics.GetCanary,,yes,absent,0,0,,0,0,0,no source resources of this type were collected,2026-08-16T15:50:20+00:00
synthetics.canary,,synthetics,ExecutionRoleArn,scalar,iam.role,iam-role,assumes,doc,medium,well-known,describe_canaries,synthetics.DescribeCanaries,,yes,absent,0,0,,0,0,0,no source resources of this type were collected,2026-08-16T15:50:20+00:00
synthetics.canary,,synthetics,ArtifactConfig.S3Encryption.KmsKeyArn,dotted,kms.key,kms-key,encrypted-by,doc,medium,leaf-hint,describe_canaries,synthetics.DescribeCanaries,,yes,absent,0,0,,0,0,0,no source resources of this type were collected,2026-08-16T15:50:20+00:00
synthetics.canary,,synthetics,Canary.ArtifactConfig.S3Encryption.KmsKeyArn,dotted,kms.key,kms-key,encrypted-by,doc,medium,leaf-hint,get_canary,synthetics.GetCanary,,yes,absent,0,0,,0,0,0,no source resources of this type were collected,2026-08-16T15:50:20+00:00
synthetics.canary_run,,synthetics,Name,scalar,synthetics.canary,,references,doc,medium,service-exact,get_canary_runs,synthetics.GetCanaryRuns,,yes,absent,0,0,,0,0,0,no source resources of this type were collected,2026-08-16T15:50:20+00:00
textract.adapter_version,,textract,AdapterId,scalar,textract.adapter,,references,doc,medium,service-exact,get_adapter_version,textract.GetAdapterVersion,,yes,absent,0,0,,0,0,0,no source resources of this type were collected,2026-08-16T15:50:20+00:00
timestream-query.query,,timestream-query,ScheduledQuery.KmsKeyId,dotted,kms.key,kms-key,encrypted-by,doc,medium,leaf-hint,describe_scheduled_query,timestream-query.DescribeScheduledQuery,,yes,absent,0,0,,0,0,0,no source resources of this type were collected,2026-08-16T15:50:20+00:00
timestream-write.batch_load_task,,timestream-write,BatchLoadTaskDescription.ReportConfiguration.ReportS3Configuration.KmsKeyId,dotted,kms.key,kms-key,encrypted-by,doc,medium,leaf-hint,describe_batch_load_task,timestream-write.DescribeBatchLoadTask,,yes,absent,0,0,,0,0,0,no source resources of this type were collected,2026-08-16T15:50:20+00:00
timestream-write.batch_load_task,,timestream-write,TableName,scalar,timestream-write.table,,references,doc,medium,service-exact,list_batch_load_tasks,timestream-write.ListBatchLoadTasks,,yes,absent,0,0,,0,0,0,no source resources of this type were collected,2026-08-16T15:50:20+00:00
timestream-write.database,,timestream-write,Database.KmsKeyId,dotted,kms.key,kms-key,encrypted-by,doc,medium,leaf-hint,describe_database,timestream-write.DescribeDatabase,,yes,absent,0,0,,0,0,0,no source resources of this type were collected,2026-08-16T15:50:20+00:00
timestream-write.database,,timestream-write,Database.DatabaseName,dotted,timestream-write.timestream_database,timestream-database,references,doc,medium,service-exact,describe_database,timestream-write.DescribeDatabase,,yes,absent,0,0,,0,0,0,no source resources of this type were collected,2026-08-16T15:50:20+00:00
timestream-write.table,,timestream-write,MagneticStoreWriteProperties.MagneticStoreRejectedDataLocation.S3Configuration.KmsKeyId,dotted,kms.key,kms-key,encrypted-by,doc,medium,leaf-hint,list_tables,timestream-write.ListTables,,yes,absent,0,0,,0,0,0,no source resources of this type were collected,2026-08-16T15:50:20+00:00
timestream-write.table,,timestream-write,Table.MagneticStoreWriteProperties.MagneticStoreRejectedDataLocation.S3Configuration.KmsKeyId,dotted,kms.key,kms-key,encrypted-by,doc,medium,leaf-hint,describe_table,timestream-write.DescribeTable,,yes,absent,0,0,,0,0,0,no source resources of this type were collected,2026-08-16T15:50:20+00:00
timestream-write.table,,timestream-write,Schema.CompositePartitionKey[].Name,list_dict,sdb.attribute,,references,doc,medium,global-exact,list_tables,timestream-write.ListTables,,yes,absent,0,0,,0,0,0,no source resources of this type were collected,2026-08-16T15:50:20+00:00
timestream-write.table,,timestream-write,Table.Schema.CompositePartitionKey[].Name,list_dict,sdb.attribute,,references,doc,medium,global-exact,describe_table,timestream-write.DescribeTable,,yes,absent,0,0,,0,0,0,no source resources of this type were collected,2026-08-16T15:50:20+00:00
timestream-write.table,,timestream-write,Table.TableName,dotted,timestream-write.timestream_table,timestream-table,references,doc,medium,service-exact,describe_table,timestream-write.DescribeTable,,yes,absent,0,0,,0,0,0,no source resources of this type were collected,2026-08-16T15:50:20+00:00
timestream-write.table,,timestream-write,TableName,scalar,timestream-write.timestream_table,timestream-table,references,doc,medium,service-exact,list_tables,timestream-write.ListTables,,yes,absent,0,0,,0,0,0,no source resources of this type were collected,2026-08-16T15:50:20+00:00
tnb.sol_network_instance,,tnb,lcmOpInfo.nsLcmOpOccId,dotted,tnb.sol_network_operation,,references,doc,medium,service-partial,get_sol_network_instance,tnb.GetSolNetworkInstance,,no,absent,0,0,,0,0,0,no source resources of this type were collected,2026-08-16T15:50:20+00:00
transfer.agreement,,transfer,Agreement.LocalProfileId,dotted,transfer.profile,,references,doc,medium,service-partial,describe_agreement,transfer.DescribeAgreement,,no,absent,0,0,,0,0,0,no source resources of this type were collected,2026-08-16T15:50:20+00:00
transfer.agreement,,transfer,LocalProfileId,scalar,transfer.profile,,references,doc,medium,service-partial,list_agreements,transfer.ListAgreements,,no,absent,0,0,,0,0,0,no source resources of this type were collected,2026-08-16T15:50:20+00:00
transfer.agreement,,transfer,PartnerProfileId,scalar,transfer.profile,,references,doc,medium,service-partial,list_agreements,transfer.ListAgreements,,no,absent,0,0,,0,0,0,no source resources of this type were collected,2026-08-16T15:50:20+00:00
transfer.connector,,transfer,Connector.SftpConfig.UserSecretId,dotted,secretsmanager.secret,secrets-manager,references,doc,medium,global-exact,describe_connector,transfer.DescribeConnector,,yes,absent,0,0,,0,0,0,no source resources of this type were collected,2026-08-16T15:50:20+00:00
transfer.connector,,transfer,Connector.As2Config.LocalProfileId,dotted,transfer.profile,,references,doc,medium,service-partial,describe_connector,transfer.DescribeConnector,,yes,absent,0,0,,0,0,0,no source resources of this type were collected,2026-08-16T15:50:20+00:00
transfer.server,transfer-server,transfer,Server.EndpointDetails.VpcEndpointId,dotted,ec2.vpc,vpc,contained-in,doc,medium,well-known,describe_server,transfer.DescribeServer,,yes,absent,0,0,,0,0,0,no source resources of this type were collected,2026-08-16T15:50:20+00:00
transfer.server,transfer-server,transfer,Server.EndpointDetails.VpcId,dotted,ec2.vpc,vpc,contained-in,doc,medium,leaf-hint,describe_server,transfer.DescribeServer,,yes,absent,0,0,,0,0,0,no source resources of this type were collected,2026-08-16T15:50:20+00:00
transfer.server,transfer-server,transfer,Server.WorkflowDetails.OnPartialUpload[].WorkflowId,list_dict,transfer.workflow,,references,doc,medium,service-exact,describe_server,transfer.DescribeServer,,yes,absent,0,0,,0,0,0,no source resources of this type were collected,2026-08-16T15:50:20+00:00
transfer.server,transfer-server,transfer,Server.WorkflowDetails.OnUpload[].WorkflowId,list_dict,transfer.workflow,,references,doc,medium,service-exact,describe_server,transfer.DescribeServer,,yes,absent,0,0,,0,0,0,no source resources of this type were collected,2026-08-16T15:50:20+00:00
transfer.user,transfer-user,transfer,ServerId,scalar,transfer.server,transfer-server,contained-in,parent_spec,high,declared,,c7n parent_spec of transfer-user,,no,absent,0,0,,0,0,0,no source resources of this type were collected,2026-08-16T15:50:20+00:00
transfer.workflow,,transfer,Workflow.OnExceptionSteps[].CopyStepDetails.DestinationFileLocation.EfsFileLocation.FileSystemId,list_dict,codecommit.file,,references,doc,medium,global-exact,describe_workflow,transfer.DescribeWorkflow,,no,absent,0,0,,0,0,0,no source resources of this type were collected,2026-08-16T15:50:20+00:00
transfer.workflow,,transfer,Workflow.OnExceptionSteps[].DecryptStepDetails.DestinationFileLocation.EfsFileLocation.FileSystemId,list_dict,codecommit.file,,references,doc,medium,global-exact,describe_workflow,transfer.DescribeWorkflow,,no,absent,0,0,,0,0,0,no source resources of this type were collected,2026-08-16T15:50:20+00:00
transfer.workflow,,transfer,Workflow.Steps[].CopyStepDetails.DestinationFileLocation.EfsFileLocation.FileSystemId,list_dict,codecommit.file,,references,doc,medium,global-exact,describe_workflow,transfer.DescribeWorkflow,,no,absent,0,0,,0,0,0,no source resources of this type were collected,2026-08-16T15:50:20+00:00
transfer.workflow,,transfer,Workflow.Steps[].DecryptStepDetails.DestinationFileLocation.EfsFileLocation.FileSystemId,list_dict,codecommit.file,,references,doc,medium,global-exact,describe_workflow,transfer.DescribeWorkflow,,no,absent,0,0,,0,0,0,no source resources of this type were collected,2026-08-16T15:50:20+00:00
verifiedpermissions.policy_template,,verifiedpermissions,policyStoreId,scalar,verifiedpermissions.policy,,references,doc,medium,service-exact,list_policy_templates,verifiedpermissions.ListPolicyTemplates,,yes,absent,0,0,,0,0,0,no source resources of this type were collected,2026-08-16T15:50:20+00:00
verifiedpermissions.schema,,verifiedpermissions,policyStoreId,scalar,verifiedpermissions.policy,,references,doc,medium,service-exact,get_schema,verifiedpermissions.GetSchema,,yes,absent,0,0,,0,0,0,no source resources of this type were collected,2026-08-16T15:50:20+00:00
voice-id.domain,,voice-id,Domain.ServerSideEncryptionConfiguration.KmsKeyId,dotted,kms.key,kms-key,encrypted-by,doc,medium,leaf-hint,describe_domain,voice-id.DescribeDomain,,no,absent,0,0,,0,0,0,no source resources of this type were collected,2026-08-16T15:50:20+00:00
voice-id.domain,,voice-id,ServerSideEncryptionConfiguration.KmsKeyId,dotted,kms.key,kms-key,encrypted-by,doc,medium,leaf-hint,list_domains,voice-id.ListDomains,,no,absent,0,0,,0,0,0,no source resources of this type were collected,2026-08-16T15:50:20+00:00
voice-id.domain,,voice-id,Domain.WatchlistDetails.DefaultWatchlistId,dotted,voice-id.watchlist,,references,doc,medium,service-partial,describe_domain,voice-id.DescribeDomain,,no,absent,0,0,,0,0,0,no source resources of this type were collected,2026-08-16T15:50:20+00:00
voice-id.domain,,voice-id,WatchlistDetails.DefaultWatchlistId,dotted,voice-id.watchlist,,references,doc,medium,service-partial,list_domains,voice-id.ListDomains,,no,absent,0,0,,0,0,0,no source resources of this type were collected,2026-08-16T15:50:20+00:00
voice-id.fraudster,,voice-id,DomainId,scalar,voice-id.domain,,references,doc,medium,service-exact,list_fraudsters,voice-id.ListFraudsters,,no,absent,0,0,,0,0,0,no source resources of this type were collected,2026-08-16T15:50:20+00:00
voice-id.fraudster,,voice-id,Fraudster.DomainId,dotted,voice-id.domain,,references,doc,medium,service-exact,describe_fraudster,voice-id.DescribeFraudster,,no,absent,0,0,,0,0,0,no source resources of this type were collected,2026-08-16T15:50:20+00:00
voice-id.fraudster_registration_job,,voice-id,Job.OutputDataConfig.KmsKeyId,dotted,kms.key,kms-key,encrypted-by,doc,medium,leaf-hint,describe_fraudster_registration_job,voice-id.DescribeFraudsterRegistrationJob,,yes,absent,0,0,,0,0,0,no source resources of this type were collected,2026-08-16T15:50:20+00:00
voice-id.speaker,,voice-id,DomainId,scalar,voice-id.domain,,references,doc,medium,service-exact,list_speakers,voice-id.ListSpeakers,,no,absent,0,0,,0,0,0,no source resources of this type were collected,2026-08-16T15:50:20+00:00
voice-id.speaker,,voice-id,Speaker.DomainId,dotted,voice-id.domain,,references,doc,medium,service-exact,describe_speaker,voice-id.DescribeSpeaker,,no,absent,0,0,,0,0,0,no source resources of this type were collected,2026-08-16T15:50:20+00:00
voice-id.speaker_enrollment_job,,voice-id,Job.OutputDataConfig.KmsKeyId,dotted,kms.key,kms-key,encrypted-by,doc,medium,leaf-hint,describe_speaker_enrollment_job,voice-id.DescribeSpeakerEnrollmentJob,,yes,absent,0,0,,0,0,0,no source resources of this type were collected,2026-08-16T15:50:20+00:00
voice-id.watchlist,,voice-id,DomainId,scalar,voice-id.domain,,references,doc,medium,service-exact,list_watchlists,voice-id.ListWatchlists,,no,absent,0,0,,0,0,0,no source resources of this type were collected,2026-08-16T15:50:20+00:00
voice-id.watchlist,,voice-id,Watchlist.DomainId,dotted,voice-id.domain,,references,doc,medium,service-exact,describe_watchlist,voice-id.DescribeWatchlist,,no,absent,0,0,,0,0,0,no source resources of this type were collected,2026-08-16T15:50:20+00:00
vpc-lattice.access_log_subscription,,vpc-lattice,resourceId,scalar,vpc-lattice.service,,references,doc,medium,service-exact,get_access_log_subscription,vpc-lattice.GetAccessLogSubscription,,no,absent,0,0,,0,0,0,no source resources of this type were collected,2026-08-16T15:50:20+00:00
vpc-lattice.listener,,vpc-lattice,serviceId,scalar,vpc-lattice.service,,references,doc,medium,service-exact,get_listener,vpc-lattice.GetListener,,no,absent,0,0,,0,0,0,no source resources of this type were collected,2026-08-16T15:50:20+00:00
vpc-lattice.service,,vpc-lattice,dnsEntry.hostedZoneId,dotted,route53.hosted_zone,hostedzone,references,doc,medium,global-exact,get_service,vpc-lattice.GetService,,no,absent,0,0,,0,0,0,no source resources of this type were collected,2026-08-16T15:50:20+00:00
vpc-lattice.service_network_service_association,,vpc-lattice,dnsEntry.hostedZoneId,dotted,route53.hosted_zone,hostedzone,references,doc,medium,global-exact,get_service_network_service_association,vpc-lattice.GetServiceNetworkServiceAssociation,,no,absent,0,0,,0,0,0,no source resources of this type were collected,2026-08-16T15:50:20+00:00
vpc-lattice.service_network_service_association,,vpc-lattice,customDomainName,scalar,vpc-lattice.service,,references,doc,medium,service-exact,get_service_network_service_association,vpc-lattice.GetServiceNetworkServiceAssociation,,no,absent,0,0,,0,0,0,no source resources of this type were collected,2026-08-16T15:50:20+00:00
vpc-lattice.service_network_service_association,,vpc-lattice,dnsEntry.domainName,dotted,vpc-lattice.service,,references,doc,medium,service-exact,get_service_network_service_association,vpc-lattice.GetServiceNetworkServiceAssociation,,no,absent,0,0,,0,0,0,no source resources of this type were collected,2026-08-16T15:50:20+00:00
vpc-lattice.service_network_service_association,,vpc-lattice,serviceId,scalar,vpc-lattice.service,,references,doc,medium,service-exact,get_service_network_service_association,vpc-lattice.GetServiceNetworkServiceAssociation,,no,absent,0,0,,0,0,0,no source resources of this type were collected,2026-08-16T15:50:20+00:00
vpc-lattice.service_network_service_association,,vpc-lattice,serviceName,scalar,vpc-lattice.service,,references,doc,medium,service-exact,get_service_network_service_association,vpc-lattice.GetServiceNetworkServiceAssociation,,no,absent,0,0,,0,0,0,no source resources of this type were collected,2026-08-16T15:50:20+00:00
vpc-lattice.service_network_service_association,,vpc-lattice,serviceNetworkId,scalar,vpc-lattice.service_network,,references,doc,medium,service-exact,get_service_network_service_association,vpc-lattice.GetServiceNetworkServiceAssociation,,no,absent,0,0,,0,0,0,no source resources of this type were collected,2026-08-16T15:50:20+00:00
vpc-lattice.service_network_service_association,,vpc-lattice,serviceNetworkName,scalar,vpc-lattice.service_network,,references,doc,medium,service-exact,get_service_network_service_association,vpc-lattice.GetServiceNetworkServiceAssociation,,no,absent,0,0,,0,0,0,no source resources of this type were collected,2026-08-16T15:50:20+00:00
vpc-lattice.service_network_vpc_association,,vpc-lattice,vpcId,scalar,ec2.vpc,vpc,contained-in,doc,medium,leaf-hint,get_service_network_vpc_association,vpc-lattice.GetServiceNetworkVpcAssociation,,no,absent,0,0,,0,0,0,no source resources of this type were collected,2026-08-16T15:50:20+00:00
vpc-lattice.service_network_vpc_association,,vpc-lattice,serviceNetworkId,scalar,vpc-lattice.service_network,,references,doc,medium,service-exact,get_service_network_vpc_association,vpc-lattice.GetServiceNetworkVpcAssociation,,no,absent,0,0,,0,0,0,no source resources of this type were collected,2026-08-16T15:50:20+00:00
vpc-lattice.service_network_vpc_association,,vpc-lattice,serviceNetworkName,scalar,vpc-lattice.service_network,,references,doc,medium,service-exact,get_service_network_vpc_association,vpc-lattice.GetServiceNetworkVpcAssociation,,no,absent,0,0,,0,0,0,no source resources of this type were collected,2026-08-16T15:50:20+00:00
vpc-lattice.target_group,,vpc-lattice,config.vpcIdentifier,dotted,ec2.vpc,vpc,contained-in,doc,medium,well-known,get_target_group,vpc-lattice.GetTargetGroup,,no,absent,0,0,,0,0,0,no source resources of this type were collected,2026-08-16T15:50:20+00:00
vpc-lattice.target_group,,vpc-lattice,vpcIdentifier,scalar,ec2.vpc,vpc,contained-in,doc,medium,well-known,list_target_groups,vpc-lattice.ListTargetGroups,,no,absent,0,0,,0,0,0,no source resources of this type were collected,2026-08-16T15:50:20+00:00
waf-regional.activated_rules_in_rule_group,,waf-regional,ExcludedRules[].RuleId,list_dict,waf-regional.rule,,references,doc,medium,service-exact,list_activated_rules_in_rule_group,waf-regional.ListActivatedRulesInRuleGroup,,yes,absent,0,0,,0,0,0,no source resources of this type were collected,2026-08-16T15:50:20+00:00
waf-regional.web_acl,waf-regional,waf-regional,WebACL.Rules[].ExcludedRules[].RuleId,list_nested,waf-regional.rule,,references,doc,medium,service-exact,get_web_acl,waf-regional.GetWebACL,,yes,absent,0,0,,0,0,0,no source resources of this type were collected,2026-08-16T15:50:20+00:00
waf.activated_rules_in_rule_group,,waf,ExcludedRules[].RuleId,list_dict,waf.rule,,references,doc,medium,service-exact,list_activated_rules_in_rule_group,waf.ListActivatedRulesInRuleGroup,,yes,absent,0,0,,0,0,0,no source resources of this type were collected,2026-08-16T15:50:20+00:00
waf.web_acl,waf,waf,WebACL.Rules[].ExcludedRules[].RuleId,list_nested,waf.rule,,references,doc,medium,service-exact,get_web_acl,waf.GetWebACL,,yes,absent,0,0,,0,0,0,no source resources of this type were collected,2026-08-16T15:50:20+00:00
wafv2.available_managed_rule_group,,wafv2,VendorName,scalar,wafv2.rule_group,,references,doc,medium,service-partial,list_available_managed_rule_groups,wafv2.ListAvailableManagedRuleGroups,,yes,absent,0,0,,0,0,0,no source resources of this type were collected,2026-08-16T15:50:20+00:00
wafv2.web_acl,wafv2,wafv2,WebACL.PostProcessFirewallManagerRuleGroups[].FirewallManagerStatement.ManagedRuleGroupStatement.VendorName,list_dict,wafv2.rule_group,,references,doc,medium,service-partial,get_web_acl,wafv2.GetWebACL,,yes,absent,0,0,,0,0,0,no source resources of this type were collected,2026-08-16T15:50:20+00:00
wafv2.web_acl,wafv2,wafv2,WebACL.PostProcessFirewallManagerRuleGroups[].Name,list_dict,wafv2.rule_group,,references,doc,medium,service-exact,get_web_acl,wafv2.GetWebACL,,yes,absent,0,0,,0,0,0,no source resources of this type were collected,2026-08-16T15:50:20+00:00
wafv2.web_acl,wafv2,wafv2,WebACL.PreProcessFirewallManagerRuleGroups[].FirewallManagerStatement.ManagedRuleGroupStatement.VendorName,list_dict,wafv2.rule_group,,references,doc,medium,service-partial,get_web_acl,wafv2.GetWebACL,,yes,absent,0,0,,0,0,0,no source resources of this type were collected,2026-08-16T15:50:20+00:00
wafv2.web_acl,wafv2,wafv2,WebACL.PreProcessFirewallManagerRuleGroups[].Name,list_dict,wafv2.rule_group,,references,doc,medium,service-exact,get_web_acl,wafv2.GetWebACL,,yes,absent,0,0,,0,0,0,no source resources of this type were collected,2026-08-16T15:50:20+00:00
wafv2.web_acl,wafv2,wafv2,WebACL.Rules[].Statement.AndStatement.Statements[].ManagedRuleGroupStatement.VendorName,list_nested,wafv2.rule_group,,references,doc,medium,service-partial,get_web_acl,wafv2.GetWebACL,,yes,absent,0,0,,0,0,0,no source resources of this type were collected,2026-08-16T15:50:20+00:00
wafv2.web_acl,wafv2,wafv2,WebACL.Rules[].Statement.ManagedRuleGroupStatement.VendorName,list_dict,wafv2.rule_group,,references,doc,medium,service-partial,get_web_acl,wafv2.GetWebACL,,yes,absent,0,0,,0,0,0,no source resources of this type were collected,2026-08-16T15:50:20+00:00
wafv2.web_acl,wafv2,wafv2,WebACL.Rules[].Statement.OrStatement.Statements[].ManagedRuleGroupStatement.VendorName,list_nested,wafv2.rule_group,,references,doc,medium,service-partial,get_web_acl,wafv2.GetWebACL,,yes,absent,0,0,,0,0,0,no source resources of this type were collected,2026-08-16T15:50:20+00:00
wafv2.web_acl,wafv2,wafv2,WebACL.Rules[].Statement.RateBasedStatement.ScopeDownStatement.ManagedRuleGroupStatement.VendorName,list_dict,wafv2.rule_group,,references,doc,medium,service-partial,get_web_acl,wafv2.GetWebACL,,yes,absent,0,0,,0,0,0,no source resources of this type were collected,2026-08-16T15:50:20+00:00
wellarchitected.profile_notification,,wellarchitected,LensUpgradeSummary.LensArn,dotted,wellarchitected.lens,,references,doc,medium,service-exact,list_notifications,wellarchitected.ListNotifications,,no,absent,0,0,,0,0,0,no source resources of this type were collected,2026-08-16T15:50:20+00:00
wellarchitected.profile_notification,,wellarchitected,LensUpgradeSummary.ResourceName,dotted,wellarchitected.workload,,references,doc,medium,service-exact,list_notifications,wellarchitected.ListNotifications,,yes,absent,0,0,,0,0,0,no source resources of this type were collected,2026-08-16T15:50:20+00:00
wellarchitected.profile_notification,,wellarchitected,LensUpgradeSummary.WorkloadName,dotted,wellarchitected.workload,,references,doc,medium,service-exact,list_notifications,wellarchitected.ListNotifications,,yes,absent,0,0,,0,0,0,no source resources of this type were collected,2026-08-16T15:50:20+00:00
wellarchitected.profile_notification,,wellarchitected,WorkloadName,scalar,wellarchitected.workload,,references,doc,medium,service-exact,list_profile_notifications,wellarchitected.ListProfileNotifications,,yes,absent,0,0,,0,0,0,no source resources of this type were collected,2026-08-16T15:50:20+00:00
wellarchitected.share_invitation,,wellarchitected,LensArn,scalar,wellarchitected.lens,,references,doc,medium,service-exact,list_share_invitations,wellarchitected.ListShareInvitations,,no,absent,0,0,,0,0,0,no source resources of this type were collected,2026-08-16T15:50:20+00:00
wellarchitected.share_invitation,,wellarchitected,LensName,scalar,wellarchitected.lens,,references,doc,medium,service-exact,list_share_invitations,wellarchitected.ListShareInvitations,,no,absent,0,0,,0,0,0,no source resources of this type were collected,2026-08-16T15:50:20+00:00
wellarchitected.share_invitation,,wellarchitected,TemplateName,scalar,wellarchitected.review_template,,references,doc,medium,service-exact,list_share_invitations,wellarchitected.ListShareInvitations,,yes,absent,0,0,,0,0,0,no source resources of this type were collected,2026-08-16T15:50:20+00:00
wellarchitected.share_invitation,,wellarchitected,WorkloadName,scalar,wellarchitected.workload,,references,doc,medium,service-exact,list_share_invitations,wellarchitected.ListShareInvitations,,yes,absent,0,0,,0,0,0,no source resources of this type were collected,2026-08-16T15:50:20+00:00
wisdom.assistant_association,,wisdom,assistantAssociation.assistantId,dotted,wisdom.assistant,,references,doc,medium,service-partial,get_assistant_association,wisdom.GetAssistantAssociation,,yes,absent,0,0,,0,0,0,no source resources of this type were collected,2026-08-16T15:50:20+00:00
wisdom.assistant_association,,wisdom,assistantId,scalar,wisdom.assistant,,references,doc,medium,service-partial,list_assistant_associations,wisdom.ListAssistantAssociations,,yes,absent,0,0,,0,0,0,no source resources of this type were collected,2026-08-16T15:50:20+00:00
wisdom.assistant_association,,wisdom,assistantAssociation.associationData.knowledgeBaseAssociation.knowledgeBaseId,dotted,wisdom.knowledge_base,,references,doc,medium,service-exact,get_assistant_association,wisdom.GetAssistantAssociation,,yes,absent,0,0,,0,0,0,no source resources of this type were collected,2026-08-16T15:50:20+00:00
wisdom.assistant_association,,wisdom,associationData.knowledgeBaseAssociation.knowledgeBaseId,dotted,wisdom.knowledge_base,,references,doc,medium,service-exact,list_assistant_associations,wisdom.ListAssistantAssociations,,yes,absent,0,0,,0,0,0,no source resources of this type were collected,2026-08-16T15:50:20+00:00
wisdom.content,,wisdom,content.knowledgeBaseId,dotted,wisdom.knowledge_base,,references,doc,medium,service-exact,get_content,wisdom.GetContent,,yes,absent,0,0,,0,0,0,no source resources of this type were collected,2026-08-16T15:50:20+00:00
wisdom.content,,wisdom,knowledgeBaseId,scalar,wisdom.knowledge_base,,references,doc,medium,service-exact,list_contents,wisdom.ListContents,,yes,absent,0,0,,0,0,0,no source resources of this type were collected,2026-08-16T15:50:20+00:00
wisdom.content_summary,,wisdom,contentSummary.contentId,dotted,wisdom.content,,references,doc,medium,service-exact,get_content_summary,wisdom.GetContentSummary,,yes,absent,0,0,,0,0,0,no source resources of this type were collected,2026-08-16T15:50:20+00:00
wisdom.content_summary,,wisdom,contentSummary.revisionId,dotted,wisdom.content,,references,doc,medium,service-partial,get_content_summary,wisdom.GetContentSummary,,yes,absent,0,0,,0,0,0,no source resources of this type were collected,2026-08-16T15:50:20+00:00
wisdom.content_summary,,wisdom,contentSummary.knowledgeBaseId,dotted,wisdom.knowledge_base,,references,doc,medium,service-exact,get_content_summary,wisdom.GetContentSummary,,yes,absent,0,0,,0,0,0,no source resources of this type were collected,2026-08-16T15:50:20+00:00
wisdom.import_job,,wisdom,importJob.knowledgeBaseId,dotted,wisdom.knowledge_base,,references,doc,medium,service-exact,get_import_job,wisdom.GetImportJob,,yes,absent,0,0,,0,0,0,no source resources of this type were collected,2026-08-16T15:50:20+00:00
wisdom.import_job,,wisdom,knowledgeBaseId,scalar,wisdom.knowledge_base,,references,doc,medium,service-exact,list_import_jobs,wisdom.ListImportJobs,,yes,absent,0,0,,0,0,0,no source resources of this type were collected,2026-08-16T15:50:20+00:00
wisdom.quick_response,,wisdom,quickResponse.knowledgeBaseId,dotted,wisdom.knowledge_base,,references,doc,medium,service-exact,get_quick_response,wisdom.GetQuickResponse,,yes,absent,0,0,,0,0,0,no source resources of this type were collected,2026-08-16T15:50:20+00:00
wisdom.recommendation,,wisdom,document.contentReference.contentId,dotted,wisdom.content,,references,doc,medium,service-exact,get_recommendations,wisdom.GetRecommendations,,yes,absent,0,0,,0,0,0,no source resources of this type were collected,2026-08-16T15:50:20+00:00
wisdom.recommendation,,wisdom,document.contentReference.knowledgeBaseId,dotted,wisdom.knowledge_base,,references,doc,medium,service-exact,get_recommendations,wisdom.GetRecommendations,,yes,absent,0,0,,0,0,0,no source resources of this type were collected,2026-08-16T15:50:20+00:00
workdocs.activity,,workdocs,CommentMetadata.CommentId,dotted,workdocs.comment,,references,doc,medium,service-exact,describe_activities,workdocs.DescribeActivities,,yes,absent,0,0,,0,0,0,no source resources of this type were collected,2026-08-16T15:50:20+00:00
workdocs.activity,,workdocs,CommentMetadata.Contributor.RecycleBinFolderId,dotted,workdocs.folder,,references,doc,medium,service-partial,describe_activities,workdocs.DescribeActivities,,yes,absent,0,0,,0,0,0,no source resources of this type were collected,2026-08-16T15:50:20+00:00
workdocs.activity,,workdocs,Participants.Groups[].Name,list_dict,workdocs.group,,references,doc,medium,service-exact,describe_activities,workdocs.DescribeActivities,,yes,absent,0,0,,0,0,0,no source resources of this type were collected,2026-08-16T15:50:20+00:00
workdocs.activity,,workdocs,OriginalParent.Id,dotted,workdocs.resource,,references,doc,medium,service-exact,describe_activities,workdocs.DescribeActivities,,yes,absent,0,0,,0,0,0,no source resources of this type were collected,2026-08-16T15:50:20+00:00
workdocs.activity,,workdocs,OriginalParent.Name,dotted,workdocs.resource,,references,doc,medium,service-exact,describe_activities,workdocs.DescribeActivities,,yes,absent,0,0,,0,0,0,no source resources of this type were collected,2026-08-16T15:50:20+00:00
workdocs.activity,,workdocs,OriginalParent.OriginalName,dotted,workdocs.resource,,references,doc,medium,service-exact,describe_activities,workdocs.DescribeActivities,,yes,absent,0,0,,0,0,0,no source resources of this type were collected,2026-08-16T15:50:20+00:00
workdocs.activity,,workdocs,OriginalParent.ParentId,dotted,workdocs.resource,,references,doc,medium,service-exact,describe_activities,workdocs.DescribeActivities,,yes,absent,0,0,,0,0,0,no source resources of this type were collected,2026-08-16T15:50:20+00:00
workdocs.activity,,workdocs,OriginalParent.VersionId,dotted,workdocs.resource,,references,doc,medium,service-exact,describe_activities,workdocs.DescribeActivities,,yes,absent,0,0,,0,0,0,no source resources of this type were collected,2026-08-16T15:50:20+00:00
workdocs.activity,,workdocs,ResourceMetadata.Id,dotted,workdocs.resource,,references,doc,medium,service-exact,describe_activities,workdocs.DescribeActivities,,yes,absent,0,0,,0,0,0,no source resources of this type were collected,2026-08-16T15:50:20+00:00
workdocs.activity,,workdocs,ResourceMetadata.Name,dotted,workdocs.resource,,references,doc,medium,service-exact,describe_activities,workdocs.DescribeActivities,,yes,absent,0,0,,0,0,0,no source resources of this type were collected,2026-08-16T15:50:20+00:00
workdocs.activity,,workdocs,ResourceMetadata.OriginalName,dotted,workdocs.resource,,references,doc,medium,service-exact,describe_activities,workdocs.DescribeActivities,,yes,absent,0,0,,0,0,0,no source resources of this type were collected,2026-08-16T15:50:20+00:00
workdocs.activity,,workdocs,ResourceMetadata.ParentId,dotted,workdocs.resource,,references,doc,medium,service-exact,describe_activities,workdocs.DescribeActivities,,yes,absent,0,0,,0,0,0,no source resources of this type were collected,2026-08-16T15:50:20+00:00
workdocs.activity,,workdocs,ResourceMetadata.VersionId,dotted,workdocs.resource,,references,doc,medium,service-exact,describe_activities,workdocs.DescribeActivities,,yes,absent,0,0,,0,0,0,no source resources of this type were collected,2026-08-16T15:50:20+00:00
workdocs.activity,,workdocs,CommentMetadata.Contributor.RootFolderId,dotted,workdocs.root_folder,,references,doc,medium,service-exact,describe_activities,workdocs.DescribeActivities,,yes,absent,0,0,,0,0,0,no source resources of this type were collected,2026-08-16T15:50:20+00:00
workdocs.activity,,workdocs,CommentMetadata.Contributor.GivenName,dotted,workdocs.user,,references,doc,medium,service-exact,describe_activities,workdocs.DescribeActivities,,yes,absent,0,0,,0,0,0,no source resources of this type were collected,2026-08-16T15:50:20+00:00
workdocs.activity,,workdocs,CommentMetadata.Contributor.Id,dotted,workdocs.user,,references,doc,medium,service-exact,describe_activities,workdocs.DescribeActivities,,yes,absent,0,0,,0,0,0,no source resources of this type were collected,2026-08-16T15:50:20+00:00
workdocs.activity,,workdocs,CommentMetadata.Contributor.TimeZoneId,dotted,workdocs.user,,references,doc,medium,service-exact,describe_activities,workdocs.DescribeActivities,,yes,absent,0,0,,0,0,0,no source resources of this type were collected,2026-08-16T15:50:20+00:00
workdocs.activity,,workdocs,CommentMetadata.ContributorId,dotted,workdocs.user,,references,doc,medium,service-exact,describe_activities,workdocs.DescribeActivities,,yes,absent,0,0,,0,0,0,no source resources of this type were collected,2026-08-16T15:50:20+00:00
workdocs.activity,,workdocs,CommentMetadata.RecipientId,dotted,workdocs.user,,references,doc,medium,service-exact,describe_activities,workdocs.DescribeActivities,,yes,absent,0,0,,0,0,0,no source resources of this type were collected,2026-08-16T15:50:20+00:00
workdocs.activity,,workdocs,Initiator.GivenName,dotted,workdocs.user,,references,doc,medium,service-exact,describe_activities,workdocs.DescribeActivities,,yes,absent,0,0,,0,0,0,no source resources of this type were collected,2026-08-16T15:50:20+00:00
workdocs.activity,,workdocs,Initiator.Id,dotted,workdocs.user,,references,doc,medium,service-exact,describe_activities,workdocs.DescribeActivities,,yes,absent,0,0,,0,0,0,no source resources of this type were collected,2026-08-16T15:50:20+00:00
workdocs.activity,,workdocs,OriginalParent.Owner.GivenName,dotted,workdocs.user,,references,doc,medium,service-exact,describe_activities,workdocs.DescribeActivities,,yes,absent,0,0,,0,0,0,no source resources of this type were collected,2026-08-16T15:50:20+00:00
workdocs.activity,,workdocs,OriginalParent.Owner.Id,dotted,workdocs.user,,references,doc,medium,service-exact,describe_activities,workdocs.DescribeActivities,,yes,absent,0,0,,0,0,0,no source resources of this type were collected,2026-08-16T15:50:20+00:00
workdocs.activity,,workdocs,Participants.Groups[].Id,list_dict,workdocs.user,,references,doc,medium,service-exact,describe_activities,workdocs.DescribeActivities,,yes,absent,0,0,,0,0,0,no source resources of this type were collected,2026-08-16T15:50:20+00:00
workdocs.activity,,workdocs,Participants.Users[].GivenName,list_dict,workdocs.user,,references,doc,medium,service-exact,describe_activities,workdocs.DescribeActivities,,yes,absent,0,0,,0,0,0,no source resources of this type were collected,2026-08-16T15:50:20+00:00
workdocs.activity,,workdocs,Participants.Users[].Id,list_dict,workdocs.user,,references,doc,medium,service-exact,describe_activities,workdocs.DescribeActivities,,yes,absent,0,0,,0,0,0,no source resources of this type were collected,2026-08-16T15:50:20+00:00
workdocs.activity,,workdocs,ResourceMetadata.Owner.GivenName,dotted,workdocs.user,,references,doc,medium,service-exact,describe_activities,workdocs.DescribeActivities,,yes,absent,0,0,,0,0,0,no source resources of this type were collected,2026-08-16T15:50:20+00:00
workdocs.activity,,workdocs,ResourceMetadata.Owner.Id,dotted,workdocs.user,,references,doc,medium,service-exact,describe_activities,workdocs.DescribeActivities,,yes,absent,0,0,,0,0,0,no source resources of this type were collected,2026-08-16T15:50:20+00:00
workdocs.comment,,workdocs,Contributor.RecycleBinFolderId,dotted,workdocs.folder,,references,doc,medium,service-partial,describe_comments,workdocs.DescribeComments,,yes,absent,0,0,,0,0,0,no source resources of this type were collected,2026-08-16T15:50:20+00:00
workdocs.comment,,workdocs,Contributor.RootFolderId,dotted,workdocs.root_folder,,references,doc,medium,service-exact,describe_comments,workdocs.DescribeComments,,yes,absent,0,0,,0,0,0,no source resources of this type were collected,2026-08-16T15:50:20+00:00
workdocs.comment,,workdocs,Contributor.GivenName,dotted,workdocs.user,,references,doc,medium,service-exact,describe_comments,workdocs.DescribeComments,,yes,absent,0,0,,0,0,0,no source resources of this type were collected,2026-08-16T15:50:20+00:00
workdocs.comment,,workdocs,Contributor.Id,dotted,workdocs.user,,references,doc,medium,service-exact,describe_comments,workdocs.DescribeComments,,yes,absent,0,0,,0,0,0,no source resources of this type were collected,2026-08-16T15:50:20+00:00
workdocs.comment,,workdocs,Contributor.TimeZoneId,dotted,workdocs.user,,references,doc,medium,service-exact,describe_comments,workdocs.DescribeComments,,yes,absent,0,0,,0,0,0,no source resources of this type were collected,2026-08-16T15:50:20+00:00
workdocs.comment,,workdocs,RecipientId,scalar,workdocs.user,,references,doc,medium,service-exact,describe_comments,workdocs.DescribeComments,,yes,absent,0,0,,0,0,0,no source resources of this type were collected,2026-08-16T15:50:20+00:00
workdocs.current_user,,workdocs,User.RecycleBinFolderId,dotted,workdocs.folder,,references,doc,medium,service-partial,get_current_user,workdocs.GetCurrentUser,,yes,absent,0,0,,0,0,0,no source resources of this type were collected,2026-08-16T15:50:20+00:00
workdocs.current_user,,workdocs,User.RootFolderId,dotted,workdocs.root_folder,,references,doc,medium,service-exact,get_current_user,workdocs.GetCurrentUser,,yes,absent,0,0,,0,0,0,no source resources of this type were collected,2026-08-16T15:50:20+00:00
workdocs.current_user,,workdocs,User.GivenName,dotted,workdocs.user,,references,doc,medium,service-exact,get_current_user,workdocs.GetCurrentUser,,yes,absent,0,0,,0,0,0,no source resources of this type were collected,2026-08-16T15:50:20+00:00
workdocs.current_user,,workdocs,User.Id,dotted,workdocs.user,,references,doc,medium,service-exact,get_current_user,workdocs.GetCurrentUser,,yes,absent,0,0,,0,0,0,no source resources of this type were collected,2026-08-16T15:50:20+00:00
workdocs.current_user,,workdocs,User.TimeZoneId,dotted,workdocs.user,,references,doc,medium,service-exact,get_current_user,workdocs.GetCurrentUser,,yes,absent,0,0,,0,0,0,no source resources of this type were collected,2026-08-16T15:50:20+00:00
workdocs.document,,workdocs,Metadata.LatestVersionMetadata.Id,dotted,workdocs.document_version,,references,doc,medium,service-partial,get_document,workdocs.GetDocument,,yes,absent,0,0,,0,0,0,no source resources of this type were collected,2026-08-16T15:50:20+00:00
workdocs.document,,workdocs,Metadata.LatestVersionMetadata.Name,dotted,workdocs.document_version,,references,doc,medium,service-partial,get_document,workdocs.GetDocument,,yes,absent,0,0,,0,0,0,no source resources of this type were collected,2026-08-16T15:50:20+00:00
workdocs.document,,workdocs,Metadata.ParentFolderId,dotted,workdocs.folder,,references,doc,medium,service-partial,get_document,workdocs.GetDocument,,yes,absent,0,0,,0,0,0,no source resources of this type were collected,2026-08-16T15:50:20+00:00
workdocs.document_path,,workdocs,Path.Components[].Id,list_dict,workdocs.resource,,references,doc,medium,service-exact,get_document_path,workdocs.GetDocumentPath,,yes,absent,0,0,,0,0,0,no source resources of this type were collected,2026-08-16T15:50:20+00:00
workdocs.document_path,,workdocs,Path.Components[].Name,list_dict,workdocs.resource,,references,doc,medium,service-exact,get_document_path,workdocs.GetDocumentPath,,yes,absent,0,0,,0,0,0,no source resources of this type were collected,2026-08-16T15:50:20+00:00
workdocs.folder_content,,workdocs,Documents[].Id,list_dict,workdocs.document,,references,doc,medium,service-exact,describe_folder_contents,workdocs.DescribeFolderContents,,yes,absent,0,0,,0,0,0,no source resources of this type were collected,2026-08-16T15:50:20+00:00
workdocs.folder_content,,workdocs,Documents[].LatestVersionMetadata.Id,list_dict,workdocs.document_version,,references,doc,medium,service-partial,describe_folder_contents,workdocs.DescribeFolderContents,,yes,absent,0,0,,0,0,0,no source resources of this type were collected,2026-08-16T15:50:20+00:00
workdocs.folder_content,,workdocs,Documents[].LatestVersionMetadata.Name,list_dict,workdocs.document_version,,references,doc,medium,service-partial,describe_folder_contents,workdocs.DescribeFolderContents,,yes,absent,0,0,,0,0,0,no source resources of this type were collected,2026-08-16T15:50:20+00:00
workdocs.folder_content,,workdocs,Documents[].ParentFolderId,list_dict,workdocs.folder,,references,doc,medium,service-partial,describe_folder_contents,workdocs.DescribeFolderContents,,yes,absent,0,0,,0,0,0,no source resources of this type were collected,2026-08-16T15:50:20+00:00
workdocs.folder_content,,workdocs,Id,scalar,workdocs.folder,,references,doc,medium,service-exact,describe_folder_contents,workdocs.DescribeFolderContents,,yes,absent,0,0,,0,0,0,no source resources of this type were collected,2026-08-16T15:50:20+00:00
workdocs.folder_content,,workdocs,Name,scalar,workdocs.folder,,references,doc,medium,service-exact,describe_folder_contents,workdocs.DescribeFolderContents,,yes,absent,0,0,,0,0,0,no source resources of this type were collected,2026-08-16T15:50:20+00:00
workdocs.folder_content,,workdocs,ParentFolderId,scalar,workdocs.folder,,references,doc,medium,service-partial,describe_folder_contents,workdocs.DescribeFolderContents,,yes,absent,0,0,,0,0,0,no source resources of this type were collected,2026-08-16T15:50:20+00:00
workdocs.folder_path,,workdocs,Path.Components[].Id,list_dict,workdocs.resource,,references,doc,medium,service-exact,get_folder_path,workdocs.GetFolderPath,,yes,absent,0,0,,0,0,0,no source resources of this type were collected,2026-08-16T15:50:20+00:00
workdocs.folder_path,,workdocs,Path.Components[].Name,list_dict,workdocs.resource,,references,doc,medium,service-exact,get_folder_path,workdocs.GetFolderPath,,yes,absent,0,0,,0,0,0,no source resources of this type were collected,2026-08-16T15:50:20+00:00
workdocs.group,,workdocs,Id,scalar,workdocs.user,,references,doc,medium,service-exact,describe_groups,workdocs.DescribeGroups,,yes,absent,0,0,,0,0,0,no source resources of this type were collected,2026-08-16T15:50:20+00:00
workdocs.resource,,workdocs,Documents[].Id,list_dict,workdocs.document,,references,doc,medium,service-exact,get_resources,workdocs.GetResources,,yes,absent,0,0,,0,0,0,no source resources of this type were collected,2026-08-16T15:50:20+00:00
workdocs.resource,,workdocs,Documents[].LatestVersionMetadata.Id,list_dict,workdocs.document_version,,references,doc,medium,service-partial,get_resources,workdocs.GetResources,,yes,absent,0,0,,0,0,0,no source resources of this type were collected,2026-08-16T15:50:20+00:00
workdocs.resource,,workdocs,Documents[].LatestVersionMetadata.Name,list_dict,workdocs.document_version,,references,doc,medium,service-partial,get_resources,workdocs.GetResources,,yes,absent,0,0,,0,0,0,no source resources of this type were collected,2026-08-16T15:50:20+00:00
workdocs.resource,,workdocs,Documents[].ParentFolderId,list_dict,workdocs.folder,,references,doc,medium,service-partial,get_resources,workdocs.GetResources,,yes,absent,0,0,,0,0,0,no source resources of this type were collected,2026-08-16T15:50:20+00:00
workdocs.resource,,workdocs,Id,scalar,workdocs.folder,,references,doc,medium,service-exact,get_resources,workdocs.GetResources,,yes,absent,0,0,,0,0,0,no source resources of this type were collected,2026-08-16T15:50:20+00:00
workdocs.resource,,workdocs,Name,scalar,workdocs.folder,,references,doc,medium,service-exact,get_resources,workdocs.GetResources,,yes,absent,0,0,,0,0,0,no source resources of this type were collected,2026-08-16T15:50:20+00:00
workdocs.resource,,workdocs,ParentFolderId,scalar,workdocs.folder,,references,doc,medium,service-partial,get_resources,workdocs.GetResources,,yes,absent,0,0,,0,0,0,no source resources of this type were collected,2026-08-16T15:50:20+00:00
workdocs.resource_permission,,workdocs,Id,scalar,workdocs.resource,,references,doc,medium,service-exact,describe_resource_permissions,workdocs.DescribeResourcePermissions,,yes,absent,0,0,,0,0,0,no source resources of this type were collected,2026-08-16T15:50:20+00:00
workdocs.root_folder,,workdocs,Id,scalar,workdocs.folder,,references,doc,medium,service-exact,describe_root_folders,workdocs.DescribeRootFolders,,yes,absent,0,0,,0,0,0,no source resources of this type were collected,2026-08-16T15:50:20+00:00
workdocs.root_folder,,workdocs,Name,scalar,workdocs.folder,,references,doc,medium,service-exact,describe_root_folders,workdocs.DescribeRootFolders,,yes,absent,0,0,,0,0,0,no source resources of this type were collected,2026-08-16T15:50:20+00:00
workdocs.root_folder,,workdocs,ParentFolderId,scalar,workdocs.folder,,references,doc,medium,service-partial,describe_root_folders,workdocs.DescribeRootFolders,,yes,absent,0,0,,0,0,0,no source resources of this type were collected,2026-08-16T15:50:20+00:00
workdocs.user,,workdocs,RecycleBinFolderId,scalar,workdocs.folder,,references,doc,medium,service-partial,describe_users,workdocs.DescribeUsers,,yes,absent,0,0,,0,0,0,no source resources of this type were collected,2026-08-16T15:50:20+00:00
workdocs.user,,workdocs,RootFolderId,scalar,workdocs.root_folder,,references,doc,medium,service-exact,describe_users,workdocs.DescribeUsers,,yes,absent,0,0,,0,0,0,no source resources of this type were collected,2026-08-16T15:50:20+00:00
workmail.mailbox_export_job,,workmail,KmsKeyArn,scalar,kms.key,kms-key,encrypted-by,doc,medium,leaf-hint,describe_mailbox_export_job,workmail.DescribeMailboxExportJob,,yes,absent,0,0,,0,0,0,no source resources of this type were collected,2026-08-16T15:50:20+00:00
workmail.mailbox_export_job,,workmail,S3BucketName,scalar,s3.bucket,s3,references,doc,medium,well-known,describe_mailbox_export_job,workmail.DescribeMailboxExportJob,,yes,absent,0,0,,0,0,0,no source resources of this type were collected,2026-08-16T15:50:20+00:00
workmail.mailbox_export_job,,workmail,RoleArn,scalar,workmail.entity,,references,doc,medium,service-partial,describe_mailbox_export_job,workmail.DescribeMailboxExportJob,,yes,absent,0,0,,0,0,0,no source resources of this type were collected,2026-08-16T15:50:20+00:00
workmail.mailbox_export_job,,workmail,EntityId,scalar,workmail.user,,references,doc,medium,service-exact,describe_mailbox_export_job,workmail.DescribeMailboxExportJob,,yes,absent,0,0,,0,0,0,no source resources of this type were collected,2026-08-16T15:50:20+00:00
workmail.mailbox_permission,,workmail,GranteeId,scalar,workmail.user,,references,doc,medium,service-exact,list_mailbox_permissions,workmail.ListMailboxPermissions,,yes,absent,0,0,,0,0,0,no source resources of this type were collected,2026-08-16T15:50:20+00:00
workmail.mobile_device_access_effect,,workmail,MobileDeviceAccessRuleId,scalar,workmail.user,,references,doc,medium,service-partial,get_mobile_device_access_effect,workmail.GetMobileDeviceAccessEffect,,yes,absent,0,0,,0,0,0,no source resources of this type were collected,2026-08-16T15:50:20+00:00
workspaces-thin-client.device,,workspaces-thin-client,device.environmentId,dotted,workspaces-thin-client.environment,,references,doc,medium,service-exact,get_device,workspaces-thin-client.GetDevice,,no,absent,0,0,,0,0,0,no source resources of this type were collected,2026-08-16T15:50:20+00:00
workspaces-thin-client.device,,workspaces-thin-client,environmentId,scalar,workspaces-thin-client.environment,,references,doc,medium,service-exact,list_devices,workspaces-thin-client.ListDevices,,no,absent,0,0,,0,0,0,no source resources of this type were collected,2026-08-16T15:50:20+00:00
workspaces-thin-client.environment,,workspaces-thin-client,desiredSoftwareSetId,scalar,workspaces-thin-client.software_set,,references,doc,medium,service-partial,list_environments,workspaces-thin-client.ListEnvironments,,no,absent,0,0,,0,0,0,no source resources of this type were collected,2026-08-16T15:50:20+00:00
workspaces-thin-client.environment,,workspaces-thin-client,environment.desiredSoftwareSetId,dotted,workspaces-thin-client.software_set,,references,doc,medium,service-partial,get_environment,workspaces-thin-client.GetEnvironment,,no,absent,0,0,,0,0,0,no source resources of this type were collected,2026-08-16T15:50:20+00:00
workspaces-thin-client.environment,,workspaces-thin-client,environment.pendingSoftwareSetId,dotted,workspaces-thin-client.software_set,,references,doc,medium,service-partial,get_environment,workspaces-thin-client.GetEnvironment,,no,absent,0,0,,0,0,0,no source resources of this type were collected,2026-08-16T15:50:20+00:00
workspaces-thin-client.environment,,workspaces-thin-client,pendingSoftwareSetId,scalar,workspaces-thin-client.software_set,,references,doc,medium,service-partial,list_environments,workspaces-thin-client.ListEnvironments,,no,absent,0,0,,0,0,0,no source resources of this type were collected,2026-08-16T15:50:20+00:00
workspaces-web.network_setting,,workspaces-web,networkSettings.vpcId,dotted,ec2.vpc,vpc,contained-in,doc,medium,leaf-hint,get_network_settings,workspaces-web.GetNetworkSettings,,yes,absent,0,0,,0,0,0,no source resources of this type were collected,2026-08-16T15:50:20+00:00
workspaces-web.network_setting,,workspaces-web,vpcId,scalar,ec2.vpc,vpc,contained-in,doc,medium,leaf-hint,list_network_settings,workspaces-web.ListNetworkSettings,,yes,absent,0,0,,0,0,0,no source resources of this type were collected,2026-08-16T15:50:20+00:00
workspaces-web.portal,,workspaces-web,ipAccessSettingsArn,scalar,workspaces-web.ip_access_setting,,references,doc,medium,service-exact,list_portals,workspaces-web.ListPortals,,no,absent,0,0,,0,0,0,no source resources of this type were collected,2026-08-16T15:50:20+00:00
workspaces-web.portal,,workspaces-web,portal.ipAccessSettingsArn,dotted,workspaces-web.ip_access_setting,,references,doc,medium,service-exact,get_portal,workspaces-web.GetPortal,,no,absent,0,0,,0,0,0,no source resources of this type were collected,2026-08-16T15:50:20+00:00
workspaces-web.portal_service_provider_metadata,,workspaces-web,portalArn,scalar,workspaces-web.portal,,references,doc,medium,service-partial,get_portal_service_provider_metadata,workspaces-web.GetPortalServiceProviderMetadata,,no,absent,0,0,,0,0,0,no source resources of this type were collected,2026-08-16T15:50:20+00:00
workspaces-web.trust_store_certificate,,workspaces-web,trustStoreArn,scalar,workspaces-web.trust_store,,references,doc,medium,service-exact,list_trust_store_certificates,workspaces-web.ListTrustStoreCertificates,,no,absent,0,0,,0,0,0,no source resources of this type were collected,2026-08-16T15:50:20+00:00
workspaces.workspace,workspaces,workspaces,SubnetId,scalar,ec2.subnet,subnet,contained-in,doc,medium,curated,describe_workspaces,workspaces.DescribeWorkspaces: 'subnet for the WorkSpace',,yes,absent,0,0,,0,0,0,no source resources of this type were collected,2026-08-16T15:50:20+00:00
workspaces.workspace,workspaces,workspaces,IamRoleId,scalar,iam.role,iam-role,assumes,doc,medium,well-known,describe_workspace_directories,workspaces.DescribeWorkspaceDirectories,,yes,absent,0,0,,0,0,0,no source resources of this type were collected,2026-08-16T15:50:20+00:00
workspaces.workspace,workspaces,workspaces,VolumeEncryptionKey,scalar,kms.key,kms-key,encrypted-by,c7n,high,curated,describe_workspaces,aws.workspaces.filters.kms-key,,yes,absent,0,0,,0,0,0,no source resources of this type were collected,2026-08-16T15:50:20+00:00
workspaces.workspace,workspaces,workspaces,AssociatedResourceId,scalar,servicecatalog-appregistry.associated_resource,,references,doc,medium,global-exact,describe_workspace_associations,workspaces.DescribeWorkspaceAssociations,,yes,absent,0,0,,0,0,0,no source resources of this type were collected,2026-08-16T15:50:20+00:00
workspaces.workspace,workspaces,workspaces,DirectoryName,scalar,workspaces.workspaces_directory,workspaces-directory,references,doc,medium,service-partial,describe_workspace_directories,workspaces.DescribeWorkspaceDirectories,,yes,absent,0,0,,0,0,0,no source resources of this type were collected,2026-08-16T15:50:20+00:00
workspaces.workspace,workspaces,workspaces,Name,scalar,workspaces.workspaces_image,workspaces-image,references,doc,medium,service-partial,describe_workspace_images,workspaces.DescribeWorkspaceImages,,no,absent,0,0,,0,0,0,no source resources of this type were collected,2026-08-16T15:50:20+00:00
workspaces.workspaces_directory,workspaces-directory,workspaces,,,ec2.security_group,security-group,protected-by,c7n,declared-no-path,curated,describe_workspace_directories,aws.workspaces-directory.filters.security-group,,yes,absent,0,0,,0,0,0,no source resources of this type were collected,2026-08-16T15:50:20+00:00
workspaces.workspaces_directory,workspaces-directory,workspaces,SubnetIds[],list_scalar,ec2.subnet,subnet,contained-in,c7n,high,curated,describe_workspace_directories,aws.workspaces-directory.filters.subnet,,yes,absent,0,0,,0,0,0,no source resources of this type were collected,2026-08-16T15:50:20+00:00
workspaces.workspaces_directory,workspaces-directory,workspaces,IamRoleId,scalar,iam.role,iam-role,assumes,doc,medium,curated,describe_workspace_directories,workspaces.DescribeWorkspaceDirectories: 'IAM role',,yes,absent,0,0,,0,0,0,no source resources of this type were collected,2026-08-16T15:50:20+00:00
workspaces.workspaces_image,workspaces-image,workspaces,ImageId,scalar,ec2.ami,ami,launched-from,doc,medium,curated,,workspaces.DescribeWorkspaceImages: 'image',,no,absent,0,0,,0,0,0,no source resources of this type were collected,2026-08-16T15:50:20+00:00
xray.encryption_config,,xray,EncryptionConfig.KeyId,dotted,kms.key,kms-key,encrypted-by,doc,medium,well-known,get_encryption_config,xray.GetEncryptionConfig,,yes,absent,0,0,,0,0,0,no source resources of this type were collected,2026-08-16T15:50:20+00:00
xray.sampling_statistic_summary,,xray,RuleName,scalar,xray.sampling_rule,xray-rule,references,doc,medium,service-exact,get_sampling_statistic_summaries,xray.GetSamplingStatisticSummaries,,yes,absent,0,0,,0,0,0,no source resources of this type were collected,2026-08-16T15:50:20+00:00
iam.instance_profile,,iam,Roles[].Arn,list_dict,iam.role,,assumes,hand,high,curated,,an instance profile exists only to carry a role; the role is in its own payload,,yes,confirmed,20,20,1.00,20,0,0,all 20 resource(s) populated the path and 20 target(s) resolved,2026-08-16T15:50:20+00:00
elbv2.listener,,elbv2,DefaultActions[].TargetGroupArn,list_dict,elbv2.target_group,,routes-to,hand,high,curated,,a listener exists to send traffic at a target group; without it the LB chain stops at the listener,,yes,confirmed,2,2,1.00,2,0,0,all 2 resource(s) populated the path and 2 target(s) resolved,2026-08-16T15:50:20+00:00
lambda.function,,lambda,LoggingConfig.LogGroup,dotted,logs.log_group,,references,hand,high,curated,,"where the function writes, which is the first place anyone looks when it misbehaves",,yes,confirmed,4,4,1.00,4,0,0,all 4 resource(s) populated the path and 4 target(s) resolved,2026-08-16T15:50:20+00:00
lambda.version,,lambda,LoggingConfig.LogGroup,dotted,logs.log_group,,references,hand,high,curated,,same log group as the function it versions,,yes,confirmed,10,10,1.00,10,0,0,all 10 resource(s) populated the path and 10 target(s) resolved,2026-08-16T15:50:20+00:00
lambda.version,,lambda,Role,scalar,iam.role,,assumes,hand,high,curated,,"a version carries the role it was published with, which may differ from the function it came from",,yes,confirmed,10,10,1.00,10,0,0,all 10 resource(s) populated the path and 10 target(s) resolved,2026-08-16T15:50:20+00:00
secretsmanager.secret,,secretsmanager,KmsKeyId,scalar,kms.alias,,encrypted-by,hand,high,curated,,"a secret names its key by ALIAS as often as by id, and only the alias resolves here",,yes,partial,77,5,0.06,5,0,0,"5/77 resources populated the path; 5 target(s) resolved, 0 dangled",2026-08-16T15:50:20+00:00
batch.job_definition,,batch,containerProperties.jobRoleArn,dotted,iam.role,,assumes,hand,high,curated,,the role the container runs as,,yes,confirmed,1,1,1.00,1,0,0,all 1 resource(s) populated the path and 1 target(s) resolved,2026-08-16T15:50:20+00:00
batch.job_definition,,batch,containerProperties.executionRoleArn,dotted,iam.role,,assumes,hand,high,curated,,the role Batch itself uses to start the job,,yes,confirmed,1,1,1.00,1,0,0,all 1 resource(s) populated the path and 1 target(s) resolved,2026-08-16T15:50:20+00:00
autoscaling.launch_configuration,,autoscaling,IamInstanceProfile,scalar,iam.instance_profile,,assumes,hand,high,curated,,the profile every instance this configuration launches will carry,,yes,confirmed,1,1,1.00,1,0,0,all 1 resource(s) populated the path and 1 target(s) resolved,2026-08-16T15:50:20+00:00
rds.rds_snapshot,,rds,VpcId,scalar,ec2.vpc,,contained-in,hand,high,curated,,a snapshot records the network its instance lived in,,yes,confirmed,12,12,1.00,12,0,0,all 12 resource(s) populated the path and 12 target(s) resolved,2026-08-16T15:50:20+00:00
rds.rds_snapshot,,rds,OptionGroupName,scalar,rds.option_group,,references,hand,high,curated,,"the option group the snapshot was taken against, which a restore needs",,yes,confirmed,12,12,1.00,12,0,0,all 12 resource(s) populated the path and 12 target(s) resolved,2026-08-16T15:50:20+00:00
eks.nodegroup,,eks,resources.remoteAccessSecurityGroup,dotted,ec2.security_group,,protected-by,hand,high,curated,,the node group access group,,yes,absent,2,0,0.00,0,0,0,path never populated across 2 resource(s),2026-08-16T15:50:20+00:00
eks.nodegroup,,eks,subnets[],list,ec2.subnet,,contained-in,hand,high,curated,,the subnets a node group places instances in,,yes,confirmed,2,2,1.00,6,0,0,all 2 resource(s) populated the path and 6 target(s) resolved,2026-08-16T15:50:20+00:00
elb.load_balancer,,elb,Subnets[],list,ec2.subnet,,contained-in,hand,high,curated,,a classic LB spans subnets like its successor,,yes,confirmed,1,1,1.00,3,0,0,all 1 resource(s) populated the path and 3 target(s) resolved,2026-08-16T15:50:20+00:00
cloudformation.stack,,cloudformation,Outputs[].OutputValue,list_dict,s3.bucket,,references,hand,high,curated,,a stack output names what it created,,yes,partial,4,3,0.75,3,10,2,"3/4 resources populated the path; 3 target(s) resolved, 10 dangled",2026-08-16T15:50:20+00:00
cloudformation.stack,,cloudformation,Outputs[].OutputValue,list_dict,iam.role,,references,hand,high,curated,,a stack output names what it created,,yes,partial,4,3,0.75,1,12,1,"3/4 resources populated the path; 1 target(s) resolved, 12 dangled",2026-08-16T15:50:20+00:00
cloudformation.stack,,cloudformation,Outputs[].OutputValue,list_dict,stepfunctions.state_machine,,references,hand,high,curated,,a stack output names what it created,,yes,partial,4,3,0.75,1,12,1,"3/4 resources populated the path; 1 target(s) resolved, 12 dangled",2026-08-16T15:50:20+00:00
cloudformation.stack,,cloudformation,Parameters[].ParameterValue,list_dict,ec2.ami,,references,hand,high,curated,,the image a stack was told to launch,,yes,refuted,4,2,0.50,1,10,10,10/11 values failed the type condition (wrong id_prefix or ARN service),2026-08-16T15:50:20+00:00
cloudtrail.trail,,cloudtrail,S3BucketName,scalar,s3.bucket,,references,hand,high,curated,,where the trail writes; losing it hides the audit path,,yes,confirmed,1,1,1.00,1,0,0,all 1 resource(s) populated the path and 1 target(s) resolved,2026-08-16T15:50:20+00:00
codeartifact.domain,,codeartifact,encryptionKey,scalar,kms.key,,encrypted-by,hand,high,curated,,the domain key,,yes,confirmed,1,1,1.00,1,0,0,all 1 resource(s) populated the path and 1 target(s) resolved,2026-08-16T15:50:20+00:00
ec2.flow_log,,ec2,LogDestination,scalar,s3.bucket,,references,hand,high,curated,,where flow logs land,,yes,confirmed,1,1,1.00,1,0,0,all 1 resource(s) populated the path and 1 target(s) resolved,2026-08-16T15:50:20+00:00
ec2.route_table,,ec2,Routes[].GatewayId,list_dict,ec2.internet_gateway,,routes-to,hand,high,curated,,a route naming a gateway IS the path to the internet,,yes,refuted,1,1,1.00,1,2,2,2/3 values failed the type condition (wrong id_prefix or ARN service),2026-08-16T15:50:20+00:00
ec2.route_table,,ec2,Routes[].GatewayId,list_dict,ec2.vpc_endpoint,,routes-to,hand,high,curated,,a gateway endpoint is reached the same way,,yes,refuted,1,1,1.00,1,2,2,2/3 values failed the type condition (wrong id_prefix or ARN service),2026-08-16T15:50:20+00:00
ec2.route_table,,ec2,Routes[].DestinationPrefixListId,list_dict,ec2.prefix_list,,references,hand,high,curated,,the destination set a route matches,,yes,confirmed,1,1,1.00,1,0,0,all 1 resource(s) populated the path and 1 target(s) resolved,2026-08-16T15:50:20+00:00
ec2.vpc_endpoint,,ec2,RouteTableIds[],list,ec2.route_table,,references,hand,high,curated,,the tables a gateway endpoint installs itself into,,yes,confirmed,1,1,1.00,1,0,0,all 1 resource(s) populated the path and 1 target(s) resolved,2026-08-16T15:50:20+00:00
ec2.vpc,,ec2,DhcpOptionsId,scalar,ec2.dhcp_options,,references,hand,high,curated,,the DHCP set the VPC hands out,,yes,confirmed,1,1,1.00,1,0,0,all 1 resource(s) populated the path and 1 target(s) resolved,2026-08-16T15:50:20+00:00
eks.cluster,,eks,roleArn,scalar,iam.role,,assumes,hand,high,curated,,the control plane role,,yes,confirmed,1,1,1.00,1,0,0,all 1 resource(s) populated the path and 1 target(s) resolved,2026-08-16T15:50:20+00:00
eks.cluster,,eks,resourcesVpcConfig.clusterSecurityGroupId,dotted,ec2.security_group,,protected-by,hand,high,curated,,the group EKS creates for the control plane,,yes,confirmed,1,1,1.00,1,0,0,all 1 resource(s) populated the path and 1 target(s) resolved,2026-08-16T15:50:20+00:00
stepfunctions.state_machine,,stepfunctions,roleArn,scalar,iam.role,,assumes,hand,high,curated,,the role the workflow executes as,,yes,confirmed,1,1,1.00,1,0,0,all 1 resource(s) populated the path and 1 target(s) resolved,2026-08-16T15:50:20+00:00
elbv2.listener,,elbv2,Certificates[].CertificateArn,list_dict,acm.certificate,,references,hand,high,curated,,what terminates TLS here,,yes,partial,2,1,0.50,1,0,0,"1/2 resources populated the path; 1 target(s) resolved, 0 dangled",2026-08-16T15:50:20+00:00
snowball.compatible_image,,snowball,AmiId,scalar,ec2.ami,,created-from,hand,high,curated,,the image this entry describes,,yes,partial,2,2,1.00,1,1,0,"2/2 resources populated the path; 1 target(s) resolved, 1 dangled",2026-08-16T15:50:20+00:00
organizations.organization,,organizations,MasterAccountArn,scalar,organizations.account,,references,hand,high,curated,,the payer account,,yes,confirmed,1,1,1.00,1,0,0,all 1 resource(s) populated the path and 1 target(s) resolved,2026-08-16T15:50:20+00:00
iam.account_authorization_detail,,iam,GroupList[],list,iam.group,,references,hand,high,curated,,the groups a user belongs to,,yes,partial,5,1,0.20,1,0,0,"1/5 resources populated the path; 1 target(s) resolved, 0 dangled",2026-08-16T15:50:20+00:00
ec2.launch_template,,ec2,CreatedBy,scalar,iam.account_authorization_detail,,references,hand,high,curated,,who authored the template,,yes,refuted,3,3,1.00,1,2,2,2/3 values failed the type condition (wrong id_prefix or ARN service),2026-08-16T15:50:20+00:00
ec2.vpc_endpoint,,ec2,ServiceName,scalar,ec2.prefix_list,,references,hand,high,curated,,a gateway endpoint and its prefix list name the same service,,yes,confirmed,1,1,1.00,1,0,0,all 1 resource(s) populated the path and 1 target(s) resolved,2026-08-16T15:50:20+00:00
