layer,layer_role,edge_type,source_resource,source_service,source_discovery_id,source_operation,source_items_for,source_depends_on,source_hops,source_executable,source_path,path_kind,target_resource,target_service,target_discovery_id,target_operation,target_items_for,target_hops,target_id_field,target_collectable,source_cfn_type,target_cfn_type,relation_source,confidence,corroborated_by,evidence,condition_prefix,condition_arn_service,condition_arn_type,condition_referential,verdict,observed_sources,observed_hits,hit_rate,resolved_targets,dangling_targets,condition_violations,verdict_detail,verified_at
L2_vpc,containment,contained-in,app-elb,elbv2,aws.elbv2.describe_load_balancers,describe_load_balancers,{{ response.LoadBalancers }},,0,yes,VpcId,scalar,vpc,ec2,aws.ec2.describe_vpcs,describe_vpcs,{{ response.Vpcs }},0,VpcId,yes,AWS::ElasticLoadBalancingV2::LoadBalancer,AWS::EC2::VPC,c7n,high,"asff,doc",aws.app-elb.filters.vpc,vpc-,ec2,vpc,exists in vpc,pending,,,,,,,,
L2_vpc,containment,contained-in,app-elb-target-group,elbv2,aws.elbv2.describe_target_groups,describe_target_groups,{{ response.TargetGroups }},,0,yes,VpcId,scalar,vpc,ec2,aws.ec2.describe_vpcs,describe_vpcs,{{ response.Vpcs }},0,VpcId,yes,AWS::ElasticLoadBalancingV2::TargetGroup,AWS::EC2::VPC,doc,medium,,elbv2.DescribeTargetGroups: 'VPC for the targets',vpc-,ec2,vpc,exists in vpc,pending,,,,,,,,
L2_vpc,containment,contained-in,codebuild,codebuild,aws.codebuild.list_projects,list_projects,{{ response.projects }},,0,yes,VpcConfig.VpcId,dotted,vpc,ec2,aws.ec2.describe_vpcs,describe_vpcs,{{ response.Vpcs }},0,VpcId,yes,AWS::CodeBuild::Project,AWS::EC2::VPC,asff,medium,,securityhub.GetFindings: 'VPC',vpc-,ec2,vpc,exists in vpc,pending,,,,,,,,
L2_vpc,containment,contained-in,codebuild,codebuild,aws.codebuild.list_projects,list_projects,{{ response.projects }},,0,yes,vpcConfig.vpcId,dotted,vpc,ec2,aws.ec2.describe_vpcs,describe_vpcs,{{ response.Vpcs }},0,VpcId,yes,AWS::CodeBuild::Project,AWS::EC2::VPC,c7n,high,,aws.codebuild.filters.vpc,vpc-,ec2,vpc,exists in vpc,pending,,,,,,,,
L2_vpc,containment,contained-in,devicefarm-project,devicefarm,aws.devicefarm.list_projects,list_projects,{{ response.projects }},,0,yes,vpcConfig.vpcId,dotted,vpc,ec2,aws.ec2.describe_vpcs,describe_vpcs,{{ response.Vpcs }},0,VpcId,yes,,AWS::EC2::VPC,doc,medium,,devicefarm.ListProjects: 'Amazon VPC',vpc-,ec2,vpc,exists in vpc,pending,,,,,,,,
L2_vpc,containment,contained-in,directory,ds,aws.ds.describe_directories,describe_directories,{{ response.DirectoryDescriptions }},,0,yes,ConnectSettings.VpcId,dotted,vpc,ec2,aws.ec2.describe_vpcs,describe_vpcs,{{ response.Vpcs }},0,VpcId,yes,,AWS::EC2::VPC,doc,medium,,ds.DescribeDirectories: 'VPC that the AD Connector is in',vpc-,ec2,vpc,exists in vpc,pending,,,,,,,,
L2_vpc,containment,contained-in,directory,ds,aws.ds.describe_directories,describe_directories,{{ response.DirectoryDescriptions }},,0,yes,OwnerDirectoryDescription.VpcSettings.VpcId,dotted,vpc,ec2,aws.ec2.describe_vpcs,describe_vpcs,{{ response.Vpcs }},0,VpcId,yes,,AWS::EC2::VPC,doc,medium,,ds.DescribeDirectories: 'VPC that the directory is in',vpc-,ec2,vpc,exists in vpc,pending,,,,,,,,
L2_vpc,containment,contained-in,directory,ds,aws.ds.describe_directories,describe_directories,{{ response.DirectoryDescriptions }},,0,yes,VpcSettings.VpcId,dotted,vpc,ec2,aws.ec2.describe_vpcs,describe_vpcs,{{ response.Vpcs }},0,VpcId,yes,,AWS::EC2::VPC,c7n,high,doc,aws.directory.filters.vpc,vpc-,ec2,vpc,exists in vpc,pending,,,,,,,,
L2_vpc,containment,contained-in,dms-instance,dms,aws.dms.describe_replication_instances,describe_replication_instances,{{ response.ReplicationInstances }},,0,yes,ReplicationSubnetGroup.VpcId,dotted,vpc,ec2,aws.ec2.describe_vpcs,describe_vpcs,{{ response.Vpcs }},0,VpcId,yes,AWS::DMS::ReplicationInstance,AWS::EC2::VPC,c7n,high,doc,aws.dms-instance.filters.vpc,vpc-,ec2,vpc,exists in vpc,pending,,,,,,,,
L2_vpc,containment,contained-in,ec2,ec2,aws.ec2.describe_instances,describe_instances,{{ response.Reservations[].Instances }},,0,yes,NetworkInterfaces[].VpcId,list_dict,vpc,ec2,aws.ec2.describe_vpcs,describe_vpcs,{{ response.Vpcs }},0,VpcId,yes,AWS::EC2::Instance,AWS::EC2::VPC,doc,medium,,ec2.DescribeInstances: 'VPC',vpc-,ec2,vpc,exists in vpc,pending,,,,,,,,
L2_vpc,containment,contained-in,ec2,ec2,aws.ec2.describe_instances,describe_instances,{{ response.Reservations[].Instances }},,0,yes,VpcId,scalar,vpc,ec2,aws.ec2.describe_vpcs,describe_vpcs,{{ response.Vpcs }},0,VpcId,yes,AWS::EC2::Instance,AWS::EC2::VPC,c7n,high,"asff,doc",aws.ec2.filters.vpc,vpc-,ec2,vpc,exists in vpc,pending,,,,,,,,
L2_vpc,containment,contained-in,eks,eks,aws.eks.list_clusters,list_clusters,{{ response.clusters }},,0,yes,resourcesVpcConfig.vpcId,dotted,vpc,ec2,aws.ec2.describe_vpcs,describe_vpcs,{{ response.Vpcs }},0,VpcId,yes,AWS::EKS::Cluster,AWS::EC2::VPC,c7n,high,,aws.eks.filters.vpc,vpc-,ec2,vpc,exists in vpc,pending,,,,,,,,
L2_vpc,containment,contained-in,elasticsearch,es,aws.es.list_domain_names,list_domain_names,{{ response.DomainNames }},,0,yes,VPCOptions.VPCId,dotted,vpc,ec2,aws.ec2.describe_vpcs,describe_vpcs,{{ response.Vpcs }},0,VpcId,yes,AWS::Elasticsearch::Domain,AWS::EC2::VPC,c7n,high,asff,aws.elasticsearch.filters.vpc,vpc-,ec2,vpc,exists in vpc,pending,,,,,,,,
L2_vpc,containment,contained-in,elb,elb,aws.elb.describe_load_balancers,describe_load_balancers,{{ response.LoadBalancerDescriptions }},,0,yes,VPCId,scalar,vpc,ec2,aws.ec2.describe_vpcs,describe_vpcs,{{ response.Vpcs }},0,VpcId,yes,AWS::ElasticLoadBalancing::LoadBalancer,AWS::EC2::VPC,c7n,high,doc,aws.elb.filters.vpc,vpc-,ec2,vpc,exists in vpc,pending,,,,,,,,
L2_vpc,containment,contained-in,elb,elb,aws.elb.describe_load_balancers,describe_load_balancers,{{ response.LoadBalancerDescriptions }},,0,yes,VpcId,scalar,vpc,ec2,aws.ec2.describe_vpcs,describe_vpcs,{{ response.Vpcs }},0,VpcId,yes,AWS::ElasticLoadBalancing::LoadBalancer,AWS::EC2::VPC,asff,medium,,securityhub.GetFindings: 'VPC for the load balancer',vpc-,ec2,vpc,exists in vpc,pending,,,,,,,,
L2_vpc,containment,contained-in,eni,ec2,aws.ec2.describe_network_interfaces,describe_network_interfaces,{{ response.NetworkInterfaces }},,0,yes,VpcId,scalar,vpc,ec2,aws.ec2.describe_vpcs,describe_vpcs,{{ response.Vpcs }},0,VpcId,yes,AWS::EC2::NetworkInterface,AWS::EC2::VPC,c7n,high,doc,aws.eni.filters.vpc,vpc-,ec2,vpc,exists in vpc,pending,,,,,,,,
L2_vpc,containment,contained-in,firewall,network-firewall,aws.network-firewall.list_firewalls,list_firewalls,{{ response.Firewalls }},,0,yes,VpcId,scalar,vpc,ec2,aws.ec2.describe_vpcs,describe_vpcs,{{ response.Vpcs }},0,VpcId,yes,AWS::NetworkFirewall::Firewall,AWS::EC2::VPC,c7n,high,asff,aws.firewall.filters.vpc,vpc-,ec2,vpc,exists in vpc,pending,,,,,,,,
L2_vpc,containment,contained-in,fsx,fsx,aws.fsx.describe_file_systems,describe_file_systems,{{ response.FileSystems }},,0,yes,AdministrativeActions[].TargetFileSystemValues.VpcId,list_dict,vpc,ec2,aws.ec2.describe_vpcs,describe_vpcs,{{ response.Vpcs }},0,VpcId,yes,AWS::FSx::FileSystem,AWS::EC2::VPC,doc,medium,,fsx.DescribeFileSystems: 'primary virtual private cloud',vpc-,ec2,vpc,exists in vpc,pending,,,,,,,,
L2_vpc,containment,contained-in,fsx,fsx,aws.fsx.describe_file_systems,describe_file_systems,{{ response.FileSystems }},,0,yes,VpcId,scalar,vpc,ec2,aws.ec2.describe_vpcs,describe_vpcs,{{ response.Vpcs }},0,VpcId,yes,AWS::FSx::FileSystem,AWS::EC2::VPC,doc,medium,,fsx.DescribeFileSystems: 'primary virtual private cloud',vpc-,ec2,vpc,exists in vpc,pending,,,,,,,,
L2_vpc,containment,contained-in,fsx-backup,fsx,aws.fsx.describe_backups,describe_backups,{{ response.Backups }},,0,yes,FileSystem.AdministrativeActions[].TargetFileSystemValues.VpcId,list_dict,vpc,ec2,aws.ec2.describe_vpcs,describe_vpcs,{{ response.Vpcs }},0,VpcId,yes,,AWS::EC2::VPC,doc,medium,,fsx.DescribeBackups: 'primary virtual private cloud',vpc-,ec2,vpc,exists in vpc,pending,,,,,,,,
L2_vpc,containment,contained-in,fsx-backup,fsx,aws.fsx.describe_backups,describe_backups,{{ response.Backups }},,0,yes,FileSystem.VpcId,dotted,vpc,ec2,aws.ec2.describe_vpcs,describe_vpcs,{{ response.Vpcs }},0,VpcId,yes,,AWS::EC2::VPC,doc,medium,,fsx.DescribeBackups: 'primary virtual private cloud',vpc-,ec2,vpc,exists in vpc,pending,,,,,,,,
L2_vpc,containment,contained-in,fsx-backup,fsx,aws.fsx.describe_backups,describe_backups,{{ response.Backups }},,0,yes,Volume.AdministrativeActions[].TargetFileSystemValues.VpcId,list_dict,vpc,ec2,aws.ec2.describe_vpcs,describe_vpcs,{{ response.Vpcs }},0,VpcId,yes,,AWS::EC2::VPC,doc,medium,,fsx.DescribeBackups: 'primary virtual private cloud',vpc-,ec2,vpc,exists in vpc,pending,,,,,,,,
L2_vpc,containment,contained-in,glue-dev-endpoint,glue,aws.glue.get_dev_endpoints,get_dev_endpoints,{{ response.DevEndpoints }},,0,yes,VpcId,scalar,vpc,ec2,aws.ec2.describe_vpcs,describe_vpcs,{{ response.Vpcs }},0,VpcId,yes,AWS::Glue::DevEndpoint,AWS::EC2::VPC,doc,medium,,glue.GetDevEndpoints: 'virtual private cloud',vpc-,ec2,vpc,exists in vpc,pending,,,,,,,,
L2_vpc,containment,contained-in,inspector2-finding,inspector2,aws.inspector2.list_findings,list_findings,{{ response.findings }},,0,yes,resources[].details.awsEc2Instance.vpcId,list_dict,vpc,ec2,aws.ec2.describe_vpcs,describe_vpcs,{{ response.Vpcs }},0,VpcId,yes,,AWS::EC2::VPC,doc,medium,,inspector2.ListFindings: 'Amazon EC2 instance',vpc-,ec2,vpc,exists in vpc,pending,,,,,,,,
L2_vpc,containment,contained-in,inspector2-finding,inspector2,aws.inspector2.list_findings,list_findings,{{ response.findings }},,0,yes,resources[].details.awsLambdaFunction.vpcConfig.vpcId,list_dict,vpc,ec2,aws.ec2.describe_vpcs,describe_vpcs,{{ response.Vpcs }},0,VpcId,yes,,AWS::EC2::VPC,doc,medium,,inspector2.ListFindings: 'VPC',vpc-,ec2,vpc,exists in vpc,pending,,,,,,,,
L2_vpc,containment,contained-in,lambda,lambda,aws.lambda.list_functions,list_functions,{{ response.Functions }},,0,yes,VpcConfig.VpcId,dotted,vpc,ec2,aws.ec2.describe_vpcs,describe_vpcs,{{ response.Vpcs }},0,VpcId,yes,AWS::Lambda::Function,AWS::EC2::VPC,c7n,high,"asff,doc",aws.lambda.filters.vpc,vpc-,ec2,vpc,exists in vpc,pending,,,,,,,,
L2_vpc,containment,contained-in,nat-gateway,ec2,aws.ec2.describe_nat_gateways,describe_nat_gateways,{{ response.NatGateways }},,0,yes,VpcId,scalar,vpc,ec2,aws.ec2.describe_vpcs,describe_vpcs,{{ response.Vpcs }},0,VpcId,yes,AWS::EC2::NatGateway,AWS::EC2::VPC,doc,medium,,ec2.DescribeNatGateways: 'VPC in which the NAT gateway is located',vpc-,ec2,vpc,exists in vpc,pending,,,,,,,,
L2_vpc,containment,contained-in,network-acl,ec2,aws.ec2.describe_network_acls,describe_network_acls,{{ response.NetworkAcls }},,0,yes,VpcId,scalar,vpc,ec2,aws.ec2.describe_vpcs,describe_vpcs,{{ response.Vpcs }},0,VpcId,yes,AWS::EC2::NetworkAcl,AWS::EC2::VPC,asff,high,doc,securityhub.GetFindings: 'VPC for the network ACL',vpc-,ec2,vpc,exists in vpc,pending,,,,,,,,
L2_vpc,containment,contained-in,peering-connection,ec2,aws.ec2.describe_vpc_peering_connections,describe_vpc_peering_connections,{{ response.VpcPeeringConnections }},,0,yes,AccepterVpcInfo.VpcId,dotted,vpc,ec2,aws.ec2.describe_vpcs,describe_vpcs,{{ response.Vpcs }},0,VpcId,yes,AWS::EC2::VPCPeeringConnection,AWS::EC2::VPC,asff,high,doc,securityhub.GetFindings: 'VPC',vpc-,ec2,vpc,exists in vpc,pending,,,,,,,,
L2_vpc,containment,contained-in,peering-connection,ec2,aws.ec2.describe_vpc_peering_connections,describe_vpc_peering_connections,{{ response.VpcPeeringConnections }},,0,yes,RequesterVpcInfo.VpcId,dotted,vpc,ec2,aws.ec2.describe_vpcs,describe_vpcs,{{ response.Vpcs }},0,VpcId,yes,AWS::EC2::VPCPeeringConnection,AWS::EC2::VPC,asff,high,doc,securityhub.GetFindings: 'VPC',vpc-,ec2,vpc,exists in vpc,pending,,,,,,,,
L2_vpc,containment,contained-in,rds,rds,aws.rds.describe_db_instances,describe_db_instances,{{ response.DBInstances }},,0,yes,DBSubnetGroup.VpcId,dotted,vpc,ec2,aws.ec2.describe_vpcs,describe_vpcs,{{ response.Vpcs }},0,VpcId,yes,AWS::RDS::DBInstance,AWS::EC2::VPC,c7n,high,,aws.rds.filters.vpc,vpc-,ec2,vpc,exists in vpc,pending,,,,,,,,
L2_vpc,containment,contained-in,rds,rds,aws.rds.describe_db_instances,describe_db_instances,{{ response.DBInstances }},,0,yes,DbSubnetGroup.VpcId,dotted,vpc,ec2,aws.ec2.describe_vpcs,describe_vpcs,{{ response.Vpcs }},0,VpcId,yes,AWS::RDS::DBInstance,AWS::EC2::VPC,asff,medium,,securityhub.GetFindings: 'subnet group',vpc-,ec2,vpc,exists in vpc,pending,,,,,,,,
L2_vpc,containment,contained-in,rds-proxy,rds,aws.rds.describe_db_proxies,describe_db_proxies,{{ response.DBProxies }},,0,yes,VpcId,scalar,vpc,ec2,aws.ec2.describe_vpcs,describe_vpcs,{{ response.Vpcs }},0,VpcId,yes,AWS::RDS::DBProxy,AWS::EC2::VPC,c7n,high,doc,aws.rds-proxy.filters.vpc,vpc-,ec2,vpc,exists in vpc,pending,,,,,,,,
L2_vpc,containment,contained-in,redshift,redshift,aws.redshift.describe_clusters,describe_clusters,{{ response.Clusters }},,0,yes,VpcId,scalar,vpc,ec2,aws.ec2.describe_vpcs,describe_vpcs,{{ response.Vpcs }},0,VpcId,yes,AWS::Redshift::Cluster,AWS::EC2::VPC,asff,high,doc,securityhub.GetFindings: 'VPC that the cluster is in',vpc-,ec2,vpc,exists in vpc,pending,,,,,,,,
L2_vpc,containment,contained-in,redshift,redshift,aws.redshift.describe_clusters,describe_clusters,{{ response.Clusters }},,0,yes,VpcSecurityGroupIds.items,dotted,vpc,ec2,aws.ec2.describe_vpcs,describe_vpcs,{{ response.Vpcs }},0,VpcId,yes,AWS::Redshift::Cluster,AWS::EC2::VPC,cfn,high,,AWS::Redshift::Cluster/properties/VpcSecurityGroupIds/items,vpc-,ec2,vpc,exists in vpc,pending,,,,,,,,
L2_vpc,containment,contained-in,redshift-subnet-group,redshift,aws.redshift.describe_cluster_subnet_groups,describe_cluster_subnet_groups,{{ response.ClusterSubnetGroups }},,0,yes,VpcId,scalar,vpc,ec2,aws.ec2.describe_vpcs,describe_vpcs,{{ response.Vpcs }},0,VpcId,yes,AWS::Redshift::ClusterSubnetGroup,AWS::EC2::VPC,doc,medium,,redshift.DescribeClusterSubnetGroups: 'cluster subnet group',vpc-,ec2,vpc,exists in vpc,pending,,,,,,,,
L2_vpc,containment,contained-in,resolver-logs,route53resolver,aws.route53resolver.list_resolver_query_log_configs,list_resolver_query_log_configs,{{ response.ResolverQueryLogConfigs }},,0,yes,ResourceArn,scalar,vpc,ec2,aws.ec2.describe_vpcs,describe_vpcs,{{ response.Vpcs }},0,VpcId,yes,AWS::Route53Resolver::ResolverQueryLoggingConfig,AWS::EC2::VPC,c7n,high,,aws.resolver-logs.filters.is-associated,vpc-,ec2,vpc,exists in vpc,pending,,,,,,,,
L2_vpc,containment,contained-in,route-table,ec2,aws.ec2.describe_route_tables,describe_route_tables,{{ response.RouteTables }},,0,yes,VpcId,scalar,vpc,ec2,aws.ec2.describe_vpcs,describe_vpcs,{{ response.Vpcs }},0,VpcId,yes,AWS::EC2::RouteTable,AWS::EC2::VPC,c7n,high,"asff,doc",aws.route-table.filters.vpc,vpc-,ec2,vpc,exists in vpc,pending,,,,,,,,
L2_vpc,containment,contained-in,security-group,ec2,aws.ec2.describe_security_groups,describe_security_groups,{{ response.SecurityGroups }},,0,yes,IpPermissionsEgress[].UserIdGroupPairs[].VpcId,list_nested,vpc,ec2,aws.ec2.describe_vpcs,describe_vpcs,{{ response.Vpcs }},0,VpcId,yes,AWS::EC2::SecurityGroup,AWS::EC2::VPC,asff,high,doc,securityhub.GetFindings: 'VPC for the referenced security group',vpc-,ec2,vpc,exists in vpc,pending,,,,,,,,
L2_vpc,containment,contained-in,security-group,ec2,aws.ec2.describe_security_groups,describe_security_groups,{{ response.SecurityGroups }},,0,yes,IpPermissions[].UserIdGroupPairs[].VpcId,list_nested,vpc,ec2,aws.ec2.describe_vpcs,describe_vpcs,{{ response.Vpcs }},0,VpcId,yes,AWS::EC2::SecurityGroup,AWS::EC2::VPC,asff,high,doc,securityhub.GetFindings: 'VPC for the referenced security group',vpc-,ec2,vpc,exists in vpc,pending,,,,,,,,
L2_vpc,containment,contained-in,security-group,ec2,aws.ec2.describe_security_groups,describe_security_groups,{{ response.SecurityGroups }},,0,yes,VpcId,scalar,vpc,ec2,aws.ec2.describe_vpcs,describe_vpcs,{{ response.Vpcs }},0,VpcId,yes,AWS::EC2::SecurityGroup,AWS::EC2::VPC,hand,high,"asff,doc",hand-authored from API response shape,vpc-,ec2,vpc,exists in vpc,pending,,,,,,,,
L2_vpc,containment,contained-in,subnet,ec2,aws.ec2.describe_subnets,describe_subnets,{{ response.Subnets }},,0,yes,VpcId,scalar,vpc,ec2,aws.ec2.describe_vpcs,describe_vpcs,{{ response.Vpcs }},0,VpcId,yes,AWS::EC2::Subnet,AWS::EC2::VPC,c7n,high,"asff,doc,hand",aws.subnet.filters.vpc,vpc-,ec2,vpc,exists in vpc,pending,,,,,,,,
L2_vpc,containment,contained-in,vpc-endpoint,ec2,aws.ec2.describe_vpc_endpoints,describe_vpc_endpoints,{{ response.VpcEndpoints }},,0,yes,SecurityGroupIds.items.anyOf[2],dotted,vpc,ec2,aws.ec2.describe_vpcs,describe_vpcs,{{ response.Vpcs }},0,VpcId,yes,AWS::EC2::VPCEndpoint,AWS::EC2::VPC,cfn,high,,AWS::EC2::VPCEndpoint/properties/SecurityGroupIds/items/anyOf[2],vpc-,ec2,vpc,exists in vpc,pending,,,,,,,,
L2_vpc,containment,contained-in,vpc-endpoint,ec2,aws.ec2.describe_vpc_endpoints,describe_vpc_endpoints,{{ response.VpcEndpoints }},,0,yes,VpcId,scalar,vpc,ec2,aws.ec2.describe_vpcs,describe_vpcs,{{ response.Vpcs }},0,VpcId,yes,AWS::EC2::VPCEndpoint,AWS::EC2::VPC,c7n,high,doc,aws.vpc-endpoint.filters.vpc,vpc-,ec2,vpc,exists in vpc,pending,,,,,,,,
L2_vpc,containment,contained-in,vpn-gateway,ec2,aws.ec2.describe_vpn_gateways,,,,,no,VpcAttachments[].VpcId,list_dict,vpc,ec2,aws.ec2.describe_vpcs,describe_vpcs,{{ response.Vpcs }},0,VpcId,yes,AWS::EC2::VPNGateway,AWS::EC2::VPC,doc,medium,,ec2.DescribeVpnGateways: 'VPC',vpc-,ec2,vpc,exists in vpc,pending,,,,,,,,
L4_subnet,containment,contained-in,app-elb,elbv2,aws.elbv2.describe_load_balancers,describe_load_balancers,{{ response.LoadBalancers }},,0,yes,AvailabilityZones[].SubnetId,list_dict,subnet,ec2,aws.ec2.describe_subnets,describe_subnets,{{ response.Subnets }},0,SubnetId,yes,AWS::ElasticLoadBalancingV2::LoadBalancer,AWS::EC2::Subnet,c7n,high,"asff,doc",aws.app-elb.filters.subnet,subnet-,ec2,subnet,exists in subnet,pending,,,,,,,,
L4_subnet,containment,contained-in,asg,autoscaling,aws.autoscaling.describe_auto_scaling_groups,describe_auto_scaling_groups,{{ response.AutoScalingGroups }},,0,yes,,,subnet,ec2,aws.ec2.describe_subnets,describe_subnets,{{ response.Subnets }},0,SubnetId,yes,AWS::AutoScaling::AutoScalingGroup,AWS::EC2::Subnet,c7n,declared-no-path,,aws.asg.filters.subnet,subnet-,ec2,subnet,exists in subnet,pending,,,,,,,,
L4_subnet,containment,contained-in,batch-compute,batch,aws.batch.describe_compute_environments,describe_compute_environments,{{ response.computeEnvironments }},,0,yes,computeResources.subnets[],list_scalar,subnet,ec2,aws.ec2.describe_subnets,describe_subnets,{{ response.Subnets }},0,SubnetId,yes,AWS::Batch::ComputeEnvironment,AWS::EC2::Subnet,c7n,high,,aws.batch-compute.filters.subnet,subnet-,ec2,subnet,exists in subnet,pending,,,,,,,,
L4_subnet,containment,contained-in,cache-cluster,elasticache,aws.elasticache.describe_cache_clusters,describe_cache_clusters,{{ response.CacheClusters }},,0,yes,,,subnet,ec2,aws.ec2.describe_subnets,describe_subnets,{{ response.Subnets }},0,SubnetId,yes,AWS::ElastiCache::CacheCluster,AWS::EC2::Subnet,c7n,declared-no-path,,aws.cache-cluster.filters.subnet,subnet-,ec2,subnet,exists in subnet,pending,,,,,,,,
L4_subnet,containment,contained-in,cache-subnet-group,elasticache,aws.elasticache.describe_cache_subnet_groups,describe_cache_subnet_groups,{{ response.CacheSubnetGroups }},,0,yes,Subnets[].SubnetIdentifier,list_dict,subnet,ec2,aws.ec2.describe_subnets,describe_subnets,{{ response.Subnets }},0,SubnetId,yes,AWS::ElastiCache::SubnetGroup,AWS::EC2::Subnet,doc,medium,,elasticache.DescribeCacheSubnetGroups: 'subnet',subnet-,ec2,subnet,exists in subnet,pending,,,,,,,,
L4_subnet,containment,contained-in,cache-subnet-group,elasticache,aws.elasticache.describe_cache_subnet_groups,describe_cache_subnet_groups,{{ response.CacheSubnetGroups }},,0,yes,Subnets[].SubnetOutpost.SubnetOutpostArn,list_dict,subnet,ec2,aws.ec2.describe_subnets,describe_subnets,{{ response.Subnets }},0,SubnetId,yes,AWS::ElastiCache::SubnetGroup,AWS::EC2::Subnet,doc,medium,,elasticache.DescribeCacheSubnetGroups: 'subnet',subnet-,ec2,subnet,exists in subnet,pending,,,,,,,,
L4_subnet,containment,contained-in,cloudhsm-cluster,cloudhsmv2,aws.cloudhsmv2.describe_clusters,describe_clusters,{{ response.Clusters }},,0,yes,,,subnet,ec2,aws.ec2.describe_subnets,describe_subnets,{{ response.Subnets }},0,SubnetId,yes,,AWS::EC2::Subnet,c7n,declared-no-path,,aws.cloudhsm-cluster.filters.subnet,subnet-,ec2,subnet,exists in subnet,pending,,,,,,,,
L4_subnet,containment,contained-in,codebuild,codebuild,aws.codebuild.list_projects,list_projects,{{ response.projects }},,0,yes,vpcConfig.subnets[],list_scalar,subnet,ec2,aws.ec2.describe_subnets,describe_subnets,{{ response.Subnets }},0,SubnetId,yes,AWS::CodeBuild::Project,AWS::EC2::Subnet,c7n,high,,aws.codebuild.filters.subnet,subnet-,ec2,subnet,exists in subnet,pending,,,,,,,,
L4_subnet,containment,contained-in,dax,dax,aws.dax.describe_clusters,describe_clusters,{{ response.Clusters }},,0,yes,,,subnet,ec2,aws.ec2.describe_subnets,describe_subnets,{{ response.Subnets }},0,SubnetId,yes,AWS::DAX::Cluster,AWS::EC2::Subnet,c7n,declared-no-path,,aws.dax.filters.subnet,subnet-,ec2,subnet,exists in subnet,pending,,,,,,,,
L4_subnet,containment,contained-in,directory,ds,aws.ds.describe_directories,describe_directories,{{ response.DirectoryDescriptions }},,0,yes,VpcSettings.SubnetIds,dotted,subnet,ec2,aws.ec2.describe_subnets,describe_subnets,{{ response.Subnets }},0,SubnetId,yes,,AWS::EC2::Subnet,c7n,high,,aws.directory.filters.subnet,subnet-,ec2,subnet,exists in subnet,pending,,,,,,,,
L4_subnet,containment,contained-in,dms-instance,dms,aws.dms.describe_replication_instances,describe_replication_instances,{{ response.ReplicationInstances }},,0,yes,ReplicationSubnetGroup.Subnets[].SubnetIdentifier,list_dict,subnet,ec2,aws.ec2.describe_subnets,describe_subnets,{{ response.Subnets }},0,SubnetId,yes,AWS::DMS::ReplicationInstance,AWS::EC2::Subnet,c7n,high,,aws.dms-instance.filters.subnet,subnet-,ec2,subnet,exists in subnet,pending,,,,,,,,
L4_subnet,containment,contained-in,ec2,ec2,aws.ec2.describe_instances,describe_instances,{{ response.Reservations[].Instances }},,0,yes,NetworkInterfaces[].SubnetId,list_dict,subnet,ec2,aws.ec2.describe_subnets,describe_subnets,{{ response.Subnets }},0,SubnetId,yes,AWS::EC2::Instance,AWS::EC2::Subnet,c7n,high,doc,aws.ec2.filters.subnet,subnet-,ec2,subnet,exists in subnet,pending,,,,,,,,
L4_subnet,containment,contained-in,ec2,ec2,aws.ec2.describe_instances,describe_instances,{{ response.Reservations[].Instances }},,0,yes,SubnetId,scalar,subnet,ec2,aws.ec2.describe_subnets,describe_subnets,{{ response.Subnets }},0,SubnetId,yes,AWS::EC2::Instance,AWS::EC2::Subnet,asff,high,doc,securityhub.GetFindings: 'subnet that the instance was launched in',subnet-,ec2,subnet,exists in subnet,pending,,,,,,,,
L4_subnet,containment,contained-in,ec2-spot-fleet-request,ec2,aws.ec2.describe_spot_fleet_requests,,,,,no,SpotFleetRequestConfig.LaunchSpecifications[].NetworkInterfaces[].SubnetId,list_nested,subnet,ec2,aws.ec2.describe_subnets,describe_subnets,{{ response.Subnets }},0,SubnetId,yes,AWS::EC2::SpotFleet,AWS::EC2::Subnet,doc,medium,,ec2.DescribeSpotFleetRequests: 'subnet associated with the network interface',subnet-,ec2,subnet,exists in subnet,pending,,,,,,,,
L4_subnet,containment,contained-in,ec2-spot-fleet-request,ec2,aws.ec2.describe_spot_fleet_requests,,,,,no,SpotFleetRequestConfig.LaunchSpecifications[].SubnetId,list_dict,subnet,ec2,aws.ec2.describe_subnets,describe_subnets,{{ response.Subnets }},0,SubnetId,yes,AWS::EC2::SpotFleet,AWS::EC2::Subnet,doc,medium,,ec2.DescribeSpotFleetRequests: 'subnets in which to launch the instances',subnet-,ec2,subnet,exists in subnet,pending,,,,,,,,
L4_subnet,containment,contained-in,ec2-spot-fleet-request,ec2,aws.ec2.describe_spot_fleet_requests,,,,,no,SpotFleetRequestConfig.LaunchTemplateConfigs[].Overrides[].SubnetId,list_nested,subnet,ec2,aws.ec2.describe_subnets,describe_subnets,{{ response.Subnets }},0,SubnetId,yes,AWS::EC2::SpotFleet,AWS::EC2::Subnet,doc,medium,,ec2.DescribeSpotFleetRequests: 'subnet in which to launch the instances',subnet-,ec2,subnet,exists in subnet,pending,,,,,,,,
L4_subnet,containment,contained-in,ecs-container-instance,ecs,aws.ecs.list_container_instances,,,,,no,attributes[?name == 'ecs.subnet-id'].value[],list_scalar,subnet,ec2,aws.ec2.describe_subnets,describe_subnets,{{ response.Subnets }},0,SubnetId,yes,,AWS::EC2::Subnet,c7n,high,,aws.ecs-container-instance.filters.subnet,subnet-,ec2,subnet,exists in subnet,pending,,,,,,,,
L4_subnet,containment,contained-in,ecs-service,ecs,aws.ecs.list_services,,,,,no,,,subnet,ec2,aws.ec2.describe_subnets,describe_subnets,{{ response.Subnets }},0,SubnetId,yes,AWS::ECS::Service,AWS::EC2::Subnet,c7n,declared-no-path,,aws.ecs-service.filters.subnet,subnet-,ec2,subnet,exists in subnet,pending,,,,,,,,
L4_subnet,containment,contained-in,ecs-task,ecs,aws.ecs.describe_clusters,describe_clusters,{{ response.clusters }},,0,yes,attachments[].details[?name == 'subnetId'].value[],list_nested,subnet,ec2,aws.ec2.describe_subnets,describe_subnets,{{ response.Subnets }},0,SubnetId,yes,AWS::ECS::TaskSet,AWS::EC2::Subnet,c7n,high,,aws.ecs-task.filters.subnet,subnet-,ec2,subnet,exists in subnet,pending,,,,,,,,
L4_subnet,containment,contained-in,efs-mount-target,efs,aws.efs.describe_mount_targets,describe_mount_targets,{{ response.MountTargets }},,0,yes,SubnetId,scalar,subnet,ec2,aws.ec2.describe_subnets,describe_subnets,{{ response.Subnets }},0,SubnetId,yes,AWS::EFS::MountTarget,AWS::EC2::Subnet,c7n,high,,aws.efs-mount-target.filters.subnet,subnet-,ec2,subnet,exists in subnet,pending,,,,,,,,
L4_subnet,containment,contained-in,eks,eks,aws.eks.list_clusters,list_clusters,{{ response.clusters }},,0,yes,resourcesVpcConfig.subnetIds[],list_scalar,subnet,ec2,aws.ec2.describe_subnets,describe_subnets,{{ response.Subnets }},0,SubnetId,yes,AWS::EKS::Cluster,AWS::EC2::Subnet,c7n,high,,aws.eks.filters.subnet,subnet-,ec2,subnet,exists in subnet,pending,,,,,,,,
L4_subnet,containment,contained-in,elasticsearch,es,aws.es.list_domain_names,list_domain_names,{{ response.DomainNames }},,0,yes,VPCOptions.SubnetIds[],list_scalar,subnet,ec2,aws.ec2.describe_subnets,describe_subnets,{{ response.Subnets }},0,SubnetId,yes,AWS::Elasticsearch::Domain,AWS::EC2::Subnet,c7n,high,,aws.elasticsearch.filters.subnet,subnet-,ec2,subnet,exists in subnet,pending,,,,,,,,
L4_subnet,containment,contained-in,elb,elb,aws.elb.describe_load_balancers,describe_load_balancers,{{ response.LoadBalancerDescriptions }},,0,yes,Subnets[],list_scalar,subnet,ec2,aws.ec2.describe_subnets,describe_subnets,{{ response.Subnets }},0,SubnetId,yes,AWS::ElasticLoadBalancing::LoadBalancer,AWS::EC2::Subnet,c7n,high,,aws.elb.filters.subnet,subnet-,ec2,subnet,exists in subnet,pending,,,,,,,,
L4_subnet,containment,contained-in,emr,emr,aws.emr.list_clusters,list_clusters,{{ response.Clusters }},,0,yes,Ec2InstanceAttributes.RequestedEc2SubnetIds[],list_scalar,subnet,ec2,aws.ec2.describe_subnets,describe_subnets,{{ response.Subnets }},0,SubnetId,yes,AWS::EMR::Cluster,AWS::EC2::Subnet,c7n,high,,aws.emr.filters.subnet,subnet-,ec2,subnet,exists in subnet,pending,,,,,,,,
L4_subnet,containment,contained-in,eni,ec2,aws.ec2.describe_network_interfaces,describe_network_interfaces,{{ response.NetworkInterfaces }},,0,yes,SubnetId,scalar,subnet,ec2,aws.ec2.describe_subnets,describe_subnets,{{ response.Subnets }},0,SubnetId,yes,AWS::EC2::NetworkInterface,AWS::EC2::Subnet,c7n,high,doc,aws.eni.filters.subnet,subnet-,ec2,subnet,exists in subnet,pending,,,,,,,,
L4_subnet,containment,contained-in,firehose,firehose,aws.firehose.list_delivery_streams,,,,,no,definitions.VpcConfigurationSubnetIds.items,dotted,subnet,ec2,aws.ec2.describe_subnets,describe_subnets,{{ response.Subnets }},0,SubnetId,yes,AWS::KinesisFirehose::DeliveryStream,AWS::EC2::Subnet,cfn,high,,AWS::KinesisFirehose::DeliveryStream/definitions/VpcConfiguration/properties/SubnetIds/items,subnet-,ec2,subnet,exists in subnet,pending,,,,,,,,
L4_subnet,containment,contained-in,firewall,network-firewall,aws.network-firewall.list_firewalls,list_firewalls,{{ response.Firewalls }},,0,yes,SubnetMappings[].SubnetId,list_dict,subnet,ec2,aws.ec2.describe_subnets,describe_subnets,{{ response.Subnets }},0,SubnetId,yes,AWS::NetworkFirewall::Firewall,AWS::EC2::Subnet,c7n,high,,aws.firewall.filters.subnet,subnet-,ec2,subnet,exists in subnet,pending,,,,,,,,
L4_subnet,containment,contained-in,fsx,fsx,aws.fsx.describe_file_systems,describe_file_systems,{{ response.FileSystems }},,0,yes,SubnetIds[],list_scalar,subnet,ec2,aws.ec2.describe_subnets,describe_subnets,{{ response.Subnets }},0,SubnetId,yes,AWS::FSx::FileSystem,AWS::EC2::Subnet,c7n,high,,aws.fsx.filters.subnet,subnet-,ec2,subnet,exists in subnet,pending,,,,,,,,
L4_subnet,containment,contained-in,glue-connection,glue,aws.glue.get_connections,get_connections,{{ response.ConnectionList }},,0,yes,PhysicalConnectionRequirements.SubnetId,dotted,subnet,ec2,aws.ec2.describe_subnets,describe_subnets,{{ response.Subnets }},0,SubnetId,yes,AWS::Glue::Connection,AWS::EC2::Subnet,c7n,high,,aws.glue-connection.filters.subnet,subnet-,ec2,subnet,exists in subnet,pending,,,,,,,,
L4_subnet,containment,contained-in,glue-dev-endpoint,glue,aws.glue.get_dev_endpoints,get_dev_endpoints,{{ response.DevEndpoints }},,0,yes,SubnetId,scalar,subnet,ec2,aws.ec2.describe_subnets,describe_subnets,{{ response.Subnets }},0,SubnetId,yes,AWS::Glue::DevEndpoint,AWS::EC2::Subnet,c7n,high,,aws.glue-dev-endpoint.filters.subnet,subnet-,ec2,subnet,exists in subnet,pending,,,,,,,,
L4_subnet,containment,contained-in,inspector2-finding,inspector2,aws.inspector2.list_findings,list_findings,{{ response.findings }},,0,yes,resources[].details.awsEc2Instance.subnetId,list_dict,subnet,ec2,aws.ec2.describe_subnets,describe_subnets,{{ response.Subnets }},0,SubnetId,yes,,AWS::EC2::Subnet,doc,medium,,inspector2.ListFindings: 'Amazon EC2 instance',subnet-,ec2,subnet,exists in subnet,pending,,,,,,,,
L4_subnet,containment,contained-in,kafka,kafka,aws.kafka.list_clusters_v2,list_clusters_v2,{{ response.ClusterInfoList }},,0,yes,compound,scalar,subnet,ec2,aws.ec2.describe_subnets,describe_subnets,{{ response.Subnets }},0,SubnetId,yes,AWS::MSK::Cluster,AWS::EC2::Subnet,c7n,high,,aws.kafka.filters.subnet,subnet-,ec2,subnet,exists in subnet,pending,,,,,,,,
L4_subnet,containment,contained-in,kinesis-analyticsv2,kinesisanalyticsv2,aws.kinesisanalyticsv2.list_applications,list_applications,{{ response.ApplicationSummaries }},,0,yes,ApplicationConfigurationDescription.VpcConfigurationDescriptions[].SubnetIds[],list_nested,subnet,ec2,aws.ec2.describe_subnets,describe_subnets,{{ response.Subnets }},0,SubnetId,yes,AWS::KinesisAnalyticsV2::Application,AWS::EC2::Subnet,c7n,high,,aws.kinesis-analyticsv2.filters.subnet,subnet-,ec2,subnet,exists in subnet,pending,,,,,,,,
L4_subnet,containment,contained-in,lambda,lambda,aws.lambda.list_functions,list_functions,{{ response.Functions }},,0,yes,VpcConfig.SubnetIds[],list_scalar,subnet,ec2,aws.ec2.describe_subnets,describe_subnets,{{ response.Subnets }},0,SubnetId,yes,AWS::Lambda::Function,AWS::EC2::Subnet,c7n,high,,aws.lambda.filters.subnet,subnet-,ec2,subnet,exists in subnet,pending,,,,,,,,
L4_subnet,containment,contained-in,message-broker,mq,aws.mq.list_brokers,list_brokers,{{ response.BrokerSummaries }},,0,yes,SubnetIds[],list_scalar,subnet,ec2,aws.ec2.describe_subnets,describe_subnets,{{ response.Subnets }},0,SubnetId,yes,AWS::AmazonMQ::Broker,AWS::EC2::Subnet,c7n,high,,aws.message-broker.filters.subnet,subnet-,ec2,subnet,exists in subnet,pending,,,,,,,,
L4_subnet,containment,contained-in,nat-gateway,ec2,aws.ec2.describe_nat_gateways,describe_nat_gateways,{{ response.NatGateways }},,0,yes,SubnetId,scalar,subnet,ec2,aws.ec2.describe_subnets,describe_subnets,{{ response.Subnets }},0,SubnetId,yes,AWS::EC2::NatGateway,AWS::EC2::Subnet,hand,high,doc,hand-authored from API response shape,subnet-,ec2,subnet,exists in subnet,pending,,,,,,,,
L4_subnet,containment,contained-in,network-acl,ec2,aws.ec2.describe_network_acls,describe_network_acls,{{ response.NetworkAcls }},,0,yes,Associations[].SubnetId,list_dict,subnet,ec2,aws.ec2.describe_subnets,describe_subnets,{{ response.Subnets }},0,SubnetId,yes,AWS::EC2::NetworkAcl,AWS::EC2::Subnet,c7n,high,doc,aws.network-acl.filters.subnet,subnet-,ec2,subnet,exists in subnet,pending,,,,,,,,
L4_subnet,containment,contained-in,rds,rds,aws.rds.describe_db_instances,describe_db_instances,{{ response.DBInstances }},,0,yes,DBSubnetGroup.Subnets[].SubnetIdentifier,list_dict,subnet,ec2,aws.ec2.describe_subnets,describe_subnets,{{ response.Subnets }},0,SubnetId,yes,AWS::RDS::DBInstance,AWS::EC2::Subnet,c7n,high,doc,aws.rds.filters.subnet,subnet-,ec2,subnet,exists in subnet,pending,,,,,,,,
L4_subnet,containment,contained-in,rds-cluster,rds,aws.rds.describe_db_clusters,describe_db_clusters,{{ response.DBClusters }},,0,yes,,,subnet,ec2,aws.ec2.describe_subnets,describe_subnets,{{ response.Subnets }},0,SubnetId,yes,AWS::RDS::DBCluster,AWS::EC2::Subnet,c7n,declared-no-path,,aws.rds-cluster.filters.subnet,subnet-,ec2,subnet,exists in subnet,pending,,,,,,,,
L4_subnet,containment,contained-in,rds-proxy,rds,aws.rds.describe_db_proxies,describe_db_proxies,{{ response.DBProxies }},,0,yes,VpcSubnetIds[],list_scalar,subnet,ec2,aws.ec2.describe_subnets,describe_subnets,{{ response.Subnets }},0,SubnetId,yes,AWS::RDS::DBProxy,AWS::EC2::Subnet,c7n,high,,aws.rds-proxy.filters.subnet,subnet-,ec2,subnet,exists in subnet,pending,,,,,,,,
L4_subnet,containment,contained-in,rds-subnet-group,rds,aws.rds.describe_db_subnet_groups,describe_db_subnet_groups,{{ response.DBSubnetGroups }},,0,yes,Subnets[].SubnetIdentifier,list_dict,subnet,ec2,aws.ec2.describe_subnets,describe_subnets,{{ response.Subnets }},0,SubnetId,yes,AWS::RDS::DBSubnetGroup,AWS::EC2::Subnet,doc,medium,,rds.DescribeDBSubnetGroups: 'subnet',subnet-,ec2,subnet,exists in subnet,pending,,,,,,,,
L4_subnet,containment,contained-in,redshift,redshift,aws.redshift.describe_clusters,describe_clusters,{{ response.Clusters }},,0,yes,,,subnet,ec2,aws.ec2.describe_subnets,describe_subnets,{{ response.Subnets }},0,SubnetId,yes,AWS::Redshift::Cluster,AWS::EC2::Subnet,c7n,declared-no-path,,aws.redshift.filters.subnet,subnet-,ec2,subnet,exists in subnet,pending,,,,,,,,
L4_subnet,containment,contained-in,redshift-subnet-group,redshift,aws.redshift.describe_cluster_subnet_groups,describe_cluster_subnet_groups,{{ response.ClusterSubnetGroups }},,0,yes,SubnetIds.items,dotted,subnet,ec2,aws.ec2.describe_subnets,describe_subnets,{{ response.Subnets }},0,SubnetId,yes,AWS::Redshift::ClusterSubnetGroup,AWS::EC2::Subnet,cfn,high,,AWS::Redshift::ClusterSubnetGroup/properties/SubnetIds/items,subnet-,ec2,subnet,exists in subnet,pending,,,,,,,,
L4_subnet,containment,contained-in,redshift-subnet-group,redshift,aws.redshift.describe_cluster_subnet_groups,describe_cluster_subnet_groups,{{ response.ClusterSubnetGroups }},,0,yes,Subnets[].SubnetIdentifier,list_dict,subnet,ec2,aws.ec2.describe_subnets,describe_subnets,{{ response.Subnets }},0,SubnetId,yes,AWS::Redshift::ClusterSubnetGroup,AWS::EC2::Subnet,doc,medium,,redshift.DescribeClusterSubnetGroups: 'subnet',subnet-,ec2,subnet,exists in subnet,pending,,,,,,,,
L4_subnet,containment,contained-in,route-table,ec2,aws.ec2.describe_route_tables,describe_route_tables,{{ response.RouteTables }},,0,yes,AssociationSet[].SubnetId,list_dict,subnet,ec2,aws.ec2.describe_subnets,describe_subnets,{{ response.Subnets }},0,SubnetId,yes,AWS::EC2::RouteTable,AWS::EC2::Subnet,asff,medium,,securityhub.GetFindings: 'subnet',subnet-,ec2,subnet,exists in subnet,pending,,,,,,,,
L4_subnet,containment,contained-in,route-table,ec2,aws.ec2.describe_route_tables,describe_route_tables,{{ response.RouteTables }},,0,yes,Associations[].SubnetId,list_dict,subnet,ec2,aws.ec2.describe_subnets,describe_subnets,{{ response.Subnets }},0,SubnetId,yes,AWS::EC2::RouteTable,AWS::EC2::Subnet,c7n,high,doc,aws.route-table.filters.subnet,subnet-,ec2,subnet,exists in subnet,pending,,,,,,,,
L4_subnet,containment,contained-in,sagemaker-notebook,sagemaker,aws.sagemaker.list_notebook_instances,list_notebook_instances,{{ response.NotebookInstances }},,0,yes,SubnetId,scalar,subnet,ec2,aws.ec2.describe_subnets,describe_subnets,{{ response.Subnets }},0,SubnetId,yes,AWS::SageMaker::NotebookInstance,AWS::EC2::Subnet,c7n,high,,aws.sagemaker-notebook.filters.subnet,subnet-,ec2,subnet,exists in subnet,pending,,,,,,,,
L4_subnet,containment,contained-in,transit-attachment,ec2,aws.ec2.describe_transit_gateway_attachments,describe_transit_gateway_attachments,{{ response.TransitGatewayAttachments }},,0,yes,SubnetIds.items,dotted,subnet,ec2,aws.ec2.describe_subnets,describe_subnets,{{ response.Subnets }},0,SubnetId,yes,AWS::EC2::TransitGatewayAttachment,AWS::EC2::Subnet,cfn,high,,AWS::EC2::TransitGatewayAttachment/properties/SubnetIds/items,subnet-,ec2,subnet,exists in subnet,pending,,,,,,,,
L4_subnet,containment,contained-in,vpc,ec2,aws.ec2.describe_vpcs,describe_vpcs,{{ response.Vpcs }},,0,yes,[Subnets][].SubnetId,list_dict,subnet,ec2,aws.ec2.describe_subnets,describe_subnets,{{ response.Subnets }},0,SubnetId,yes,AWS::EC2::VPC,AWS::EC2::Subnet,c7n,high,,aws.vpc.filters.subnet,subnet-,ec2,subnet,exists in subnet,pending,,,,,,,,
L4_subnet,containment,contained-in,vpc-endpoint,ec2,aws.ec2.describe_vpc_endpoints,describe_vpc_endpoints,{{ response.VpcEndpoints }},,0,yes,SubnetIds.items,dotted,subnet,ec2,aws.ec2.describe_subnets,describe_subnets,{{ response.Subnets }},0,SubnetId,yes,AWS::EC2::VPCEndpoint,AWS::EC2::Subnet,cfn,high,,AWS::EC2::VPCEndpoint/properties/SubnetIds/items,subnet-,ec2,subnet,exists in subnet,pending,,,,,,,,
L4_subnet,containment,contained-in,vpc-endpoint,ec2,aws.ec2.describe_vpc_endpoints,describe_vpc_endpoints,{{ response.VpcEndpoints }},,0,yes,SubnetIds[],list_scalar,subnet,ec2,aws.ec2.describe_subnets,describe_subnets,{{ response.Subnets }},0,SubnetId,yes,AWS::EC2::VPCEndpoint,AWS::EC2::Subnet,c7n,high,,aws.vpc-endpoint.filters.subnet,subnet-,ec2,subnet,exists in subnet,pending,,,,,,,,
L4_subnet,containment,contained-in,workspaces,workspaces,aws.workspaces.describe_workspaces,describe_workspaces,{{ response.Workspaces }},,0,yes,SubnetId,scalar,subnet,ec2,aws.ec2.describe_subnets,describe_subnets,{{ response.Subnets }},0,SubnetId,yes,AWS::WorkSpaces::Workspace,AWS::EC2::Subnet,doc,medium,,workspaces.DescribeWorkspaces: 'subnet for the WorkSpace',subnet-,ec2,subnet,exists in subnet,pending,,,,,,,,
L4_subnet,containment,contained-in,workspaces-directory,workspaces,aws.workspaces.describe_workspace_directories,describe_workspace_directories,{{ response.Directories }},,0,yes,SubnetIds[],list_scalar,subnet,ec2,aws.ec2.describe_subnets,describe_subnets,{{ response.Subnets }},0,SubnetId,yes,,AWS::EC2::Subnet,c7n,high,,aws.workspaces-directory.filters.subnet,subnet-,ec2,subnet,exists in subnet,pending,,,,,,,,
L6_attached,containment,attached-to,ebs,ec2,aws.ec2.describe_volumes,describe_volumes,{{ response.Volumes }},,0,yes,Attachments[].InstanceId,list_dict,ec2,ec2,aws.ec2.describe_instances,describe_instances,{{ response.Reservations[].Instances }},0,InstanceId,yes,AWS::EC2::Volume,AWS::EC2::Instance,hand,high,"asff,doc",hand-authored from API response shape,i-,ec2,instance,exists in ec2,pending,,,,,,,,
L6_attached,containment,attached-to,ebs-snapshot,ec2,aws.ec2.describe_snapshots,describe_snapshots,{{ response.Snapshots }},,0,yes,VolumeId,scalar,ebs,ec2,aws.ec2.describe_volumes,describe_volumes,{{ response.Volumes }},0,VolumeId,yes,,AWS::EC2::Volume,c7n,high,doc,aws.ebs-snapshot.filters.volume,vol-,ec2,volume,exists in ebs,pending,,,,,,,,
L6_attached,containment,attached-to,ec2,ec2,aws.ec2.describe_instances,describe_instances,{{ response.Reservations[].Instances }},,0,yes,BlockDeviceMappings[].Ebs.VolumeId,list_dict,ebs,ec2,aws.ec2.describe_volumes,describe_volumes,{{ response.Volumes }},0,VolumeId,yes,AWS::EC2::Instance,AWS::EC2::Volume,hand,high,doc,hand-authored from API response shape,vol-,ec2,volume,exists in ebs,pending,,,,,,,,
L6_attached,containment,attached-to,ec2,ec2,aws.ec2.describe_instances,describe_instances,{{ response.Reservations[].Instances }},,0,yes,NetworkInterfaces[].Attachment.AttachmentId,list_dict,eni,ec2,aws.ec2.describe_network_interfaces,describe_network_interfaces,{{ response.NetworkInterfaces }},0,NetworkInterfaceId,yes,AWS::EC2::Instance,AWS::EC2::NetworkInterface,doc,medium,,ec2.DescribeInstances: 'network interface attachment',eni-,ec2,network-interface,exists in eni,pending,,,,,,,,
L6_attached,containment,attached-to,ec2,ec2,aws.ec2.describe_instances,describe_instances,{{ response.Reservations[].Instances }},,0,yes,NetworkInterfaces[].NetworkInterfaceId,list_dict,eni,ec2,aws.ec2.describe_network_interfaces,describe_network_interfaces,{{ response.NetworkInterfaces }},0,NetworkInterfaceId,yes,AWS::EC2::Instance,AWS::EC2::NetworkInterface,hand,high,"asff,doc",hand-authored from API response shape,eni-,ec2,network-interface,exists in eni,pending,,,,,,,,
L6_attached,containment,attached-to,ec2-spot-fleet-request,ec2,aws.ec2.describe_spot_fleet_requests,,,,,no,SpotFleetRequestConfig.LaunchSpecifications[].NetworkInterfaces[].NetworkInterfaceId,list_nested,eni,ec2,aws.ec2.describe_network_interfaces,describe_network_interfaces,{{ response.NetworkInterfaces }},0,NetworkInterfaceId,yes,AWS::EC2::SpotFleet,AWS::EC2::NetworkInterface,doc,medium,,ec2.DescribeSpotFleetRequests: 'network interface',eni-,ec2,network-interface,exists in eni,pending,,,,,,,,
L6_attached,containment,attached-to,elastic-ip,ec2,aws.ec2.describe_addresses,describe_addresses,{{ response.Addresses }},,0,yes,NetworkInterfaceId,scalar,eni,ec2,aws.ec2.describe_network_interfaces,describe_network_interfaces,{{ response.NetworkInterfaces }},0,NetworkInterfaceId,yes,AWS::EC2::EIP,AWS::EC2::NetworkInterface,asff,high,doc,securityhub.GetFindings: 'network interface',eni-,ec2,network-interface,exists in eni,pending,,,,,,,,
L6_attached,containment,attached-to,eni,ec2,aws.ec2.describe_network_interfaces,describe_network_interfaces,{{ response.NetworkInterfaces }},,0,yes,Attachment.InstanceId,dotted,ec2,ec2,aws.ec2.describe_instances,describe_instances,{{ response.Reservations[].Instances }},0,InstanceId,yes,AWS::EC2::NetworkInterface,AWS::EC2::Instance,hand,high,"asff,doc",hand-authored from API response shape,i-,ec2,instance,exists in ec2,pending,,,,,,,,
L6_attached,containment,attached-to,fsx,fsx,aws.fsx.describe_file_systems,describe_file_systems,{{ response.FileSystems }},,0,yes,AdministrativeActions[].TargetSnapshotValues.VolumeId,list_dict,ebs,ec2,aws.ec2.describe_volumes,describe_volumes,{{ response.Volumes }},0,VolumeId,yes,AWS::FSx::FileSystem,AWS::EC2::Volume,doc,medium,,fsx.DescribeFileSystems: 'volume that the snapshot is of',vol-,ec2,volume,exists in ebs,pending,,,,,,,,
L6_attached,containment,attached-to,fsx,fsx,aws.fsx.describe_file_systems,describe_file_systems,{{ response.FileSystems }},,0,yes,AdministrativeActions[].TargetVolumeValues.VolumeId,list_dict,ebs,ec2,aws.ec2.describe_volumes,describe_volumes,{{ response.Volumes }},0,VolumeId,yes,AWS::FSx::FileSystem,AWS::EC2::Volume,doc,medium,,fsx.DescribeFileSystems: 'volume',vol-,ec2,volume,exists in ebs,pending,,,,,,,,
L6_attached,containment,attached-to,fsx-backup,fsx,aws.fsx.describe_backups,describe_backups,{{ response.Backups }},,0,yes,FileSystem.AdministrativeActions[].TargetSnapshotValues.VolumeId,list_dict,ebs,ec2,aws.ec2.describe_volumes,describe_volumes,{{ response.Volumes }},0,VolumeId,yes,,AWS::EC2::Volume,doc,medium,,fsx.DescribeBackups: 'volume that the snapshot is of',vol-,ec2,volume,exists in ebs,pending,,,,,,,,
L6_attached,containment,attached-to,fsx-backup,fsx,aws.fsx.describe_backups,describe_backups,{{ response.Backups }},,0,yes,FileSystem.AdministrativeActions[].TargetVolumeValues.VolumeId,list_dict,ebs,ec2,aws.ec2.describe_volumes,describe_volumes,{{ response.Volumes }},0,VolumeId,yes,,AWS::EC2::Volume,doc,medium,,fsx.DescribeBackups: 'volume',vol-,ec2,volume,exists in ebs,pending,,,,,,,,
L6_attached,containment,attached-to,fsx-backup,fsx,aws.fsx.describe_backups,describe_backups,{{ response.Backups }},,0,yes,Volume.AdministrativeActions[].TargetSnapshotValues.VolumeId,list_dict,ebs,ec2,aws.ec2.describe_volumes,describe_volumes,{{ response.Volumes }},0,VolumeId,yes,,AWS::EC2::Volume,doc,medium,,fsx.DescribeBackups: 'volume that the snapshot is of',vol-,ec2,volume,exists in ebs,pending,,,,,,,,
L6_attached,containment,attached-to,fsx-backup,fsx,aws.fsx.describe_backups,describe_backups,{{ response.Backups }},,0,yes,Volume.AdministrativeActions[].TargetVolumeValues.VolumeId,list_dict,ebs,ec2,aws.ec2.describe_volumes,describe_volumes,{{ response.Volumes }},0,VolumeId,yes,,AWS::EC2::Volume,doc,medium,,fsx.DescribeBackups: 'volume',vol-,ec2,volume,exists in ebs,pending,,,,,,,,
L6_attached,containment,attached-to,fsx-backup,fsx,aws.fsx.describe_backups,describe_backups,{{ response.Backups }},,0,yes,Volume.VolumeId,dotted,ebs,ec2,aws.ec2.describe_volumes,describe_volumes,{{ response.Volumes }},0,VolumeId,yes,,AWS::EC2::Volume,doc,medium,,fsx.DescribeBackups: 'volume',vol-,ec2,volume,exists in ebs,pending,,,,,,,,
L6_attached,overlay,attached-to,internet-gateway,ec2,aws.ec2.describe_internet_gateways,describe_internet_gateways,{{ response.InternetGateways }},,0,yes,Attachments[].VpcId,list_dict,vpc,ec2,aws.ec2.describe_vpcs,describe_vpcs,{{ response.Vpcs }},0,VpcId,yes,AWS::EC2::InternetGateway,AWS::EC2::VPC,hand,high,doc,hand-authored from API response shape,vpc-,ec2,vpc,exists in vpc,pending,,,,,,,,
L6_attached,containment,attached-to,route-table,ec2,aws.ec2.describe_route_tables,describe_route_tables,{{ response.RouteTables }},,0,yes,RouteSet[].NetworkInterfaceId,list_dict,eni,ec2,aws.ec2.describe_network_interfaces,describe_network_interfaces,{{ response.NetworkInterfaces }},0,NetworkInterfaceId,yes,AWS::EC2::RouteTable,AWS::EC2::NetworkInterface,asff,medium,,securityhub.GetFindings: 'network interface',eni-,ec2,network-interface,exists in eni,pending,,,,,,,,
L6_attached,containment,attached-to,route-table,ec2,aws.ec2.describe_route_tables,describe_route_tables,{{ response.RouteTables }},,0,yes,Routes[].NetworkInterfaceId,list_dict,eni,ec2,aws.ec2.describe_network_interfaces,describe_network_interfaces,{{ response.NetworkInterfaces }},0,NetworkInterfaceId,yes,AWS::EC2::RouteTable,AWS::EC2::NetworkInterface,doc,medium,,ec2.DescribeRouteTables: 'network interface',eni-,ec2,network-interface,exists in eni,pending,,,,,,,,
O1_identity,overlay,assumes,appstream-fleet,appstream,aws.appstream.describe_fleets,describe_fleets,{{ response.Fleets }},,0,yes,IamRoleArn,scalar,iam-role,iam,aws.iam.list_roles,list_roles,{{ response.Roles }},0,RoleName,yes,AWS::AppStream::Fleet,AWS::IAM::Role,doc,medium,,appstream.DescribeFleets: 'IAM role that is applied to the fleet',,iam,role,exists in iam-role,pending,,,,,,,,
O1_identity,overlay,assumes,ec2,ec2,aws.ec2.describe_instances,describe_instances,{{ response.Reservations[].Instances }},,0,yes,IamInstanceProfile.Arn,dotted,iam-profile,iam,aws.iam.list_instance_profiles,list_instance_profiles,{{ response.InstanceProfiles }},0,InstanceProfileName,yes,AWS::EC2::Instance,AWS::IAM::InstanceProfile,hand,high,,hand-authored from API response shape,,iam,instance-profile,exists in iam-profile,pending,,,,,,,,
O1_identity,overlay,assumes,firehose,firehose,aws.firehose.list_delivery_streams,,,,,no,definitions.ProcessorParameterParameterValue.anyOf[1],dotted,iam-role,iam,aws.iam.list_roles,list_roles,{{ response.Roles }},0,RoleName,yes,AWS::KinesisFirehose::DeliveryStream,AWS::IAM::Role,cfn,high,,AWS::KinesisFirehose::DeliveryStream/definitions/ProcessorParameter/properties/ParameterValue/anyOf[1],,iam,role,exists in iam-role,pending,,,,,,,,
O1_identity,overlay,assumes,lambda,lambda,aws.lambda.list_functions,list_functions,{{ response.Functions }},,0,yes,Role,scalar,iam-role,iam,aws.iam.list_roles,list_roles,{{ response.Roles }},0,RoleName,yes,AWS::Lambda::Function,AWS::IAM::Role,hand,high,,hand-authored from API response shape,,iam,role,exists in iam-role,pending,,,,,,,,
O1_identity,overlay,assumes,rds-cluster,rds,aws.rds.describe_db_clusters,describe_db_clusters,{{ response.DBClusters }},,0,yes,AssociatedRoles[].RoleArn,list_dict,iam-role,iam,aws.iam.list_roles,list_roles,{{ response.Roles }},0,RoleName,yes,AWS::RDS::DBCluster,AWS::IAM::Role,asff,medium,,securityhub.GetFindings: 'IAM role',,iam,role,exists in iam-role,pending,,,,,,,,
O1_identity,overlay,assumes,redshift,redshift,aws.redshift.describe_clusters,describe_clusters,{{ response.Clusters }},,0,yes,IamRoles.items,dotted,iam-role,iam,aws.iam.list_roles,list_roles,{{ response.Roles }},0,RoleName,yes,AWS::Redshift::Cluster,AWS::IAM::Role,cfn,high,,AWS::Redshift::Cluster/properties/IamRoles/items,,iam,role,exists in iam-role,pending,,,,,,,,
O1_identity,overlay,assumes,redshift,redshift,aws.redshift.describe_clusters,describe_clusters,{{ response.Clusters }},,0,yes,IamRoles[].IamRoleArn,list_dict,iam-role,iam,aws.iam.list_roles,list_roles,{{ response.Roles }},0,RoleName,yes,AWS::Redshift::Cluster,AWS::IAM::Role,asff,medium,,securityhub.GetFindings: 'IAM role',,iam,role,exists in iam-role,pending,,,,,,,,
O1_identity,overlay,assumes,workspaces-directory,workspaces,aws.workspaces.describe_workspace_directories,describe_workspace_directories,{{ response.Directories }},,0,yes,IamRoleId,scalar,iam-role,iam,aws.iam.list_roles,list_roles,{{ response.Roles }},0,RoleName,yes,,AWS::IAM::Role,doc,medium,,workspaces.DescribeWorkspaceDirectories: 'IAM role',,iam,role,exists in iam-role,pending,,,,,,,,
O2_encryption,overlay,encrypted-by,airflow,mwaa,aws.mwaa.list_environments,list_environments,{{ response.Environments }},,0,yes,KmsKey,scalar,kms-key,kms,aws.kms.list_keys,list_keys,{{ response.Keys }},0,KeyId,yes,AWS::MWAA::Environment,AWS::KMS::Key,c7n,high,,aws.airflow.filters.kms-key,,kms,key,exists in kms-key,pending,,,,,,,,
O2_encryption,overlay,encrypted-by,backup-vault,backup,aws.backup.list_backup_vaults,list_backup_vaults,{{ response.BackupVaultList }},,0,yes,EncryptionKeyArn,scalar,kms-key,kms,aws.kms.list_keys,list_keys,{{ response.Keys }},0,KeyId,yes,AWS::Backup::BackupVault,AWS::KMS::Key,c7n,high,,aws.backup-vault.filters.kms-key,,kms,key,exists in kms-key,pending,,,,,,,,
O2_encryption,overlay,encrypted-by,bedrock-agent,bedrock-agent,aws.bedrock-agent.list_agents,list_agents,{{ response.agentSummaries }},,0,yes,customerEncryptionKeyArn,scalar,kms-key,kms,aws.kms.list_keys,list_keys,{{ response.Keys }},0,KeyId,yes,,AWS::KMS::Key,c7n,high,,aws.bedrock-agent.filters.kms-key,,kms,key,exists in kms-key,pending,,,,,,,,
O2_encryption,overlay,encrypted-by,bedrock-custom-model,bedrock,aws.bedrock.get_custom_model,get_custom_model,{{ response.validationMetrics }},,0,yes,modelKmsKeyArn,scalar,kms-key,kms,aws.kms.list_keys,list_keys,{{ response.Keys }},0,KeyId,yes,,AWS::KMS::Key,c7n,high,,aws.bedrock-custom-model.filters.kms-key,,kms,key,exists in kms-key,pending,,,,,,,,
O2_encryption,overlay,encrypted-by,bedrock-customization-job,bedrock,aws.bedrock.list_model_customization_jobs,list_model_customization_jobs,{{ response.modelCustomizationJobSummaries }},,0,yes,outputModelKmsKeyArn,scalar,kms-key,kms,aws.kms.list_keys,list_keys,{{ response.Keys }},0,KeyId,yes,,AWS::KMS::Key,c7n,high,,aws.bedrock-customization-job.filters.kms-key,,kms,key,exists in kms-key,pending,,,,,,,,
O2_encryption,overlay,encrypted-by,cache-snapshot,elasticache,aws.elasticache.describe_snapshots,describe_snapshots,{{ response.Snapshots }},,0,yes,KmsKeyId,scalar,kms-key,kms,aws.kms.list_keys,list_keys,{{ response.Keys }},0,KeyId,yes,,AWS::KMS::Key,doc,medium,,elasticache.DescribeSnapshots: 'KMS key used to encrypt the snapshot',,kms,key,exists in kms-key,pending,,,,,,,,
O2_encryption,overlay,encrypted-by,connect-campaign,connectcampaigns,aws.connectcampaigns.list_campaigns,list_campaigns,{{ response.campaignSummaryList }},,0,yes,connectInstanceConfig.encryptionConfig.keyArn,dotted,kms-key,kms,aws.kms.list_keys,list_keys,{{ response.Keys }},0,KeyId,yes,,AWS::KMS::Key,c7n,high,,aws.connect-campaign.filters.kms-key,,kms,key,exists in kms-key,pending,,,,,,,,
O2_encryption,overlay,encrypted-by,dms-instance,dms,aws.dms.describe_replication_instances,describe_replication_instances,{{ response.ReplicationInstances }},,0,yes,KmsKeyId,scalar,kms-key,kms,aws.kms.list_keys,list_keys,{{ response.Keys }},0,KeyId,yes,AWS::DMS::ReplicationInstance,AWS::KMS::Key,c7n,high,,aws.dms-instance.filters.kms-key,,kms,key,exists in kms-key,pending,,,,,,,,
O2_encryption,overlay,encrypted-by,dynamodb-table,dynamodb,aws.dynamodb.list_tables,list_tables,{{ response.TableNames }},,0,yes,SSEDescription.KMSMasterKeyArn,dotted,kms-key,kms,aws.kms.list_keys,list_keys,{{ response.Keys }},0,KeyId,yes,AWS::DynamoDB::Table,AWS::KMS::Key,c7n,high,,aws.dynamodb-table.filters.kms-key,,kms,key,exists in kms-key,pending,,,,,,,,
O2_encryption,overlay,encrypted-by,dynamodb-table,dynamodb,aws.dynamodb.list_tables,list_tables,{{ response.TableNames }},,0,yes,SseDescription.KmsMasterKeyArn,dotted,kms-key,kms,aws.kms.list_keys,list_keys,{{ response.Keys }},0,KeyId,yes,AWS::DynamoDB::Table,AWS::KMS::Key,asff,medium,,securityhub.GetFindings: 'KMS key that is used for the KMS encryption',,kms,key,exists in kms-key,pending,,,,,,,,
O2_encryption,overlay,encrypted-by,dynamodb-table,dynamodb,aws.dynamodb.list_tables,list_tables,{{ response.TableNames }},,0,yes,definitions.SSESpecificationKMSMasterKeyId.anyOf[0],dotted,kms-key,kms,aws.kms.list_keys,list_keys,{{ response.Keys }},0,KeyId,yes,AWS::DynamoDB::Table,AWS::KMS::Key,cfn,high,,AWS::DynamoDB::Table/definitions/SSESpecification/properties/KMSMasterKeyId/anyOf[0],,kms,key,exists in kms-key,pending,,,,,,,,
O2_encryption,overlay,encrypted-by,dynamodb-table,dynamodb,aws.dynamodb.list_tables,list_tables,{{ response.TableNames }},,0,yes,definitions.SSESpecificationKMSMasterKeyId.anyOf[1],dotted,kms-key,kms,aws.kms.list_keys,list_keys,{{ response.Keys }},0,KeyId,yes,AWS::DynamoDB::Table,AWS::KMS::Key,cfn,high,,AWS::DynamoDB::Table/definitions/SSESpecification/properties/KMSMasterKeyId/anyOf[1],,kms,key,exists in kms-key,pending,,,,,,,,
O2_encryption,overlay,encrypted-by,ebs,ec2,aws.ec2.describe_volumes,describe_volumes,{{ response.Volumes }},,0,yes,KmsKeyId,scalar,kms-key,kms,aws.kms.list_keys,list_keys,{{ response.Keys }},0,KeyId,yes,AWS::EC2::Volume,AWS::KMS::Key,hand,high,,hand-authored from API response shape,,kms,key,exists in kms-key,pending,,,,,,,,
O2_encryption,overlay,encrypted-by,efs,efs,aws.efs.describe_file_systems,describe_file_systems,{{ response.FileSystems }},,0,yes,KmsKeyId,scalar,kms-key,kms,aws.kms.list_keys,list_keys,{{ response.Keys }},0,KeyId,yes,AWS::EFS::FileSystem,AWS::KMS::Key,c7n,high,,aws.efs.filters.kms-key,,kms,key,exists in kms-key,pending,,,,,,,,
O2_encryption,overlay,encrypted-by,eks,eks,aws.eks.list_clusters,list_clusters,{{ response.clusters }},,0,yes,encryptionConfig[].provider.keyArn,list_dict,kms-key,kms,aws.kms.list_keys,list_keys,{{ response.Keys }},0,KeyId,yes,AWS::EKS::Cluster,AWS::KMS::Key,c7n,high,,aws.eks.filters.kms-key,,kms,key,exists in kms-key,pending,,,,,,,,
O2_encryption,overlay,encrypted-by,elasticache-group,elasticache,aws.elasticache.describe_replication_groups,describe_replication_groups,{{ response.ReplicationGroups }},,0,yes,KmsKeyId,scalar,kms-key,kms,aws.kms.list_keys,list_keys,{{ response.Keys }},0,KeyId,yes,AWS::ElastiCache::ReplicationGroup,AWS::KMS::Key,c7n,high,,aws.elasticache-group.filters.kms-key,,kms,key,exists in kms-key,pending,,,,,,,,
O2_encryption,overlay,encrypted-by,elasticsearch,es,aws.es.list_domain_names,list_domain_names,{{ response.DomainNames }},,0,yes,EncryptionAtRestOptions.KmsKeyId,dotted,kms-key,kms,aws.kms.list_keys,list_keys,{{ response.Keys }},0,KeyId,yes,AWS::Elasticsearch::Domain,AWS::KMS::Key,c7n,high,,aws.elasticsearch.filters.kms-key,,kms,key,exists in kms-key,pending,,,,,,,,
O2_encryption,overlay,encrypted-by,firehose,firehose,aws.firehose.describe_delivery_stream,describe_delivery_stream,,,0,yes,DeliveryStreamEncryptionConfiguration.KeyARN,dotted,kms-key,kms,aws.kms.list_keys,list_keys,{{ response.Keys }},0,KeyId,yes,AWS::KinesisFirehose::DeliveryStream,AWS::KMS::Key,c7n,high,,aws.firehose.filters.kms-key,,kms,key,exists in kms-key,pending,,,,,,,,
O2_encryption,overlay,encrypted-by,fsx,fsx,aws.fsx.describe_file_systems,describe_file_systems,{{ response.FileSystems }},,0,yes,AdministrativeActions[].TargetFileSystemValues.KmsKeyId,list_dict,kms-key,kms,aws.kms.list_keys,list_keys,{{ response.Keys }},0,KeyId,yes,AWS::FSx::FileSystem,AWS::KMS::Key,doc,medium,,fsx.DescribeFileSystems: 'Key Management Service',,kms,key,exists in kms-key,pending,,,,,,,,
O2_encryption,overlay,encrypted-by,fsx,fsx,aws.fsx.describe_file_systems,describe_file_systems,{{ response.FileSystems }},,0,yes,KmsKeyId,scalar,kms-key,kms,aws.kms.list_keys,list_keys,{{ response.Keys }},0,KeyId,yes,AWS::FSx::FileSystem,AWS::KMS::Key,c7n,high,doc,aws.fsx.filters.kms-key,,kms,key,exists in kms-key,pending,,,,,,,,
O2_encryption,overlay,encrypted-by,fsx-backup,fsx,aws.fsx.describe_backups,describe_backups,{{ response.Backups }},,0,yes,FileSystem.AdministrativeActions[].TargetFileSystemValues.KmsKeyId,list_dict,kms-key,kms,aws.kms.list_keys,list_keys,{{ response.Keys }},0,KeyId,yes,,AWS::KMS::Key,doc,medium,,fsx.DescribeBackups: 'Key Management Service',,kms,key,exists in kms-key,pending,,,,,,,,
O2_encryption,overlay,encrypted-by,fsx-backup,fsx,aws.fsx.describe_backups,describe_backups,{{ response.Backups }},,0,yes,FileSystem.KmsKeyId,dotted,kms-key,kms,aws.kms.list_keys,list_keys,{{ response.Keys }},0,KeyId,yes,,AWS::KMS::Key,doc,medium,,fsx.DescribeBackups: 'Key Management Service',,kms,key,exists in kms-key,pending,,,,,,,,
O2_encryption,overlay,encrypted-by,fsx-backup,fsx,aws.fsx.describe_backups,describe_backups,{{ response.Backups }},,0,yes,KmsKeyId,scalar,kms-key,kms,aws.kms.list_keys,list_keys,{{ response.Keys }},0,KeyId,yes,,AWS::KMS::Key,c7n,high,doc,aws.fsx-backup.filters.kms-key,,kms,key,exists in kms-key,pending,,,,,,,,
O2_encryption,overlay,encrypted-by,fsx-backup,fsx,aws.fsx.describe_backups,describe_backups,{{ response.Backups }},,0,yes,Volume.AdministrativeActions[].TargetFileSystemValues.KmsKeyId,list_dict,kms-key,kms,aws.kms.list_keys,list_keys,{{ response.Keys }},0,KeyId,yes,,AWS::KMS::Key,doc,medium,,fsx.DescribeBackups: 'Key Management Service',,kms,key,exists in kms-key,pending,,,,,,,,
O2_encryption,overlay,encrypted-by,glue-catalog,glue,,,,,,no,,,kms-key,kms,aws.kms.list_keys,list_keys,{{ response.Keys }},0,KeyId,yes,AWS::Glue::DataCatalogEncryptionSettings,AWS::KMS::Key,c7n,declared-no-path,,aws.glue-catalog.filters.kms-key,,kms,key,exists in kms-key,pending,,,,,,,,
O2_encryption,overlay,encrypted-by,glue-ml-transform,glue,aws.glue.get_ml_transforms,,,,,no,TransformEncryption.MlUserDataEncryption.KmsKeyId,dotted,kms-key,kms,aws.kms.list_keys,list_keys,{{ response.Keys }},0,KeyId,yes,AWS::Glue::MLTransform,AWS::KMS::Key,doc,medium,,glue.GetMLTransforms: 'customer-provided KMS key',,kms,key,exists in kms-key,pending,,,,,,,,
O2_encryption,overlay,encrypted-by,glue-security-configuration,glue,aws.glue.get_security_configurations,,,,,no,,,kms-key,kms,aws.kms.list_keys,list_keys,{{ response.Keys }},0,KeyId,yes,AWS::Glue::SecurityConfiguration,AWS::KMS::Key,c7n,declared-no-path,,aws.glue-security-configuration.filters.kms-key,,kms,key,exists in kms-key,pending,,,,,,,,
O2_encryption,overlay,encrypted-by,kafka,kafka,aws.kafka.list_clusters_v2,list_clusters_v2,{{ response.ClusterInfoList }},,0,yes,Provisioned.EncryptionInfo.EncryptionAtRest.DataVolumeKMSKeyId,dotted,kms-key,kms,aws.kms.list_keys,list_keys,{{ response.Keys }},0,KeyId,yes,AWS::MSK::Cluster,AWS::KMS::Key,c7n,high,,aws.kafka.filters.kms-key,,kms,key,exists in kms-key,pending,,,,,,,,
O2_encryption,overlay,encrypted-by,kinesis,kinesis,aws.kinesis.describe_stream,describe_stream,,,0,yes,KeyId,scalar,kms-key,kms,aws.kms.list_keys,list_keys,{{ response.Keys }},0,KeyId,yes,AWS::Kinesis::Stream,AWS::KMS::Key,c7n,high,,aws.kinesis.filters.kms-key,,kms,key,exists in kms-key,pending,,,,,,,,
O2_encryption,overlay,encrypted-by,kinesis,kinesis,aws.kinesis.list_streams,,,,,no,definitions.StreamEncryptionKeyId.anyOf[0],dotted,kms-key,kms,aws.kms.list_keys,list_keys,{{ response.Keys }},0,KeyId,yes,AWS::Kinesis::Stream,AWS::KMS::Key,cfn,high,,AWS::Kinesis::Stream/definitions/StreamEncryption/properties/KeyId/anyOf[0],,kms,key,exists in kms-key,pending,,,,,,,,
O2_encryption,overlay,encrypted-by,kinesis,kinesis,aws.kinesis.list_streams,,,,,no,definitions.StreamEncryptionKeyId.anyOf[1],dotted,kms-key,kms,aws.kms.list_keys,list_keys,{{ response.Keys }},0,KeyId,yes,AWS::Kinesis::Stream,AWS::KMS::Key,cfn,high,,AWS::Kinesis::Stream/definitions/StreamEncryption/properties/KeyId/anyOf[1],,kms,key,exists in kms-key,pending,,,,,,,,
O2_encryption,overlay,encrypted-by,kinesis-video,kinesisvideo,aws.kinesisvideo.list_streams,list_streams,{{ response.StreamInfoList }},,0,yes,KmsKeyId,scalar,kms-key,kms,aws.kms.list_keys,list_keys,{{ response.Keys }},0,KeyId,yes,,AWS::KMS::Key,c7n,high,doc,aws.kinesis-video.filters.kms-key,,kms,key,exists in kms-key,pending,,,,,,,,
O2_encryption,overlay,encrypted-by,kms,kms,aws.kms.list_aliases,list_aliases,{{ response.Aliases }},,0,yes,TargetKeyId,scalar,kms-key,kms,aws.kms.list_keys,list_keys,{{ response.Keys }},0,KeyId,yes,AWS::KMS::Alias,AWS::KMS::Key,doc,medium,,kms.ListAliases: 'KMS key associated with the alias',,kms,key,exists in kms-key,pending,,,,,,,,
O2_encryption,overlay,encrypted-by,lambda,lambda,aws.lambda.list_functions,list_functions,{{ response.Functions }},,0,yes,KMSKeyArn,scalar,kms-key,kms,aws.kms.list_keys,list_keys,{{ response.Keys }},0,KeyId,yes,AWS::Lambda::Function,AWS::KMS::Key,c7n,high,,aws.lambda.filters.kms-key,,kms,key,exists in kms-key,pending,,,,,,,,
O2_encryption,overlay,encrypted-by,log-group,logs,aws.logs.describe_log_groups,describe_log_groups,{{ response.logGroups }},,0,yes,kmsKeyId,scalar,kms-key,kms,aws.kms.list_keys,list_keys,{{ response.Keys }},0,KeyId,yes,AWS::Logs::LogGroup,AWS::KMS::Key,c7n,high,,aws.log-group.filters.kms-key,,kms,key,exists in kms-key,pending,,,,,,,,
O2_encryption,overlay,encrypted-by,message-broker,mq,aws.mq.list_brokers,list_brokers,{{ response.BrokerSummaries }},,0,yes,EncryptionOptions.KmsKeyId,dotted,kms-key,kms,aws.kms.list_keys,list_keys,{{ response.Keys }},0,KeyId,yes,AWS::AmazonMQ::Broker,AWS::KMS::Key,c7n,high,,aws.message-broker.filters.kms-key,,kms,key,exists in kms-key,pending,,,,,,,,
O2_encryption,overlay,encrypted-by,rds,rds,aws.rds.describe_db_instances,describe_db_instances,{{ response.DBInstances }},,0,yes,ActivityStreamKmsKeyId,scalar,kms-key,kms,aws.kms.list_keys,list_keys,{{ response.Keys }},0,KeyId,yes,AWS::RDS::DBInstance,AWS::KMS::Key,doc,medium,,rds.DescribeDBInstances: 'KMS key',,kms,key,exists in kms-key,pending,,,,,,,,
O2_encryption,overlay,encrypted-by,rds,rds,aws.rds.describe_db_instances,describe_db_instances,{{ response.DBInstances }},,0,yes,KmsKeyId,scalar,kms-key,kms,aws.kms.list_keys,list_keys,{{ response.Keys }},0,KeyId,yes,AWS::RDS::DBInstance,AWS::KMS::Key,hand,high,"asff,doc",hand-authored from API response shape,,kms,key,exists in kms-key,pending,,,,,,,,
O2_encryption,overlay,encrypted-by,rds,rds,aws.rds.describe_db_instances,describe_db_instances,{{ response.DBInstances }},,0,yes,PerformanceInsightsKMSKeyId,scalar,kms-key,kms,aws.kms.list_keys,list_keys,{{ response.Keys }},0,KeyId,yes,AWS::RDS::DBInstance,AWS::KMS::Key,doc,medium,,rds.DescribeDBInstances: 'KMS key',,kms,key,exists in kms-key,pending,,,,,,,,
O2_encryption,overlay,encrypted-by,rds-cluster,rds,aws.rds.describe_db_clusters,describe_db_clusters,{{ response.DBClusters }},,0,yes,ActivityStreamKmsKeyId,scalar,kms-key,kms,aws.kms.list_keys,list_keys,{{ response.Keys }},0,KeyId,yes,AWS::RDS::DBCluster,AWS::KMS::Key,doc,medium,,rds.DescribeDBClusters: 'KMS key',,kms,key,exists in kms-key,pending,,,,,,,,
O2_encryption,overlay,encrypted-by,rds-cluster,rds,aws.rds.describe_db_clusters,describe_db_clusters,{{ response.DBClusters }},,0,yes,KmsKeyId,scalar,kms-key,kms,aws.kms.list_keys,list_keys,{{ response.Keys }},0,KeyId,yes,AWS::RDS::DBCluster,AWS::KMS::Key,c7n,high,doc,aws.rds-cluster.filters.kms-key,,kms,key,exists in kms-key,pending,,,,,,,,
O2_encryption,overlay,encrypted-by,rds-cluster,rds,aws.rds.describe_db_clusters,describe_db_clusters,{{ response.DBClusters }},,0,yes,PerformanceInsightsKMSKeyId,scalar,kms-key,kms,aws.kms.list_keys,list_keys,{{ response.Keys }},0,KeyId,yes,AWS::RDS::DBCluster,AWS::KMS::Key,doc,medium,,rds.DescribeDBClusters: 'KMS key',,kms,key,exists in kms-key,pending,,,,,,,,
O2_encryption,overlay,encrypted-by,rds-cluster-snapshot,rds,aws.rds.describe_db_cluster_snapshots,describe_db_cluster_snapshots,{{ response.DBClusterSnapshots }},,0,yes,KmsKeyId,scalar,kms-key,kms,aws.kms.list_keys,list_keys,{{ response.Keys }},0,KeyId,yes,,AWS::KMS::Key,doc,medium,,rds.DescribeDBClusterSnapshots: 'encrypted DB cluster snapshot',,kms,key,exists in kms-key,pending,,,,,,,,
O2_encryption,overlay,encrypted-by,rds-snapshot,rds,aws.rds.describe_db_snapshots,describe_db_snapshots,{{ response.DBSnapshots }},,0,yes,KmsKeyId,scalar,kms-key,kms,aws.kms.list_keys,list_keys,{{ response.Keys }},0,KeyId,yes,,AWS::KMS::Key,doc,medium,,rds.DescribeDBSnapshots: 'encrypted DB snapshot',,kms,key,exists in kms-key,pending,,,,,,,,
O2_encryption,overlay,encrypted-by,redshift,redshift,aws.redshift.describe_clusters,describe_clusters,{{ response.Clusters }},,0,yes,KmsKeyId,scalar,kms-key,kms,aws.kms.list_keys,list_keys,{{ response.Keys }},0,KeyId,yes,AWS::Redshift::Cluster,AWS::KMS::Key,c7n,high,,aws.redshift.filters.kms-key,,kms,key,exists in kms-key,pending,,,,,,,,
O2_encryption,overlay,encrypted-by,redshift,redshift,aws.redshift.describe_clusters,describe_clusters,{{ response.Clusters }},,0,yes,KmsKeyId.anyOf[0],dotted,kms-key,kms,aws.kms.list_keys,list_keys,{{ response.Keys }},0,KeyId,yes,AWS::Redshift::Cluster,AWS::KMS::Key,cfn,high,,AWS::Redshift::Cluster/properties/KmsKeyId/anyOf[0],,kms,key,exists in kms-key,pending,,,,,,,,
O2_encryption,overlay,encrypted-by,redshift,redshift,aws.redshift.describe_clusters,describe_clusters,{{ response.Clusters }},,0,yes,KmsKeyId.anyOf[1],dotted,kms-key,kms,aws.kms.list_keys,list_keys,{{ response.Keys }},0,KeyId,yes,AWS::Redshift::Cluster,AWS::KMS::Key,cfn,high,,AWS::Redshift::Cluster/properties/KmsKeyId/anyOf[1],,kms,key,exists in kms-key,pending,,,,,,,,
O2_encryption,overlay,encrypted-by,redshift,redshift,aws.redshift.describe_clusters,describe_clusters,{{ response.Clusters }},,0,yes,MasterPasswordSecretKmsKeyId,scalar,kms-key,kms,aws.kms.list_keys,list_keys,{{ response.Keys }},0,KeyId,yes,AWS::Redshift::Cluster,AWS::KMS::Key,doc,medium,,redshift.DescribeClusters: 'Key Management Service',,kms,key,exists in kms-key,pending,,,,,,,,
O2_encryption,overlay,encrypted-by,redshift,redshift,aws.redshift.describe_clusters,describe_clusters,{{ response.Clusters }},,0,yes,MasterPasswordSecretKmsKeyId.anyOf[0],dotted,kms-key,kms,aws.kms.list_keys,list_keys,{{ response.Keys }},0,KeyId,yes,AWS::Redshift::Cluster,AWS::KMS::Key,cfn,high,,AWS::Redshift::Cluster/properties/MasterPasswordSecretKmsKeyId/anyOf[0],,kms,key,exists in kms-key,pending,,,,,,,,
O2_encryption,overlay,encrypted-by,redshift,redshift,aws.redshift.describe_clusters,describe_clusters,{{ response.Clusters }},,0,yes,MasterPasswordSecretKmsKeyId.anyOf[1],dotted,kms-key,kms,aws.kms.list_keys,list_keys,{{ response.Keys }},0,KeyId,yes,AWS::Redshift::Cluster,AWS::KMS::Key,cfn,high,,AWS::Redshift::Cluster/properties/MasterPasswordSecretKmsKeyId/anyOf[1],,kms,key,exists in kms-key,pending,,,,,,,,
O2_encryption,overlay,encrypted-by,redshift-snapshot,redshift,aws.redshift.describe_cluster_snapshots,describe_cluster_snapshots,{{ response.Snapshots }},,0,yes,MasterPasswordSecretKmsKeyId,scalar,kms-key,kms,aws.kms.list_keys,list_keys,{{ response.Keys }},0,KeyId,yes,,AWS::KMS::Key,doc,medium,,redshift.DescribeClusterSnapshots: 'Key Management Service',,kms,key,exists in kms-key,pending,,,,,,,,
O2_encryption,overlay,encrypted-by,s3,s3,aws.s3.list_buckets,list_buckets,{{ response.Buckets }},,0,yes,ServerSideEncryptionConfiguration.Rules[].ApplyServerSideEncryptionByDefault.KMSMasterKeyID,list_dict,kms-key,kms,aws.kms.list_keys,list_keys,{{ response.Keys }},0,KeyId,yes,AWS::S3::Bucket,AWS::KMS::Key,hand,high,,hand-authored from API response shape,,kms,key,exists in kms-key,pending,,,,,,,,
O2_encryption,overlay,encrypted-by,s3-directory,s3,aws.s3.list_directory_buckets,list_directory_buckets,{{ response.Buckets }},,0,yes,definitions.ServerSideEncryptionByDefaultKMSMasterKeyID.anyOf[0],dotted,kms-key,kms,aws.kms.list_keys,list_keys,{{ response.Keys }},0,KeyId,yes,AWS::S3Express::DirectoryBucket,AWS::KMS::Key,cfn,high,,AWS::S3Express::DirectoryBucket/definitions/ServerSideEncryptionByDefault/properties/KMSMasterKeyID/anyOf[0],,kms,key,exists in kms-key,pending,,,,,,,,
O2_encryption,overlay,encrypted-by,s3-directory,s3,aws.s3.list_directory_buckets,list_directory_buckets,{{ response.Buckets }},,0,yes,definitions.ServerSideEncryptionByDefaultKMSMasterKeyID.anyOf[1],dotted,kms-key,kms,aws.kms.list_keys,list_keys,{{ response.Keys }},0,KeyId,yes,AWS::S3Express::DirectoryBucket,AWS::KMS::Key,cfn,high,,AWS::S3Express::DirectoryBucket/definitions/ServerSideEncryptionByDefault/properties/KMSMasterKeyID/anyOf[1],,kms,key,exists in kms-key,pending,,,,,,,,
O2_encryption,overlay,encrypted-by,sagemaker-endpoint-config,sagemaker,aws.sagemaker.list_endpoint_configs,list_endpoint_configs,{{ response.EndpointConfigs }},,0,yes,KmsKeyId,scalar,kms-key,kms,aws.kms.list_keys,list_keys,{{ response.Keys }},0,KeyId,yes,AWS::SageMaker::EndpointConfig,AWS::KMS::Key,c7n,high,,aws.sagemaker-endpoint-config.filters.kms-key,,kms,key,exists in kms-key,pending,,,,,,,,
O2_encryption,overlay,encrypted-by,sagemaker-notebook,sagemaker,aws.sagemaker.list_notebook_instances,list_notebook_instances,{{ response.NotebookInstances }},,0,yes,KmsKeyId,scalar,kms-key,kms,aws.kms.list_keys,list_keys,{{ response.Keys }},0,KeyId,yes,AWS::SageMaker::NotebookInstance,AWS::KMS::Key,c7n,high,,aws.sagemaker-notebook.filters.kms-key,,kms,key,exists in kms-key,pending,,,,,,,,
O2_encryption,overlay,encrypted-by,secrets-manager,secretsmanager,aws.secretsmanager.list_secrets,list_secrets,{{ response.SecretList }},,0,yes,KmsKeyId,scalar,kms-key,kms,aws.kms.list_keys,list_keys,{{ response.Keys }},0,KeyId,yes,AWS::SecretsManager::Secret,AWS::KMS::Key,c7n,high,,aws.secrets-manager.filters.kms-key,,kms,key,exists in kms-key,pending,,,,,,,,
O2_encryption,overlay,encrypted-by,sns,sns,aws.sns.get_topic_attributes,get_topic_attributes,,aws.sns.list_topics,0,yes,KmsMasterKeyId,scalar,kms-key,kms,aws.kms.list_keys,list_keys,{{ response.Keys }},0,KeyId,yes,AWS::SNS::Topic,AWS::KMS::Key,c7n,high,,aws.sns.filters.kms-key,,kms,key,exists in kms-key,pending,,,,,,,,
O2_encryption,overlay,encrypted-by,sqs,sqs,aws.sqs.get_queue_attributes,get_queue_attributes,,aws.sqs.list_queues,0,yes,KmsMasterKeyId,scalar,kms-key,kms,aws.kms.list_keys,list_keys,{{ response.Keys }},0,KeyId,yes,AWS::SQS::Queue,AWS::KMS::Key,c7n,high,,aws.sqs.filters.kms-key,,kms,key,exists in kms-key,pending,,,,,,,,
O2_encryption,overlay,encrypted-by,ssm-data-sync,ssm,aws.ssm.list_resource_data_sync,,,,,no,S3Destination.AWSKMSKeyARN,dotted,kms-key,kms,aws.kms.list_keys,list_keys,{{ response.Keys }},0,KeyId,yes,,AWS::KMS::Key,c7n,high,,aws.ssm-data-sync.filters.kms-key,,kms,key,exists in kms-key,pending,,,,,,,,
O2_encryption,overlay,encrypted-by,workspaces,workspaces,aws.workspaces.describe_workspaces,describe_workspaces,{{ response.Workspaces }},,0,yes,VolumeEncryptionKey,scalar,kms-key,kms,aws.kms.list_keys,list_keys,{{ response.Keys }},0,KeyId,yes,AWS::WorkSpaces::Workspace,AWS::KMS::Key,c7n,high,,aws.workspaces.filters.kms-key,,kms,key,exists in kms-key,pending,,,,,,,,
O3_network,overlay,protected-by,app-elb,elbv2,aws.elbv2.describe_load_balancers,describe_load_balancers,{{ response.LoadBalancers }},,0,yes,SecurityGroups[],list_scalar,security-group,ec2,aws.ec2.describe_security_groups,describe_security_groups,{{ response.SecurityGroups }},0,GroupId,yes,AWS::ElasticLoadBalancingV2::LoadBalancer,AWS::EC2::SecurityGroup,c7n,high,,aws.app-elb.filters.security-group,sg-,ec2,security-group,exists in security-group,pending,,,,,,,,
O3_network,overlay,protected-by,asg,autoscaling,aws.autoscaling.describe_auto_scaling_groups,describe_auto_scaling_groups,{{ response.AutoScalingGroups }},,0,yes,,,security-group,ec2,aws.ec2.describe_security_groups,describe_security_groups,{{ response.SecurityGroups }},0,GroupId,yes,AWS::AutoScaling::AutoScalingGroup,AWS::EC2::SecurityGroup,c7n,declared-no-path,,aws.asg.filters.security-group,sg-,ec2,security-group,exists in security-group,pending,,,,,,,,
O3_network,overlay,protected-by,batch-compute,batch,aws.batch.describe_compute_environments,describe_compute_environments,{{ response.computeEnvironments }},,0,yes,computeResources.securityGroupIds[],list_scalar,security-group,ec2,aws.ec2.describe_security_groups,describe_security_groups,{{ response.SecurityGroups }},0,GroupId,yes,AWS::Batch::ComputeEnvironment,AWS::EC2::SecurityGroup,c7n,high,,aws.batch-compute.filters.security-group,sg-,ec2,security-group,exists in security-group,pending,,,,,,,,
O3_network,overlay,protected-by,cache-cluster,elasticache,aws.elasticache.describe_cache_clusters,describe_cache_clusters,{{ response.CacheClusters }},,0,yes,SecurityGroups[].SecurityGroupId,list_dict,security-group,ec2,aws.ec2.describe_security_groups,describe_security_groups,{{ response.SecurityGroups }},0,GroupId,yes,AWS::ElastiCache::CacheCluster,AWS::EC2::SecurityGroup,c7n,high,,aws.cache-cluster.filters.security-group,sg-,ec2,security-group,exists in security-group,pending,,,,,,,,
O3_network,overlay,protected-by,codebuild,codebuild,aws.codebuild.list_projects,list_projects,{{ response.projects }},,0,yes,vpcConfig.securityGroupIds[],list_scalar,security-group,ec2,aws.ec2.describe_security_groups,describe_security_groups,{{ response.SecurityGroups }},0,GroupId,yes,AWS::CodeBuild::Project,AWS::EC2::SecurityGroup,c7n,high,,aws.codebuild.filters.security-group,sg-,ec2,security-group,exists in security-group,pending,,,,,,,,
O3_network,overlay,protected-by,dax,dax,aws.dax.describe_clusters,describe_clusters,{{ response.Clusters }},,0,yes,SecurityGroups[].SecurityGroupIdentifier,list_dict,security-group,ec2,aws.ec2.describe_security_groups,describe_security_groups,{{ response.SecurityGroups }},0,GroupId,yes,AWS::DAX::Cluster,AWS::EC2::SecurityGroup,c7n,high,,aws.dax.filters.security-group,sg-,ec2,security-group,exists in security-group,pending,,,,,,,,
O3_network,overlay,protected-by,directory,ds,aws.ds.describe_directories,describe_directories,{{ response.DirectoryDescriptions }},,0,yes,VpcSettings.SecurityGroupId,dotted,security-group,ec2,aws.ec2.describe_security_groups,describe_security_groups,{{ response.SecurityGroups }},0,GroupId,yes,,AWS::EC2::SecurityGroup,c7n,high,,aws.directory.filters.security-group,sg-,ec2,security-group,exists in security-group,pending,,,,,,,,
O3_network,overlay,protected-by,dms-instance,dms,aws.dms.describe_replication_instances,describe_replication_instances,{{ response.ReplicationInstances }},,0,yes,VpcSecurityGroups[].VpcSecurityGroupId,list_dict,security-group,ec2,aws.ec2.describe_security_groups,describe_security_groups,{{ response.SecurityGroups }},0,GroupId,yes,AWS::DMS::ReplicationInstance,AWS::EC2::SecurityGroup,c7n,high,,aws.dms-instance.filters.security-group,sg-,ec2,security-group,exists in security-group,pending,,,,,,,,
O3_network,overlay,protected-by,ec2,ec2,aws.ec2.describe_instances,describe_instances,{{ response.Reservations[].Instances }},,0,yes,Groups[].GroupId,list_dict,security-group,ec2,aws.ec2.describe_security_groups,describe_security_groups,{{ response.SecurityGroups }},0,GroupId,yes,AWS::EC2::Instance,AWS::EC2::SecurityGroup,doc,medium,,ec2.DescribeInstances: 'security group',sg-,ec2,security-group,exists in security-group,pending,,,,,,,,
O3_network,overlay,protected-by,ec2,ec2,aws.ec2.describe_instances,describe_instances,{{ response.Reservations[].Instances }},,0,yes,Groups[].GroupName,list_dict,security-group,ec2,aws.ec2.describe_security_groups,describe_security_groups,{{ response.SecurityGroups }},0,GroupId,yes,AWS::EC2::Instance,AWS::EC2::SecurityGroup,doc,medium,,ec2.DescribeInstances: 'security group',sg-,ec2,security-group,exists in security-group,pending,,,,,,,,
O3_network,overlay,protected-by,ec2,ec2,aws.ec2.describe_instances,describe_instances,{{ response.Reservations[].Instances }},,0,yes,NetworkInterfaces[].Groups[].GroupId,list_nested,security-group,ec2,aws.ec2.describe_security_groups,describe_security_groups,{{ response.SecurityGroups }},0,GroupId,yes,AWS::EC2::Instance,AWS::EC2::SecurityGroup,c7n,high,doc,aws.ec2.filters.security-group,sg-,ec2,security-group,exists in security-group,pending,,,,,,,,
O3_network,overlay,protected-by,ec2,ec2,aws.ec2.describe_instances,describe_instances,{{ response.Reservations[].Instances }},,0,yes,NetworkInterfaces[].Groups[].GroupName,list_nested,security-group,ec2,aws.ec2.describe_security_groups,describe_security_groups,{{ response.SecurityGroups }},0,GroupId,yes,AWS::EC2::Instance,AWS::EC2::SecurityGroup,doc,medium,,ec2.DescribeInstances: 'security group',sg-,ec2,security-group,exists in security-group,pending,,,,,,,,
O3_network,overlay,protected-by,ec2,ec2,aws.ec2.describe_instances,describe_instances,{{ response.Reservations[].Instances }},,0,yes,SecurityGroups[].GroupId,list_dict,security-group,ec2,aws.ec2.describe_security_groups,describe_security_groups,{{ response.SecurityGroups }},0,GroupId,yes,AWS::EC2::Instance,AWS::EC2::SecurityGroup,doc,medium,,ec2.DescribeInstances: 'security group',sg-,ec2,security-group,exists in security-group,pending,,,,,,,,
O3_network,overlay,protected-by,ec2,ec2,aws.ec2.describe_instances,describe_instances,{{ response.Reservations[].Instances }},,0,yes,SecurityGroups[].GroupName,list_dict,security-group,ec2,aws.ec2.describe_security_groups,describe_security_groups,{{ response.SecurityGroups }},0,GroupId,yes,AWS::EC2::Instance,AWS::EC2::SecurityGroup,doc,medium,,ec2.DescribeInstances: 'security group',sg-,ec2,security-group,exists in security-group,pending,,,,,,,,
O3_network,overlay,protected-by,ec2-spot-fleet-request,ec2,aws.ec2.describe_spot_fleet_requests,,,,,no,SpotFleetRequestConfig.LaunchSpecifications[].SecurityGroups[].GroupId,list_nested,security-group,ec2,aws.ec2.describe_security_groups,describe_security_groups,{{ response.SecurityGroups }},0,GroupId,yes,AWS::EC2::SpotFleet,AWS::EC2::SecurityGroup,doc,medium,,ec2.DescribeSpotFleetRequests: 'security group',sg-,ec2,security-group,exists in security-group,pending,,,,,,,,
O3_network,overlay,protected-by,ec2-spot-fleet-request,ec2,aws.ec2.describe_spot_fleet_requests,,,,,no,SpotFleetRequestConfig.LaunchSpecifications[].SecurityGroups[].GroupName,list_nested,security-group,ec2,aws.ec2.describe_security_groups,describe_security_groups,{{ response.SecurityGroups }},0,GroupId,yes,AWS::EC2::SpotFleet,AWS::EC2::SecurityGroup,doc,medium,,ec2.DescribeSpotFleetRequests: 'security group',sg-,ec2,security-group,exists in security-group,pending,,,,,,,,
O3_network,overlay,protected-by,ecs-service,ecs,aws.ecs.list_services,,,,,no,,,security-group,ec2,aws.ec2.describe_security_groups,describe_security_groups,{{ response.SecurityGroups }},0,GroupId,yes,AWS::ECS::Service,AWS::EC2::SecurityGroup,c7n,declared-no-path,,aws.ecs-service.filters.security-group,sg-,ec2,security-group,exists in security-group,pending,,,,,,,,
O3_network,overlay,protected-by,ecs-task,ecs,aws.ecs.list_tasks,,,,,no,,,security-group,ec2,aws.ec2.describe_security_groups,describe_security_groups,{{ response.SecurityGroups }},0,GroupId,yes,AWS::ECS::TaskSet,AWS::EC2::SecurityGroup,c7n,declared-no-path,,aws.ecs-task.filters.security-group,sg-,ec2,security-group,exists in security-group,pending,,,,,,,,
O3_network,overlay,protected-by,efs-mount-target,efs,aws.efs.describe_mount_targets,describe_mount_targets,{{ response.MountTargets }},,0,yes,,,security-group,ec2,aws.ec2.describe_security_groups,describe_security_groups,{{ response.SecurityGroups }},0,GroupId,yes,AWS::EFS::MountTarget,AWS::EC2::SecurityGroup,c7n,declared-no-path,,aws.efs-mount-target.filters.security-group,sg-,ec2,security-group,exists in security-group,pending,,,,,,,,
O3_network,overlay,protected-by,eks,eks,aws.eks.list_clusters,list_clusters,{{ response.clusters }},,0,yes,resourcesVpcConfig.securityGroupIds[],list_scalar,security-group,ec2,aws.ec2.describe_security_groups,describe_security_groups,{{ response.SecurityGroups }},0,GroupId,yes,AWS::EKS::Cluster,AWS::EC2::SecurityGroup,c7n,high,,aws.eks.filters.security-group,sg-,ec2,security-group,exists in security-group,pending,,,,,,,,
O3_network,overlay,protected-by,elasticsearch,es,aws.es.list_domain_names,list_domain_names,{{ response.DomainNames }},,0,yes,VPCOptions.SecurityGroupIds[],list_scalar,security-group,ec2,aws.ec2.describe_security_groups,describe_security_groups,{{ response.SecurityGroups }},0,GroupId,yes,AWS::Elasticsearch::Domain,AWS::EC2::SecurityGroup,c7n,high,,aws.elasticsearch.filters.security-group,sg-,ec2,security-group,exists in security-group,pending,,,,,,,,
O3_network,overlay,protected-by,elb,elb,aws.elb.describe_load_balancers,describe_load_balancers,{{ response.LoadBalancerDescriptions }},,0,yes,SecurityGroups[],list_scalar,security-group,ec2,aws.ec2.describe_security_groups,describe_security_groups,{{ response.SecurityGroups }},0,GroupId,yes,AWS::ElasticLoadBalancing::LoadBalancer,AWS::EC2::SecurityGroup,c7n,high,,aws.elb.filters.security-group,sg-,ec2,security-group,exists in security-group,pending,,,,,,,,
O3_network,overlay,protected-by,elb,elb,aws.elb.describe_load_balancers,describe_load_balancers,{{ response.LoadBalancerDescriptions }},,0,yes,SourceSecurityGroup.GroupName,dotted,security-group,ec2,aws.ec2.describe_security_groups,describe_security_groups,{{ response.SecurityGroups }},0,GroupId,yes,AWS::ElasticLoadBalancing::LoadBalancer,AWS::EC2::SecurityGroup,asff,high,doc,securityhub.GetFindings: 'security group',sg-,ec2,security-group,exists in security-group,pending,,,,,,,,
O3_network,overlay,protected-by,emr,emr,aws.emr.list_clusters,list_clusters,{{ response.Clusters }},,0,yes,,,security-group,ec2,aws.ec2.describe_security_groups,describe_security_groups,{{ response.SecurityGroups }},0,GroupId,yes,AWS::EMR::Cluster,AWS::EC2::SecurityGroup,c7n,declared-no-path,,aws.emr.filters.security-group,sg-,ec2,security-group,exists in security-group,pending,,,,,,,,
O3_network,overlay,protected-by,eni,ec2,aws.ec2.describe_network_interfaces,describe_network_interfaces,{{ response.NetworkInterfaces }},,0,yes,Groups[].GroupId,list_dict,security-group,ec2,aws.ec2.describe_security_groups,describe_security_groups,{{ response.SecurityGroups }},0,GroupId,yes,AWS::EC2::NetworkInterface,AWS::EC2::SecurityGroup,c7n,high,doc,aws.eni.filters.security-group,sg-,ec2,security-group,exists in security-group,pending,,,,,,,,
O3_network,overlay,protected-by,eni,ec2,aws.ec2.describe_network_interfaces,describe_network_interfaces,{{ response.NetworkInterfaces }},,0,yes,Groups[].GroupName,list_dict,security-group,ec2,aws.ec2.describe_security_groups,describe_security_groups,{{ response.SecurityGroups }},0,GroupId,yes,AWS::EC2::NetworkInterface,AWS::EC2::SecurityGroup,doc,medium,,ec2.DescribeNetworkInterfaces: 'security group',sg-,ec2,security-group,exists in security-group,pending,,,,,,,,
O3_network,overlay,protected-by,eni,ec2,aws.ec2.describe_network_interfaces,describe_network_interfaces,{{ response.NetworkInterfaces }},,0,yes,SecurityGroups[].GroupId,list_dict,security-group,ec2,aws.ec2.describe_security_groups,describe_security_groups,{{ response.SecurityGroups }},0,GroupId,yes,AWS::EC2::NetworkInterface,AWS::EC2::SecurityGroup,asff,medium,,securityhub.GetFindings: 'security group',sg-,ec2,security-group,exists in security-group,pending,,,,,,,,
O3_network,overlay,protected-by,eni,ec2,aws.ec2.describe_network_interfaces,describe_network_interfaces,{{ response.NetworkInterfaces }},,0,yes,SecurityGroups[].GroupName,list_dict,security-group,ec2,aws.ec2.describe_security_groups,describe_security_groups,{{ response.SecurityGroups }},0,GroupId,yes,AWS::EC2::NetworkInterface,AWS::EC2::SecurityGroup,asff,medium,,securityhub.GetFindings: 'security group',sg-,ec2,security-group,exists in security-group,pending,,,,,,,,
O3_network,overlay,protected-by,firehose,firehose,aws.firehose.list_delivery_streams,,,,,no,definitions.VpcConfigurationSecurityGroupIds.items,dotted,security-group,ec2,aws.ec2.describe_security_groups,describe_security_groups,{{ response.SecurityGroups }},0,GroupId,yes,AWS::KinesisFirehose::DeliveryStream,AWS::EC2::SecurityGroup,cfn,high,,AWS::KinesisFirehose::DeliveryStream/definitions/VpcConfiguration/properties/SecurityGroupIds/items,sg-,ec2,security-group,exists in security-group,pending,,,,,,,,
O3_network,overlay,protected-by,glue-connection,glue,aws.glue.get_connections,get_connections,{{ response.ConnectionList }},,0,yes,PhysicalConnectionRequirements.SecurityGroupIdList[],list_scalar,security-group,ec2,aws.ec2.describe_security_groups,describe_security_groups,{{ response.SecurityGroups }},0,GroupId,yes,AWS::Glue::Connection,AWS::EC2::SecurityGroup,c7n,high,,aws.glue-connection.filters.security-group,sg-,ec2,security-group,exists in security-group,pending,,,,,,,,
O3_network,overlay,protected-by,kafka,kafka,aws.kafka.list_clusters_v2,list_clusters_v2,{{ response.ClusterInfoList }},,0,yes,BrokerNodeGroupInfo.SecurityGroups[],list_scalar,security-group,ec2,aws.ec2.describe_security_groups,describe_security_groups,{{ response.SecurityGroups }},0,GroupId,yes,AWS::MSK::Cluster,AWS::EC2::SecurityGroup,c7n,high,,aws.kafka.filters.security-group,sg-,ec2,security-group,exists in security-group,pending,,,,,,,,
O3_network,overlay,protected-by,lambda,lambda,aws.lambda.list_functions,list_functions,{{ response.Functions }},,0,yes,VpcConfig.SecurityGroupIds[],list_scalar,security-group,ec2,aws.ec2.describe_security_groups,describe_security_groups,{{ response.SecurityGroups }},0,GroupId,yes,AWS::Lambda::Function,AWS::EC2::SecurityGroup,c7n,high,,aws.lambda.filters.security-group,sg-,ec2,security-group,exists in security-group,pending,,,,,,,,
O3_network,overlay,protected-by,launch-config,autoscaling,aws.autoscaling.describe_launch_configurations,describe_launch_configurations,{{ response.LaunchConfigurations }},,0,yes,SecurityGroups.items.anyOf[0],dotted,security-group,ec2,aws.ec2.describe_security_groups,describe_security_groups,{{ response.SecurityGroups }},0,GroupId,yes,AWS::AutoScaling::LaunchConfiguration,AWS::EC2::SecurityGroup,cfn,high,,AWS::AutoScaling::LaunchConfiguration/properties/SecurityGroups/items/anyOf[0],sg-,ec2,security-group,exists in security-group,pending,,,,,,,,
O3_network,overlay,protected-by,launch-config,autoscaling,aws.autoscaling.describe_launch_configurations,describe_launch_configurations,{{ response.LaunchConfigurations }},,0,yes,SecurityGroups.items.anyOf[1],dotted,security-group,ec2,aws.ec2.describe_security_groups,describe_security_groups,{{ response.SecurityGroups }},0,GroupId,yes,AWS::AutoScaling::LaunchConfiguration,AWS::EC2::SecurityGroup,cfn,high,,AWS::AutoScaling::LaunchConfiguration/properties/SecurityGroups/items/anyOf[1],sg-,ec2,security-group,exists in security-group,pending,,,,,,,,
O3_network,overlay,protected-by,message-broker,mq,aws.mq.list_brokers,list_brokers,{{ response.BrokerSummaries }},,0,yes,SecurityGroups[],list_scalar,security-group,ec2,aws.ec2.describe_security_groups,describe_security_groups,{{ response.SecurityGroups }},0,GroupId,yes,AWS::AmazonMQ::Broker,AWS::EC2::SecurityGroup,c7n,high,,aws.message-broker.filters.security-group,sg-,ec2,security-group,exists in security-group,pending,,,,,,,,
O3_network,overlay,protected-by,rds,rds,aws.rds.describe_db_instances,describe_db_instances,{{ response.DBInstances }},,0,yes,VpcSecurityGroups[].VpcSecurityGroupId,list_dict,security-group,ec2,aws.ec2.describe_security_groups,describe_security_groups,{{ response.SecurityGroups }},0,GroupId,yes,AWS::RDS::DBInstance,AWS::EC2::SecurityGroup,c7n,high,"asff,doc",aws.rds.filters.security-group,sg-,ec2,security-group,exists in security-group,pending,,,,,,,,
O3_network,overlay,protected-by,rds-cluster,rds,aws.rds.describe_db_clusters,describe_db_clusters,{{ response.DBClusters }},,0,yes,VpcSecurityGroups[].VpcSecurityGroupId,list_dict,security-group,ec2,aws.ec2.describe_security_groups,describe_security_groups,{{ response.SecurityGroups }},0,GroupId,yes,AWS::RDS::DBCluster,AWS::EC2::SecurityGroup,c7n,high,"asff,doc",aws.rds-cluster.filters.security-group,sg-,ec2,security-group,exists in security-group,pending,,,,,,,,
O3_network,overlay,protected-by,rds-proxy,rds,aws.rds.describe_db_proxies,describe_db_proxies,{{ response.DBProxies }},,0,yes,VpcSecurityGroupIds[],list_scalar,security-group,ec2,aws.ec2.describe_security_groups,describe_security_groups,{{ response.SecurityGroups }},0,GroupId,yes,AWS::RDS::DBProxy,AWS::EC2::SecurityGroup,c7n,high,,aws.rds-proxy.filters.security-group,sg-,ec2,security-group,exists in security-group,pending,,,,,,,,
O3_network,overlay,protected-by,redshift,redshift,aws.redshift.describe_clusters,describe_clusters,{{ response.Clusters }},,0,yes,ClusterSecurityGroups.items.anyOf[0],dotted,security-group,ec2,aws.ec2.describe_security_groups,describe_security_groups,{{ response.SecurityGroups }},0,GroupId,yes,AWS::Redshift::Cluster,AWS::EC2::SecurityGroup,cfn,high,,AWS::Redshift::Cluster/properties/ClusterSecurityGroups/items/anyOf[0],sg-,ec2,security-group,exists in security-group,pending,,,,,,,,
O3_network,overlay,protected-by,redshift,redshift,aws.redshift.describe_clusters,describe_clusters,{{ response.Clusters }},,0,yes,VpcSecurityGroups[].VpcSecurityGroupId,list_dict,security-group,ec2,aws.ec2.describe_security_groups,describe_security_groups,{{ response.SecurityGroups }},0,GroupId,yes,AWS::Redshift::Cluster,AWS::EC2::SecurityGroup,c7n,high,"asff,doc",aws.redshift.filters.security-group,sg-,ec2,security-group,exists in security-group,pending,,,,,,,,
O3_network,overlay,protected-by,sagemaker-notebook,sagemaker,aws.sagemaker.list_notebook_instances,list_notebook_instances,{{ response.NotebookInstances }},,0,yes,SecurityGroups[],list_scalar,security-group,ec2,aws.ec2.describe_security_groups,describe_security_groups,{{ response.SecurityGroups }},0,GroupId,yes,AWS::SageMaker::NotebookInstance,AWS::EC2::SecurityGroup,c7n,high,,aws.sagemaker-notebook.filters.security-group,sg-,ec2,security-group,exists in security-group,pending,,,,,,,,
O3_network,overlay,protected-by,vpc,ec2,aws.ec2.describe_vpcs,describe_vpcs,{{ response.Vpcs }},,0,yes,[SecurityGroups][].GroupId,list_dict,security-group,ec2,aws.ec2.describe_security_groups,describe_security_groups,{{ response.SecurityGroups }},0,GroupId,yes,AWS::EC2::VPC,AWS::EC2::SecurityGroup,c7n,high,,aws.vpc.filters.security-group,sg-,ec2,security-group,exists in security-group,pending,,,,,,,,
O3_network,overlay,protected-by,vpc-endpoint,ec2,aws.ec2.describe_vpc_endpoints,describe_vpc_endpoints,{{ response.VpcEndpoints }},,0,yes,Groups[].GroupId,list_dict,security-group,ec2,aws.ec2.describe_security_groups,describe_security_groups,{{ response.SecurityGroups }},0,GroupId,yes,AWS::EC2::VPCEndpoint,AWS::EC2::SecurityGroup,c7n,high,doc,aws.vpc-endpoint.filters.security-group,sg-,ec2,security-group,exists in security-group,pending,,,,,,,,
O3_network,overlay,protected-by,vpc-endpoint,ec2,aws.ec2.describe_vpc_endpoints,describe_vpc_endpoints,{{ response.VpcEndpoints }},,0,yes,Groups[].GroupName,list_dict,security-group,ec2,aws.ec2.describe_security_groups,describe_security_groups,{{ response.SecurityGroups }},0,GroupId,yes,AWS::EC2::VPCEndpoint,AWS::EC2::SecurityGroup,doc,medium,,ec2.DescribeVpcEndpoints: 'security group',sg-,ec2,security-group,exists in security-group,pending,,,,,,,,
O3_network,overlay,protected-by,vpc-endpoint,ec2,aws.ec2.describe_vpc_endpoints,describe_vpc_endpoints,{{ response.VpcEndpoints }},,0,yes,SecurityGroupIds.items.anyOf[0],dotted,security-group,ec2,aws.ec2.describe_security_groups,describe_security_groups,{{ response.SecurityGroups }},0,GroupId,yes,AWS::EC2::VPCEndpoint,AWS::EC2::SecurityGroup,cfn,high,,AWS::EC2::VPCEndpoint/properties/SecurityGroupIds/items/anyOf[0],sg-,ec2,security-group,exists in security-group,pending,,,,,,,,
O3_network,overlay,protected-by,vpc-endpoint,ec2,aws.ec2.describe_vpc_endpoints,describe_vpc_endpoints,{{ response.VpcEndpoints }},,0,yes,SecurityGroupIds.items.anyOf[1],dotted,security-group,ec2,aws.ec2.describe_security_groups,describe_security_groups,{{ response.SecurityGroups }},0,GroupId,yes,AWS::EC2::VPCEndpoint,AWS::EC2::SecurityGroup,cfn,high,,AWS::EC2::VPCEndpoint/properties/SecurityGroupIds/items/anyOf[1],sg-,ec2,security-group,exists in security-group,pending,,,,,,,,
O3_network,overlay,protected-by,workspaces-directory,workspaces,aws.workspaces.describe_workspace_directories,describe_workspace_directories,{{ response.Directories }},,0,yes,,,security-group,ec2,aws.ec2.describe_security_groups,describe_security_groups,{{ response.SecurityGroups }},0,GroupId,yes,,AWS::EC2::SecurityGroup,c7n,declared-no-path,,aws.workspaces-directory.filters.security-group,sg-,ec2,security-group,exists in security-group,pending,,,,,,,,
O4_image,overlay,created-from,ami,ec2,aws.ec2.describe_images,describe_images,{{ response.Images }},,0,yes,BlockDeviceMappings[].Ebs.SnapshotId,list_dict,ebs-snapshot,ec2,aws.ec2.describe_snapshots,describe_snapshots,{{ response.Snapshots }},0,SnapshotId,yes,,,doc,medium,,ec2.DescribeImages: 'snapshot',snap-,ec2,snapshot,exists in ebs-snapshot,pending,,,,,,,,
O4_image,overlay,created-from,ebs,ec2,aws.ec2.describe_volumes,describe_volumes,{{ response.Volumes }},,0,yes,SnapshotId,scalar,ebs-snapshot,ec2,aws.ec2.describe_snapshots,describe_snapshots,{{ response.Snapshots }},0,SnapshotId,yes,AWS::EC2::Volume,,hand,high,,hand-authored from API response shape,snap-,ec2,snapshot,exists in ebs-snapshot,pending,,,,,,,,
O4_image,overlay,launched-from,ec2,ec2,aws.ec2.describe_instances,describe_instances,{{ response.Reservations[].Instances }},,0,yes,ImageId,scalar,ami,ec2,aws.ec2.describe_images,describe_images,{{ response.Images }},0,ImageId,yes,AWS::EC2::Instance,,hand,high,"asff,doc",hand-authored from API response shape,ami-,ec2,image,exists in ami,pending,,,,,,,,
O4_image,overlay,launched-from,ec2-spot-fleet-request,ec2,aws.ec2.describe_spot_fleet_requests,,,,,no,SpotFleetRequestConfig.LaunchSpecifications[].ImageId,list_dict,ami,ec2,aws.ec2.describe_images,describe_images,{{ response.Images }},0,ImageId,yes,AWS::EC2::SpotFleet,,doc,medium,,ec2.DescribeSpotFleetRequests: 'AMI',ami-,ec2,image,exists in ami,pending,,,,,,,,
O4_image,overlay,created-from,ec2-spot-fleet-request,ec2,aws.ec2.describe_spot_fleet_requests,,,,,no,SpotFleetRequestConfig.LaunchSpecifications[].BlockDeviceMappings[].Ebs.SnapshotId,list_nested,ebs-snapshot,ec2,aws.ec2.describe_snapshots,describe_snapshots,{{ response.Snapshots }},0,SnapshotId,yes,AWS::EC2::SpotFleet,,doc,medium,,ec2.DescribeSpotFleetRequests: 'snapshot',snap-,ec2,snapshot,exists in ebs-snapshot,pending,,,,,,,,
O4_image,overlay,created-from,fsx,fsx,aws.fsx.describe_file_systems,describe_file_systems,{{ response.FileSystems }},,0,yes,AdministrativeActions[].TargetSnapshotValues.SnapshotId,list_dict,ebs-snapshot,ec2,aws.ec2.describe_snapshots,describe_snapshots,{{ response.Snapshots }},0,SnapshotId,yes,AWS::FSx::FileSystem,,doc,medium,,fsx.DescribeFileSystems: 'snapshot',snap-,ec2,snapshot,exists in ebs-snapshot,pending,,,,,,,,
O4_image,overlay,created-from,fsx-backup,fsx,aws.fsx.describe_backups,describe_backups,{{ response.Backups }},,0,yes,FileSystem.AdministrativeActions[].TargetSnapshotValues.SnapshotId,list_dict,ebs-snapshot,ec2,aws.ec2.describe_snapshots,describe_snapshots,{{ response.Snapshots }},0,SnapshotId,yes,,,doc,medium,,fsx.DescribeBackups: 'snapshot',snap-,ec2,snapshot,exists in ebs-snapshot,pending,,,,,,,,
O4_image,overlay,created-from,fsx-backup,fsx,aws.fsx.describe_backups,describe_backups,{{ response.Backups }},,0,yes,Volume.AdministrativeActions[].TargetSnapshotValues.SnapshotId,list_dict,ebs-snapshot,ec2,aws.ec2.describe_snapshots,describe_snapshots,{{ response.Snapshots }},0,SnapshotId,yes,,,doc,medium,,fsx.DescribeBackups: 'snapshot',snap-,ec2,snapshot,exists in ebs-snapshot,pending,,,,,,,,
O4_image,overlay,launched-from,launch-config,autoscaling,aws.autoscaling.describe_launch_configurations,describe_launch_configurations,{{ response.LaunchConfigurations }},,0,yes,ImageId,scalar,ami,ec2,aws.ec2.describe_images,describe_images,{{ response.Images }},0,ImageId,yes,AWS::AutoScaling::LaunchConfiguration,,asff,high,doc,securityhub.GetFindings: 'Amazon Machine Image',ami-,ec2,image,exists in ami,pending,,,,,,,,
O4_image,overlay,created-from,launch-config,autoscaling,aws.autoscaling.describe_launch_configurations,describe_launch_configurations,{{ response.LaunchConfigurations }},,0,yes,BlockDeviceMappings[].Ebs.SnapshotId,list_dict,ebs-snapshot,ec2,aws.ec2.describe_snapshots,describe_snapshots,{{ response.Snapshots }},0,SnapshotId,yes,AWS::AutoScaling::LaunchConfiguration,,asff,high,doc,securityhub.GetFindings: 'volume to use',snap-,ec2,snapshot,exists in ebs-snapshot,pending,,,,,,,,
O4_image,overlay,launched-from,workspaces-image,workspaces,aws.workspaces.describe_workspace_images,,,,,no,ImageId,scalar,ami,ec2,aws.ec2.describe_images,describe_images,{{ response.Images }},0,ImageId,yes,,,doc,medium,,workspaces.DescribeWorkspaceImages: 'image',ami-,ec2,image,exists in ami,pending,,,,,,,,
O5_reference,overlay,references,asg,autoscaling,aws.autoscaling.describe_auto_scaling_groups,describe_auto_scaling_groups,{{ response.AutoScalingGroups }},,0,yes,Instances[].InstanceId,list_dict,ec2,ec2,aws.ec2.describe_instances,describe_instances,{{ response.Reservations[].Instances }},0,InstanceId,yes,AWS::AutoScaling::AutoScalingGroup,AWS::EC2::Instance,doc,medium,,autoscaling.DescribeAutoScalingGroups: 'instance',i-,ec2,instance,exists in ec2,pending,,,,,,,,
O5_reference,overlay,references,dynamodb-table,dynamodb,aws.dynamodb.list_tables,list_tables,{{ response.TableNames }},,0,yes,definitions.SSESpecificationKMSMasterKeyId.anyOf[2],dotted,kms,kms,aws.kms.list_aliases,list_aliases,{{ response.Aliases }},0,AliasArn,yes,AWS::DynamoDB::Table,AWS::KMS::Alias,cfn,high,,AWS::DynamoDB::Table/definitions/SSESpecification/properties/KMSMasterKeyId/anyOf[2],,kms,alias,exists in kms,pending,,,,,,,,
O5_reference,overlay,references,ec2,ec2,aws.ec2.describe_instances,describe_instances,{{ response.Reservations[].Instances }},,0,yes,Placement.GroupId,dotted,placement-group,,,,,,,no,AWS::EC2::Instance,,doc,medium,,ec2.DescribeInstances: 'placement group that the instance is in',,,,exists in placement-group,pending,,,,,,,,
O5_reference,overlay,references,ec2,ec2,aws.ec2.describe_instances,describe_instances,{{ response.Reservations[].Instances }},,0,yes,Placement.GroupName,dotted,placement-group,,,,,,,no,AWS::EC2::Instance,,doc,medium,,ec2.DescribeInstances: 'placement group that the instance is in',,,,exists in placement-group,pending,,,,,,,,
O5_reference,overlay,references,ec2-spot-fleet-request,ec2,aws.ec2.describe_spot_fleet_requests,,,,,no,SpotFleetRequestConfig.LaunchSpecifications[].Placement.GroupName,list_dict,placement-group,,,,,,,no,AWS::EC2::SpotFleet,,doc,medium,,ec2.DescribeSpotFleetRequests: 'placement group',,,,exists in placement-group,pending,,,,,,,,
O5_reference,overlay,references,elastic-ip,ec2,aws.ec2.describe_addresses,describe_addresses,{{ response.Addresses }},,0,yes,InstanceId,scalar,ec2,ec2,aws.ec2.describe_instances,describe_instances,{{ response.Reservations[].Instances }},0,InstanceId,yes,AWS::EC2::EIP,AWS::EC2::Instance,asff,high,doc,securityhub.GetFindings: 'EC2 instance',i-,ec2,instance,exists in ec2,pending,,,,,,,,
O5_reference,overlay,references,event-rule,events,aws.events.list_rules,list_rules,{{ response.Rules }},,0,yes,Name,scalar,event-rule-target,events,aws.events.list_targets_by_rule,list_targets_by_rule,{{ response.Targets }},0,Id,yes,AWS::Events::Rule,,c7n,high,c7n,aws.event-rule.filters.event-rule-target,,events,event-rule-target,exists in event-rule-target,pending,,,,,,,,
O5_reference,overlay,references,firehose,firehose,aws.firehose.list_delivery_streams,,,,,no,definitions.ElasticsearchDestinationConfigurationDomainARN.anyOf[0],dotted,elasticsearch,es,aws.es.list_domain_names,list_domain_names,{{ response.DomainNames }},0,DomainName,yes,AWS::KinesisFirehose::DeliveryStream,AWS::Elasticsearch::Domain,cfn,high,,AWS::KinesisFirehose::DeliveryStream/definitions/ElasticsearchDestinationConfiguration/properties/DomainARN/anyOf[0],,es,domain,exists in elasticsearch,pending,,,,,,,,
O5_reference,overlay,references,firehose,firehose,aws.firehose.list_delivery_streams,,,,,no,definitions.ProcessorParameterParameterValue.anyOf[0],dotted,lambda,lambda,aws.lambda.list_functions,list_functions,{{ response.Functions }},0,FunctionName,yes,AWS::KinesisFirehose::DeliveryStream,AWS::Lambda::Function,cfn,high,,AWS::KinesisFirehose::DeliveryStream/definitions/ProcessorParameter/properties/ParameterValue/anyOf[0],,lambda,function,exists in lambda,pending,,,,,,,,
O5_reference,overlay,references,glue-crawler,glue,aws.glue.get_crawlers,get_crawlers,{{ response.Crawlers }},,0,yes,CrawlerSecurityConfiguration,scalar,glue-security-configuration,glue,aws.glue.get_security_configurations,,,,Name,no,AWS::Glue::Crawler,AWS::Glue::SecurityConfiguration,c7n,high,,aws.glue-crawler.filters.security-config,,glue,securityConfiguration,exists in glue-security-configuration,pending,,,,,,,,
O5_reference,overlay,references,glue-dev-endpoint,glue,aws.glue.get_dev_endpoints,get_dev_endpoints,{{ response.DevEndpoints }},,0,yes,SecurityConfiguration,scalar,glue-security-configuration,glue,aws.glue.get_security_configurations,,,,Name,no,AWS::Glue::DevEndpoint,AWS::Glue::SecurityConfiguration,c7n,high,,aws.glue-dev-endpoint.filters.security-config,,glue,securityConfiguration,exists in glue-security-configuration,pending,,,,,,,,
O5_reference,overlay,references,glue-job,glue,aws.glue.get_jobs,get_jobs,{{ response.Jobs }},,0,yes,SecurityConfiguration,scalar,glue-security-configuration,glue,aws.glue.get_security_configurations,,,,Name,no,AWS::Glue::Job,AWS::Glue::SecurityConfiguration,c7n,high,,aws.glue-job.filters.security-config,,glue,securityConfiguration,exists in glue-security-configuration,pending,,,,,,,,
O5_reference,overlay,references,glue-workflow,glue,aws.glue.get_jobs,get_jobs,{{ response.Jobs }},,0,yes,SecurityConfiguration,scalar,glue-security-configuration,glue,aws.glue.get_security_configurations,,,,Name,no,AWS::Glue::Workflow,AWS::Glue::SecurityConfiguration,c7n,high,,aws.glue-workflow.filters.security-config,,glue,securityConfiguration,exists in glue-security-configuration,pending,,,,,,,,
O5_reference,overlay,references,log-metric,logs,aws.logs.describe_metric_filters,describe_metric_filters,{{ response.metricFilters }},,0,yes,logGroupName,scalar,log-group,logs,aws.logs.describe_log_groups,describe_log_groups,{{ response.logGroups }},0,logGroupName,yes,AWS::Logs::MetricFilter,AWS::Logs::LogGroup,doc,medium,,logs.DescribeMetricFilters: 'log group',,logs,log-group,exists in log-group,pending,,,,,,,,
O5_reference,overlay,references,rds,rds,aws.rds.describe_db_instances,describe_db_instances,{{ response.DBInstances }},,0,yes,DBSubnetGroup.DBSubnetGroupName,dotted,rds-subnet-group,rds,aws.rds.describe_db_subnet_groups,describe_db_subnet_groups,{{ response.DBSubnetGroups }},0,DBSubnetGroupName,yes,AWS::RDS::DBInstance,AWS::RDS::DBSubnetGroup,doc,medium,,rds.DescribeDBInstances: 'DB subnet group',,rds,subgrp,exists in rds-subnet-group,pending,,,,,,,,
O5_reference,overlay,references,rds,rds,aws.rds.describe_db_instances,describe_db_instances,{{ response.DBInstances }},,0,yes,DbSubnetGroup.DbSubnetGroupArn,dotted,rds-subnet-group,rds,aws.rds.describe_db_subnet_groups,describe_db_subnet_groups,{{ response.DBSubnetGroups }},0,DBSubnetGroupName,yes,AWS::RDS::DBInstance,AWS::RDS::DBSubnetGroup,asff,medium,,securityhub.GetFindings: 'subnet group',,rds,subgrp,exists in rds-subnet-group,pending,,,,,,,,
O5_reference,overlay,references,rds,rds,aws.rds.describe_db_instances,describe_db_instances,{{ response.DBInstances }},,0,yes,DbSubnetGroup.DbSubnetGroupName,dotted,rds-subnet-group,rds,aws.rds.describe_db_subnet_groups,describe_db_subnet_groups,{{ response.DBSubnetGroups }},0,DBSubnetGroupName,yes,AWS::RDS::DBInstance,AWS::RDS::DBSubnetGroup,asff,medium,,securityhub.GetFindings: 'subnet group',,rds,subgrp,exists in rds-subnet-group,pending,,,,,,,,
O5_reference,overlay,references,rds-snapshot,rds,aws.rds.describe_db_snapshots,describe_db_snapshots,{{ response.DBSnapshots }},,0,yes,DBInstanceIdentifier,scalar,rds,rds,aws.rds.describe_db_instances,describe_db_instances,{{ response.DBInstances }},0,DBInstanceIdentifier,yes,,AWS::RDS::DBInstance,c7n,high,,aws.rds-snapshot.filters.instance,,rds,db,exists in rds,pending,,,,,,,,
O5_reference,overlay,references,rest-api,apigateway,aws.apigateway.get_rest_apis,get_rest_apis,{{ response.items }},,0,yes,definitions.EndpointConfigurationVpcEndpointIds.items,dotted,vpc-endpoint,ec2,aws.ec2.describe_vpc_endpoints,describe_vpc_endpoints,{{ response.VpcEndpoints }},0,VpcEndpointId,yes,AWS::ApiGateway::RestApi,AWS::EC2::VPCEndpoint,cfn,high,,AWS::ApiGateway::RestApi/definitions/EndpointConfiguration/properties/VpcEndpointIds/items,vpce-,ec2,vpc-endpoint,exists in vpc-endpoint,pending,,,,,,,,
O5_reference,overlay,references,rest-stage,apigateway,aws.apigateway.get_stages,get_stages,{{ response.item }},,0,yes,clientCertificateId,scalar,rest-client-certificate,apigateway,aws.apigateway.get_client_certificates,,,,clientCertificateId,no,AWS::ApiGateway::Stage,AWS::ApiGateway::ClientCertificate,c7n,high,,aws.rest-stage.filters.client-certificate,,apigateway,,exists in rest-client-certificate,pending,,,,,,,,
O5_reference,overlay,references,route-table,ec2,aws.ec2.describe_route_tables,describe_route_tables,{{ response.RouteTables }},,0,yes,AssociationSet[].GatewayId,list_dict,internet-gateway,ec2,aws.ec2.describe_internet_gateways,describe_internet_gateways,{{ response.InternetGateways }},0,InternetGatewayId,yes,AWS::EC2::RouteTable,AWS::EC2::InternetGateway,asff,medium,,securityhub.GetFindings: 'internet gateway or virtual private gateway',igw-,ec2,internet-gateway,exists in internet-gateway,pending,,,,,,,,
O5_reference,overlay,references,route-table,ec2,aws.ec2.describe_route_tables,describe_route_tables,{{ response.RouteTables }},,0,yes,Associations[].GatewayId,list_dict,internet-gateway,ec2,aws.ec2.describe_internet_gateways,describe_internet_gateways,{{ response.InternetGateways }},0,InternetGatewayId,yes,AWS::EC2::RouteTable,AWS::EC2::InternetGateway,doc,medium,,ec2.DescribeRouteTables: 'internet gateway or virtual private gateway',igw-,ec2,internet-gateway,exists in internet-gateway,pending,,,,,,,,
O5_reference,overlay,references,security-group,ec2,aws.ec2.describe_security_groups,describe_security_groups,{{ response.SecurityGroups }},,0,yes,IpPermissionsEgress[].UserIdGroupPairs[].VpcPeeringConnectionId,list_nested,peering-connection,ec2,aws.ec2.describe_vpc_peering_connections,describe_vpc_peering_connections,{{ response.VpcPeeringConnections }},0,VpcPeeringConnectionId,yes,AWS::EC2::SecurityGroup,AWS::EC2::VPCPeeringConnection,asff,high,doc,securityhub.GetFindings: 'VPC peering connection',pcx-,ec2,vpc-peering-connection,exists in peering-connection,pending,,,,,,,,
O5_reference,overlay,references,security-group,ec2,aws.ec2.describe_security_groups,describe_security_groups,{{ response.SecurityGroups }},,0,yes,IpPermissions[].UserIdGroupPairs[].VpcPeeringConnectionId,list_nested,peering-connection,ec2,aws.ec2.describe_vpc_peering_connections,describe_vpc_peering_connections,{{ response.VpcPeeringConnections }},0,VpcPeeringConnectionId,yes,AWS::EC2::SecurityGroup,AWS::EC2::VPCPeeringConnection,asff,high,doc,securityhub.GetFindings: 'VPC peering connection',pcx-,ec2,vpc-peering-connection,exists in peering-connection,pending,,,,,,,,
O5_reference,overlay,references,service-quota,service-quotas,aws.service-quotas.list_services,list_services,{{ response.Services }},,0,yes,QuotaCode,scalar,service-quota-request,service-quotas,aws.service-quotas.list_requested_service_quota_change_history,list_requested_service_quota_change_history,{{ response.RequestedQuotas }},0,Id,yes,,,c7n,high,,aws.service-quota.filters.request-history,,service-quotas,request,exists in service-quota-request,pending,,,,,,,,
O5_reference,overlay,references,sns-subscription,sns,aws.sns.list_subscriptions,list_subscriptions,{{ response.Subscriptions }},,0,yes,TopicArn,scalar,sns,sns,aws.sns.list_topics,,,,TopicArn,no,AWS::SNS::Subscription,AWS::SNS::Topic,c7n,high,,aws.sns-subscription.filters.topic,,sns,,exists in sns,pending,,,,,,,,
O5_reference,overlay,references,subnet,ec2,aws.ec2.describe_subnets,describe_subnets,{{ response.Subnets }},,0,yes,SubnetId,scalar,vpc-endpoint,ec2,aws.ec2.describe_vpc_endpoints,describe_vpc_endpoints,{{ response.VpcEndpoints }},0,VpcEndpointId,yes,AWS::EC2::Subnet,AWS::EC2::VPCEndpoint,c7n,high,,aws.subnet.filters.vpc-endpoint,vpce-,ec2,vpc-endpoint,exists in vpc-endpoint,pending,,,,,,,,
O5_reference,overlay,references,transit-attachment,ec2,aws.ec2.describe_transit_gateway_attachments,describe_transit_gateway_attachments,{{ response.TransitGatewayAttachments }},,0,yes,Association.TransitGatewayRouteTableId,dotted,route-table,ec2,aws.ec2.describe_route_tables,describe_route_tables,{{ response.RouteTables }},0,RouteTableId,yes,AWS::EC2::TransitGatewayAttachment,AWS::EC2::RouteTable,doc,medium,,ec2.DescribeTransitGatewayAttachments: 'route table for the transit gateway',rtb-,ec2,route-table,exists in route-table,pending,,,,,,,,
O5_reference,overlay,references,vpc,ec2,aws.ec2.describe_vpcs,describe_vpcs,{{ response.Vpcs }},,0,yes,[InternetGateways][].InternetGatewayId,list_dict,internet-gateway,ec2,aws.ec2.describe_internet_gateways,describe_internet_gateways,{{ response.InternetGateways }},0,InternetGatewayId,yes,AWS::EC2::VPC,AWS::EC2::InternetGateway,c7n,high,,aws.vpc.filters.internet-gateway,igw-,ec2,internet-gateway,exists in internet-gateway,pending,,,,,,,,
O5_reference,overlay,references,vpc,ec2,aws.ec2.describe_vpcs,describe_vpcs,{{ response.Vpcs }},,0,yes,[NatGateways][].NatGatewayId,list_dict,nat-gateway,ec2,aws.ec2.describe_nat_gateways,describe_nat_gateways,{{ response.NatGateways }},0,NatGatewayId,yes,AWS::EC2::VPC,AWS::EC2::NatGateway,c7n,high,,aws.vpc.filters.nat-gateway,nat-,ec2,natgateway,exists in nat-gateway,pending,,,,,,,,
O5_reference,overlay,references,vpc,ec2,aws.ec2.describe_vpcs,describe_vpcs,{{ response.Vpcs }},,0,yes,VpcId,scalar,vpc-endpoint,ec2,aws.ec2.describe_vpc_endpoints,describe_vpc_endpoints,{{ response.VpcEndpoints }},0,VpcEndpointId,yes,AWS::EC2::VPC,AWS::EC2::VPCEndpoint,c7n,high,,aws.vpc.filters.vpc-endpoint,vpce-,ec2,vpc-endpoint,exists in vpc-endpoint,pending,,,,,,,,
O5_reference,overlay,references,vpc-endpoint,ec2,aws.ec2.describe_vpc_endpoints,describe_vpc_endpoints,{{ response.VpcEndpoints }},,0,yes,RouteTableIds.items,dotted,route-table,ec2,aws.ec2.describe_route_tables,describe_route_tables,{{ response.RouteTables }},0,RouteTableId,yes,AWS::EC2::VPCEndpoint,AWS::EC2::RouteTable,cfn,high,,AWS::EC2::VPCEndpoint/properties/RouteTableIds/items,rtb-,ec2,route-table,exists in route-table,pending,,,,,,,,
